0.047546
1398
200
512
16.5227
0.0314159 4.94303e-05 3.93354e-06 6 7.49014e-07
0.0444288 0.000247469 6.96252e-06 12 2.11853e-06
0.054414 0.000866211 1.32658e-05 8 3.89199e-06
0.0628319 0.000291536 2.89996e-06 6 5.99211e-06
0.0702481 0.000561828 3.99888e-06 24 8.37423e-06
0.076953 0.00053511 2.89739e-06 24 1.10082e-05
0.0888577 0.00096402 3.39032e-06 12 1.69483e-05
0.0942478 0.0010476 3.0876e-06 30 2.02234e-05
0.0993459 0.000802679 2.01991e-06 24 2.36859e-05
0.104195 0.00103156 2.25007e-06 24 2.73262e-05
0.108828 0.00181905 3.48228e-06 8 3.11359e-05
0.113272 0.0013916 2.3626e-06 24 3.51079e-05
0.117548 0.00156544 2.37812e-06 48 3.92358e-05
0.125664 0.00276106 3.43309e-06 6 4.79369e-05
0.129531 0.00189573 2.15225e-06 48 5.25005e-05
0.133286 0.00150233 1.56548e-06 36 5.72004e-05
0.136939 0.00142923 1.37329e-06 24 6.20327e-05
0.140496 0.00127445 1.13388e-06 24 6.69939e-05
0.143966 0.00162199 1.34125e-06 48 7.20807e-05
0.147354 0.00229877 1.77276e-06 24 7.72901e-05
0.153906 0.00179901 1.21761e-06 24 8.80657e-05
0.15708 0.00223135 1.42052e-06 30 9.36268e-05
0.16019 0.00222088 1.33308e-06 72 9.93002e-05
0.163242 0.00142714 8.09488e-07 32 0.000105084
0.16918 0.0022214 1.13193e-06 72 0.000116973
0.172072 0.0017956 8.69599e-07 48 0.000123076
0.177715 0.0040067 1.76137e-06 12 0.000135586
0.180471 0.00216001 9.06723e-07 48 0.000141991
0.183185 0.00255005 1.02358e-06 48 0.000148494
0.185859 0.00219315 8.42861e-07 48 0.000155093
0.188496 0.00268017 9.87413e-07 30 0.000161787
0.191096 0.00287381 1.01612e-06 24 0.000168575
0.193661 0.0034495 1.17185e-06 72 0.000175455
0.198692 0.00214785 6.75623e-07 24 0.000189487
0.20116 0.00290108 8.79376e-07 96 0.000196637
0.203598 0.0031881 9.32071e-07 48 0.000203875
0.206008 0.00156745 4.42365e-07 24 0.000211199
0.20839 0.00236918 6.45966e-07 24 0.000218609
0.210744 0.0022122 5.83171e-07 72 0.000226104
0.213073 0.00296839 7.57137e-07 48 0.000233683
0.217656 0.00359654 8.60623e-07 8 0.000249087
0.219911 0.00275116 6.3828e-07 54 0.000256912
0.222144 0.00302858 6.81669e-07 84 0.000264816
0.224355 0.00437979 9.56948e-07 48 0.000272801
0.226543 0.00367534 7.79978e-07 24 0.000280863
0.228711 0.00293411 6.05135e-07 72 0.000289004
0.230859 0.0036601 7.33993e-07 96 0.000297222
0.235095 0.00237419 4.50842e-07 48 0.000313886
0.237185 0.00275448 5.09351e-07 48 0.000322331
0.239257 0.00239323 4.31155e-07 24 0.000330851
0.24131 0.00379082 6.65649e-07 72 0.000339444
0.245366 0.00426297 7.12045e-07 72 0.000356849
0.247369 0.0030856 5.02969e-07 96 0.00036566
0.251327 0.00076269 1.18541e-07 6 0.000383495
0.253283 0.00322775 4.9014e-07 96 0.000392518
0.255224 0.00367849 5.45938e-07 96 0.000401611
0.25715 0.00290281 4.21208e-07 24 0.000410773
0.259062 0.00220041 3.1227e-07 48 0.000420004
0.26096 0.00335289 4.65517e-07 96 0.000429303
0.262844 0.00430398 5.84808e-07 48 0.000438669
0.266573 0.0026239 3.41773e-07 36 0.000457603
0.268418 0.00309224 3.94529e-07 48 0.000467169
0.27025 0.00445161 5.56493e-07 120 0.000476801
0.27207 0.0041582 5.09452e-07 56 0.000486499
0.273878 0.00316186 3.79763e-07 24 0.000496261
0.275674 0.00342695 4.0361e-07 96 0.000506088
0.277458 0.00566152 6.54006e-07 48 0.000515979
0.280993 0.00385198 4.2839e-07 24 0.000535951
0.282743 0.00501239 5.47152e-07 102 0.000546031
0.284483 0.00536111 5.74545e-07 48 0.000556174
0.286213 0.00434189 4.56933e-07 72 0.000566379
0.287932 0.00474704 4.90675e-07 48 0.000576645
0.289641 0.00478681 4.8608e-07 48 0.000586973
0.291339 0.00501003 4.999e-07 120 0.000597362
0.294708 0.002592 2.49862e-07 24 0.000618321
0.296377 0.00475193 4.50376e-07 144 0.00062889
0.298038 0.00476122 4.43756e-07 120 0.000639519
0.299689 0.00357345 3.27579e-07 48 0.000650208
0.302964 0.00405139 3.59476e-07 48 0.00067176
0.304589 0.00327516 2.85977e-07 96 0.000682624
0.307812 0.0071444 6.04434e-07 24 0.000704526
0.309411 0.00435345 3.62632e-07 48 0.000715562
0.311002 0.00405154 3.32331e-07 108 0.000726656
0.312585 0.00480323 3.88035e-07 72 0.000737807
0.314159 0.00483917 3.85089e-07 30 0.000749014
0.315726 0.00451821 3.54221e-07 168 0.000760277
0.317285 0.00527555 4.07528e-07 48 0.000771596
0.320381 0.00462832 3.47267e-07 72 0.000794401
0.321917 0.00340056 2.51511e-07 96 0.000805887
0.323447 0.00479212 3.49429e-07 72 0.000817427
0.324969 0.00579808 4.16868e-07 72 0.000829021
0.326484 0.0041871 2.96871e-07 32 0.00084067
0.327992 0.00492534 3.44418e-07 72 0.000852373
0.329493 0.00472998 3.26258e-07 144 0.00086413
0.333956 0.00575205 3.81061e-07 96 0.000899721
0.33543 0.0047097 3.07911e-07 96 0.00091169
0.336898 0.00605484 3.90702e-07 48 0.000923712
0.33836 0.0038644 2.46142e-07 72 0.000935787
0.339815 0.00531582 3.34258e-07 120 0.000947914
0.341264 0.00498912 3.09735e-07 72 0.000960092
0.344144 0.00556624 3.36961e-07 48 0.000984605
0.345575 0.00546866 3.26959e-07 78 0.000996938
0.347 0.00442792 2.61487e-07 120 0.00100932
0.348419 0.00350802 2.04642e-07 48 0.00102176
0.351241 0.00471363 2.68399e-07 144 0.00104678
0.352643 0.00492386 2.77038e-07 144 0.00105937
0.355431 0.00537311 2.95258e-07 12 0.00108469
0.356816 0.00500483 2.71828e-07 144 0.00109742
0.358197 0.00664751 3.5689e-07 48 0.00111021
0.359572 0.00585722 3.10867e-07 120 0.00112304
0.360942 0.00386027 2.02557e-07 48 0.00113593
0.362306 0.00381507 1.97932e-07 48 0.00114886
0.363666 0.00521272 2.67422e-07 168 0.00116184
0.36637 0.00651172 3.26721e-07 48 0.00118795
0.367714 0.00716239 3.55441e-07 96 0.00120108
0.369054 0.00479246 2.3525e-07 96 0.00121425
0.370388 0.0048005 2.33107e-07 72 0.00122747
0.371718 0.00562578 2.70259e-07 48 0.00124074
0.373043 0.00428031 2.0344e-07 96 0.00125406
0.374364 0.00517566 2.43402e-07 48 0.00126743
0.376991 0.00388967 1.79126e-07 30 0.0012943
0.378298 0.0054373 2.47812e-07 96 0.0013078
0.3796 0.00494588 2.23102e-07 192 0.00132135
0.380898 0.00522693 2.33379e-07 56 0.00133495
0.382191 0.00714913 3.15974e-07 24 0.0013486
0.38348 0.0059645 2.60966e-07 168 0.00136229
0.384765 0.00622606 2.69691e-07 120 0.00137603
0.387322 0.00674701 2.86508e-07 72 0.00140364
0.388594 0.00601559 2.52948e-07 144 0.00141751
0.389861 0.00567306 2.36225e-07 96 0.00143143
0.391125 0.00587567 2.42298e-07 96 0.0014454
0.39364 0.00698893 2.82717e-07 72 0.00147346
0.394892 0.00392187 1.57144e-07 96 0.00148756
0.397384 0.00572757 2.25206e-07 24 0.0015159
0.398623 0.00618374 2.40881e-07 192 0.00153013
0.399859 0.00714589 2.75787e-07 108 0.00154441
0.401092 0.00495602 1.89514e-07 24 0.00155873
0.40232 0.00612185 2.31957e-07 96 0.0015731
0.403545 0.00567733 2.13161e-07 96 0.00158751
0.404766 0.00427664 1.59122e-07 120 0.00160196
0.407197 0.00615858 2.25064e-07 48 0.001631
0.408407 0.00516355 1.87029e-07 78 0.00164558
0.409614 0.00554663 1.99134e-07 144 0.00166021
0.410817 0.00540712 1.92425e-07 120 0.00167488
0.412016 0.00323277 1.14044e-07 24 0.0016896
0.413212 0.00675351 2.36184e-07 168 0.00170435
0.414405 0.0059537 2.06421e-07 144 0.00171915
0.416779 0.00306987 1.04626e-07 24 0.00174888
0.417962 0.00521506 1.76234e-07 48 0.0017638
0.419141 0.0076918 2.57744e-07 96 0.00177877
0.420316 0.00625467 2.07833e-07 120 0.00179378
0.421489 0.00758225 2.4985e-07 72 0.00180883
0.422658 0.0067056 2.19134e-07 120 0.00182393
0.423824 0.00638449 2.06923e-07 144 0.00183906
0.426146 0.00661757 2.1099e-07 48 0.00186946
0.427303 0.00629107 1.98956e-07 192 0.00188472
0.428456 0.00556805 1.74672e-07 144 0.00190003
0.429606 0.00471886 1.46847e-07 48 0.00191537
0.431898 0.0063795 1.95382e-07 192 0.00194618
0.433039 0.00770648 2.34162e-07 48 0.00196164
0.435312 0.00273449 8.17928e-08 8 0.0019927
0.437385 0.00609484 1.79726e-07 288 0.0020213
0.4387 0.00560286 1.63737e-07 96 0.00203959
0.439823 0.00607938 1.76305e-07 54 0.00205529
0.440944 0.00564277 1.62399e-07 120 0.00207104
0.442061 0.00525184 1.50004e-07 120 0.00208683
0.444288 0.00584049 1.64321e-07 84 0.00211853
0.445398 0.00551613 1.54039e-07 144 0.00213444
0.446504 0.0085321 2.36493e-07 72 0.00215039
0.447608 0.00679897 1.87064e-07 96 0.00216638
0.449441 0.00585364 1.59092e-07 144 0.0021931
0.450903 0.00780258 2.10004e-07 240 0.00221458
0.453087 0.00676118 1.79357e-07 24 0.00224691
0.454175 0.00589131 1.55161e-07 240 0.00226313
0.45526 0.00632901 1.655e-07 96 0.00227939
0.456882 0.00652851 1.68904e-07 144 0.00230385
0.4585 0.00667048 1.70757e-07 96 0.00232841
0.459575 0.00562262 1.42925e-07 72 0.00234483
0.461718 0.00545559 1.36757e-07 96 0.00237777
0.462785 0.00670599 1.66941e-07 96 0.00239431
0.464323 0.00655767 1.61633e-07 216 0.00241824
0.467031 0.00688038 1.66653e-07 192 0.00246081
0.468087 0.00684252 1.64618e-07 144 0.00247753
0.470191 0.00398883 9.46812e-08 48 0.00251109
0.471239 0.00635672 1.49882e-07 150 0.00252792
0.472285 0.00746779 1.74912e-07 96 0.00254479
0.473329 0.00669873 1.55863e-07 120 0.0025617
0.475112 0.00611 1.4057e-07 168 0.00259077
0.476446 0.00569963 1.3003e-07 240 0.00261265
0.478513 0.00766928 1.72708e-07 24 0.0026468
0.48016 0.0074757 1.66623e-07 360 0.00267422
0.481597 0.00595409 1.31524e-07 48 0.00269831
0.482621 0.00714203 1.56763e-07 72 0.00271555
0.484049 0.00632596 1.37625e-07 240 0.00273974
0.488189 0.00787843 1.67076e-07 276 0.00281064
0.489726 0.00733496 1.54091e-07 104 0.00283726
0.490732 0.0054473 1.13733e-07 72 0.00285479
0.492199 0.00704179 1.45713e-07 312 0.00288047
0.494739 0.00805097 1.64044e-07 96 0.00292528
0.496232 0.00702223 1.41795e-07 288 0.00295185
0.497722 0.00612901 1.22651e-07 168 0.00297852
0.499701 0.00760784 1.50443e-07 48 0.00301419
0.500687 0.0079611 1.56499e-07 192 0.00303208
0.503606 0.00579493 1.11948e-07 198 0.00308541
0.504614 0.00590681 1.13426e-07 96 0.00310398
0.506079 0.00633524 1.206e-07 192 0.00313108
0.50754 0.00624083 1.1778e-07 216 0.00315828
0.508511 0.00576798 1.08234e-07 72 0.00317645
0.510448 0.00899353 1.66846e-07 96 0.00321289
0.512103 0.00682479 1.25389e-07 336 0.00324423
0.51334 0.00815444 1.48736e-07 48 0.00326781
0.51518 0.0063102 1.13869e-07 288 0.00330306
0.516216 0.0068346 1.22591e-07 192 0.00332304
0.518125 0.00800633 1.42027e-07 48 0.00336003
0.519076 0.00760542 1.34174e-07 96 0.00337858
0.520457 0.0081447 1.42548e-07 264 0.00340561
0.521921 0.00700856 1.21634e-07 96 0.00343442
0.523525 0.00768156 1.32092e-07 240 0.00346619
0.52647 0.00648741 1.09696e-07 288 0.00352503
0.527563 0.00704091 1.18317e-07 96 0.00354702
0.528498 0.00758811 1.26836e-07 72 0.0035659
0.53076 0.00833781 1.37593e-07 336 0.0036119
0.533829 0.00777634 1.26127e-07 138 0.00367492
0.534994 0.00820867 1.32271e-07 240 0.00369902
0.536222 0.00765784 1.2255e-07 144 0.00372455
0.538155 0.00831962 1.31711e-07 384 0.00376498
0.541061 0.00833539 1.29845e-07 312 0.00382631
0.542323 0.00725777 1.12271e-07 72 0.00385314
0.543437 0.00852421 1.31053e-07 248 0.00387693
0.545589 0.00768344 1.16735e-07 240 0.00392316
0.547755 0.00753715 1.13158e-07 24 0.00397009
0.548656 0.00880042 1.31475e-07 192 0.0039897
0.549761 0.00631573 9.37867e-08 312 0.00401386
0.551884 0.0073126 1.07342e-07 240 0.00406053
0.553134 0.00682201 9.94627e-08 96 0.0040882
0.554916 0.00888096 1.28238e-07 48 0.00412783
0.556483 0.00801666 1.14783e-07 408 0.0041629
0.557577 0.00766258 1.09068e-07 144 0.00418751
0.559345 0.00748629 1.05552e-07 120 0.00422745
0.560226 0.00800072 1.12274e-07 144 0.00424747
0.562783 0.00738745 1.02261e-07 264 0.00430589
0.564176 0.00704611 9.68157e-08 192 0.00433794
0.565487 0.00790327 1.0784e-07 102 0.00436825
0.566891 0.00733105 9.92906e-08 432 0.00440087
0.568967 0.00901995 1.20832e-07 48 0.00444939
0.57005 0.00856671 1.14108e-07 384 0.00447485
0.571994 0.0085693 1.12982e-07 144 0.00452079
0.573756 0.00792953 1.03587e-07 264 0.0045627
0.576434 0.00706522 9.10157e-08 144 0.00462689
0.577954 0.00696962 8.90776e-08 324 0.00466359
0.580026 0.00846444 1.07028e-07 384 0.00471392
0.580982 0.00846277 1.06479e-07 216 0.00473728
0.583055 0.00826941 1.02941e-07 216 0.00478815
0.584792 0.00747401 9.22125e-08 240 0.00483108
0.586898 0.00892264 1.08904e-07 168 0.00488347
0.587738 0.00867668 1.05449e-07 240 0.00490447
0.590159 0.00843348 1.01237e-07 216 0.00496531
0.591365 0.0075195 8.97143e-08 288 0.00499583
0.593087 0.00901386 1.06609e-07 240 0.0050396
0.594417 0.00750749 8.81983e-08 72 0.00507358
0.596499 0.00930623 1.08189e-07 246 0.00512707
0.597997 0.00836866 9.65605e-08 320 0.00516579
0.600063 0.00941025 1.07461e-07 288 0.00521953
0.601022 0.00890618 1.01219e-07 144 0.00524459
0.60348 0.00844778 9.48403e-08 288 0.00530921
0.604764 0.00715779 7.98476e-08 336 0.00534315
0.60651 0.00838559 9.27385e-08 168 0.00538956
0.607555 0.00851733 9.37101e-08 336 0.00541748
0.609717 0.00881313 9.59367e-08 288 0.00547552
0.611016 0.00900026 9.73504e-08 264 0.00551058
0.613214 0.00786722 8.4183e-08 240 0.00557029
0.614019 0.00650398 6.93225e-08 96 0.00559223
0.616265 0.00899289 9.48063e-08 120 0.00565382
0.617648 0.00797745 8.35375e-08 408 0.00569197
0.619954 0.00892693 9.24408e-08 456 0.00575597
0.622004 0.010475 1.07403e-07 108 0.00581325
0.623156 0.00800092 8.15809e-08 264 0.00584563
0.624595 0.00857532 8.68351e-08 264 0.0058862
0.626564 0.00967231 9.70228e-08 312 0.00594205
0.629016 0.00964461 9.56178e-08 270 0.00601209
0.630044 0.0103145 1.0176e-07 240 0.00604161
0.631892 0.0090149 8.81603e-08 384 0.00609492
0.633013 0.00893357 8.69013e-08 192 0.00612744
0.635606 0.00797972 7.66766e-08 432 0.00620304
0.636899 0.0101502 9.69401e-08 144 0.00624098
0.638833 0.00797054 7.54337e-08 480 0.006298
0.641275 0.00679524 6.35788e-08 216 0.00637049
0.642832 0.00848457 7.88094e-08 312 0.006417
0.64426 0.00774244 7.14387e-08 216 0.00645988
0.645938 0.00983651 9.00549e-08 192 0.00651049
0.648007 0.00834561 7.5676e-08 624 0.00657325
0.649634 0.00946596 8.5192e-08 120 0.00662287
0.651021 0.00774146 6.92272e-08 336 0.0066654
0.653586 0.00969932 8.57183e-08 176 0.00674447
0.654666 0.00899262 7.90801e-08 384 0.00677797
0.656779 0.00893167 7.77882e-08 408 0.00684383
0.658986 0.00741409 6.39247e-08 144 0.00691304
0.660251 0.00928805 7.96228e-08 486 0.00695292
0.66272 0.00794213 6.73266e-08 96 0.00703121
0.663464 0.00841244 7.10739e-08 384 0.00705492
0.666071 0.009402 7.85052e-08 492 0.00713841
0.667911 0.00862912 7.14579e-08 384 0.00719774
0.669388 0.00908765 7.47581e-08 168 0.00724559
0.67191 0.00879679 7.15534e-08 504 0.00732781
0.67321 0.00756696 6.1194e-08 240 0.00737043
0.674682 0.00964626 7.74998e-08 456 0.00741888
0.67725 0.00865759 6.87686e-08 264 0.0075039
0.678949 0.00931752 7.34562e-08 384 0.00756052
0.680759 0.00870913 6.81137e-08 432 0.00762114
0.68301 0.00961692 7.44722e-08 216 0.00769701
0.684213 0.00962385 7.41334e-08 360 0.00773776
0.686355 0.00936285 7.14498e-08 312 0.00781065
0.688862 0.00807694 6.09664e-08 240 0.00789653
0.690156 0.00917135 6.88385e-08 414 0.00794112
0.692267 0.00970327 7.21668e-08 552 0.00801421
0.694474 0.00974535 7.17908e-08 360 0.00809112
0.695933 0.00893641 6.54185e-08 432 0.00814222
0.698042 0.00900231 6.53055e-08 480 0.00821645
0.700371 0.0086361 6.20259e-08 288 0.00829898
0.701886 0.00854387 6.09669e-08 312 0.00835296
0.703511 0.010003 7.08858e-08 360 0.0084111
0.706218 0.00967543 6.77789e-08 576 0.00850856
0.708463 0.00883859 6.13297e-08 464 0.00858997
0.709472 0.00954723 6.59648e-08 192 0.00862671
0.71187 0.00845382 5.78216e-08 396 0.0087145
0.713632 0.00900019 6.11038e-08 432 0.00877938
0.71529 0.0105323 7.10096e-08 240 0.0088407
0.717478 0.00957559 6.39704e-08 624 0.00892209
0.719862 0.0092848 6.14137e-08 504 0.0090113
0.722401 0.00735445 4.81344e-08 198 0.00910699
0.723603 0.00960383 6.25435e-08 600 0.00915255
0.725718 0.00992941 6.41002e-08 384 0.00923302
0.727934 0.00952366 6.09211e-08 432 0.00931785
0.729846 0.0108161 6.86461e-08 336 0.0093915
0.731583 0.00964268 6.0764e-08 336 0.0094587
0.733803 0.00999727 6.24286e-08 744 0.00954504
0.736176 0.0108131 6.6872e-08 624 0.00963796
0.738441 0.0100843 6.17928e-08 192 0.00972721
0.739813 0.00980451 5.97447e-08 432 0.00978153
0.741823 0.0095545 5.77494e-08 504 0.00986144
0.744194 0.0101815 6.09525e-08 336 0.00995634
0.745982 0.00853326 5.07189e-08 456 0.0100283
0.747564 0.0106729 6.30343e-08 408 0.0100922
0.749795 0.0100001 5.85352e-08 696 0.0101828
0.752344 0.0108401 6.28093e-08 384 0.010287
0.754981 0.0100664 5.77171e-08 330 0.0103956
0.756746 0.0103158 5.87344e-08 624 0.0104686
0.758549 0.00884577 5.00062e-08 384 0.0105437
0.760491 0.010791 6.05369e-08 728 0.0106249
0.762803 0.0104034 5.78336e-08 432 0.010722
0.765361 0.0102013 5.61433e-08 696 0.0108303
0.767036 0.00995012 5.44028e-08 408 0.0109015
0.769597 0.0108218 5.858e-08 456 0.0110111
0.771 0.0100561 5.41388e-08 408 0.0110714
0.773164 0.0105626 5.63891e-08 528 0.0111649
0.775969 0.0100016 5.28176e-08 576 0.0112869
0.778071 0.0100638 5.27164e-08 672 0.0113788
0.780434 0.0112583 5.8439e-08 384 0.0114828
0.782527 0.0110527 5.69129e-08 600 0.0115755
0.784473 0.0105488 5.39149e-08 294 0.011662
0.786277 0.0097094 4.92839e-08 600 0.0117427
0.788337 0.0104898 5.28287e-08 768 0.0118352
0.791032 0.0098601 4.91517e-08 648 0.011957
0.793268 0.0097131 4.80107e-08 408 0.0120587
0.795576 0.00997295 4.88672e-08 552 0.0121643
0.797728 0.0102438 4.97892e-08 648 0.0122632
0.800144 0.0108314 5.21699e-08 348 0.012375
0.801567 0.00943317 4.51936e-08 744 0.0124411
0.804245 0.00965061 4.57751e-08 672 0.0125662
0.806478 0.00975441 4.58842e-08 456 0.0126712
0.808336 0.0105072 4.90853e-08 600 0.012759
0.810593 0.0101123 4.68468e-08 744 0.0128661
0.812878 0.0105992 4.869e-08 288 0.0129752
0.815591 0.0116561 5.30121e-08 704 0.0131056
0.817562 0.0117549 5.30757e-08 678 0.0132009
0.820052 0.010138 4.53593e-08 648 0.0133218
0.822478 0.0108247 4.80048e-08 648 0.0134404
0.824775 0.0104698 4.6044e-08 696 0.0135534
0.826774 0.0100639 4.39387e-08 696 0.0136521
0.829585 0.0109465 4.73077e-08 552 0.0137919
0.831577 0.0114162 4.89842e-08 840 0.0138914
0.834411 0.00938937 3.98783e-08 600 0.0140339
0.836554 0.010785 4.54549e-08 696 0.0141424
0.839038 0.0115595 4.82873e-08 672 0.0142687
0.841041 0.0103578 4.2959e-08 552 0.0143711
0.843748 0.0116015 4.76557e-08 492 0.0145104
0.845866 0.0104312 4.25274e-08 840 0.0146199
0.84823 0.010473 4.23418e-08 606 0.0147428
0.850494 0.0109781 4.40305e-08 936 0.0148612
0.853082 0.0113723 4.51975e-08 528 0.0149973
0.854904 0.0115842 4.57462e-08 696 0.0150936
0.857637 0.0113399 4.43548e-08 648 0.0152388
0.859669 0.0117232 4.55295e-08 936 0.0153474
0.862437 0.0115719 4.45104e-08 384 0.0154961
0.864033 0.0110215 4.21589e-08 864 0.0155823
0.86686 0.0104901 3.97348e-08 768 0.0157358
0.869231 0.0106266 3.99233e-08 528 0.0158652
0.871675 0.0117933 4.39351e-08 776 0.0159994
0.87406 0.010555 3.90011e-08 960 0.0161311
0.876467 0.0111331 4.07991e-08 696 0.0162648
0.878396 0.0113277 4.12394e-08 582 0.0163723
0.8815 0.0109914 3.95938e-08 1008 0.0165465
0.883728 0.0103592 3.7035e-08 408 0.0166723
0.88592 0.0111893 3.97062e-08 960 0.0167967
0.888795 0.0109254 3.83949e-08 852 0.0169607
0.891174 0.0113507 3.95709e-08 912 0.0170973
0.89392 0.0113699 3.92737e-08 1032 0.0172559
0.895836 0.0106001 3.63803e-08 384 0.017367
0.898639 0.011299 3.84171e-08 864 0.0175306
0.900789 0.0102158 3.4486e-08 840 0.0176567
0.903273 0.0111586 3.73585e-08 912 0.0178032
0.906338 0.0116375 3.85681e-08 792 0.017985
0.90863 0.0113231 3.72429e-08 744 0.0181218
0.911438 0.0119522 3.89498e-08 726 0.0182903
0.913568 0.0107822 3.48918e-08 984 0.0184189
0.91598 0.0108169 3.47285e-08 912 0.0185652
0.918648 0.0113954 3.62678e-08 1104 0.0187278
0.921243 0.0112995 3.56595e-08 744 0.018887
0.924376 0.012207 3.8133e-08 968 0.0190803
0.92618 0.012675 3.93642e-08 672 0.0191923
0.928764 0.0137117 4.22295e-08 984 0.0193534
0.931719 0.0116596 3.55686e-08 840 0.0195387
0.934062 0.0113912 3.44891e-08 1092 0.0196864
0.937061 0.0134718 4.03981e-08 840 0.0198767
0.939156 0.011794 3.51309e-08 720 0.0200103
0.942047 0.011954 3.52806e-08 1110 0.0201957
0.944712 0.0108508 3.17543e-08 1056 0.0203675
0.947136 0.0112842 3.27699e-08 888 0.0205247
0.949886 0.0110471 3.18033e-08 936 0.020704
0.952401 0.0123256 3.52036e-08 912 0.0208689
0.955174 0.0122307 3.46291e-08 1104 0.0210517
0.957881 0.0118144 3.31677e-08 912 0.0212312
0.960427 0.0116004 3.23087e-08 1104 0.021401
0.963313 0.0113706 3.1385e-08 1128 0.0215945
0.965992 0.0121613 3.3289e-08 768 0.0217751
0.968166 0.012072 3.28223e-08 888 0.0219225
0.970778 0.0122872 3.31385e-08 1224 0.0221004
0.974412 0.0125348 3.34293e-08 750 0.0223495
0.976168 0.0125287 3.32332e-08 1092 0.0224706
0.979278 0.0114206 3.00061e-08 1472 0.022686
0.982348 0.0119089 3.09966e-08 792 0.0229001
0.984688 0.0115807 2.9928e-08 1080 0.0230641
0.987495 0.0118842 3.04512e-08 1584 0.0232619
0.990359 0.0119055 3.0242e-08 624 0.0234649
0.992971 0.0114606 2.88828e-08 1248 0.023651
0.99555 0.0117095 2.92813e-08 888 0.0238358
0.998492 0.0126061 3.12455e-08 912 0.0240477
1.00104 0.0125768 3.09357e-08 1368 0.0242321
1.00371 0.0121702 2.96967e-08 960 0.0244269
1.00665 0.012238 2.96013e-08 1542 0.0246422
1.00992 0.0118339 2.83468e-08 1152 0.024883
1.01267 0.0118553 2.81678e-08 1008 0.0250866
1.01536 0.0114445 2.6976e-08 1248 0.0252872
1.01774 0.0114402 2.67772e-08 1056 0.0254653
1.02056 0.0118651 2.75417e-08 1188 0.025678
1.0236 0.0116957 2.69074e-08 1152 0.025908
1.02664 0.0124873 2.8474e-08 1560 0.0261396
1.02971 0.0122026 2.75766e-08 1128 0.0263748
1.03219 0.0130283 2.92312e-08 1152 0.0265658
1.03491 0.0130261 2.89965e-08 920 0.0267762
1.03779 0.0126201 2.78597e-08 1470 0.0270002
1.04087 0.0130297 2.85094e-08 1200 0.0272412
1.04379 0.0125423 2.72128e-08 1440 0.0274716
1.04629 0.0124803 2.68846e-08 1224 0.0276695
1.04938 0.0115133 2.45829e-08 1296 0.0279155
1.0527 0.0121134 2.56209e-08 1560 0.0281807
1.0556 0.0126282 2.64898e-08 1272 0.0284146
1.05803 0.0121919 2.53988e-08 1080 0.0286112
1.06094 0.0132105 2.72955e-08 1368 0.0288474
1.06403 0.0127836 2.61838e-08 1248 0.0291005
1.06727 0.0133607 2.71174e-08 1194 0.0293671
1.06993 0.0128469 2.58804e-08 1752 0.0295874
1.07321 0.0132898 2.65278e-08 1392 0.0298604
1.07584 0.0132325 2.62207e-08 1440 0.0300801
1.07913 0.012732 2.49987e-08 1488 0.030357
1.08224 0.012413 2.41629e-08 1248 0.0306201
1.08486 0.0124365 2.40333e-08 1512 0.0308435
1.08787 0.0136628 2.6185e-08 1112 0.0311006
1.09115 0.0133401 2.53365e-08 1848 0.0313829
1.09382 0.0131454 2.4784e-08 1224 0.0316141
1.09696 0.0121107 2.26379e-08 1536 0.0318869
1.10024 0.0128341 2.37763e-08 1638 0.0321739
1.10325 0.0135159 2.4835e-08 1392 0.0324385
1.10625 0.0123751 2.25543e-08 1632 0.0327038
1.10975 0.0130556 2.35701e-08 1452 0.0330154
1.11241 0.01321 2.36779e-08 1680 0.0332536
1.11531 0.0132238 2.35186e-08 1320 0.0335138
1.11831 0.0130843 2.30834e-08 1752 0.0337856
1.1218 0.0123919 2.16586e-08 1776 0.0341027
1.12518 0.0135246 2.3426e-08 1104 0.0344119
1.12759 0.0127422 2.19295e-08 1728 0.0346335
1.13096 0.0130689 2.22915e-08 1446 0.0349446
1.13402 0.0129195 2.18589e-08 1920 0.0352289
1.13756 0.0137225 2.30008e-08 1896 0.0355605
1.14046 0.0135913 2.26078e-08 1176 0.0358329
1.14325 0.0129122 2.13217e-08 1856 0.036096
1.14644 0.0139219 2.27973e-08 1896 0.0363996
1.14985 0.0140068 2.2733e-08 1464 0.0367251
1.15345 0.0125986 2.02566e-08 1968 0.0370711
1.15649 0.0128847 2.05539e-08 1548 0.0373647
1.15973 0.0133162 2.10646e-08 1944 0.0376799
1.16289 0.0148187 2.32502e-08 1470 0.0379893
1.16609 0.0131781 2.05067e-08 1920 0.0383035
1.16933 0.0140813 2.17304e-08 2184 0.0386238
1.1728 0.0138493 2.11833e-08 1464 0.0389686
1.17556 0.0131922 2.00364e-08 1608 0.0392445
1.1789 0.014377 2.16509e-08 1944 0.0395797
1.18229 0.0141519 2.11294e-08 1872 0.0399216
1.18552 0.0136527 2.02178e-08 2256 0.0402498
1.18882 0.0139432 2.04767e-08 1632 0.0405867
1.19235 0.0139022 2.02354e-08 1542 0.0409497
1.19548 0.0141107 2.03779e-08 2216 0.0412732
1.1989 0.014017 2.00698e-08 2052 0.0416287
1.20218 0.0133935 1.90207e-08 1680 0.0419708
1.20534 0.0135959 1.91569e-08 2280 0.0423024
1.20884 0.0125382 1.75134e-08 1968 0.0426722
1.21229 0.0139774 1.93575e-08 2016 0.0430385
1.21548 0.0136171 1.87103e-08 1968 0.0433795
1.21918 0.0140637 1.91483e-08 1920 0.0437772
1.22273 0.0133987 1.80847e-08 2400 0.0441602
1.22637 0.013535 1.81067e-08 1974 0.0445554
1.2291 0.0134364 1.7855e-08 1944 0.0448544
1.23259 0.0144072 1.89827e-08 1920 0.0452377
1.23584 0.0141009 1.84331e-08 2280 0.0455962
1.23913 0.014163 1.83675e-08 1968 0.0459607
1.24271 0.0137009 1.76148e-08 2220 0.0463607
1.24626 0.0143818 1.83326e-08 2352 0.0467595
1.24987 0.0134518 1.69991e-08 1968 0.0471667
1.25321 0.014034 1.75933e-08 2504 0.0475461
1.25696 0.0133744 1.66169e-08 2118 0.047974
1.26038 0.0145118 1.78837e-08 2352 0.0483667
1.26384 0.0140017 1.71137e-08 2136 0.0487663
1.26724 0.015296 1.85456e-08 2112 0.0491605
1.27063 0.0140824 1.69379e-08 2472 0.0495563
1.27412 0.0138307 1.64988e-08 2376 0.0499654
1.27765 0.0144134 1.70519e-08 2304 0.050382
1.28146 0.0142207 1.66743e-08 2448 0.0508339
1.28498 0.0145418 1.6911e-08 2280 0.0512542
1.28891 0.0147939 1.70472e-08 2466 0.0517261
1.29209 0.0152736 1.74706e-08 2256 0.0521091
1.29555 0.0147097 1.66909e-08 2472 0.0525296
1.29914 0.0149712 1.68471e-08 2856 0.0529678
1.30275 0.0136919 1.528e-08 2112 0.05341
1.30664 0.0143723 1.58965e-08 2720 0.0538897
1.31022 0.0143217 1.57109e-08 2136 0.0543342
1.31338 0.0149131 1.62418e-08 2736 0.0547285
1.31727 0.0147456 1.59177e-08 2376 0.0552156
1.32115 0.0147996 1.58354e-08 3126 0.0557057
1.32517 0.0148395 1.57343e-08 2568 0.056215
1.3281 0.0146974 1.54805e-08 2112 0.0565893
1.33185 0.0149614 1.56257e-08 2748 0.0570704
1.33573 0.014695 1.52143e-08 2928 0.0575703
1.33926 0.0147105 1.51103e-08 2640 0.0580277
1.34328 0.0151924 1.54655e-08 2856 0.0585522
1.34684 0.0149665 1.51149e-08 2352 0.0590191
1.35065 0.014951 1.49719e-08 2910 0.0595215
1.35428 0.0151311 1.50309e-08 2784 0.0600021
1.35819 0.0149352 1.47086e-08 2952 0.0605229
1.36191 0.0148943 1.45484e-08 2696 0.0610216
1.36552 0.0147821 1.43246e-08 3264 0.0615083
1.36942 0.0146081 1.40352e-08 2472 0.0620373
1.37321 0.0152053 1.44887e-08 3024 0.0625529
1.37739 0.0151582 1.43125e-08 2964 0.0631266
1.38108 0.0147903 1.38535e-08 2910 0.0636352
1.38476 0.0153925 1.43031e-08 2880 0.0641445
1.38834 0.0148402 1.36834e-08 3216 0.0646435
1.39269 0.0147014 1.34287e-08 3096 0.065254
1.39621 0.0150942 1.36834e-08 2880 0.0657499
1.40013 0.0151708 1.36377e-08 2904 0.0663052
1.40406 0.0155731 1.38821e-08 3504 0.0668651
1.40804 0.0155183 1.37164e-08 3168 0.0674346
1.41234 0.0150476 1.31793e-08 3054 0.0680545
1.41581 0.0149563 1.30033e-08 3032 0.0685569
1.4197 0.0150674 1.29923e-08 3000 0.0691244
1.42371 0.0154006 1.31678e-08 3780 0.0697116
1.42793 0.0155887 1.32109e-08 3504 0.0703329
1.43191 0.0146671 1.23265e-08 2904 0.0709225
1.43567 0.0148304 1.23658e-08 3336 0.0714839
1.4396 0.0151968 1.25679e-08 3144 0.0720723
1.44356 0.0164855 1.35219e-08 3414 0.072668
1.44789 0.0152718 1.24144e-08 3552 0.0733239
1.45135 0.016185 1.30629e-08 2928 0.0738505
1.45511 0.0156142 1.25046e-08 3840 0.074427
1.45943 0.0149363 1.18559e-08 3312 0.075091
1.4634 0.0149602 1.17785e-08 3432 0.0757057
1.46748 0.0157366 1.22867e-08 3596 0.0763404
1.47192 0.0160052 1.23836e-08 4224 0.0770361
1.47635 0.0159057 1.21961e-08 3294 0.077734
1.4801 0.0160378 1.22043e-08 3792 0.0783272
1.48412 0.0153512 1.15871e-08 3528 0.0789676
1.48876 0.0160396 1.1994e-08 3984 0.0797097
1.49263 0.0157261 1.16681e-08 3768 0.0803339
1.49668 0.0158582 1.16709e-08 3672 0.0809898
1.5007 0.0157495 1.14979e-08 3384 0.0816444
1.50468 0.015787 1.14341e-08 3648 0.0822954
1.50906 0.014995 1.07663e-08 4098 0.0830158
1.51319 0.0163772 1.16627e-08 4008 0.0836992
1.51752 0.0157339 1.11089e-08 4032 0.0844198
1.52148 0.015243 1.06786e-08 3800 0.0850816
1.52566 0.0153851 1.06897e-08 3816 0.0857856
1.53008 0.0156823 1.08021e-08 4248 0.0865329
1.53425 0.0157128 1.0735e-08 3720 0.087243
1.5385 0.0159713 1.08216e-08 4254 0.0879693
1.54275 0.0164793 1.10736e-08 4224 0.0887015
1.54712 0.0164644 1.09702e-08 4368 0.0894564
1.55154 0.0162181 1.07139e-08 4104 0.090226
1.5559 0.0163641 1.07197e-08 4500 0.0909888
1.56012 0.0163978 1.0655e-08 3480 0.0917305
1.56438 0.0163138 1.05141e-08 5328 0.0924836
1.56888 0.0158999 1.01592e-08 3342 0.0932851
1.57296 0.01598 1.01313e-08 4800 0.0940139
1.57761 0.0160285 1.00725e-08 4184 0.0948501
1.58177 0.0167457 1.04403e-08 5064 0.0956031
1.58626 0.0166713 1.03059e-08 4032 0.0964191
1.59063 0.0166289 1.01953e-08 4632 0.0972179
1.59512 0.016362 9.94706e-09 4680 0.0980443
1.59955 0.01592 9.59821e-09 3924 0.0988627
1.60387 0.0163226 9.76167e-09 5166 0.0996657
1.60831 0.017199 1.02009e-08 4800 0.100495
1.6129 0.016157 9.50129e-09 4560 0.101358
1.61719 0.0168138 9.80887e-09 4584 0.102171
1.62168 0.016082 9.30422e-09 4848 0.103024
1.62597 0.0163107 9.36209e-09 4560 0.103844
1.631 0.016311 9.27603e-09 5600 0.104809
1.63549 0.0164022 9.25119e-09 4686 0.105678
1.64006 0.0170683 9.54668e-09 5016 0.106566
1.64474 0.0167267 9.27589e-09 4956 0.107481
1.64888 0.0166316 9.15396e-09 4872 0.108295
1.65362 0.016867 9.2038e-09 5376 0.109232
1.65838 0.0167091 9.03941e-09 5088 0.110177
1.66285 0.0173219 9.29553e-09 4710 0.111071
1.66732 0.0167965 8.94127e-09 4848 0.111969
1.67182 0.0165354 8.73151e-09 5976 0.112877
1.67656 0.0166865 8.73668e-09 5208 0.113841
1.68127 0.0176389 9.158e-09 5352 0.114803
1.68594 0.0172406 8.87703e-09 4820 0.115762
1.6904 0.0168158 8.58987e-09 5760 0.116684
1.69513 0.0173084 8.76766e-09 5166 0.117666
1.69995 0.0165512 8.31298e-09 6168 0.118673
1.70477 0.0174966 8.71351e-09 5136 0.119685
1.70952 0.0167562 8.27546e-09 6240 0.120688
1.71454 0.0174826 8.5586e-09 5568 0.121754
1.71919 0.0171796 8.34228e-09 5712 0.122747
1.72386 0.0171573 8.26387e-09 5520 0.12375
1.72878 0.0172007 8.21421e-09 5670 0.124813
1.73344 0.0174907 8.28552e-09 6036 0.125825
1.73835 0.0181592 8.52952e-09 6264 0.126897
1.74335 0.0173099 8.0609e-09 5912 0.127995
1.74794 0.0172647 7.97663e-09 5736 0.129009
1.75258 0.0179035 8.20617e-09 5400 0.13004
1.75753 0.0170656 7.75621e-09 6342 0.131145
1.76258 0.0174365 7.85697e-09 7032 0.132277
1.76751 0.0177225 7.91915e-09 5448 0.133391
1.77221 0.0173169 7.67654e-09 6528 0.134458
1.77738 0.017313 7.60799e-09 6468 0.135638
1.78243 0.0173324 7.55198e-09 6528 0.136797
1.78706 0.017151 7.41503e-09 5568 0.137866
1.79184 0.0181021 7.76373e-09 6798 0.138976
1.79723 0.0174108 7.4003e-09 6560 0.140233
1.80203 0.0173412 7.31189e-09 6888 0.141361
1.80708 0.0179802 7.51796e-09 6624 0.142552
1.81205 0.0178371 7.39691e-09 6288 0.143732
1.81703 0.0174852 7.19153e-09 6960 0.14492
1.82233 0.0168336 6.86331e-09 6570 0.146192
1.82696 0.0174908 7.07717e-09 6600 0.147309
1.83219 0.0177924 7.1378e-09 7776 0.148577
1.83773 0.0184779 7.34593e-09 7248 0.149929
1.84289 0.0181248 7.14518e-09 6672 0.151196
1.84774 0.0180123 7.04513e-09 6704 0.152391
1.85265 0.0178269 6.91725e-09 6942 0.153611
1.85788 0.0183455 7.05852e-09 7656 0.154916
1.86304 0.018747 7.15324e-09 7128 0.15621
1.86848 0.0179802 6.80097e-09 7908 0.157581
1.87356 0.0177356 6.65399e-09 6648 0.158871
1.8783 0.0178281 6.63816e-09 7320 0.16008
1.88389 0.0179237 6.6145e-09 7638 0.161514
1.88902 0.0180223 6.59691e-09 7416 0.162836
1.89401 0.0181768 6.60098e-09 7752 0.16413
1.89959 0.0182903 6.58386e-09 8448 0.165585
1.90501 0.0183166 6.53724e-09 7280 0.167006
1.91024 0.0182687 6.46671e-09 7668 0.168386
1.91549 0.0181422 6.36927e-09 8094 0.169778
1.9207 0.0188265 6.55592e-09 7656 0.171166
1.92602 0.0184502 6.37168e-09 8160 0.172594
1.93138 0.0182844 6.26201e-09 8472 0.174039
1.93696 0.0183666 6.23597e-09 7896 0.175552
1.9421 0.0187774 6.32504e-09 8088 0.176951
1.94753 0.0182685 6.10226e-09 8286 0.17844
1.95309 0.0186488 6.1762e-09 8676 0.179974
1.95841 0.0188563 6.19423e-09 8120 0.181447
1.96377 0.0185853 6.05536e-09 9024 0.18294
1.96932 0.0178521 5.76738e-09 8160 0.184497
1.97458 0.0185581 5.94773e-09 7944 0.185979
1.98001 0.0187774 5.96857e-09 8982 0.187519
1.98555 0.0184025 5.80059e-09 9528 0.189097
1.99126 0.0181843 5.68267e-09 8832 0.190733
1.99697 0.0186937 5.79188e-09 8916 0.192378
2.00244 0.0189368 5.81927e-09 9240 0.193963
2.00796 0.0185894 5.66554e-09 8502 0.19557
2.01347 0.0189398 5.72506e-09 9416 0.197185
2.01894 0.0181819 5.45142e-09 8976 0.198797
2.02457 0.0187228 5.5669e-09 9432 0.200465
2.0302 0.0187082 5.51641e-09 9864 0.202141
2.03598 0.0190873 5.58036e-09 9024 0.203874
2.04164 0.0191137 5.5417e-09 9762 0.20558
2.0472 0.0188166 5.41127e-09 9264 0.207263
2.05278 0.0187199 5.33968e-09 10056 0.208962
2.05848 0.0192698 5.45102e-09 9936 0.210708
2.06453 0.0192591 5.40021e-09 9624 0.212572
2.0699 0.0191734 5.33449e-09 9752 0.214233
2.07576 0.0191056 5.2707e-09 10446 0.216059
2.08159 0.0196081 5.36404e-09 10056 0.217883
2.08723 0.0195088 5.29373e-09 9876 0.219659
2.09319 0.0190932 5.13681e-09 11160 0.221546
2.09903 0.0196618 5.24578e-09 10128 0.223405
2.10491 0.019445 5.14455e-09 9726 0.225289
2.11051 0.0195331 5.12679e-09 11112 0.227094
2.11652 0.0189938 4.94295e-09 10776 0.229037
2.1222 0.0198538 5.12536e-09 10232 0.230887
2.12811 0.0188652 4.82966e-09 11184 0.232822
2.13436 0.0193986 4.92278e-09 11058 0.234877
2.1403 0.019512 4.91039e-09 11472 0.236846
2.14607 0.0197281 4.92486e-09 10464 0.238765
2.15178 0.0194087 4.80663e-09 10584 0.240678
2.15796 0.0194018 4.76378e-09 12504 0.242756
2.16404 0.0191193 4.65493e-09 10560 0.244815
2.16987 0.0198877 4.80313e-09 11694 0.246798
2.17602 0.0201756 4.83142e-09 11420 0.248904
2.18203 0.0192488 4.57152e-09 12504 0.250972
2.18802 0.0195945 4.61549e-09 10800 0.253044
2.19421 0.0202862 4.73813e-09 12456 0.255197
2.20046 0.0201388 4.66372e-09 12030 0.257383
2.20635 0.0197599 4.5394e-09 11232 0.259457
2.21231 0.0201704 4.59639e-09 13176 0.261564
2.21866 0.0198117 4.476e-09 11196 0.263823
2.22456 0.02055 4.60594e-09 12720 0.265934
2.23077 0.0199239 4.42846e-09 11918 0.268165
2.23689 0.0201392 4.43965e-09 13392 0.27038
2.24337 0.0202165 4.41819e-09 12600 0.272736
2.24963 0.019752 4.28071e-09 13200 0.275027
2.25594 0.0196361 4.22e-09 12864 0.277346
2.26215 0.0200436 4.27218e-09 12270 0.279644
2.26834 0.0199539 4.21834e-09 13668 0.281946
2.27465 0.0199539 4.18337e-09 13200 0.284304
2.28097 0.0202203 4.20404e-09 13416 0.286682
2.28734 0.020134 4.15127e-09 12992 0.289088
2.2937 0.0196025 4.00814e-09 13806 0.291506
2.29997 0.0200118 4.05847e-09 13800 0.293904
2.30631 0.0206257 4.14854e-09 13056 0.296342
2.31259 0.0203826 4.06635e-09 14364 0.298768
2.31902 0.0206052 4.07666e-09 13248 0.301267
2.32549 0.0205657 4.03497e-09 15054 0.303797
2.33213 0.0200709 3.90434e-09 13680 0.306407
2.33841 0.0200265 3.86441e-09 15152 0.308888
2.34514 0.0208503 3.98882e-09 14376 0.311564
2.35149 0.0201077 3.81569e-09 13932 0.314101
2.35808 0.0207667 3.9078e-09 14910 0.316749
2.36456 0.0205298 3.83152e-09 15648 0.31937
2.37106 0.0206209 3.81698e-09 13680 0.32201
2.37766 0.0201139 3.69221e-09 15816 0.324705
2.38432 0.0207647 3.77984e-09 15030 0.32744
2.39081 0.0208976 3.77311e-09 15104 0.330124
2.39768 0.0204616 3.66274e-09 16548 0.332977
2.40438 0.0206649 3.66828e-09 15360 0.335777
2.41105 0.0204056 3.59229e-09 15768 0.338577
2.4176 0.0207061 3.61565e-09 14622 0.341343
2.42433 0.0210046 3.6373e-09 17568 0.344204
2.43136 0.0209567 3.59761e-09 16368 0.347208
2.43802 0.0211459 3.60044e-09 15960 0.350068
2.44478 0.020957 3.53877e-09 15732 0.352986
2.45148 0.0208537 3.49252e-09 17006 0.355896
2.45825 0.0210691 3.4995e-09 16680 0.358856
2.46533 0.0205039 3.37636e-09 17712 0.361966
2.47205 0.0206416 3.37142e-09 15576 0.364931
2.47856 0.0208793 3.38344e-09 16974 0.367822
2.48564 0.021047 3.38153e-09 17436 0.370985
2.49249 0.0211371 3.36809e-09 17952 0.374062
2.49953 0.0210474 3.32554e-09 17448 0.377238
2.50635 0.0214832 3.36677e-09 17336 0.380334
2.51347 0.0210473 3.27052e-09 17958 0.383583
2.52045 0.0210876 3.24961e-09 19056 0.386791
2.52756 0.0217889 3.32942e-09 17304 0.390073
2.53442 0.0211512 3.20584e-09 18276 0.393255
2.5414 0.0213852 3.21464e-09 17838 0.396516
2.5483 0.0218266 3.25443e-09 18984 0.399754
2.55573 0.0214544 3.17111e-09 19616 0.403259
2.56269 0.0210813 3.09063e-09 18168 0.406565
2.56979 0.0211826 3.07984e-09 19320 0.40995
2.57712 0.0215936 3.11288e-09 19170 0.41347
2.58402 0.0215988 3.08876e-09 19008 0.416799
2.59124 0.0211843 3.00419e-09 20472 0.420306
2.5986 0.0214719 3.01921e-09 19128 0.423894
2.60574 0.0213629 2.97924e-09 19998 0.4274
2.61294 0.0216574 2.99543e-09 19808 0.430951
2.62018 0.0217683 2.98587e-09 20724 0.434543
2.62754 0.0215405 2.92987e-09 19896 0.438215
2.6346 0.0215321 2.90526e-09 20304 0.441756
2.64214 0.0220526 2.95006e-09 21030 0.445562
2.64935 0.0213795 2.83674e-09 21168 0.449219
2.65671 0.0213324 2.80701e-09 20736 0.452975
2.66416 0.0216687 2.82743e-09 21356 0.456795
2.67173 0.0220581 2.85386e-09 22206 0.460698
2.6791 0.0217033 2.78482e-09 21360 0.464523
2.68651 0.0215423 2.74136e-09 21456 0.468389
2.69384 0.0215754 2.72321e-09 21648 0.472235
2.70134 0.0218763 2.73827e-09 22326 0.476187
2.70887 0.0221317 2.7472e-09 22212 0.480181
2.71619 0.0220312 2.71267e-09 22128 0.484085
2.72367 0.0215607 2.63293e-09 22640 0.488093
2.73137 0.0220104 2.66517e-09 23022 0.492248
2.7391 0.0217711 2.61394e-09 24168 0.496438
2.7466 0.0222225 2.64634e-09 22416 0.500526
2.75431 0.0220195 2.60021e-09 23700 0.504754
2.76199 0.0221833 2.59775e-09 24222 0.508989
2.76962 0.0223918 2.60058e-09 22776 0.513215
2.77711 0.0222801 2.56672e-09 24296 0.517392
2.78491 0.0224041 2.55938e-09 24648 0.521763
2.79252 0.0219284 2.4846e-09 22926 0.526054
2.80016 0.0224435 2.52221e-09 25476 0.530383
2.80812 0.022469 2.50367e-09 25608 0.534916
2.81589 0.0223851 2.47372e-09 24576 0.539373
2.82378 0.0226024 2.47686e-09 25134 0.543918
2.83157 0.0225696 2.45292e-09 25928 0.548429
2.83951 0.0221755 2.38991e-09 26148 0.553059
2.84746 0.0225313 2.40797e-09 25632 0.557718
2.85525 0.0222548 2.35901e-09 25926 0.562306
2.86324 0.0227432 2.39066e-09 26232 0.567042
2.87111 0.0223391 2.32892e-09 27216 0.57173
2.87917 0.0225926 2.33562e-09 26736 0.576558
2.88739 0.0224161 2.29766e-09 27698 0.581507
2.8953 0.0225879 2.29634e-09 26640 0.5863
2.90311 0.0226669 2.28582e-09 26880 0.591058
2.91139 0.0228416 2.28384e-09 29160 0.596131
2.91957 0.0223451 2.21546e-09 27318 0.601172
2.92751 0.0228046 2.24267e-09 27984 0.606091
2.93565 0.0230011 2.24325e-09 28364 0.611155
2.94365 0.0231242 2.2369e-09 28464 0.61617
2.95199 0.0227822 2.18519e-09 28974 0.621421
2.96007 0.0230995 2.19755e-09 28920 0.626534
2.96818 0.0229026 2.161e-09 29640 0.631698
2.97653 0.0230261 2.15442e-09 28884 0.637045
2.98472 0.022686 2.10517e-09 30558 0.642317
2.99318 0.023104 2.12582e-09 30776 0.647798
3.00137 0.0231216 2.11008e-09 29040 0.653128
3.00959 0.0232102 2.10086e-09 30984 0.658508
3.01806 0.0233261 2.09362e-09 30930 0.664087
3.02658 0.0233492 2.07805e-09 32712 0.669723
3.03503 0.0231699 2.04492e-09 30528 0.675349
3.04327 0.0230122 2.01453e-09 30326 0.680869
3.05173 0.0233256 2.02504e-09 33624 0.686558
3.06034 0.023566 2.02869e-09 31824 0.692389
3.06872 0.0233758 1.99588e-09 31860 0.698092
3.07736 0.0237345 2.00948e-09 33942 0.704007
3.08588 0.0233406 1.95981e-09 31848 0.709867
3.09426 0.0232568 1.93695e-09 33624 0.715669
3.10297 0.0236764 1.95534e-09 33512 0.721726
3.11157 0.0233285 1.91067e-09 33594 0.727745
3.12023 0.0237817 1.93163e-09 34944 0.733836
3.12889 0.0236213 1.9027e-09 33624 0.739968
3.13752 0.0238626 1.90633e-09 34710 0.746104
3.14616 0.0234769 1.86012e-09 34704 0.752282
3.15488 0.0235736 1.85232e-09 35468 0.758558
3.1637 0.0232673 1.813e-09 36096 0.764939
3.17266 0.0239834 1.85302e-09 35958 0.771458
3.18144 0.0239898 1.83821e-09 36576 0.777878
3.19023 0.0237134 1.80205e-09 35976 0.784346
3.19904 0.0236532 1.78266e-09 36396 0.790863
3.20798 0.0238551 1.7829e-09 38030 0.797509
3.21678 0.0237758 1.76243e-09 35784 0.804089
3.22564 0.0235594 1.73203e-09 38712 0.810752
3.23477 0.0237193 1.72906e-09 38310 0.817657
3.24374 0.0238381 1.72335e-09 37596 0.824478
3.25254 0.0238168 1.70788e-09 39000 0.831202
3.26171 0.0237914 1.69171e-09 38552 0.838252
3.2708 0.0241132 1.70033e-09 40206 0.845284
3.27984 0.0241568 1.68935e-09 39072 0.852312
3.28909 0.0237584 1.64752e-09 41340 0.859539
3.2983 0.024152 1.66082e-09 39342 0.866782
3.30724 0.0243308 1.65958e-09 40176 0.873852
3.31644 0.0241098 1.63087e-09 41768 0.88116
3.32563 0.0242872 1.62928e-09 40206 0.888507
3.33487 0.02436 1.62062e-09 42300 0.895935
3.34411 0.0245034 1.61667e-09 42360 0.903408
3.35331 0.0243858 1.59572e-09 40488 0.91088
3.3626 0.0246345 1.59867e-09 44406 0.918472
3.37211 0.0244015 1.57018e-09 43076 0.926289
3.38132 0.0244794 1.56236e-09 42600 0.933901
3.39087 0.0242394 1.53401e-09 45486 0.941834
3.40043 0.0245467 1.5404e-09 43848 0.94982
3.40963 0.0248298 1.54558e-09 43248 0.95755
3.41901 0.0244739 1.51092e-09 44988 0.965479
3.42866 0.0244724 1.49811e-09 46454 0.973672
3.43818 0.0247946 1.50526e-09 44928 0.981803
3.4478 0.0245303 1.47678e-09 47256 0.990072
3.45736 0.0246766 1.4733e-09 45126 0.99833
3.46696 0.0246683 1.46061e-09 48084 1.00667
3.47654 0.0247713 1.45461e-09 46320 1.01504
3.48629 0.0246977 1.43815e-09 47894 1.0236
3.49578 0.024885 1.43729e-09 47160 1.03199
3.50539 0.0247977 1.42051e-09 48228 1.04051
3.51537 0.024714 1.40368e-09 50598 1.04943
3.52506 0.0246764 1.39002e-09 47328 1.05813
3.53475 0.0248492 1.38828e-09 50696 1.06688
3.54459 0.0245146 1.35822e-09 49344 1.07581
3.55459 0.0251717 1.38288e-09 51570 1.08494
3.56441 0.0251086 1.36804e-09 50832 1.09397
3.5743 0.0247246 1.33597e-09 50424 1.1031
3.58421 0.025099 1.34498e-09 52686 1.1123
3.59415 0.0251073 1.33429e-09 51092 1.12158
3.60407 0.0250722 1.32145e-09 53376 1.13089
3.61415 0.0252595 1.32022e-09 52374 1.1404
3.62404 0.0249828 1.2951e-09 52848 1.14979
3.63411 0.0248891 1.27954e-09 55488 1.15941
3.64445 0.0250488 1.27682e-09 54098 1.16933
3.65433 0.0251455 1.27139e-09 53688 1.17886
3.66443 0.0251065 1.25895e-09 55296 1.18866
3.67462 0.0249975 1.24308e-09 56358 1.19861
3.68502 0.0251709 1.24113e-09 57468 1.20882
3.69525 0.0251421 1.22945e-09 56000 1.21891
3.70559 0.0250545 1.21494e-09 57774 1.22917
3.71586 0.0250861 1.20641e-09 57648 1.23942
3.72609 0.025125 1.19836e-09 57480 1.24968
3.73645 0.0249531 1.18029e-09 58122 1.26013
3.74669 0.0252828 1.1861e-09 59208 1.27053
3.75716 0.0251962 1.17219e-09 60032 1.2812
3.76768 0.0252942 1.16691e-09 60366 1.292
3.77814 0.0253315 1.15895e-09 60444 1.30279
3.78854 0.0252833 1.14725e-09 60912 1.31358
3.79912 0.0252148 1.13461e-09 61422 1.32462
3.80967 0.0249411 1.11299e-09 63032 1.33568
3.82029 0.024954 1.10431e-09 62052 1.34688
3.83093 0.0250887 1.10105e-09 64038 1.35817
3.84147 0.025226 1.09798e-09 61632 1.36941
3.85195 0.0247695 1.06934e-09 64896 1.38065
3.86282 0.0249191 1.06674e-09 64874 1.39237
3.87338 0.0248167 1.05369e-09 64200 1.40381
3.88424 0.0243774 1.02638e-09 68016 1.41566
3.89516 0.0245848 1.02644e-09 65694 1.42763
3.90592 0.0246624 1.02119e-09 67212 1.4395
3.91674 0.0240632 9.88142e-10 67088 1.45149
3.92755 0.0240084 9.77769e-10 67182 1.46355
3.93842 0.0237521 9.59352e-10 69768 1.47572
3.94935 0.023422 9.38184e-10 67524 1.48805
3.96027 0.0230102 9.14081e-10 70758 1.50043
3.97123 0.0230025 9.06235e-10 69488 1.51292
3.98223 0.0221125 8.63972e-10 71640 1.52552
3.99344 0.0217629 8.4317e-10 72042 1.53844
4.00456 0.0211667 8.13255e-10 72960 1.55133
4.01559 0.0207338 7.90074e-10 70422 1.56419
4.02684 0.016299 6.15898e-10 76784 1.57737
4.0381 0.0157944 5.91849e-10 72348 1.59064
4.04921 0.0153965 5.72203e-10 74094 1.6038
4.06038 0.0148544 5.47515e-10 74976 1.61711
4.0716 0.0141357 5.16725e-10 76200 1.63056
4.08307 0.0139452 5.0548e-10 77114 1.64437
4.09436 0.013687 4.92026e-10 76872 1.65805
4.10573 0.0133659 4.76505e-10 77784 1.67191
4.1172 0.0131501 4.64904e-10 78654 1.68596
4.12861 0.0132698 4.65257e-10 79380 1.70001
4.14006 0.01282 4.45769e-10 79256 1.71419
4.15155 0.0133942 4.61874e-10 80094 1.72851
4.16295 0.0127407 4.35743e-10 80760 1.74278
4.17466 0.0128132 4.34543e-10 83034 1.75754
4.18631 0.0132518 4.45677e-10 82664 1.77229
4.19786 0.0128758 4.29466e-10 81864 1.787
4.20942 0.0130529 4.31797e-10 83334 1.80181
4.22115 0.0133221 4.37039e-10 85980 1.81691
4.23288 0.0128408 4.17759e-10 84144 1.83209
4.24467 0.0135281 4.36458e-10 86486 1.84745
4.25637 0.0136108 4.35518e-10 86016 1.86277
4.26828 0.0132471 4.20341e-10 88290 1.87844
4.28011 0.0143588 4.51849e-10 87672 1.89411
4.29193 0.0136146 4.24902e-10 88608 1.90984
4.30383 0.0141967 4.39403e-10 88682 1.92577
4.31573 0.0144173 4.42549e-10 91200 1.9418
4.3279 0.0138421 4.2132e-10 92568 1.95826
4.33994 0.0150466 4.54179e-10 91014 1.97466
4.35196 0.0148623 4.4491e-10 92828 1.99111
4.36403 0.014821 4.40003e-10 93054 2.00772
4.37602 0.0160241 4.71817e-10 92568 2.02432
4.38816 0.015329 4.47616e-10 96768 2.04121
4.40051 0.0163613 4.7375e-10 95658 2.05849
4.41265 0.0163336 4.69054e-10 96368 2.07558
4.42502 0.0161028 4.58557e-10 98526 2.09309
4.43718 0.017916 5.06009e-10 95436 2.11039
4.44945 0.0168499 4.71973e-10 101472 2.12794
4.46195 0.0179584 4.98806e-10 98582 2.14593
4.47415 0.0183625 5.05874e-10 99984 2.16357
4.48658 0.0174602 4.77026e-10 101298 2.18166
4.49915 0.0195675 5.3013e-10 104952 2.20005
4.51164 0.0188737 5.07098e-10 100568 2.21842
4.52414 0.0200663 5.34685e-10 105942 2.23691
4.5368 0.0203559 5.37874e-10 104892 2.25574
4.54929 0.0199313 5.22329e-10 103734 2.27443
4.56181 0.0220009 5.71832e-10 107160 2.29325
4.57457 0.0213372 5.49953e-10 108788 2.31255
4.58728 0.0220387 5.63327e-10 107070 2.33188
4.59999 0.0228363 5.7889e-10 110760 2.35131
4.6128 0.0222811 5.60121e-10 109182 2.37102
4.62563 0.0242153 6.03694e-10 112820 2.39086
4.63846 0.0238566 5.89831e-10 110280 2.4108
4.65132 0.0247377 6.06557e-10 114678 2.43091
4.66426 0.02563 6.23218e-10 112668 2.45125
4.67718 0.025633 6.18139e-10 116030 2.47169
4.69034 0.0273134 6.53133e-10 118032 2.49261
4.7033 0.0265102 6.28703e-10 113700 2.51332
4.71623 0.0285841 6.72324e-10 118566 2.53411
4.7294 0.0286767 6.68883e-10 119840 2.5554
4.74251 0.0286843 6.63529e-10 118278 2.5767
4.75558 0.0304755 6.99167e-10 120852 2.59807
4.76881 0.0297859 6.77675e-10 122166 2.61981
4.78209 0.0326075 7.35707e-10 123296 2.64176
4.79535 0.0321251 7.18825e-10 123300 2.6638
4.8087 0.0334888 7.43116e-10 126174 2.68611
4.82205 0.0343671 7.56287e-10 124800 2.70855
4.83537 0.0344647 7.52187e-10 126774 2.73104
4.8488 0.0371405 8.03866e-10 128900 2.75387
4.86226 0.0354315 7.60524e-10 127776 2.77687
4.87577 0.0401514 8.54691e-10 132246 2.80008
4.8893 0.0380722 8.03726e-10 129252 2.82345
4.90284 0.0407182 8.52483e-10 133118 2.84697
4.91643 0.0414049 8.5969e-10 133272 2.87071
4.93013 0.0410909 8.46075e-10 134970 2.89479
4.94379 0.0441899 9.02367e-10 136128 2.91891
4.95761 0.0419638 8.49765e-10 137270 2.94345
4.97145 0.0477076 9.58026e-10 139620 2.96818
4.98526 0.0456926 9.09961e-10 138312 2.99297
4.99912 0.0501153 9.89761e-10 140694 3.01801
5.01292 0.0495582 9.70692e-10 140888 3.04308
5.02687 0.05191 1.00832e-09 143034 3.06855
5.04082 0.0532316 1.02543e-09 143688 3.09416
5.05472 0.0521561 9.96448e-10 143510 3.11983
5.06873 0.0574162 1.08787e-09 147828 3.14586
5.08293 0.0546138 1.02612e-09 147918 3.17236
5.09703 0.0611833 1.14005e-09 148992 3.19883
5.11123 0.0586697 1.08412e-09 150356 3.22565
5.12527 0.0648536 1.18857e-09 147606 3.25229
5.13948 0.0617683 1.12266e-09 156624 3.27943
5.15396 0.0669363 1.20636e-09 153354 3.30723
5.16816 0.0673962 1.20467e-09 153968 3.33463
5.18246 0.0686978 1.2178e-09 155862 3.36239
5.19679 0.0732089 1.28706e-09 157524 3.39035
5.21123 0.0708922 1.236e-09 159126 3.41871
5.22579 0.0779499 1.34772e-09 162488 3.44743
5.24033 0.0752144 1.28963e-09 159570 3.47629
5.25479 0.0842495 1.43265e-09 164304 3.50516
5.26952 0.0793469 1.338e-09 165720 3.5347
5.28409 0.0881956 1.47494e-09 162866 3.56411
5.29868 0.0858549 1.42397e-09 169056 3.59372
5.31346 0.0924347 1.52034e-09 167502 3.62388
5.32816 0.0895006 1.45994e-09 169964 3.65402
5.34291 0.0987608 1.59768e-09 170478 3.68446
5.35779 0.0968579 1.55388e-09 175200 3.71533
5.37276 0.102052 1.62356e-09 173130 3.74656
5.38758 0.105031 1.6572e-09 175712 3.77764
5.4026 0.106117 1.66041e-09 177438 3.80932
5.41755 0.11304 1.75414e-09 178092 3.84105
5.43256 0.110112 1.69458e-09 179694 3.87305
5.44764 0.118147 1.80317e-09 182504 3.9054
5.4628 0.117711 1.7816e-09 182394 3.93809
5.47789 0.128123 1.92321e-09 184464 3.97083
5.49311 0.124209 1.84899e-09 186398 4.00402
5.50841 0.135499 2.00031e-09 188844 4.03756
5.52365 0.129374 1.89412e-09 187230 4.07118
5.53901 0.145732 2.11592e-09 193776 4.10522
5.55452 0.139921 2.01458e-09 192218 4.1398
5.56983 0.156644 2.2368e-09 192408 4.17414
5.58522 0.148341 2.10077e-09 195510 4.20884
5.60076 0.169125 2.37523e-09 198404 4.24405
5.6164 0.156474 2.17925e-09 200310 4.27971
5.63203 0.179706 2.48204e-09 201216 4.31554
5.64768 0.16468 2.25564e-09 201618 4.35162
5.66335 0.19007 2.58186e-09 204680 4.38794
5.67898 0.178074 2.399e-09 202770 4.42437
5.69478 0.206569 2.75978e-09 211800 4.46141
5.71065 0.18916 2.50618e-09 205718 4.4988
5.72637 0.215946 2.83757e-09 211452 4.53606
5.74229 0.200971 2.61889e-09 213150 4.574
5.75836 0.228201 2.94891e-09 217512 4.6125
5.77442 0.215477 2.76131e-09 214754 4.65121
5.79027 0.245961 3.12615e-09 215424 4.6896
5.80643 0.232076 2.92511e-09 224574 4.72899
5.82259 0.263395 3.29229e-09 218588 4.76858
5.83867 0.247898 3.07306e-09 223902 4.8082
5.85483 0.277523 3.4119e-09 224952 4.84824
5.87119 0.266781 3.25248e-09 230258 4.88899
5.88752 0.293014 3.54267e-09 227544 4.92989
5.90382 0.292295 3.50479e-09 231018 4.97095
5.92021 0.316221 3.76027e-09 234504 5.01248
5.93666 0.315919 3.72552e-09 233102 5.05438
5.95305 0.324822 3.79898e-09 236892 5.09635
5.96958 0.35316 4.09618e-09 238830 5.13893
5.98612 0.341988 3.93382e-09 241232 5.18175
6.00281 0.377087 4.30148e-09 243906 5.22522
6.01948 0.362688 4.10294e-09 244704 5.26888
6.03618 0.41215 4.62389e-09 246698 5.31285
6.05287 0.378097 4.20687e-09 248664 5.35704
6.06975 0.457624 5.04935e-09 253494 5.40199
6.08663 0.407923 4.46361e-09 251522 5.44718
6.10345 0.487835 5.29403e-09 255336 5.49246
6.12039 0.441601 4.75261e-09 257694 5.53833
6.13742 0.506163 5.40223e-09 260988 5.58467
6.15452 0.499774 5.2897e-09 261638 5.63148
6.17151 0.532017 5.58459e-09 262356 5.67825
6.18861 0.547823 5.70296e-09 266478 5.72559
6.20588 0.547629 5.65348e-09 272048 5.77366
6.22322 0.610107 6.24597e-09 269850 5.82219
6.24044 0.573585 5.82361e-09 272544 5.87064
6.25776 0.681893 6.86592e-09 275546 5.91967
6.27506 0.610209 6.09348e-09 275334 5.96889
6.29257 0.728435 7.21351e-09 285024 6.019
6.3102 0.684518 6.72194e-09 282242 6.06974
6.32759 0.767552 7.47538e-09 280800 6.12005
6.34509 0.7818 7.55131e-09 288330 6.17097
6.36273 0.793019 7.59613e-09 290024 6.2226
6.38041 0.866591 8.23204e-09 290598 6.27461
6.39805 0.817978 7.70615e-09 293748 6.3268
6.4159 0.975072 9.10969e-09 299582 6.37989
6.43369 0.883018 8.18143e-09 295914 6.4331
6.45145 1.04054 9.56147e-09 302352 6.48653
6.46945 1.03015 9.38724e-09 305342 6.54098
6.48737 1.04936 9.48329e-09 305532 6.59549
6.50541 1.18326 1.06046e-08 310806 6.65067
6.52346 1.06314 9.44923e-09 310436 6.70617
6.54163 1.344 1.18462e-08 318006 6.76236
6.55978 1.17864 1.03028e-08 312846 6.81881
6.57792 1.41266 1.22465e-08 322508 6.87553
6.59626 1.40902 1.21133e-08 321318 6.9332
6.61457 1.41599 1.20724e-08 327204 6.9911
6.63294 1.65191 1.39672e-08 325766 7.04949
6.65129 1.39116 1.16654e-08 330246 7.10817
6.6698 1.87015 1.55517e-08 335868 7.16768
6.68842 1.76316 1.45399e-08 336710 7.22788
6.70692 1.84783 1.51123e-08 336636 7.28801
6.72554 2.06525 1.67506e-08 343542 7.34891
6.74416 1.73416 1.39491e-08 342092 7.41011
6.76288 2.44925 1.95379e-08 349446 7.47197
6.78171 2.11309 1.67163e-08 350118 7.53457
6.80049 2.34464 1.83948e-08 352628 7.59732
6.81946 2.58312 2.00972e-08 359334 7.66107
6.83836 2.17851 1.6809e-08 356364 7.72497
6.8573 3.11915 2.3868e-08 362990 7.78933
6.87632 2.77916 2.10904e-08 364062 7.85434
6.8954 2.88862 2.17396e-08 369756 7.91989
6.91452 3.46236 2.58419e-08 368726 7.98596
6.93369 2.71495 2.0096e-08 375786 8.05255
6.95298 3.97937 2.92107e-08 378600 8.11995
6.97229 3.7146 2.70412e-08 379394 8.18777
6.99165 3.49757 2.52503e-08 386568 8.25619
7.01113 4.70621 3.36935e-08 386906 8.3254
7.03054 3.88975 2.76182e-08 388950 8.39474
7.05003 4.75989 3.35168e-08 394512 8.46475
7.06964 5.37113 3.75071e-08 396818 8.53557
7.08927 4.03692 2.79567e-08 401112 8.60686
7.109 6.58411 4.52179e-08 404850 8.67894
7.12874 5.78175 3.93786e-08 405566 8.75143
7.14845 5.32689 3.59814e-08 409308 8.82422
7.16828 7.72606 5.17551e-08 413766 8.89785
7.18818 6.24654 4.14976e-08 417050 8.97215
7.2082 7.44756 4.90651e-08 425232 9.04735
7.22829 8.84573 5.77918e-08 421862 9.12321
7.24825 6.53467 4.23412e-08 426402 9.199
7.26841 10.2182 6.56594e-08 434688 9.27596
7.28872 10.6236 6.76951e-08 436634 9.35391
7.30888 6.79858 4.29641e-08 434784 9.43177
7.32907 13.872 8.69424e-08 441018 9.51013
7.34941 12.5272 7.7864e-08 447350 9.58953
7.36984 8.87775 5.47228e-08 449868 9.66974
7.3903 17.1156 1.04628e-07 453206 9.75049
7.4108 15.027 9.10998e-08 456570 9.83185
7.4314 11.0307 6.63182e-08 463824 9.91407
7.45208 20.187 1.20359e-07 463718 9.99706
7.47272 17.4123 1.02958e-07 468186 10.0804
7.49346 13.4191 7.86892e-08 473448 10.1645
7.51434 25.6514 1.49169e-07 479354 10.2497
7.5352 23.4195 1.35062e-07 477702 10.3353
7.55605 15.9626 9.12978e-08 485204 10.4214
7.5771 32.3134 1.83279e-07 491454 10.5087
7.59817 29.525 1.66074e-07 491226 10.5966
7.61922 17.725 9.88769e-08 497648 10.685
7.64048 40.9493 2.26529e-07 504930 10.7746
7.66167 39.3512 2.15887e-07 500358 10.8645
7.6828 17.9728 9.77902e-08 508652 10.9547
7.70418 53.027 2.86126e-07 516390 11.0464
7.72557 54.7836 2.93156e-07 515642 11.1386
7.74695 16.6306 8.82581e-08 521880 11.2314
7.76853 68.9521 3.62886e-07 530850 11.3255
7.79012 72.498 3.78385e-07 527054 11.4202
7.8116 13.7318 7.10801e-08 534156 11.5149
7.83338 89.1898 4.57834e-07 545150 11.6115
7.85521 87.7096 4.46493e-07 543474 11.7088
7.87691 76.0611 3.84003e-07 545310 11.8062
7.89874 45.0861 2.25741e-07 555788 11.9046
7.92074 118.88 5.90271e-07 559542 12.0043
7.94278 116.631 5.74295e-07 564146 12.1048
7.96481 24.9413 1.21796e-07 566520 12.2058
7.98694 132.986 6.44027e-07 573594 12.3078
8.00914 153.936 7.393e-07 577718 12.4108
8.03133 15.5148 7.38964e-08 579300 12.5142
8.05362 83.491 3.94373e-07 586235 12.6187
8.07603 4.04667 1.89559e-08 585156 12.7243
8.09843 2.13901 9.93686e-09 582704 12.8305
8.12088 1.52305 7.01689e-09 584544 12.9375
8.14345 1.19577 5.46339e-09 585204 13.0456
8.16605 1.05324 4.77231e-09 582812 13.1546
8.18871 0.941254 4.2296e-09 584472 13.2644
8.21146 0.867899 3.86765e-09 584132 13.3753
8.23424 0.82275 3.63611e-09 582540 13.4869
8.25707 0.795591 3.487e-09 582096 13.5993
8.28004 0.774456 3.36619e-09 586412 13.7132
8.30307 0.761046 3.28046e-09 581640 13.8279
8.32613 0.760095 3.24922e-09 583304 13.9434
8.34929 0.75958 3.22006e-09 583536 14.0601
8.37244 0.766318 3.22175e-09 578204 14.1774
8.39565 0.773817 3.22638e-09 582180 14.2956
8.41901 0.783423 3.23932e-09 582144 14.4153
8.44239 0.797052 3.26836e-09 578780 14.5357
8.46576 0.819156 3.33126e-09 577524 14.6568
8.48924 0.833238 3.36049e-09 579584 14.779
8.51287 0.854244 3.41659e-09 580752 14.9028
8.53655 0.882619 3.50079e-09 576896 15.0275
8.5602 0.907122 3.56824e-09 575412 15.1527
8.58391 0.937971 3.65909e-09 575676 15.2791
8.60777 0.981576 3.79745e-09 576392 15.4068
8.63167 1.02255 3.92318e-09 574368 15.5355
8.6556 1.07307 4.08296e-09 572624 15.6651
8.67964 1.10753 4.17916e-09 574056 15.7959
8.70378 1.14776 4.29504e-09 572864 15.9281
8.72791 1.20251 4.46271e-09 568992 16.0609
8.75214 1.25609 4.62294e-09 572024 16.1951
8.77648 1.31131 4.78612e-09 569052 16.3306
8.80086 1.37816 4.98844e-09 568236 16.467
8.82523 1.45596 5.22651e-09 563612 16.6042
8.84969 1.50222 5.34798e-09 567216 16.7427
8.8743 1.59339 5.62546e-09 564740 16.8828
8.89896 1.71451 6.00291e-09 563940 17.0239
8.92369 1.78971 6.21426e-09 562172 17.1662
8.9485 1.87992 6.47335e-09 561948 17.3097
8.97339 1.97747 6.75274e-09 560084 17.4546
8.9983 2.08679 7.06703e-09 556764 17.6004
9.02321 2.20131 7.3933e-09 553976 17.7469
9.04824 2.32795 7.75392e-09 556344 17.895
9.07338 2.48107 8.19542e-09 552420 18.0446
9.09857 2.67416 8.76008e-09 552200 18.1953
9.12381 2.80065 9.09851e-09 548880 18.3472
9.14913 2.96863 9.56439e-09 548696 18.5003
9.17454 3.14424 1.00462e-08 546948 18.6549
9.20009 3.29229 1.04319e-08 547364 18.8112
9.22565 3.46358 1.08836e-08 540792 18.9684
9.2512 3.74073 1.16574e-08 540320 19.1264
9.27686 4.05241 1.25242e-08 538668 19.2861
9.30261 4.24989 1.30258e-08 537260 19.4471
9.32845 4.57444 1.39043e-08 534912 19.6096
9.35439 4.8057 1.4486e-08 534812 19.7737
9.38034 5.07806 1.51804e-08 527424 19.9386
9.40633 5.3139 1.57541e-08 528968 20.1048
9.43243 5.90406 1.73588e-08 525312 20.2727
9.45865 6.2481 1.8218e-08 525968 20.4422
9.48493 6.66407 1.92698e-08 520272 20.6131
9.51128 7.01585 2.01189e-08 520256 20.7853
9.53767 7.46216 2.12216e-08 514536 20.9589
9.56415 8.16853 2.30379e-08 515732 21.1339
9.59074 8.83284 2.4705e-08 510624 21.3106
9.61731 9.32009 2.58522e-08 507288 21.4883
9.64399 9.77285 2.68838e-08 505904 21.6676
9.67076 10.4331 2.84625e-08 502608 21.8485
9.69767 11.5307 3.11955e-08 502280 22.0314
9.72462 12.4685 3.34531e-08 496404 22.2156
9.75161 13.0812 3.48065e-08 494156 22.4011
9.77867 13.7393 3.62548e-08 490572 22.5881
9.80581 14.799 3.87277e-08 487856 22.7767
9.83305 17.0916 4.43566e-08 485592 22.9671
9.86033 17.6045 4.53096e-08 479840 23.1587
9.88774 18.5553 4.73606e-08 480792 23.3524
9.91523 19.7117 4.98947e-08 473276 23.5477
9.94267 22.7908 5.72124e-08 469716 23.7438
9.97028 24.0272 5.98163e-08 469388 23.9421
9.99798 25.4105 6.27358e-08 463164 24.1422
10.0257 26.5159 6.49229e-08 460964 24.3438
10.0536 31.2301 7.58314e-08 456404 24.5473
10.0815 32.9751 7.94056e-08 453096 24.7523
10.1095 34.5827 8.25873e-08 447944 24.9589
10.1375 36.1074 8.55147e-08 445104 25.1672
10.1657 44.2864 1.04016e-07 440876 25.3776
10.1939 45.4031 1.05754e-07 438372 25.5898
10.2223 47.2315 1.09101e-07 431156 25.8038
10.2506 52.6009 1.205e-07 426816 26.0187
10.279 60.6711 1.37838e-07 424208 26.2357
10.3076 63.3902 1.42821e-07 420060 26.4551
10.3362 64.706 1.44577e-07 414500 26.6762
10.3649 79.8952 1.77039e-07 409044 26.8987
10.3936 85.2329 1.87305e-07 406184 27.1231
10.4225 84.7744 1.8475e-07 401808 27.3503
10.4515 100.361 2.16906e-07 394448 27.5787
10.4804 114.326 2.45047e-07 390564 27.8085
10.5095 114.05 2.42429e-07 386420 28.0409
10.5387 125.703 2.64984e-07 380148 28.2752
10.568 155.503 3.25092e-07 375116 28.5111
10.5973 152.637 3.16454e-07 371108 28.7494
10.6268 163.326 3.3581e-07 363588 28.9896
10.6563 214.595 4.37567e-07 360704 29.2318
10.6859 202.123 4.08719e-07 352920 29.4761
10.7155 213.838 4.28828e-07 347888 29.7223
10.7453 292.024 5.80768e-07 342564 29.9707
10.7751 264.334 5.21345e-07 336104 30.221
10.805 297.214 5.8134e-07 329616 30.4733
10.835 386.654 7.50026e-07 324044 30.7274
10.865 341.1 6.56187e-07 317940 30.9838
10.8952 435.231 8.30328e-07 311516 31.2428
10.9255 478.885 9.06033e-07 306920 31.5041
10.9559 409.586 7.68496e-07 297936 31.7675
10.9864 673.815 1.25377e-06 293684 32.0334
11.0169 548.207 1.0116e-06 284568 32.3008
11.0473 519.871 9.51408e-07 276704 32.5693
11.078 886.622 1.60913e-06 274896 32.8418
11.1089 582.006 1.04751e-06 263228 33.1168
11.1396 965.82 1.72395e-06 257720 33.3927
11.1706 718.79 1.27238e-06 250968 33.6716
11.2016 621.026 1.09022e-06 242276 33.9529
11.2326 1152.94 2.00724e-06 236220 34.2362
11.2638 551.267 9.51796e-07 227624 34.5222
11.2952 801.464 1.3723e-06 221304 34.811
11.3265 353.384 6.0006e-07 212204 35.1021
11.3579 167.671 2.82364e-07 203168 35.394
11.3893 74.765 1.24865e-07 197955 35.6892
11.4211 19.9616 3.30608e-08 190268 35.9884
11.4529 19.6858 3.23333e-08 184188 36.2897
11.4846 20.6655 3.36616e-08 176492 36.5924
11.5165 22.2724 3.59789e-08 172200 36.8977
11.5486 24.4501 3.91684e-08 166544 37.207
11.5807 26.3947 4.19331e-08 160160 37.518
11.6127 28.5138 4.49253e-08 155010 37.8307
11.6449 31.4306 4.91115e-08 149948 38.1461
11.6773 34.859 5.40171e-08 145458 38.4648
11.7097 37.806 5.80978e-08 140444 38.7866
11.7423 41.6425 6.34633e-08 135596 39.1106
11.7747 45.9997 6.95248e-08 130308 39.4362
11.8074 50.5122 7.57143e-08 126860 39.7648
11.8402 56.7189 8.43112e-08 122748 40.098
11.8732 61.8196 9.11301e-08 118076 40.4338
11.9062 68.8446 1.00645e-07 113774 40.7716
11.9391 75.9713 1.10146e-07 109236 41.1112
11.9722 83.5412 1.20122e-07 105638 41.4534
12.0054 94.2503 1.34397e-07 102174 41.7998
12.0389 104.373 1.47593e-07 98708 42.1505
12.0724 115.367 1.61784e-07 94310 42.5035
12.1059 128.17 1.78253e-07 90414 42.8577
12.1394 142.305 1.96274e-07 87398 43.2153
12.1731 158.079 2.16226e-07 83462 43.5758
12.2067 177.76 2.41143e-07 79902 43.9379
12.2406 202.872 2.7293e-07 77558 44.3049
12.2748 225.757 3.01189e-07 74094 44.6769
12.309 251.415 3.3263e-07 71006 45.0516
12.3433 282.542 3.70708e-07 67574 45.4289
12.3775 315.535 4.10571e-07 64368 45.8078
12.4118 359.204 4.6353e-07 61502 46.1894
12.446 405.981 5.19578e-07 58214 46.573
12.4804 457.523 5.8072e-07 55872 46.9597
12.515 514.06 6.47082e-07 53270 47.3516
12.5498 601.5 7.50864e-07 50742 47.7479
12.5848 670.947 8.30602e-07 48032 48.1477
12.6198 767.127 9.4178e-07 45638 48.551
12.6549 853.149 1.03869e-06 43008 48.9576
12.6901 994.43 1.20065e-06 40694 49.3673
12.7255 1127.86 1.35043e-06 38408 49.781
12.7609 1318.92 1.56609e-06 35958 50.1975
12.7963 1504.11 1.77117e-06 33920 50.6172
12.8319 1728.74 2.01881e-06 31622 51.0405
12.8675 1986.22 2.30029e-06 29640 51.4665
12.9033 2297.72 2.63899e-06 27662 51.8966
12.939 2701.81 3.07746e-06 25568 52.3291
12.9748 3118.39 3.52261e-06 23904 52.7651
13.0109 3644 4.08219e-06 22118 53.2064
13.0469 4282.41 4.7578e-06 20168 53.6491
13.083 4912.15 5.41236e-06 18816 54.096
13.1194 5796.38 6.33361e-06 17126 54.5488
13.1559 6781.73 7.3488e-06 15680 55.0052
13.1925 8145.81 8.75365e-06 14184 55.4658
13.2293 9748.8 1.03892e-05 12854 55.9307
13.2663 11362.3 1.20076e-05 11600 56.4017
13.3038 13527.2 1.41751e-05 10428 56.8805
13.3412 16352.7 1.69921e-05 9032 57.362
13.3781 19617 2.02155e-05 7838 57.8399
13.4149 23989.9 2.4519e-05 6816 58.3184
13.4517 27270.7 2.76443e-05 5840 58.7992
13.4884 33782.5 3.39668e-05 4952 59.2812
13.5246 39988.1 3.98842e-05 4062 59.7599
13.5603 48102.6 4.75994e-05 3368 60.2348
13.596 59216.3 5.81358e-05 2744 60.7124
13.6318 68283.1 6.65106e-05 2184 61.1931
13.6739 88183.6 8.51041e-05 2192 61.7614
13.7179 97419.8 9.31158e-05 1238 62.3597
13.7573 121949 0.000115563 728 62.8983
13.7931 150675 0.000141675 456 63.391
13.8288 165940 0.000154823 248 63.8846
13.8642 183739 0.000170122 104 64.3755
13.8983 195915 0.000180063 24 64.852
13.93 272972 0.000249176 1 65.2968
0.047546
1398
200
512
16.5227
0.502655 0.00679535 1.32021e-07 6 0.00306796
0.710861 0.00726936 4.99323e-08 12 0.00867751
0.870624 0.00386049 1.44341e-08 8 0.0159416
1.00531 0.020105 4.88252e-08 6 0.0245437
1.12397 0.0144894 2.51783e-08 24 0.0343009
1.23125 0.0164215 2.17078e-08 24 0.0450896
1.42172 0.0121091 1.0397e-08 12 0.06942
1.50796 0.0108715 7.8227e-09 30 0.082835
1.58953 0.0179731 1.10421e-08 24 0.0970175
1.66712 0.0185316 9.86859e-09 24 0.111928
1.74125 0.0170136 7.9516e-09 8 0.127533
1.81235 0.00973404 4.03467e-09 24 0.143802
1.88076 0.0245655 9.11093e-09 48 0.16071
2.01062 0.0368587 1.1189e-08 6 0.19635
2.0725 0.0199476 5.52902e-09 48 0.215042
2.13258 0.0203042 5.16543e-09 36 0.234293
2.19102 0.0240664 5.6456e-09 24 0.254086
2.24794 0.0148593 3.22762e-09 24 0.274407
2.30345 0.0127194 2.56783e-09 48 0.295242
2.35766 0.0167913 3.16141e-09 24 0.31658
2.4625 0.0152169 2.51443e-09 24 0.360717
2.51327 0.0222802 3.46289e-09 30 0.383495
2.56305 0.0165533 2.4258e-09 72 0.406733
2.61187 0.0326338 4.5191e-09 32 0.430423
2.70688 0.0252172 3.13711e-09 72 0.479123
2.75315 0.0250894 2.96646e-09 48 0.504118
2.84345 0.02018 2.16584e-09 12 0.55536
2.88753 0.0179825 1.84293e-09 48 0.581595
2.93096 0.0221015 2.16587e-09 48 0.608231
2.97375 0.0305521 2.86661e-09 48 0.635261
3.01593 0.023208 2.08744e-09 30 0.66268
3.05753 0.0299682 2.58695e-09 24 0.690482
3.09857 0.021537 1.78624e-09 72 0.718663
3.17907 0.0238001 1.82776e-09 24 0.77614
3.21856 0.0209111 1.5475e-09 96 0.805426
3.25758 0.0172206 1.22915e-09 48 0.835072
3.29613 0.0156495 1.07827e-09 24 0.865073
3.33423 0.0152557 1.01551e-09 24 0.895424
3.37191 0.0225036 1.44832e-09 72 0.926123
3.40917 0.0284778 1.77337e-09 48 0.957165
3.48249 0.0132423 7.7363e-10 8 1.02026
3.51858 0.0275252 1.55907e-09 54 1.05231
3.55431 0.0215944 1.18663e-09 84 1.08469
3.58967 0.0257454 1.37333e-09 48 1.11739
3.6247 0.028554 1.47942e-09 24 1.15042
3.65938 0.025043 1.26097e-09 72 1.18376
3.69374 0.0207191 1.0144e-09 96 1.21742
3.76152 0.0137598 6.3791e-10 48 1.28568
3.79496 0.0313549 1.41554e-09 48 1.32027
3.82811 0.0203149 8.93519e-10 24 1.35516
3.86096 0.0245726 1.05342e-09 72 1.39036
3.92586 0.0184172 7.51032e-10 72 1.46165
3.95791 0.0153581 6.11195e-10 96 1.49774
4.02124 0.01565 5.93848e-10 6 1.5708
4.05253 0.0150831 5.59178e-10 96 1.60776
4.08359 0.0106778 3.86898e-10 96 1.645
4.11441 0.00985419 3.49091e-10 24 1.68253
4.145 0.00720346 2.49579e-10 48 1.72034
4.17536 0.00827001 2.80325e-10 96 1.75842
4.20551 0.00581846 1.93015e-10 48 1.79679
4.26517 0.00853872 2.71534e-10 36 1.87434
4.29468 0.00371951 1.1586e-10 48 1.91353
4.324 0.00493378 1.50578e-10 120 1.95298
4.35312 0.00502158 1.50203e-10 56 1.9927
4.38204 0.00252821 7.41351e-11 24 2.03269
4.41078 0.00449858 1.29351e-10 96 2.07294
4.43933 0.00303742 8.56629e-11 48 2.11345
4.49588 0.00352179 9.56221e-11 24 2.19525
4.52389 0.014057 3.74624e-10 102 2.23654
4.55173 0.031534 8.25067e-10 48 2.27809
4.5794 0.0260796 6.70061e-10 72 2.31989
4.60691 0.00317757 8.01874e-11 48 2.36194
4.63425 0.0398783 9.88641e-10 48 2.40424
4.66143 0.0247704 6.03413e-10 120 2.4468
4.71532 0.00215516 5.07207e-11 24 2.53264
4.74204 0.010649 2.46409e-10 144 2.57594
4.7686 0.0110997 2.52567e-10 120 2.61947
4.79502 0.0346193 7.74794e-10 48 2.66325
4.84743 0.00223666 4.84513e-11 48 2.75153
4.87342 0.0135279 2.88383e-10 96 2.79603
4.92499 0.00211466 4.36782e-11 24 2.88574
4.95058 0.00637961 1.29738e-10 48 2.93094
4.97603 0.00486408 9.74074e-11 108 2.97638
5.00135 0.00275889 5.44142e-11 72 3.02206
5.02655 0.0644199 1.25156e-09 30 3.06796
5.05162 0.0416856 7.97874e-10 168 3.1141
5.07656 0.087937 1.65845e-09 48 3.16046
5.12609 0.0696756 1.27632e-09 72 3.25387
5.15068 0.124435 2.24693e-09 96 3.30091
5.17515 0.00332468 5.91864e-11 72 3.34818
5.1995 0.0018736 3.28876e-11 72 3.39567
5.22374 0.0872464 1.51023e-09 32 3.44338
5.24787 0.0520747 8.89031e-10 72 3.49132
5.27189 0.0257595 4.33789e-10 144 3.53948
5.34329 0.0503 8.13543e-10 96 3.68526
5.36688 0.00117043 1.86817e-11 96 3.73428
5.39037 0.00165701 2.61042e-11 48 3.78353
5.41376 0.0206316 3.2083e-10 72 3.83298
5.43704 0.0191388 2.93809e-10 120 3.88265
5.46023 0.0178205 2.70102e-10 72 3.93254
5.50631 0.044281 6.5445e-10 48 4.03294
5.5292 0.242443 3.53885e-09 78 4.08346
5.552 0.219231 3.16076e-09 120 4.13418
5.57471 0.235105 3.34837e-09 48 4.18512
5.61985 0.107169 1.48982e-09 144 4.28761
5.64229 0.143331 1.96886e-09 144 4.33916
5.68689 0.0021469 2.88023e-11 12 4.44288
5.70906 0.0740355 9.81716e-10 144 4.49505
5.73115 0.163143 2.13837e-09 48 4.54742
5.75315 0.106383 1.37846e-09 120 4.59999
5.77506 0.00222687 2.85275e-11 48 4.65276
5.7969 0.000852416 1.0797e-11 48 4.70573
5.81865 0.042317 5.30015e-10 168 4.75891
5.86191 0.00156544 1.91761e-11 48 4.86585
5.88342 0.0289438 3.50675e-10 96 4.91961
5.90486 0.0551198 6.60571e-10 96 4.97357
5.92621 0.0346775 4.11108e-10 72 5.02773
5.94749 0.0020131 2.36104e-11 48 5.08209
5.9687 0.0449343 5.2141e-10 96 5.13663
5.98982 0.000889215 1.02095e-11 48 5.19138
6.03186 1.28277 1.44223e-08 30 5.30144
6.05277 0.798617 8.88621e-09 96 5.35676
6.0736 0.575045 6.3329e-09 192 5.41227
6.09437 0.0284431 3.10049e-10 56 5.46797
6.11506 1.60789 1.73498e-08 24 5.52386
6.13568 0.234923 2.50944e-09 168 5.57994
6.15624 0.0136106 1.43936e-10 120 5.63621
6.19714 0.238567 2.4733e-09 72 5.7493
6.2175 0.0824421 8.46335e-10 144 5.80613
6.23778 0.319406 3.24707e-09 96 5.86315
6.258 0.00752788 7.57889e-11 96 5.92035
6.29825 0.245949 2.42899e-09 72 6.03531
6.31827 0.00427575 4.1827e-11 96 6.09306
6.35814 0.18512 1.77707e-09 24 6.20912
6.37797 0.0456961 4.34581e-10 192 6.26742
6.39775 0.0439671 4.14272e-10 108 6.3259
6.41747 0.00938072 8.7576e-11 24 6.38457
6.43712 0.0816649 7.5544e-10 96 6.44341
6.45672 0.00348614 3.19558e-11 96 6.50243
6.47625 0.00325854 2.95999e-11 120 6.56163
6.51515 0.00433002 3.86328e-11 48 6.68057
6.53451 1.01082 8.93873e-09 78 6.74031
6.55382 2.34112 2.05202e-08 144 6.80023
6.57306 2.89993 2.51956e-08 120 6.86032
6.59226 0.000858839 7.39689e-12 24 6.92058
6.61139 1.01302 8.64929e-09 168 6.98102
6.63047 1.36006 1.15123e-08 144 7.04164
6.66847 0.0360665 3.00099e-10 24 7.1634
6.68739 0.719844 5.93894e-09 48 7.22453
6.70625 0.335048 2.74099e-09 96 7.28584
6.72506 0.482934 3.91777e-09 120 7.34733
6.74382 0.00711258 5.72201e-11 72 7.40898
6.76253 0.0114266 9.1165e-11 120 7.47081
6.78118 0.198543 1.571e-09 144 7.53281
6.81834 0.00977529 7.6091e-11 48 7.65732
6.83684 0.0683165 5.2747e-10 192 7.71983
6.8553 0.0903836 6.9223e-10 144 7.7825
6.8737 0.114924 8.73128e-10 48 7.84535
6.91036 0.0348309 2.60437e-10 192 7.97155
6.92862 0.010512 7.79806e-11 48 8.0349
6.96499 0.000531448 3.88096e-12 8 8.1621
6.99816 0.0244568 1.76071e-10 288 8.27926
7.01919 0.0250362 1.78627e-10 96 8.35414
7.03717 13.9804 9.89841e-08 54 8.41849
7.0551 24.2747 1.70563e-07 120 8.483
7.07298 6.69252 4.66683e-08 120 8.54767
7.10861 4.19798 2.88354e-08 84 8.67751
7.12636 3.69647 2.52013e-08 144 8.74267
7.14407 0.0336052 2.2741e-10 72 8.80799
7.16173 0.0654962 4.39949e-10 96 8.87348
7.19106 1.04977 6.96553e-09 144 8.98295
7.21445 0.387681 2.54744e-09 240 9.07091
7.24939 0.0399916 2.59003e-10 24 9.20333
7.2668 0.137025 8.81068e-10 240 9.26978
7.28416 0.00998449 6.37422e-11 96 9.33639
7.31012 0.0865225 5.46506e-10 144 9.43656
7.33601 0.153445 9.58987e-10 96 9.53717
7.35321 0.178747 1.1093e-09 72 9.60441
7.38749 0.115586 7.07383e-10 96 9.73936
7.40457 0.00615328 3.73979e-11 96 9.80708
7.42916 0.0164547 9.90174e-11 216 9.90512
7.4725 0.0919652 5.43833e-10 192 10.0795
7.48939 0.227077 1.33375e-09 144 10.148
7.52305 0.00758866 4.39768e-11 48 10.2854
7.53982 14.2797 8.22009e-08 150 10.3544
7.55656 133.919 7.65792e-07 96 10.4235
7.57326 29.0909 1.65253e-07 120 10.4927
7.60179 3.32268 1.8663e-08 168 10.6118
7.62314 2.63635 1.46839e-08 240 10.7014
7.65621 0.11444 6.29179e-10 24 10.8413
7.68256 0.474632 2.58273e-09 360 10.9536
7.70555 2.20921 1.19142e-08 48 11.0523
7.72193 0.0537298 2.87924e-10 72 11.1229
7.74479 0.274822 1.4597e-09 240 11.222
7.81103 0.20789 1.07634e-09 276 11.5124
7.83561 0.310254 1.59125e-09 104 11.6214
7.85172 0.346836 1.76795e-09 72 11.6932
7.87519 0.287596 1.45291e-09 312 11.7984
7.91582 0.386169 1.92101e-09 96 11.9819
7.93971 0.13323 6.56793e-10 288 12.0908
7.96355 0.283557 1.38535e-09 168 12.2
7.99521 0.39231 1.89399e-09 48 12.3461
8.011 0.191323 9.1822e-10 192 12.4194
8.05769 15009.2 7.07888e-05 198 12.6378
8.07383 29.3153 1.37434e-07 96 12.7139
8.09726 4.04601 1.88041e-08 192 12.8249
8.12064 5.59758 2.57911e-08 216 12.9363
8.13618 0.180677 8.27717e-10 72 13.0107
8.16717 1.25208 5.67096e-09 96 13.16
8.19364 1.67722 7.52314e-09 336 13.2884
8.21345 0.0234819 1.04567e-10 48 13.385
8.24287 0.864739 3.80968e-09 288 13.5293
8.25946 0.302505 1.3247e-09 192 13.6112
8.29 0.835842 3.61994e-09 48 13.7627
8.30522 1.44453 6.22175e-09 96 13.8387
8.32731 0.429086 1.83346e-09 264 13.9494
8.35073 0.939604 3.98118e-09 96 14.0674
8.3764 0.519686 2.18177e-09 240 14.1975
8.42353 0.419412 1.73141e-09 288 14.4385
8.44101 0.465795 1.91096e-09 96 14.5286
8.45596 0.0821484 3.35235e-10 72 14.6059
8.49216 0.176784 7.12243e-10 336 14.7943
8.54127 486.641 1.927e-06 138 15.0525
8.5599 59.8932 2.35619e-07 240 15.1512
8.57955 37.0186 1.44633e-07 144 15.2558
8.61048 11.3814 4.39898e-08 384 15.4214
8.65698 1.68161 6.39538e-09 312 15.6725
8.67717 6.25142 2.36094e-08 72 15.7824
8.69499 3.53696 1.32758e-08 248 15.8799
8.72942 1.48969 5.52562e-09 240 16.0693
8.76409 0.785151 2.87788e-09 24 16.2615
8.77849 0.881631 3.21564e-09 192 16.3418
8.79618 1.13469 4.11373e-09 312 16.4408
8.83014 0.568905 2.03881e-09 240 16.6319
8.85015 0.303281 1.07953e-09 96 16.7453
8.87865 0.287942 1.01509e-09 48 16.9076
8.90372 2.49344 8.71612e-09 408 17.0512
8.92124 0.788098 2.7387e-09 144 17.152
8.94951 4.62964 1.59363e-08 120 17.3157
8.96362 1.82299 6.2456e-09 144 17.3977
9.00452 0.782654 2.64501e-09 264 17.6369
9.02681 0.807712 2.70952e-09 192 17.7682
9.04779 63.6309 2.11973e-07 102 17.8924
9.07025 34.4624 1.13954e-07 432 18.0259
9.10347 30.5103 9.97852e-08 48 18.2247
9.12079 9.96845 3.24168e-08 384 18.329
9.1519 6.94202 2.23456e-08 144 18.5172
9.18009 5.05932 1.61358e-08 264 18.6888
9.22295 3.36042 1.05688e-08 144 18.9518
9.24727 2.56954 8.0178e-09 324 19.1021
9.28041 5.48122 1.69206e-08 384 19.3082
9.29572 2.76544 8.49485e-09 216 19.4039
9.32887 2.71473 8.25047e-09 216 19.6123
9.35667 2.18723 6.58824e-09 240 19.7881
9.39037 2.86172 8.52744e-09 168 20.0027
9.40381 1.56145 4.63294e-09 240 20.0887
9.44254 0.518556 1.51974e-09 216 20.3379
9.46184 0.536965 1.56408e-09 288 20.4629
9.48939 1.02018 2.9458e-09 240 20.6422
9.51068 1.19673 3.43244e-09 72 20.7814
9.54398 4.22071 1.19794e-08 246 21.0005
9.56795 14.9813 4.22019e-08 320 21.1591
9.60101 10.467 2.91816e-08 288 21.3792
9.61635 33.7013 9.35094e-08 144 21.4818
9.65568 7.73732 2.12071e-08 288 21.7465
9.67622 7.98961 2.17595e-08 336 21.8855
9.70415 2.54847 6.88091e-09 168 22.0756
9.72088 2.84154 7.63266e-09 336 22.19
9.75547 1.18092 3.13846e-09 288 22.4277
9.77625 4.41565 1.16605e-08 264 22.5713
9.81143 2.30063 6.0102e-09 240 22.8159
9.8243 0.332595 8.65468e-10 96 22.9058
9.86024 0.906253 2.33253e-09 120 23.1581
9.88236 1.3995 3.57791e-09 408 23.3143
9.91926 0.816263 2.06363e-09 456 23.5765
9.95206 44.2291 1.10716e-07 108 23.8111
9.9705 41.4248 1.03121e-07 264 23.9437
9.99351 23.0004 5.68618e-08 264 24.1099
10.025 5.56924 1.36389e-08 312 24.3386
10.0643 14.4845 3.50588e-08 270 24.6255
10.0807 7.44686 1.79366e-08 240 24.7464
10.1103 7.29009 1.74055e-08 384 24.9648
10.1282 0.511357 1.21441e-09 192 25.098
10.1697 6.0955 1.42996e-08 432 25.4077
10.1904 2.347 5.47242e-09 144 25.563
10.2213 1.57619 3.64187e-09 480 25.7966
10.2604 4.30722 9.83885e-09 216 26.0935
10.2853 1.15018 2.60827e-09 312 26.284
10.3082 91.6144 2.06376e-07 216 26.4597
10.335 133.903 2.99293e-07 192 26.667
10.3681 13.3932 2.96499e-08 624 26.924
10.3941 0.398485 8.7556e-10 120 27.1273
10.4163 5.14827 1.12397e-08 336 27.3015
10.4574 1.87691 4.04963e-09 176 27.6254
10.4747 2.68993 5.77513e-09 384 27.7625
10.5085 1.70653 3.62856e-09 408 28.0323
10.5438 1.40638 2.96043e-09 144 28.3158
10.564 4.86944 1.01913e-08 486 28.4792
10.6035 8.6571 1.79169e-08 96 28.7998
10.6154 3.06973 6.33181e-09 384 28.897
10.6571 206.954 4.21882e-07 492 29.2389
10.6866 230.704 4.66422e-07 384 29.482
10.7102 26.3257 5.28721e-08 168 29.6779
10.7506 9.52391 1.8913e-08 504 30.0147
10.7714 12.2222 2.41312e-08 240 30.1893
10.7949 4.10759 8.0569e-09 456 30.3877
10.836 1.10573 2.14428e-09 264 30.736
10.8632 3.24245 6.24083e-09 384 30.9679
10.8921 1.30904 2.4995e-09 432 31.2162
10.9282 1.28033 2.42059e-09 216 31.527
10.9474 0.848383 1.5955e-09 360 31.6939
10.9817 1.08895 2.0288e-09 312 31.9924
11.0218 755.059 1.39144e-06 240 32.3442
11.0425 137.179 2.51376e-07 414 32.5268
11.0763 26.8968 4.88381e-08 552 32.8262
11.1116 10.9453 1.96852e-08 360 33.1412
11.1349 4.34436 7.76432e-09 432 33.3505
11.1687 4.87809 8.63943e-09 480 33.6546
11.2059 4.09282 7.17659e-09 288 33.9926
11.2302 1.52567 2.65792e-09 312 34.2137
11.2562 3.05595 5.28706e-09 360 34.4519
11.2995 1.33828 2.28882e-09 576 34.8511
11.3354 4.21296 7.13699e-09 464 35.1845
11.3515 1.32722 2.23881e-09 192 35.335
11.3899 2259.88 3.77365e-06 396 35.6946
11.4181 49.6798 8.23447e-08 432 35.9603
11.4446 31.5901 5.19978e-08 240 36.2115
11.4797 9.39192 1.53182e-08 624 36.5449
11.5178 2.94326 4.75293e-09 504 36.9103
11.5584 4.4402 7.09493e-09 198 37.3022
11.5777 3.57794 5.68868e-09 600 37.4888
11.6115 8.13282 1.28179e-08 384 37.8185
11.6469 6.93979 1.0838e-08 432 38.1659
11.6775 2.49815 3.87082e-09 336 38.4676
11.7053 4.0359 6.20911e-09 336 38.7429
11.7408 219.906 3.35259e-07 744 39.0965
11.7788 48.3105 7.29419e-08 624 39.4771
11.8151 17.5558 2.62635e-08 192 39.8426
11.837 9.29592 1.38295e-08 432 40.0652
11.8692 7.32666 1.08115e-08 504 40.3925
11.9071 12.4779 1.82374e-08 336 40.7812
11.9357 9.23778 1.34049e-08 456 41.0757
11.961 2.01866 2.91071e-09 408 41.3376
11.9967 4.01093 5.73189e-09 696 41.7088
12.0375 2.81979 3.98884e-09 384 42.1357
12.0797 271.646 3.80255e-07 330 42.5803
12.1079 211.386 2.93837e-07 624 42.8796
12.1368 47.5846 6.56742e-08 384 43.1869
12.1679 21.6337 2.96297e-08 728 43.5194
12.2048 29.1973 3.96266e-08 432 43.9174
12.2458 6.41735 8.62256e-09 696 44.3608
12.2726 13.8491 1.84865e-08 408 44.6527
12.3135 2.7652 3.65441e-09 456 45.1014
12.336 5.49588 7.22361e-09 408 45.3485
12.3706 3.48471 4.54183e-09 528 45.7315
12.4155 1.65176 2.12958e-09 576 46.231
12.4491 153.526 1.96338e-07 672 46.6077
12.4869 94.1181 1.19274e-07 384 47.0337
12.5204 40.9006 5.14175e-08 600 47.4132
12.5516 27.98 3.49135e-08 294 47.7677
12.5804 11.3615 1.40796e-08 600 48.098
12.6134 7.44019 9.14803e-09 768 48.4771
12.6565 5.62874 6.85028e-09 648 48.976
12.6923 5.86053 7.07223e-09 408 49.3924
12.7292 4.08642 4.88852e-09 552 49.8248
12.7636 68.7874 8.16253e-08 648 50.2301
12.8023 89.4977 1.05241e-07 348 50.688
12.8251 72.1493 8.43902e-08 744 50.9589
12.8679 26.9497 3.12082e-08 672 51.4713
12.9036 15.4332 1.77238e-08 456 51.9012
12.9334 4.19025 4.77909e-09 600 52.2607
12.9695 8.1898 9.26286e-09 744 52.6997
13.006 4.96141 5.56428e-09 288 53.1466
13.0495 24.0779 2.67351e-08 704 53.6806
13.081 62.8826 6.93184e-08 678 54.0708
13.1208 30.3954 3.3202e-08 648 54.5662
13.1596 53.7693 5.82159e-08 648 55.0519
13.1964 38.0165 4.08174e-08 696 55.5145
13.2284 15.9161 1.69651e-08 696 55.9191
13.2734 10.552 1.11335e-08 552 56.4915
13.3052 7.27773 7.62375e-09 840 56.8994
13.3506 207.99 2.15667e-07 600 57.4831
13.3849 61.4992 6.32802e-08 696 57.9271
13.4246 9.42199 9.60899e-09 672 58.4447
13.4567 9.39512 9.5133e-09 552 58.8642
13.5 9.90572 9.93407e-09 492 59.4345
13.5339 32.4529 3.23019e-08 840 59.8832
13.5717 24.0454 2.3734e-08 606 60.3866
13.6079 19.2328 1.88326e-08 936 60.8715
13.6493 404.585 3.9257e-07 528 61.4288
13.6785 60.4075 5.82397e-08 696 61.8233
13.7222 15.5415 1.4841e-08 648 62.4181
13.7547 8.4979 8.05746e-09 936 62.8628
13.799 5.42537 5.0948e-09 384 63.4721
13.8245 6.16899 5.76107e-09 864 63.825
13.8698 15.8389 1.46473e-08 768 64.4536
13.9077 22.9105 2.1014e-08 528 64.984
13.9468 349.944 3.18284e-07 776 65.5335
13.985 30.3923 2.7417e-08 960 66.0729
14.0235 6.78557 6.07098e-09 696 66.6204
14.0543 22.5075 2.00049e-08 582 67.0611
14.104 35.1232 3.08893e-08 1008 67.7746
14.1396 10.1806 8.88584e-09 408 68.2898
14.1747 8.79321 7.61804e-09 960 68.7993
14.2207 195.862 1.68045e-07 852 69.4712
14.2588 105.751 9.00072e-08 912 70.0305
14.3027 18.7336 1.57981e-08 1032 70.68
14.3334 16.6236 1.3929e-08 384 71.1354
14.3782 12.1896 1.01184e-08 864 71.8053
14.4126 11.5869 9.54944e-09 840 72.3219
14.4524 5.84954 4.78128e-09 912 72.9219
14.5014 130.735 1.05779e-07 792 73.6667
14.5381 123.909 9.94998e-08 744 74.2268
14.583 105.149 8.36577e-08 726 74.9171
14.6171 29.6066 2.33908e-08 984 75.4438
14.6557 25.3842 1.98969e-08 912 76.0429
14.6984 13.7296 1.06682e-08 1104 76.7092
14.7399 11.2328 8.65459e-09 744 77.3612
14.79 124.001 9.45712e-08 968 78.1531
14.8189 154.774 1.17352e-07 672 78.6116
14.8602 52.0922 3.91684e-08 984 79.2714
14.9075 19.3416 1.44051e-08 840 80.0305
14.945 14.505 1.07219e-08 1092 80.6357
14.993 11.4009 8.34673e-09 840 81.415
15.0265 9.00722 6.55025e-09 720 81.9621
15.0728 147.682 1.06412e-07 1110 82.7214
15.1154 207.905 1.48541e-07 1056 83.4253
15.1542 34.5718 2.45112e-08 888 84.0693
15.1982 23.8551 1.67667e-08 936 84.8037
15.2384 15.4242 1.07553e-08 912 85.479
15.2828 19.9929 1.382e-08 1104 86.2279
15.3261 22.8718 1.56764e-08 912 86.963
15.3668 60.9675 4.14557e-08 1104 87.6584
15.413 52.2273 3.51945e-08 1128 88.4511
15.4559 31.3398 2.09438e-08 768 89.1909
15.4907 12.9203 8.57633e-09 888 89.7945
15.5324 52.4081 3.45079e-08 1224 90.5232
15.5906 363.121 2.3643e-07 750 91.5437
15.6187 67.2918 4.35781e-08 1092 92.0395
15.6685 51.8649 3.32686e-08 1472 92.922
15.7176 33.372 2.12063e-08 792 93.7986
15.755 65.3877 4.12554e-08 1080 94.4704
15.7999 33.5283 2.09743e-08 1584 95.2806
15.8457 17.3022 1.07301e-08 624 96.1121
15.8875 15.3517 9.44553e-09 1248 96.8745
15.9288 6.60846 4.03451e-09 888 97.6315
15.9759 132.697 8.02984e-08 912 98.4994
16.0166 48.6498 2.92153e-08 1368 99.2546
16.0594 32.9537 1.96316e-08 960 100.053
16.1064 215.279 1.27128e-07 1542 100.934
16.1587 33.7489 1.97369e-08 1152 101.921
16.2027 135.585 7.86485e-08 1008 102.755
16.2458 50.5342 2.90807e-08 1248 103.576
16.2838 41.9871 2.39931e-08 1056 104.306
16.329 29.442 1.6685e-08 1188 105.177
16.3776 12.0038 6.74225e-09 1152 106.119
16.4263 139.624 7.77284e-08 1560 107.068
16.4754 44.2691 2.44248e-08 1128 108.031
16.5151 25.3467 1.38841e-08 1152 108.814
16.5586 35.8588 1.9488e-08 920 109.675
16.6046 314.749 1.69635e-07 1470 110.593
16.6539 252.855 1.35072e-07 1200 111.58
16.7007 60.5132 3.20543e-08 1440 112.524
16.7407 30.2688 1.59189e-08 1224 113.334
16.7902 13.3904 6.98023e-09 1296 114.342
16.8432 104.932 5.41849e-08 1560 115.428
16.8896 243.979 1.24949e-07 1272 116.386
16.9285 49.2506 2.50493e-08 1080 117.192
16.975 22.1821 1.11896e-08 1368 118.159
17.0245 39.6476 1.98261e-08 1248 119.195
17.0763 156.654 7.76249e-08 1194 120.288
17.1189 343.036 1.68715e-07 1752 121.19
17.1714 90.732 4.42166e-08 1392 122.308
17.2134 36.0383 1.74343e-08 1440 123.208
17.266 51.743 2.48035e-08 1488 124.342
17.3158 459.735 2.18485e-07 1248 125.42
17.3578 152.609 7.20008e-08 1512 126.335
17.4059 49.6497 2.3231e-08 1112 127.388
17.4584 71.5787 3.31903e-08 1848 128.544
17.5012 44.8907 2.06631e-08 1224 129.491
17.5513 561.25 2.56133e-07 1536 130.609
17.6038 169.028 7.64498e-08 1638 131.784
17.652 162.409 7.28567e-08 1392 132.868
17.7 55.4875 2.46898e-08 1632 133.955
17.756 371.307 1.63658e-07 1452 135.231
17.7986 177.786 7.77998e-08 1680 136.207
17.8449 125.521 5.45021e-08 1320 137.273
17.893 98.2197 4.23045e-08 1752 138.386
17.9488 29.8437 1.27346e-08 1776 139.685
18.0029 685.737 2.89981e-07 1104 140.951
18.0415 153.032 6.42994e-08 1728 141.859
18.0953 182.068 7.58184e-08 1446 143.133
18.1443 73.2098 3.02406e-08 1920 144.298
18.201 318.385 1.30288e-07 1896 145.656
18.2474 317.493 1.28936e-07 1176 146.771
18.2919 186.383 7.51391e-08 1856 147.849
18.3431 56.644 2.26452e-08 1896 149.093
18.3976 29.4599 1.16731e-08 1464 150.426
18.4552 515.028 2.02169e-07 1968 151.843
18.5038 338.975 1.32016e-07 1548 153.046
18.5557 64.9992 2.51026e-08 1944 154.337
18.6063 59.2538 2.26973e-08 1470 155.604
18.6575 475.735 1.80737e-07 1920 156.891
18.7093 304.198 1.1461e-07 2184 158.203
18.7648 79.7631 2.97857e-08 1464 159.615
18.809 40.1395 1.48838e-08 1608 160.745
18.8624 229.169 8.42565e-08 1944 162.119
18.9166 507.318 1.84924e-07 1872 163.519
18.9683 83.1314 3.00553e-08 2256 164.863
19.021 38.4279 1.37779e-08 1632 166.243
19.0776 214.828 7.63414e-08 1542 167.73
19.1277 453.51 1.59896e-07 2216 169.055
19.1825 124.656 4.35751e-08 2052 170.511
19.2349 60.566 2.09992e-08 1680 171.912
19.2854 278.434 9.57808e-08 2280 173.27
19.3414 297.156 1.01335e-07 1968 174.785
19.3966 135.436 4.57929e-08 2016 176.286
19.4477 42.6847 1.43188e-08 1968 177.682
19.5069 349.6 1.1621e-07 1920 179.312
19.5637 288.68 9.51273e-08 2400 180.88
19.6219 134.867 4.40478e-08 1974 182.499
19.6656 60.9113 1.97612e-08 1944 183.724
19.7215 508.018 1.63417e-07 1920 185.294
19.7735 162.032 5.17123e-08 2280 186.762
19.826 144.671 4.58054e-08 1968 188.255
19.8834 189.198 5.93864e-08 2220 189.894
19.9402 260.762 8.11512e-08 2352 191.527
19.9979 130.586 4.02884e-08 1968 193.195
20.0514 109.186 3.34175e-08 2504 194.749
20.1114 405.687 1.23057e-07 2118 196.502
20.1661 148.878 4.47924e-08 2352 198.11
20.2215 108.358 3.23342e-08 2136 199.747
20.2758 188.066 5.56691e-08 2112 201.361
20.3301 345.698 1.01512e-07 2472 202.983
20.3859 141.221 4.1129e-08 2376 204.658
20.4424 89.8001 2.59371e-08 2304 206.365
20.5033 214.84 6.15009e-08 2448 208.216
20.5597 318.681 9.04788e-08 2280 209.937
20.6226 167.629 4.71584e-08 2466 211.87
20.6734 135.752 3.79099e-08 2256 213.439
20.7288 364.787 1.01054e-07 2472 215.161
20.7863 159.045 4.36948e-08 2856 216.956
20.844 71.6709 1.95272e-08 2112 218.768
20.9062 140.157 3.78468e-08 2720 220.732
20.9635 402.713 1.07855e-07 2136 222.553
21.0141 156.734 4.16744e-08 2736 224.168
21.0763 82.802 2.18222e-08 2376 226.163
21.1384 232.825 6.08206e-08 3126 228.17
21.2027 164.686 4.26309e-08 2568 230.257
21.2496 66.9759 1.72228e-08 2112 231.79
21.3097 166.87 4.25489e-08 2748 233.76
21.3717 307.896 7.78263e-08 2928 235.808
21.4282 127.318 3.19281e-08 2640 237.682
21.4925 110.729 2.75194e-08 2856 239.83
21.5495 176.145 4.34308e-08 2352 241.742
21.6105 197.878 4.83775e-08 2910 243.8
21.6685 270.688 6.56483e-08 2784 245.769
21.731 221.177 5.31791e-08 2952 247.902
21.7905 242.149 5.77456e-08 2696 249.944
21.8483 121.95 2.88515e-08 3264 251.938
21.9108 67.2852 1.57829e-08 2472 254.105
21.9713 232.519 5.40917e-08 3024 256.217
22.0383 301.148 6.94204e-08 2964 258.567
22.0973 204.075 4.66672e-08 2910 260.65
22.1561 251.137 5.69734e-08 2880 262.736
22.2134 132.955 2.99295e-08 3216 264.78
22.2831 181.029 4.03702e-08 3096 267.281
22.3394 127.05 2.81189e-08 2880 269.312
22.4021 413.453 9.07399e-08 2904 271.586
22.465 252.815 5.50204e-08 3504 273.879
22.5286 124.579 2.68832e-08 3168 276.212
22.5974 202.561 4.3313e-08 3054 278.751
22.6529 325.968 6.91902e-08 3032 280.809
22.7152 130.782 2.7532e-08 3000 283.134
22.7794 508.532 1.06153e-07 3780 285.539
22.8468 179.016 3.70384e-08 3504 288.084
22.9105 152.594 3.13093e-08 2904 290.498
22.9708 235.624 4.79658e-08 3336 292.798
23.0336 146.683 2.96164e-08 3144 295.208
23.0969 439.408 8.79923e-08 3414 297.648
23.1662 404.383 8.02541e-08 3552 300.335
23.2215 233.349 4.59803e-08 2928 302.492
23.2818 241.996 4.73148e-08 3840 304.853
23.3508 236.745 4.58789e-08 3312 307.573
23.4144 159.216 3.0604e-08 3432 310.09
23.4796 578.006 1.10179e-07 3596 312.69
23.5507 234.563 4.43082e-08 4224 315.54
23.6216 392.12 7.34054e-08 3294 318.398
23.6816 370.623 6.88557e-08 3792 320.828
23.7459 173.786 3.20248e-08 3528 323.451
23.8201 523.442 9.55603e-08 3984 326.491
23.8821 282.861 5.12383e-08 3768 329.048
23.9469 298.182 5.3576e-08 3672 331.734
24.0113 351.9 6.2721e-08 3384 334.415
24.0749 141.913 2.50938e-08 3648 337.082
24.145 620.643 1.08793e-07 4098 340.033
24.211 371.11 6.4521e-08 4008 342.832
24.2803 349.007 6.01602e-08 4032 345.784
24.3436 375.205 6.4173e-08 3800 348.494
24.4106 229.577 3.89434e-08 3816 351.378
24.4813 390.45 6.56605e-08 4248 354.439
24.548 417.832 6.96933e-08 3720 357.347
24.616 421.85 6.97826e-08 4254 360.322
24.6841 470.962 7.72636e-08 4224 363.321
24.7539 200.91 3.26821e-08 4368 366.413
24.8247 581.29 9.37522e-08 4104 369.566
24.8945 345.033 5.51814e-08 4500 372.69
24.9619 532.091 8.44097e-08 3480 375.728
25.03 356.588 5.61077e-08 5328 378.813
25.1021 320.235 4.99547e-08 3342 382.096
25.1673 601.79 9.3148e-08 4800 385.081
25.2417 309.803 4.753e-08 4184 388.506
25.3083 601.3 9.1525e-08 5064 391.59
25.3801 274.926 4.14929e-08 4032 394.932
25.4501 438.883 6.56935e-08 4632 398.205
25.522 343.816 5.10298e-08 4680 401.59
25.5928 488.555 7.19121e-08 3924 404.941
25.6619 557.272 8.13657e-08 5166 408.231
25.7329 355.182 5.14309e-08 4800 411.629
25.8063 539.258 7.74208e-08 4560 415.163
25.8751 268.44 3.82333e-08 4584 418.491
25.947 552.39 7.80237e-08 4848 421.987
26.0156 317.014 4.4424e-08 4560 425.344
26.0959 563.598 7.82512e-08 5600 429.297
26.1678 463.889 6.38778e-08 4686 432.857
26.2409 540.154 7.37599e-08 5016 436.494
26.3159 326.966 4.42679e-08 4956 440.244
26.3821 553.446 7.43685e-08 4872 443.574
26.458 416.908 5.55405e-08 5376 447.415
26.5341 498.544 6.58463e-08 5088 451.286
26.6057 342.572 4.48817e-08 4710 454.948
26.6772 595.45 7.73866e-08 4848 458.627
26.7491 473.304 6.10175e-08 5976 462.345
26.825 412.003 5.2665e-08 5208 466.292
26.9003 467.943 5.93146e-08 5352 470.232
26.975 474.292 5.96212e-08 4820 474.16
27.0465 572.697 7.14222e-08 5760 477.938
27.1221 381.967 4.72382e-08 5166 481.962
27.1993 504.232 6.18299e-08 6168 486.084
27.2764 510.005 6.20091e-08 5136 490.23
27.3523 479.596 5.78272e-08 6240 494.337
27.4326 469.813 5.61515e-08 5568 498.705
27.507 489.936 5.80831e-08 5712 502.77
27.5818 583.855 6.86561e-08 5520 506.881
27.6605 553.976 6.45878e-08 5670 511.235
27.7351 469.145 5.42573e-08 6036 515.381
27.8136 494.779 5.67388e-08 6264 519.77
27.8936 583.126 6.62965e-08 5912 524.266
27.967 493.211 5.56333e-08 5736 528.419
28.0414 521.393 5.83456e-08 5400 532.644
28.1205 460.647 5.11137e-08 6342 537.17
28.2012 670.235 7.37332e-08 7032 541.806
28.2802 422.86 4.61308e-08 5448 546.369
28.3553 563.791 6.10173e-08 6528 550.738
28.4381 480.407 5.15403e-08 6468 555.575
28.5189 609.405 6.48261e-08 6528 560.32
28.5929 513.721 5.4224e-08 5568 564.698
28.6695 576.897 6.04057e-08 6798 569.246
28.7556 679.246 7.04853e-08 6560 574.393
28.8326 474.914 4.88883e-08 6888 579.015
28.9133 609.83 6.22522e-08 6624 583.894
28.9929 598.312 6.05752e-08 6288 588.726
29.0725 560.136 5.6245e-08 6960 593.594
29.1573 682.672 6.7953e-08 6570 598.802
29.2314 420.358 4.15251e-08 6600 603.378
29.315 701.122 6.86694e-08 7776 608.57
29.4037 596.682 5.79132e-08 7248 614.109
29.4863 514.032 4.94733e-08 6672 619.297
29.5638 685.103 6.54209e-08 6704 624.194
29.6425 544.203 5.15535e-08 6942 629.192
29.7261 771.936 7.25114e-08 7656 634.535
29.8087 557.479 5.19325e-08 7128 639.837
29.8956 636.804 5.88062e-08 7908 645.45
29.977 680.802 6.23586e-08 6648 650.735
30.0528 488 4.43613e-08 7320 655.686
30.1423 731.442 6.59007e-08 7638 661.561
30.2243 682.573 6.09986e-08 7416 666.975
30.3042 537.298 4.76372e-08 7752 672.278
30.3935 703.449 6.18204e-08 8448 678.237
30.4801 693.988 6.047e-08 7280 684.056
30.5639 611.713 5.28643e-08 7668 689.707
30.6478 731.485 6.26968e-08 8094 695.409
30.7311 656.635 5.58249e-08 7656 701.094
30.8164 685.514 5.77977e-08 8160 706.945
30.9021 699.385 5.84777e-08 8472 712.863
30.9914 612.929 5.08072e-08 7896 719.06
31.0735 751.422 6.17947e-08 8088 724.791
31.1605 742.649 6.05634e-08 8286 730.892
31.2495 693.087 5.60401e-08 8676 737.172
31.3345 806.158 6.46532e-08 8120 743.208
31.4202 695.832 5.53497e-08 9024 749.323
31.5091 689.229 5.43618e-08 8160 755.701
31.5932 719.12 5.62676e-08 7944 761.768
31.6802 866.706 6.72586e-08 8982 768.076
31.7688 693.091 5.33366e-08 9528 774.541
31.8602 775.233 5.91463e-08 8832 781.241
31.9516 786.706 5.95081e-08 8916 787.982
32.039 768.841 5.76818e-08 9240 794.471
32.1273 761.844 5.66871e-08 8496 801.054
32.2155 877.372 6.47486e-08 9422 807.669
32.303 726.779 5.32001e-08 8976 814.273
32.3931 835.076 6.06189e-08 9432 821.104
32.4832 805.442 5.79828e-08 9864 827.97
32.5757 854.339 6.09802e-08 9024 835.068
32.6663 884.139 6.25835e-08 9762 842.056
32.7552 854.137 5.99688e-08 9264 848.95
32.8445 825.295 5.74728e-08 10056 855.908
32.9357 865.08 5.97442e-08 9936 863.059
33.0325 877.683 6.0083e-08 9624 870.695
33.1183 867.841 5.89487e-08 9752 877.498
33.2122 923.295 6.21854e-08 10446 884.978
33.3054 937.604 6.26205e-08 10056 892.448
33.3956 907.593 6.01261e-08 9876 899.722
33.491 910.768 5.98223e-08 11160 907.454
33.5844 869.757 5.66532e-08 10128 915.069
33.6785 958.833 6.19331e-08 9726 922.784
33.7682 1044.68 6.6942e-08 11112 930.175
33.8643 881.334 5.59957e-08 10776 938.136
33.9552 846.044 5.3323e-08 10232 945.711
34.0498 924.567 5.77875e-08 11184 953.639
34.1497 1105.61 6.84984e-08 11058 962.058
34.2449 1033 6.34675e-08 11472 970.123
34.3371 876.722 5.34332e-08 10464 977.982
34.4285 1018.59 6.15861e-08 10584 985.815
34.5273 1019.43 6.11092e-08 12504 994.328
34.6247 1056.68 6.28094e-08 10560 1002.76
34.7179 991.636 5.84697e-08 11694 1010.88
34.8164 1052.71 6.15455e-08 11420 1019.51
34.9125 1101.57 6.38716e-08 12504 1027.98
35.0084 935.985 5.38261e-08 10800 1036.47
35.1074 1112.42 6.34325e-08 12456 1045.29
35.2074 1111.38 6.28348e-08 12030 1054.24
35.3017 1136.8 6.37587e-08 11232 1062.74
35.397 1042.07 5.79748e-08 13176 1071.37
35.4985 1029.91 5.6808e-08 11196 1080.62
35.593 1152.52 6.30661e-08 12720 1089.27
35.6922 1101.27 5.976e-08 11918 1098.4
35.7902 1163.37 6.26129e-08 13392 1107.48
35.8939 1127.75 6.01717e-08 12600 1117.13
35.9941 1269.46 6.71679e-08 13200 1126.51
36.095 1063.69 5.58101e-08 12864 1136.01
36.1944 1212.3 6.30848e-08 12270 1145.42
36.2935 1215.02 6.27099e-08 13668 1154.85
36.3944 1139 5.82992e-08 13200 1164.51
36.4956 1149.19 5.83326e-08 13416 1174.25
36.5974 1146.27 5.77003e-08 12992 1184.1
36.6991 1267.9 6.32931e-08 13806 1194.01
36.7995 1148.57 5.68688e-08 13800 1203.83
36.901 1217.18 5.97699e-08 13056 1213.82
37.0014 1171.45 5.70572e-08 14364 1223.75
37.1043 1301.03 6.28429e-08 13248 1233.99
37.2078 1219.06 5.83931e-08 15054 1244.35
37.3141 1301.04 6.17889e-08 13680 1255.04
37.4145 1226.7 5.77905e-08 15152 1265.21
37.5223 1231.69 5.75271e-08 14376 1276.17
37.6238 1223.06 5.66627e-08 13932 1286.56
37.7292 1304.03 5.9909e-08 14910 1297.4
37.833 1305.52 5.94854e-08 15648 1308.14
37.937 1238.13 5.59523e-08 13680 1318.95
38.0425 1355.77 6.07597e-08 15816 1329.99
38.1491 1251.29 5.56093e-08 15030 1341.2
38.253 1415.97 6.2416e-08 15104 1352.19
38.3629 1324 5.7862e-08 16548 1363.87
38.4701 1321.01 5.725e-08 15360 1375.34
38.5768 1316.72 5.65919e-08 15768 1386.81
38.6815 1414.74 6.03123e-08 14622 1398.14
38.7893 1426.11 6.02917e-08 17568 1409.86
38.9018 1351.2 5.66304e-08 16368 1422.16
39.0083 1423.95 5.91921e-08 15960 1433.88
39.1164 1358.5 5.60044e-08 15732 1445.83
39.2236 1504.06 6.14983e-08 17006 1457.75
39.332 1410.81 5.72095e-08 16680 1469.87
39.4453 1516.66 6.09736e-08 17712 1482.61
39.5528 1425.97 5.68617e-08 15576 1494.76
39.6569 1513.97 5.98964e-08 16974 1506.6
39.7703 1559.21 6.11602e-08 17436 1519.56
39.8799 1534.51 5.9696e-08 17952 1532.16
39.9925 1504.21 5.80247e-08 17448 1545.17
40.1016 1595.98 6.10635e-08 17336 1557.85
40.2155 1600.24 6.07078e-08 17958 1571.16
40.3272 1569.27 5.90393e-08 19056 1584.29
40.441 1556.74 5.80752e-08 17304 1597.74
40.5506 1554.25 5.75132e-08 18276 1610.77
40.6624 1675.59 6.14934e-08 17838 1624.13
40.7728 1639.7 5.96886e-08 18984 1637.39
40.8917 1666.54 6.01385e-08 19616 1651.75
41.0031 1639.8 5.86923e-08 18168 1665.29
41.1166 1643.82 5.83502e-08 19320 1679.16
41.2339 1775.43 6.24855e-08 19170 1693.57
41.3443 1655.81 5.78102e-08 19008 1707.21
41.4599 1757.33 6.08427e-08 20472 1721.57
41.5775 1757.6 6.03368e-08 19128 1736.27
41.6919 1780.51 6.06221e-08 19998 1750.63
41.807 1762.77 5.95234e-08 19808 1765.17
41.9229 1745 5.84364e-08 20724 1779.89
42.0406 1767.69 5.87001e-08 19896 1794.93
42.1535 1867.74 6.15253e-08 20304 1809.43
42.2743 1889.91 6.17239e-08 21030 1825.02
42.3896 1832.41 5.93589e-08 21168 1840
42.5074 1809.2 5.81209e-08 20736 1855.39
42.6266 1866.6 5.94635e-08 21356 1871.03
42.7476 1942.07 6.13435e-08 22206 1887.02
42.8656 1860.32 5.82776e-08 21360 1902.69
42.9842 1909.97 5.93391e-08 21456 1918.52
43.1015 1929.82 5.94676e-08 21648 1934.27
43.2214 1957.72 5.98263e-08 22326 1950.46
43.3419 1936 5.86706e-08 22212 1966.82
43.4591 2063.09 6.20179e-08 22128 1982.81
43.5787 1959.14 5.84094e-08 22640 1999.23
43.702 2006.12 5.93054e-08 23022 2016.25
43.8256 2051.6 6.01379e-08 24168 2033.41
43.9456 2034.14 5.91389e-08 22416 2050.16
44.069 2045.2 5.89625e-08 23700 2067.47
44.1919 2106.29 6.02184e-08 24222 2084.82
44.3139 2149.07 6.09357e-08 22776 2102.13
44.4338 2094.22 5.89009e-08 24296 2119.24
44.5585 2098.32 5.85219e-08 24648 2137.14
44.6804 2159.77 5.97443e-08 22926 2154.72
44.8026 2199.9 6.03577e-08 25476 2172.45
44.9299 2130.79 5.79661e-08 25608 2191.02
45.0543 2166.85 5.84603e-08 24576 2209.27
45.1805 2166.54 5.79635e-08 25134 2227.89
45.3051 2252.5 5.97675e-08 25928 2246.37
45.4322 2248.15 5.91528e-08 26136 2265.33
45.5594 2277.46 5.94234e-08 25644 2284.41
45.684 2327.8 6.02411e-08 25926 2303.2
45.8119 2348.59 6.02715e-08 26232 2322.6
45.9378 2312.55 5.88601e-08 27216 2341.81
46.0667 2325.2 5.86865e-08 26736 2361.58
46.1982 2429.68 6.08014e-08 27698 2381.85
46.3248 2425.09 6.01905e-08 26640 2401.49
46.4497 2451.66 6.03602e-08 26880 2420.97
46.5822 2429.65 5.93093e-08 29160 2441.75
46.7132 2508.9 6.07301e-08 27318 2462.4
46.8402 2423.37 5.81837e-08 27984 2482.55
46.9703 2470.55 5.88249e-08 28364 2503.29
47.0985 2493.07 5.88781e-08 28464 2523.83
47.2319 2584.83 6.05293e-08 28974 2545.34
47.3611 2536.62 5.89156e-08 28920 2566.28
47.4908 2565.2 5.90923e-08 29640 2587.44
47.6245 2615.48 5.9745e-08 28884 2609.34
47.7555 2671.6 6.0526e-08 30558 2630.93
47.8909 2616.72 5.87811e-08 30776 2653.38
48.0219 2688.22 5.98945e-08 29040 2675.21
48.1534 2734.77 6.04339e-08 30984 2697.25
48.289 2754.33 6.03547e-08 30930 2720.1
48.4252 2761.01 5.9992e-08 32712 2743.19
48.5604 2732.31 5.88738e-08 30528 2766.23
48.6924 2777.8 5.93687e-08 30326 2788.84
48.8276 2845.74 6.03168e-08 33624 2812.14
48.9655 2860.05 6.01096e-08 31824 2836.02
49.0996 2830.09 5.8994e-08 31860 2859.39
49.2378 2914.61 6.02453e-08 33942 2883.61
49.3741 2925.53 5.99719e-08 31848 2907.62
49.5082 2922.41 5.94222e-08 33624 2931.38
49.6475 2971.13 5.99058e-08 33512 2956.19
49.7851 3035.17 6.06909e-08 33594 2980.84
49.9236 2985.39 5.92001e-08 34944 3005.79
50.0623 3041.96 5.98219e-08 33624 3030.91
50.2003 3083.41 6.01384e-08 34710 3056.04
50.3385 3108.77 6.01351e-08 34704 3081.35
50.4781 3093.87 5.93517e-08 35468 3107.06
50.6192 3192.06 6.07246e-08 36096 3133.19
50.7626 3203.4 6.04253e-08 35958 3159.89
50.903 3123.93 5.84401e-08 36576 3186.19
51.0437 3192.84 5.92365e-08 35976 3212.68
51.1847 3196.42 5.88143e-08 36396 3239.37
51.3277 3294.59 6.01154e-08 38030 3266.6
51.4685 3276.35 5.92935e-08 35784 3293.55
51.6102 3320.43 5.95972e-08 38712 3320.84
51.7563 3422.62 6.09126e-08 38310 3349.12
51.8999 3390.39 5.98398e-08 37596 3377.06
52.0406 3358.78 5.88025e-08 39000 3404.6
52.1873 3463.37 6.01234e-08 38552 3433.48
52.3328 3521.6 6.06258e-08 40206 3462.28
52.4775 3500.02 5.97574e-08 39072 3491.07
52.6254 3561.26 6.02918e-08 41340 3520.67
52.7728 3552.58 5.96422e-08 39342 3550.34
52.9159 3562.25 5.93206e-08 40176 3579.3
53.063 3618.66 5.97604e-08 41768 3609.23
53.21 3601.89 5.89915e-08 40206 3639.33
53.3579 3659.83 5.94435e-08 42300 3669.75
53.5058 3687.16 5.9392e-08 42360 3700.36
53.6529 3733.43 5.9644e-08 40488 3730.96
53.8016 3777.11 5.98431e-08 44406 3762.06
53.9538 3799.24 5.96857e-08 43076 3794.08
54.1012 3825.32 5.96056e-08 42600 3825.26
54.2539 3898.33 6.02316e-08 45486 3857.75
54.4068 3895.25 5.9678e-08 43848 3890.46
54.554 3892.83 5.91594e-08 43248 3922.12
54.7042 3969.36 5.9827e-08 44988 3954.6
54.8585 4005.93 5.98701e-08 46454 3988.16
55.0108 3959.85 5.86914e-08 44928 4021.46
55.1648 4062.81 5.97145e-08 47256 4055.34
55.3178 4086.16 5.95609e-08 45126 4089.16
55.4713 4174.03 6.03379e-08 48084 4123.31
55.6247 4157.35 5.96011e-08 46320 4157.6
55.7806 4244.51 6.03416e-08 47894 4192.67
55.9325 4262.2 6.01008e-08 47160 4227.02
56.0862 4309.59 6.02709e-08 48228 4261.95
56.246 4332.7 6.00792e-08 50598 4298.48
56.4009 4400.94 6.05239e-08 47328 4334.1
56.556 4326.62 5.90136e-08 50696 4369.95
56.7134 4444.6 6.01195e-08 49344 4406.53
56.8734 4466.28 5.99044e-08 51570 4443.93
57.0306 4471.01 5.94733e-08 50832 4480.89
57.1888 4559.18 6.01442e-08 50424 4518.28
57.3474 4626.08 6.05218e-08 52686 4555.98
57.5064 4640.72 6.02109e-08 51092 4593.99
57.6651 4679.17 6.021e-08 53376 4632.12
57.8263 4651.98 5.93609e-08 52374 4671.08
57.9846 4724.02 5.9788e-08 52848 4709.53
58.1458 4695.35 5.89321e-08 55488 4748.93
58.3113 4867.16 6.05701e-08 54098 4789.58
58.4692 4887.1 6.03266e-08 53688 4828.61
58.6308 4894.38 5.99184e-08 55296 4868.76
58.7939 4913.41 5.96522e-08 56358 4909.5
58.9603 4917.06 5.91923e-08 57468 4951.31
59.1239 5057.72 6.03815e-08 56000 4992.64
59.2895 5025.5 5.94958e-08 57774 5034.69
59.4537 5108.94 5.99838e-08 57648 5076.65
59.6174 5142.2 5.98783e-08 57480 5118.7
59.7831 5236.25 6.04677e-08 58122 5161.51
59.9471 5243.32 6.0054e-08 59208 5204.08
60.1145 5325.86 6.04911e-08 60032 5247.81
60.2829 5331 6.00433e-08 60366 5292.05
60.4503 5352.86 5.97902e-08 60444 5336.25
60.6167 5410.51 5.99379e-08 60912 5380.43
60.786 5487.93 6.02891e-08 61422 5425.63
60.9547 5522.76 6.01691e-08 63032 5470.95
61.1246 5607.31 6.05824e-08 62052 5516.82
61.2949 5539.02 5.93472e-08 64038 5563.05
61.4635 5667.04 6.02205e-08 61632 5609.09
61.6312 5675.91 5.98236e-08 64896 5655.13
61.8052 5768.81 6.02909e-08 64874 5703.15
61.974 5757.25 5.96795e-08 64200 5750.02
62.1478 5811.18 5.97346e-08 68016 5798.54
62.3225 5891.33 6.00507e-08 65694 5847.57
62.4947 5936.81 6.00155e-08 67212 5896.17
62.6679 5994.31 6.00958e-08 67088 5945.32
62.8408 6032.63 5.9982e-08 67182 5994.68
63.0147 6052.72 5.96851e-08 69768 6044.56
63.1896 6053.86 5.92019e-08 67524 6095.04
63.3643 6201.89 6.01491e-08 70758 6145.75
63.5397 6201.21 5.9646e-08 69488 6196.91
63.7157 6340.4 6.04808e-08 71640 6248.55
63.895 6380.7 6.03541e-08 72042 6301.47
64.073 6410.19 6.01293e-08 72960 6354.27
64.2495 6458.12 6.00809e-08 70416 6406.93
64.4294 6518.96 6.01403e-08 76790 6460.9
64.6097 6526.28 5.97054e-08 72348 6515.27
64.7874 6586.79 5.97644e-08 74094 6569.18
64.966 6722.47 6.04937e-08 74976 6623.68
65.1456 6724.11 6.00093e-08 76200 6678.77
65.3291 6784.82 6.00425e-08 77114 6735.34
65.5098 6804.82 5.97225e-08 76872 6791.39
65.6917 6919.32 6.02243e-08 77784 6848.13
65.8753 7013.97 6.05392e-08 78654 6905.69
66.0578 6982.92 5.97731e-08 79380 6963.25
66.2409 7062.25 5.99521e-08 79256 7021.32
66.4249 7180.57 6.04514e-08 80094 7079.99
66.6071 7182.02 5.99686e-08 80760 7138.43
66.7946 7292.76 6.03819e-08 83034 7198.88
66.9809 7355.63 6.03956e-08 82664 7259.29
67.1658 7401.91 6.02754e-08 81864 7319.54
67.3508 7476.44 6.03819e-08 83334 7380.2
67.5384 7477.41 5.98878e-08 85980 7442.06
67.726 7509.66 5.96477e-08 84144 7504.24
67.9148 7658.85 6.03268e-08 86486 7567.17
68.1019 7696.12 6.0122e-08 86016 7629.89
68.2924 7774.33 6.02261e-08 88290 7694.1
68.4818 7870.44 6.04664e-08 87672 7758.27
68.6708 7925.83 6.03903e-08 88608 7822.71
68.8613 7943.09 6.00211e-08 88682 7887.97
69.0517 8076.57 6.05261e-08 91200 7953.6
69.2463 8128.32 6.04018e-08 92568 8021.04
69.4391 8206.9 6.04793e-08 91014 8088.21
69.6314 8217.83 6.00596e-08 92828 8155.58
69.8244 8288.48 6.00748e-08 93054 8223.62
70.0163 8397.02 6.03624e-08 92568 8291.6
70.2106 8483.87 6.04821e-08 96768 8360.8
70.4081 8555.8 6.04828e-08 95658 8431.57
70.6024 8605.17 6.03311e-08 96368 8501.56
70.8004 8699.96 6.04854e-08 98526 8573.28
70.9949 8703.43 6.00134e-08 95436 8644.15
71.1912 8794.86 6.01435e-08 101472 8716.05
71.3912 8910.2 6.04216e-08 98582 8789.72
71.5863 8914.14 5.99555e-08 99984 8861.98
71.7853 9083.35 6.05869e-08 101298 8936.09
71.9865 9099.65 6.01883e-08 104952 9011.41
72.1863 9151.3 6.00286e-08 100568 9086.66
72.3863 9331.37 6.0704e-08 105942 9162.39
72.5888 9409.92 6.07038e-08 104892 9239.53
72.7887 9508.84 6.08381e-08 103734 9316.05
72.9889 9548.9 6.05929e-08 107160 9393.16
73.1931 9637.74 6.06463e-08 108788 9472.2
73.3965 9631.58 6.01052e-08 107070 9551.38
73.5998 9786.28 6.05659e-08 110760 9630.97
73.8048 9927.12 6.09269e-08 109182 9711.68
74.0101 9982.02 6.07554e-08 112820 9792.95
74.2153 9978.86 6.02337e-08 110280 9874.65
74.4211 10121.5 6.05894e-08 114678 9957.01
74.6281 10259.9 6.09081e-08 112668 10040.3
74.835 10283.9 6.05455e-08 116030 10124
75.0455 10325.3 6.02793e-08 118032 10209.7
75.2528 10405.1 6.02445e-08 113700 10294.6
75.4597 10627.9 6.10299e-08 118566 10379.7
75.6704 10653.7 6.06685e-08 119840 10466.9
75.8801 10651.1 6.01518e-08 118278 10554.2
76.0893 10832.4 6.06729e-08 120852 10641.7
76.3009 10935.4 6.07415e-08 122166 10730.7
76.5134 11073.4 6.09967e-08 123296 10820.6
76.7256 11132.9 6.08174e-08 123300 10910.9
76.9392 11188.5 6.06132e-08 126174 11002.3
77.1528 11340.9 6.093e-08 124800 11094.2
77.3659 11392.7 6.07041e-08 126774 11186.4
77.5809 11576.4 6.11718e-08 128900 11279.9
77.7962 11592.6 6.07498e-08 127776 11374.1
78.0124 11629.9 6.04399e-08 132246 11469.1
78.2288 11839.4 6.10198e-08 129252 11564.9
78.4454 11922.8 6.09421e-08 133118 11661.2
78.6629 11997.3 6.08155e-08 133272 11758.4
78.8821 12132.3 6.09885e-08 134970 11857
79.1006 12226.1 6.0952e-08 136128 11955.8
79.3217 12353.6 6.10743e-08 137270 12056.4
79.5433 12414.6 6.08643e-08 139620 12157.7
79.7641 12593.6 6.12307e-08 138312 12259.2
79.9859 12669.2 6.10871e-08 140694 12361.8
80.2068 12791.8 6.11697e-08 140888 12464.5
80.4299 12832.5 6.08555e-08 143034 12568.8
80.6531 12972.4 6.10096e-08 143688 12673.7
80.8755 13116.4 6.11794e-08 143510 12778.8
81.0998 13085.8 6.05316e-08 147828 12885.4
81.3269 13377.8 6.1365e-08 147918 12994
81.5524 13459.7 6.123e-08 148992 13102.4
81.7797 13500.8 6.09061e-08 150356 13212.3
82.0043 13727.2 6.14202e-08 147606 13321.4
82.2317 13771.6 6.11092e-08 156624 13432.5
82.4634 13935.4 6.13163e-08 153354 13546.4
82.6905 14017.9 6.11722e-08 153968 13658.6
82.9194 14135 6.11743e-08 155862 13772.3
83.1486 14349.3 6.15895e-08 157524 13886.9
83.3797 14392.4 6.12621e-08 159126 14003
83.6126 14509.2 6.12448e-08 162488 14120.7
83.8452 14697.4 6.15242e-08 159570 14238.9
84.0767 14759.2 6.12741e-08 164304 14357.1
84.3123 14935.4 6.14873e-08 165720 14478.1
84.5455 15046.1 6.14316e-08 162866 14598.6
84.7789 15288.5 6.19072e-08 169056 14719.9
85.0154 15274.3 6.13348e-08 167502 14843.4
85.2505 15476.3 6.16334e-08 169964 14966.9
85.4866 15543.9 6.13913e-08 170478 15091.6
85.7246 15835.1 6.20218e-08 175200 15218
85.9642 15777.6 6.12813e-08 173130 15345.9
86.2012 15926.2 6.13494e-08 175712 15473.2
86.4415 16056.3 6.13364e-08 177438 15603
86.6808 16325.6 6.18499e-08 178092 15732.9
86.9209 16496.5 6.19812e-08 179694 15864
87.1623 16525.5 6.15757e-08 182504 15996.5
87.4047 16755.8 6.19155e-08 182394 16130.4
87.6463 16933.9 6.20578e-08 184464 16264.5
87.8898 16951 6.16053e-08 186398 16400.5
88.1346 17096.3 6.16173e-08 188844 16537.9
88.3785 17262 6.17009e-08 187230 16675.5
88.6241 17496.5 6.20205e-08 193776 16815
88.8723 17559.1 6.17224e-08 192218 16956.6
89.1173 17792.1 6.20271e-08 192408 17097.3
89.3636 17883.1 6.18302e-08 195510 17239.4
89.6121 18037.5 6.18464e-08 198404 17383.6
89.8624 18236.3 6.20073e-08 200310 17529.7
90.1125 18434.3 6.21601e-08 201216 17676.4
90.3629 18474.8 6.17801e-08 201618 17824.3
90.6136 18700.7 6.20179e-08 204680 17973
90.8637 19085.3 6.27722e-08 202758 18122.2
91.1165 19155.6 6.24804e-08 211812 18273.9
91.3704 19257.7 6.22914e-08 205718 18427.1
91.6219 19457.5 6.24207e-08 211452 18579.7
91.8766 19638.4 6.24786e-08 213150 18735.1
92.1337 19786.8 6.24252e-08 217512 18892.8
92.3907 20053.7 6.27406e-08 214754 19051.3
92.6443 20093.4 6.23503e-08 215424 19208.6
92.9029 20400.6 6.27763e-08 224574 19369.9
93.1615 20474.2 6.24795e-08 218588 19532.1
93.4187 20745.9 6.27871e-08 223902 19694.4
93.6773 20780 6.2371e-08 224952 19858.4
93.9391 21122.4 6.28701e-08 230258 20025.3
94.2003 21378.8 6.31053e-08 227544 20192.8
94.4611 21491.9 6.29151e-08 231018 20361
94.7234 21726.7 6.30755e-08 234504 20531.1
94.9866 21951.2 6.31991e-08 233102 20702.7
95.2488 22058.1 6.29838e-08 236892 20874.6
95.5133 22321.1 6.32068e-08 238830 21049
95.7779 22527.5 6.32641e-08 241232 21224.4
96.045 22643.7 6.30615e-08 243906 21402.5
96.3117 22789.5 6.29416e-08 244704 21581.3
96.5789 23121.8 6.33308e-08 246698 21761.4
96.8459 23383.7 6.35197e-08 248664 21942.4
97.1161 23524.7 6.3371e-08 253494 22126.5
97.3861 23702.8 6.3321e-08 251522 22311.6
97.6552 24081.8 6.38032e-08 255336 22497.1
97.9263 24290.7 6.38236e-08 257694 22685
98.1987 24354.8 6.3461e-08 260988 22874.8
98.4723 24653.2 6.37046e-08 261638 23066.6
98.7442 24926.8 6.38811e-08 262356 23258.1
99.0178 25256.9 6.41918e-08 266478 23452
99.2941 25398.6 6.40147e-08 272048 23648.9
99.5716 25640.1 6.40845e-08 269850 23847.7
99.847 25834.7 6.40379e-08 272544 24046.2
100.124 26175 6.43441e-08 275546 24247
100.401 26289.7 6.40932e-08 275334 24448.6
100.681 26560.9 6.42153e-08 285024 24653.8
100.963 26968.4 6.46555e-08 282242 24861.7
101.241 27181.9 6.46315e-08 280800 25067.7
101.521 27382.6 6.45716e-08 288330 25276.3
101.804 27611.8 6.45717e-08 290024 25487.8
102.087 28017.5 6.49775e-08 290598 25700.8
102.369 28137.4 6.47172e-08 293748 25914.6
102.654 28578.4 6.51846e-08 299582 26132
102.939 28591.6 6.46753e-08 295914 26350
103.223 28944.8 6.4935e-08 302352 26568.8
103.511 29427.9 6.54691e-08 305342 26791.8
103.798 29569.9 6.52412e-08 305532 27015.1
104.087 29969.1 6.55735e-08 310806 27241.1
104.375 30278.9 6.57031e-08 310436 27468.5
104.666 30452.4 6.55305e-08 318006 27698.6
104.957 30793.3 6.57156e-08 312846 27929.8
105.247 31078.3 6.57766e-08 322508 28162.2
105.54 31316.8 6.57301e-08 321318 28398.4
105.833 31710.1 6.60042e-08 327204 28635.5
106.127 31962 6.59775e-08 325766 28874.7
106.421 32217.3 6.59555e-08 330246 29115.1
106.717 32707.5 6.64031e-08 335868 29358.8
107.015 33038.8 6.6517e-08 336710 29605.4
107.311 33329.6 6.65489e-08 336636 29851.7
107.609 33704.5 6.67399e-08 343542 30101.1
107.907 34030.9 6.68297e-08 342092 30351.8
108.206 34246.5 6.66962e-08 349446 30605.2
108.507 34681.1 6.69815e-08 350118 30861.6
108.808 35122.9 6.72744e-08 352628 31118.6
109.111 35561.8 6.75484e-08 359334 31379.7
109.414 35855.7 6.75432e-08 356364 31641.5
109.717 36208.1 6.76435e-08 362990 31905.1
110.021 36531.1 6.76821e-08 364062 32171.4
110.326 36986.6 6.79588e-08 369756 32439.9
110.632 37362.6 6.80817e-08 368726 32710.5
110.939 37839.4 6.83802e-08 375786 32983.3
111.248 38342.4 6.87141e-08 378600 33259.3
111.557 38661.5 6.8712e-08 379394 33537.1
111.866 38952.7 6.86558e-08 386568 33817.4
112.178 39412.1 6.88882e-08 386906 34100.8
112.489 39724.8 6.88612e-08 388950 34384.8
112.801 40145.2 6.90144e-08 394512 34671.6
113.114 40853.2 6.96489e-08 396818 34961.7
113.428 41108.1 6.95029e-08 401112 35253.7
113.744 41582.7 6.97214e-08 404850 35548.9
114.06 42137.3 7.00661e-08 405566 35845.9
114.375 42440.1 6.99875e-08 409308 36144
114.692 43102.9 7.04923e-08 413766 36445.6
115.011 43508.1 7.05657e-08 417050 36749.9
115.331 43842.8 7.05175e-08 425232 37057.9
115.653 44345 7.07322e-08 421862 37368.7
115.972 44779.3 7.08365e-08 426402 37679.1
116.295 45532.7 7.14306e-08 434688 37994.4
116.619 45732.1 7.11456e-08 436634 38313.6
116.942 46347.1 7.15072e-08 434784 38632.5
117.265 46906.5 7.17739e-08 441018 38953.5
117.591 47384.8 7.19055e-08 447350 39278.7
117.917 48014 7.2256e-08 449868 39607.2
118.245 48376.9 7.2199e-08 453206 39938
118.573 49210.1 7.28349e-08 456570 40271.3
118.902 49734.8 7.3001e-08 463824 40608
119.233 50349.3 7.32894e-08 463718 40948
119.564 50837.9 7.33891e-08 468186 41289.2
119.895 51700.8 7.40168e-08 473448 41633.9
120.229 52052.3 7.39006e-08 479354 41982.9
120.563 52951.4 7.45542e-08 477702 42333.6
120.897 53218.7 7.43123e-08 485204 42685.9
121.234 54122.5 7.49459e-08 491454 43043.7
121.571 54660.2 7.50628e-08 491226 43403.7
121.908 55351.8 7.5384e-08 497648 43765.6
122.248 56114.1 7.57861e-08 504930 44132.9
122.587 56673.6 7.59085e-08 500358 44501.1
122.925 57566.8 7.64703e-08 508652 44870.3
123.267 58125.2 7.65712e-08 516390 45246
123.609 58952.2 7.70172e-08 515642 45623.9
123.951 59596.4 7.7216e-08 521880 46003.7
124.297 60423.3 7.76368e-08 530850 46389.2
124.642 61195.1 7.79767e-08 527054 46777
124.986 61984.5 7.83326e-08 534156 47165.1
125.334 63014 7.89713e-08 545150 47560.6
125.683 63664.6 7.91235e-08 543474 47959.3
126.031 64359.1 7.93271e-08 545310 48358
126.38 65463.5 8.00215e-08 555788 48761.1
126.732 65926.9 7.9918e-08 559542 49169.8
127.084 67178.2 8.0759e-08 564146 49581.2
127.437 67744.9 8.07663e-08 566520 49995
127.791 69113.6 8.17151e-08 573594 50412.9
128.146 69926.6 8.19906e-08 577718 50834.5
128.501 70934.7 8.24853e-08 579303 51258.1
128.858 71585.8 8.25533e-08 586232 51686
129.216 72598.7 8.30263e-08 585156 52118.7
129.575 73242.5 8.30692e-08 582704 52553.7
129.934 73757.9 8.29621e-08 584544 52991.8
130.295 74545.8 8.3153e-08 585204 53434.9
130.657 75420.5 8.3432e-08 582812 53881.1
131.019 76189.2 8.35846e-08 584472 54331
131.383 77070.8 8.38509e-08 584132 54785
131.748 77779.6 8.39217e-08 582540 55242.2
132.113 78466.7 8.3963e-08 582096 55702.9
132.481 79084.9 8.3922e-08 586412 56169.1
132.849 79941.7 8.41273e-08 581640 56639.1
133.218 81328.5 8.48777e-08 583304 57112.3
133.589 82141.7 8.50149e-08 583536 57590.3
133.959 82743.4 8.49292e-08 578204 58070.6
134.33 83489.8 8.49867e-08 582180 58554.8
134.704 84297.9 8.5097e-08 582144 59045
135.078 85038.9 8.51337e-08 578780 59538.3
135.452 86200.2 8.55836e-08 577524 60034.1
135.828 87052.3 8.57145e-08 579584 60534.9
136.206 88012.1 8.59397e-08 580752 61042
136.585 89170.7 8.63486e-08 576896 61552.7
136.963 90121.2 8.65478e-08 575412 62065.7
137.343 91016 8.66845e-08 575676 62583
137.724 92149.6 8.70365e-08 576392 63106.2
138.107 92985.3 8.70983e-08 574368 63633.4
138.49 93741.2 8.70801e-08 572624 64164.1
138.874 95038.4 8.75536e-08 574056 64700.1
139.26 95985.5 8.76925e-08 572864 65241.4
139.647 97011 8.78962e-08 568992 65785.6
140.034 98090.3 8.8138e-08 572024 66335
140.424 99189.2 8.83858e-08 569052 66890.1
140.814 100090 8.84498e-08 568236 67448.9
141.204 101075 8.85818e-08 563612 68010.8
141.595 102455 8.90488e-08 567216 68577.9
141.989 103558 8.92612e-08 564740 69151.8
142.383 104891 8.96601e-08 563940 69729.9
142.779 105737 8.96338e-08 562172 70312.6
143.176 107291 9.01968e-08 561948 70900.7
143.574 108098 9.01212e-08 560084 71494.1
143.973 109853 9.0826e-08 556764 72091.1
144.371 111088 9.1089e-08 553976 72691.4
144.772 112558 9.15302e-08 556344 73298.1
145.174 113714 9.17037e-08 552420 73910.8
145.577 114935 9.19205e-08 552200 74528
145.981 116275 9.22225e-08 548880 75149.9
146.386 117139 9.21385e-08 548696 75777.4
146.793 119254 9.30248e-08 546948 76410.6
147.201 120354 9.31034e-08 547364 77050.6
147.61 121639 9.33174e-08 540792 77694.7
148.019 123149 9.36954e-08 540320 78341.9
148.43 124799 9.41644e-08 538668 78995.8
148.842 126034 9.4309e-08 537260 79655.3
149.255 127777 9.48208e-08 534912 80320.9
149.67 129434 9.52534e-08 534812 80992.9
150.085 131284 9.58158e-08 527424 81668.7
150.501 132295 9.57551e-08 528968 82349.4
150.919 134664 9.66628e-08 525312 83036.8
151.338 136194 9.69508e-08 525968 83731.3
151.759 138214 9.75727e-08 520272 84431.2
152.18 139177 9.74384e-08 520256 85136.6
152.603 141376 9.81588e-08 514536 85847.5
153.026 143370 9.87184e-08 515732 86564.5
153.452 144708 9.88138e-08 510624 87288.4
153.877 146784 9.94023e-08 507288 88016
154.304 148787 9.99247e-08 505904 88750.6
154.732 150850 1.00471e-07 502608 89491.6
155.163 152460 1.00701e-07 502280 90240.8
155.594 155211 1.01668e-07 496404 90995.1
156.026 156628 1.01747e-07 494156 91754.8
156.459 158480 1.02098e-07 490572 92520.7
156.893 160783 1.02724e-07 487856 93293.3
157.329 163844 1.03811e-07 485592 94073.1
157.765 165675 1.04103e-07 479840 94858.1
158.204 167659 1.04476e-07 480792 95651.3
158.644 170207 1.05184e-07 473276 96451.5
159.083 172412 1.05666e-07 469716 97254.5
159.525 175662 1.06766e-07 469388 98067
159.968 177859 1.07206e-07 463164 98886.5
160.412 180193 1.07713e-07 460964 99712.4
160.858 183075 1.08529e-07 456404 100546
161.304 185636 1.09136e-07 453096 101385
161.752 188360 1.0982e-07 447944 102232
162.2 190385 1.10082e-07 445104 103085
162.651 193952 1.11215e-07 440876 103947
163.103 196604 1.11801e-07 438372 104816
163.556 199243 1.12362e-07 431156 105692
164.009 202382 1.1319e-07 426816 106572
164.464 204822 1.13607e-07 424208 107461
164.921 209235 1.15092e-07 420060 108360
165.379 211772 1.15522e-07 414500 109266
165.838 215636 1.16657e-07 409044 110177
166.298 220213 1.18147e-07 406184 111096
166.761 222393 1.18326e-07 401808 112027
167.224 226366 1.19442e-07 394448 112962
167.687 228925 1.19794e-07 390564 113904
168.153 234016 1.21443e-07 386420 114855
168.62 237307 1.22131e-07 380148 115815
169.087 241673 1.23348e-07 375116 116781
169.557 245338 1.24182e-07 371108 117757
170.028 248855 1.24918e-07 363588 118741
170.5 252854 1.25874e-07 360704 119734
170.974 257373 1.27061e-07 352920 120734
171.449 261556 1.28057e-07 347888 121742
171.925 266680 1.29484e-07 342564 122760
172.402 271546 1.30754e-07 336104 123785
172.881 275269 1.31449e-07 329616 124819
173.36 280923 1.3304e-07 324044 125860
173.841 285932 1.34291e-07 317940 126910
174.324 289230 1.34714e-07 311516 127971
174.808 295629 1.36552e-07 306920 129041
175.294 299949 1.37399e-07 297936 130120
175.782 303742 1.37982e-07 293684 131209
176.27 309231 1.39312e-07 284568 132304
176.757 313345 1.40002e-07 276704 133404
177.248 321031 1.42246e-07 274896 134520
177.742 324234 1.42472e-07 263228 135646
178.234 329075 1.43405e-07 257720 136777
178.729 334748 1.44669e-07 250968 137919
179.225 338384 1.45028e-07 242276 139071
179.722 345908 1.47026e-07 236220 140232
180.221 348447 1.46879e-07 227624 141403
180.722 353722 1.47865e-07 221304 142586
181.225 356532 1.47804e-07 212204 143778
181.726 360052 1.48032e-07 203168 144974
182.23 361728 1.47491e-07 197955 146183
182.737 368032 1.48814e-07 190268 147408
183.246 371787 1.49084e-07 184188 148643
183.754 378713 1.50605e-07 176492 149882
184.264 385584 1.52069e-07 172200 151133
184.777 385985 1.50961e-07 166544 152400
185.291 393656 1.52685e-07 160160 153674
185.804 398291 1.53206e-07 155010 154955
186.319 407269 1.55364e-07 149948 156246
186.836 412590 1.5609e-07 145458 157552
187.356 424028 1.59087e-07 140444 158870
187.876 427351 1.59005e-07 135596 160197
188.396 435370 1.60651e-07 130308 161531
188.918 439419 1.60805e-07 126860 162877
189.444 446951 1.62203e-07 122748 164241
189.971 453412 1.63181e-07 118076 165617
190.499 462590 1.65105e-07 113774 167000
191.026 469290 1.66112e-07 109236 168391
191.555 480172 1.68561e-07 105638 169793
192.087 490197 1.70654e-07 102174 171212
192.623 498438 1.72079e-07 98708 172648
193.159 507169 1.73639e-07 94310 174095
193.694 515034 1.74875e-07 90414 175545
194.231 531572 1.78997e-07 87398 177010
194.77 538775 1.79921e-07 83462 178487
195.308 543460 1.7999e-07 79902 179970
195.85 555811 1.82555e-07 77558 181473
196.397 571620 1.86185e-07 74094 182996
196.944 584046 1.8865e-07 71006 184531
197.492 597535 1.91404e-07 67574 186077
198.04 611081 1.94124e-07 64368 187629
198.588 620943 1.95627e-07 61502 189192
199.137 632746 1.97704e-07 58214 190763
199.686 655308 2.03067e-07 55872 192347
200.24 672039 2.06528e-07 53270 193952
200.797 681405 2.07669e-07 50742 195575
201.356 696516 2.10512e-07 48032 197213
201.917 715014 2.14307e-07 45638 198865
202.479 730075 2.17004e-07 43008 200530
203.042 741247 2.18496e-07 40694 202208
203.608 769893 2.25054e-07 38408 203903
204.174 778864 2.25788e-07 35958 205609
204.742 815240 2.34373e-07 33920 207328
205.311 832557 2.37366e-07 31622 209062
205.88 850269 2.4041e-07 29640 210807
206.452 869883 2.43917e-07 27662 212569
207.024 890260 2.47568e-07 25568 214340
207.598 941825 2.59743e-07 23904 216126
208.175 957535 2.61885e-07 22118 217934
208.75 988279 2.68063e-07 20168 219747
209.328 999770 2.6894e-07 18816 221577
209.911 1.03853e+06 2.77047e-07 17126 223432
210.495 1.0739e+06 2.84106e-07 15680 225301
211.081 1.09816e+06 2.88111e-07 14184 227188
211.669 1.13003e+06 2.94008e-07 12854 229092
212.261 1.1591e+06 2.99052e-07 11600 231021
212.86 1.21369e+06 3.10503e-07 10428 232982
213.459 1.21104e+06 3.07224e-07 9032 234955
214.05 1.28738e+06 3.23892e-07 7838 236912
214.639 1.28629e+06 3.20962e-07 6816 238872
215.227 1.38346e+06 3.42387e-07 5840 240841
215.814 1.48733e+06 3.65098e-07 4952 242816
216.393 1.47898e+06 3.60142e-07 4062 244776
216.965 1.52656e+06 3.68796e-07 3368 246722
217.537 1.52625e+06 3.65821e-07 2744 248678
218.109 1.58371e+06 3.76611e-07 2184 250647
218.782 1.74496e+06 4.1114e-07 2192 252975
219.487 1.74157e+06 4.06403e-07 1238 255425
220.117 1.87966e+06 4.3487e-07 728 257632
220.69 1.89092e+06 4.34076e-07 456 259650
221.261 2.1427e+06 4.88074e-07 248 261671
221.827 2.09783e+06 4.7421e-07 104 263682
222.372 1.47109e+06 3.30094e-07 24 265634
222.88 3.47207e+06 7.73779e-07 1 267456
0.047546
1200
200
512
16.5227
8.04248 489938 0.00232387 6 12.5664
11.3738 66393.7 0.00011134 12 35.5431
13.93 21739.4 1.98443e-05 8 65.2968
16.085 9058.99 5.37106e-06 6 100.531
17.9835 9600.36 4.07289e-06 24 140.496
19.7 12653.2 4.08362e-06 24 184.687
22.7476 15685.2 3.28796e-06 12 284.345
24.1274 7660.78 1.3458e-06 30 339.292
25.4325 7076.22 1.06138e-06 24 397.384
26.6739 3958.66 5.1467e-07 24 458.457
27.86 9500.06 1.08399e-06 8 522.374
28.9976 6172.9 6.24661e-07 24 589.013
30.0922 5732.03 5.19023e-07 48 658.267
32.1699 8659.17 6.41751e-07 6 804.248
33.16 6475.12 4.38172e-07 48 880.812
34.1213 5400.62 3.35432e-07 36 959.663
35.0563 5989.89 3.43051e-07 24 1040.74
35.9671 3867.43 2.05092e-07 24 1123.97
36.8553 5350.46 2.63713e-07 48 1209.31
37.7226 6014.69 2.76471e-07 24 1296.71
39.3999 6282.9 2.53462e-07 24 1477.5
40.2124 3242.75 1.23048e-07 30 1570.8
41.0087 4456.82 1.59454e-07 72 1665.98
41.7899 4568.79 1.54463e-07 32 1763.01
43.3101 4256.35 1.29274e-07 72 1962.49
44.0505 4971.69 1.43513e-07 48 2064.87
45.4951 4172.44 1.09329e-07 12 2274.76
46.2005 4442.88 1.11164e-07 48 2382.21
46.8953 5848.33 1.39921e-07 48 2491.31
47.5799 5184.48 1.18761e-07 48 2602.03
48.2549 3003.23 6.59485e-08 30 2714.34
48.9205 4935.65 1.04019e-07 24 2828.22
49.5772 4959.57 1.00424e-07 72 2943.64
50.8651 4482.82 8.40487e-08 24 3179.07
51.497 5056.1 9.13504e-08 96 3299.03
52.1212 5212.2 9.08276e-08 48 3420.45
52.738 5158.48 8.67739e-08 24 3543.34
53.3478 6436.19 1.04597e-07 24 3667.66
53.9506 4897.01 7.69454e-08 72 3793.4
54.5467 4807.42 7.3088e-08 48 3920.55
55.7199 8248.54 1.17648e-07 8 4178.99
56.2973 5602.3 7.74715e-08 54 4310.27
56.8689 5959.94 7.99571e-08 84 4442.88
57.4348 6715.28 8.74539e-08 48 4576.83
57.9951 4212.02 5.3279e-08 24 4712.1
58.5501 7507.29 9.22869e-08 72 4848.68
59.0999 6126.54 7.3231e-08 96 4986.55
60.1844 5431.88 6.14806e-08 48 5266.13
60.7194 8225.88 9.06651e-08 48 5407.82
61.2497 9674.14 1.03882e-07 24 5550.75
61.7754 7027.21 7.35487e-08 72 5694.92
62.8138 10320.7 1.0275e-07 72 5986.94
63.3265 5952.77 5.78365e-08 96 6134.76
64.3398 16781.9 1.55468e-07 6 6433.98
64.8405 8249.21 7.46642e-08 96 6585.37
65.3374 8065.83 7.13516e-08 96 6737.92
65.8305 6146.6 5.3161e-08 24 6891.63
66.32 8177.33 6.91701e-08 48 7046.5
66.8058 9159.59 7.58006e-08 96 7202.5
67.2882 8129.3 6.5838e-08 48 7359.65
68.2427 8372.9 6.50051e-08 36 7677.3
68.715 7432.81 5.65248e-08 48 7837.8
69.184 9318.1 6.94304e-08 120 7999.4
69.6499 8448.3 6.16947e-08 56 8162.1
70.1127 7991.74 5.72125e-08 24 8325.88
70.5725 10010.8 7.02753e-08 96 8490.75
71.0292 10535.5 7.25413e-08 48 8656.69
71.9341 5439.8 3.60594e-08 24 8991.76
72.3823 9435.86 6.13938e-08 102 9160.88
72.8277 10045.2 6.41668e-08 48 9331.05
73.2705 6655.51 4.17479e-08 72 9502.26
73.7105 10812.4 6.66152e-08 48 9674.51
74.148 7217.88 4.36869e-08 48 9847.78
74.5829 12658.9 7.52867e-08 120 10022.1
75.4451 12828.1 7.3707e-08 24 10373.7
75.8726 11386.9 6.43263e-08 144 10551
76.2976 11911 6.61691e-08 120 10729.4
76.7203 12347.8 6.74677e-08 48 10908.7
77.5588 9843.18 5.20573e-08 48 11270.3
77.9747 10905.6 5.6758e-08 96 11452.5
78.7999 12765.9 6.43747e-08 24 11820
79.2092 8941.13 4.4392e-08 48 12005.1
79.6165 10456 5.11208e-08 108 12191.3
80.0216 10555.7 5.0828e-08 72 12378.3
80.4248 17508.8 8.30473e-08 30 12566.4
80.8259 14056 6.56823e-08 168 12755.3
81.225 11370.4 5.23533e-08 48 12945.2
82.0175 12833.9 5.73957e-08 72 13327.8
82.4109 12781.8 5.63478e-08 96 13520.5
82.8024 16154.5 7.02109e-08 72 13714.1
83.192 14225.6 6.0963e-08 72 13908.7
83.5799 13377.3 5.6533e-08 32 14104.1
83.9659 12779.8 5.32665e-08 72 14300.4
84.3502 14455.1 5.94297e-08 144 14497.7
85.4927 15897.2 6.2773e-08 96 15094.8
85.8702 14322.4 5.58121e-08 96 15295.6
86.246 16075.6 6.18289e-08 48 15497.3
86.6201 17414.2 6.61131e-08 72 15699.9
86.9927 16288.3 6.10472e-08 120 15903.4
87.3637 17601.1 6.51311e-08 72 16107.7
88.1009 11246 4.05787e-08 48 16518.9
88.4672 13581.1 4.83981e-08 78 16725.8
88.8321 17554.2 6.17891e-08 120 16933.6
89.1954 11546.4 4.01475e-08 48 17142.2
89.9176 15960.7 5.41697e-08 144 17562
90.2766 13382.6 4.48801e-08 144 17773.2
90.9902 14545.8 4.76425e-08 12 18198
91.345 21506.3 6.96227e-08 144 18411.7
91.6983 19766.4 6.32532e-08 48 18626.2
92.0504 14561.4 4.60644e-08 120 18841.6
92.401 23665.3 7.40152e-08 48 19057.7
92.7504 20607 6.37247e-08 48 19274.7
93.0984 18569 5.67809e-08 168 19492.5
93.7906 18425.7 5.51043e-08 48 19930.5
94.1348 20021.8 5.92232e-08 96 20150.7
94.4777 22902.9 6.70103e-08 96 20371.8
94.8194 19356.4 5.60239e-08 72 20593.6
95.1599 25212.7 7.21934e-08 48 20816.2
95.4991 26863.4 7.6103e-08 96 21039.7
95.8372 20901.7 5.85894e-08 48 21263.9
96.5097 20658.6 5.67058e-08 30 21714.7
96.8442 23048.2 6.26116e-08 96 21941.3
97.1776 21866.3 5.87919e-08 192 22168.6
97.5099 20071.4 5.34162e-08 56 22396.8
97.841 21830.6 5.75101e-08 24 22625.7
98.1709 22022.1 5.74315e-08 168 22855.4
98.4998 22778.3 5.88104e-08 120 23085.9
99.1543 17106.2 4.32971e-08 72 23549.2
99.4799 22882.7 5.73509e-08 144 23781.9
99.8045 26046.5 6.46455e-08 96 24015.5
100.128 25772.2 6.33466e-08 96 24249.8
100.772 33126.7 7.98728e-08 72 24720.6
101.092 26156.5 6.24689e-08 96 24957.2
101.73 15618.6 3.66043e-08 24 25432.5
102.048 28510.7 6.61972e-08 192 25671.3
102.364 25068.4 5.76665e-08 108 25910.9
102.679 31192.7 7.10954e-08 24 26151.2
102.994 28441.1 6.42319e-08 96 26392.2
103.307 27682.3 6.19508e-08 96 26634
103.62 23991.7 5.3207e-08 120 26876.5
104.242 23766.6 5.17694e-08 48 27363.6
104.552 28548.4 6.16342e-08 78 27608.3
104.861 28502.7 6.09935e-08 144 27853.7
105.169 28183.8 5.97827e-08 120 28099.9
105.476 33109.6 6.96197e-08 24 28346.7
105.782 30736.7 6.40706e-08 168 28594.3
106.088 32228.4 6.66016e-08 144 28842.6
106.696 23063.2 4.68513e-08 24 29341.3
106.998 28483.9 5.73734e-08 48 29591.7
107.3 39474.3 7.88416e-08 96 29842.8
107.601 26830.2 5.31391e-08 120 30094.7
107.901 30750.1 6.0396e-08 72 30347.2
108.2 31355.4 6.10753e-08 120 30600.4
108.499 34829.1 6.72831e-08 144 30854.4
109.093 31725.6 6.02911e-08 48 31364.4
109.39 36212.8 6.82613e-08 192 31620.4
109.685 37172.2 6.95055e-08 144 31877.1
109.979 27806.5 5.15767e-08 48 32134.6
110.566 32925.1 6.01042e-08 192 32651.5
110.858 29988.1 5.43112e-08 48 32910.9
111.44 26899.7 4.79586e-08 8 33431.9
111.971 32613.9 5.73233e-08 288 33911.8
112.307 37957.7 6.61178e-08 96 34218.6
112.595 34530.2 5.96878e-08 54 34482.1
112.882 35987.1 6.1733e-08 120 34746.4
113.168 27721 4.71935e-08 120 35011.3
113.738 35200.5 5.90302e-08 84 35543.1
114.022 40668.9 6.76922e-08 144 35810
114.305 35474.7 5.86087e-08 72 36077.5
114.588 34385.5 5.63899e-08 96 36345.8
115.057 34143.9 5.53114e-08 144 36794.2
115.431 32892.4 5.27673e-08 240 37154.4
115.99 16801.4 2.65656e-08 24 37696.8
116.269 34333.6 5.38977e-08 240 37969
116.547 41596.4 6.48332e-08 96 38241.8
116.962 35096.7 5.41219e-08 144 38652.1
117.376 40200.9 6.1339e-08 96 39064.2
117.651 41241.4 6.24861e-08 72 39339.7
118.2 41050.2 6.13346e-08 96 39892.4
118.473 43015.9 6.38278e-08 96 40169.8
118.867 40579.1 5.9616e-08 216 40571.4
119.56 37571.3 5.42423e-08 192 41285.6
119.83 40025.2 5.7395e-08 144 41566.1
120.369 32169 4.55131e-08 48 42129.1
120.637 42185.7 5.92874e-08 150 42411.5
120.905 43067.4 6.01252e-08 96 42694.6
121.172 50758.6 7.03949e-08 120 42978.2
121.629 43820.3 6.00906e-08 168 43465.9
121.97 39393.9 5.35683e-08 240 43833
122.499 48255.3 6.47714e-08 24 44406
122.921 44176.1 5.86881e-08 360 44866
123.289 56370.5 7.42199e-08 48 45270.1
123.551 56175.4 7.34935e-08 72 45559.4
123.917 37306.8 4.8377e-08 240 45965.2
124.977 51751.1 6.54145e-08 276 47154.8
125.37 48329.7 6.05166e-08 104 47601.4
125.628 49813.9 6.19921e-08 72 47895.5
126.003 49150.7 6.06214e-08 312 48326.3
126.653 64565.7 7.84141e-08 96 49078.1
127.035 46731.3 5.62437e-08 288 49523.8
127.417 38666.1 4.61201e-08 168 49971.3
127.923 61954.3 7.30232e-08 48 50569.7
128.176 51780.1 6.06712e-08 192 50869.8
128.68 27024.6 3.12946e-08 6 51471.9
128.931 48731.4 5.61021e-08 192 51773.7
129.181 51713 5.91889e-08 96 52076.2
129.556 54171.8 6.14665e-08 192 52530.9
129.93 51820.9 5.82928e-08 216 52987.2
130.179 57101.8 6.38657e-08 72 53292
130.675 52920.2 5.85175e-08 96 53903.3
131.098 54452.5 5.96302e-08 336 54429.1
131.415 67669.9 7.35697e-08 48 54824.8
131.886 58515.3 6.29381e-08 288 55416.1
132.151 48437.1 5.17849e-08 192 55751.4
132.64 61137.8 6.46438e-08 48 56372
132.884 51033.6 5.36639e-08 96 56683.1
133.237 58720.8 6.12572e-08 264 57136.6
133.612 51487.6 5.3261e-08 96 57620
134.022 59994.1 6.14917e-08 240 58153.1
134.776 56104 5.65446e-08 288 59140.1
135.056 54150.2 5.42372e-08 96 59509.1
135.295 80258.6 7.99617e-08 72 59825.9
135.875 63243.5 6.22072e-08 336 60597.5
136.66 59938.5 5.79453e-08 138 61654.9
136.958 59972.9 5.76008e-08 240 62059.3
137.273 73611 7.02148e-08 144 62487.7
137.768 64451 6.08174e-08 384 63165.9
138.512 58362.7 5.41896e-08 312 64194.7
138.835 81988.8 7.55962e-08 72 64644.9
139.12 70461.1 6.45687e-08 248 65044.1
139.671 53867 4.87806e-08 240 65819.7
140.225 35879.4 3.21074e-08 24 66607.1
140.456 62809.4 5.593e-08 192 66936
140.739 70075.2 6.20243e-08 312 67341.5
141.282 64717.1 5.66235e-08 240 68124.4
141.602 58898.7 5.11839e-08 96 68588.7
142.058 60991.3 5.24936e-08 48 69253.5
142.46 70852.7 6.04674e-08 408 69841.8
142.74 75569.6 6.41138e-08 144 70254.8
143.192 64429.2 5.41457e-08 120 70924.9
143.418 69440.5 5.80821e-08 144 71260.8
144.072 68993.2 5.69251e-08 264 72240.8
144.429 63281.4 5.18266e-08 192 72778.6
144.765 59001.4 4.79861e-08 102 73287.1
145.124 68443.1 5.52524e-08 432 73834.3
145.655 95825.5 7.65139e-08 48 74648.4
145.933 60821.7 4.82882e-08 384 75075.5
146.43 86264.9 6.77922e-08 144 75846.3
146.882 70644.3 5.50067e-08 264 76549.4
147.567 76372.1 5.86415e-08 144 77626.4
147.956 81340.3 6.19649e-08 324 78242.1
148.487 87199.8 6.57194e-08 384 79086.5
148.731 76651.5 5.74847e-08 216 79478.4
149.262 76026.4 5.641e-08 216 80331.9
149.707 71466.1 5.25553e-08 240 81052.1
150.246 79363.7 5.7737e-08 168 81931
150.461 70233.4 5.08759e-08 240 82283.3
151.081 78529.7 5.61885e-08 216 83304.1
151.389 89364.4 6.35503e-08 288 83816.1
151.83 79053.4 5.57295e-08 240 84550.4
152.171 69187 4.84473e-08 72 85120.5
152.704 95296.4 6.6034e-08 246 86018
153.087 82459.4 5.67105e-08 320 86667.6
153.616 91987.8 6.26122e-08 288 87569.2
153.862 81851.9 5.54469e-08 144 87989.6
154.491 90210.1 6.03651e-08 288 89073.7
154.819 87703 5.83146e-08 336 89643.2
155.266 92356.5 6.08799e-08 168 90421.9
155.534 110433 7.24208e-08 336 90890.2
156.088 100604 6.52753e-08 288 91864
156.42 94598.9 6.09887e-08 264 92452.1
156.983 94758.7 6.04369e-08 240 93453.9
157.189 81027.6 5.14764e-08 96 93822
157.764 100232 6.29832e-08 120 94855.4
158.118 101396 6.32877e-08 408 95495.4
158.708 101118 6.24124e-08 456 96569.2
159.233 121696 7.43736e-08 108 97530.2
159.528 101668 6.17896e-08 264 98073.4
159.896 102358 6.17798e-08 264 98754
160.4 102495 6.12812e-08 312 99691.1
161.028 102302 6.04529e-08 270 100866
161.291 109669 6.44897e-08 240 101361
161.764 108576 6.32889e-08 384 102256
162.051 93595.5 5.4267e-08 192 102801
162.715 98642.3 5.64961e-08 432 104070
163.046 99053.6 5.63869e-08 144 104706
163.541 107874 6.08521e-08 480 105663
164.166 118773 6.62375e-08 216 106879
164.565 118226 6.54545e-08 312 107659
164.931 125326 6.89248e-08 216 108379
165.36 114036 6.22283e-08 192 109228
165.89 106172 5.7384e-08 624 110281
166.306 99716.1 5.34908e-08 120 111113
166.661 103194 5.50032e-08 336 111827
167.318 114130 6.01191e-08 176 113153
167.594 94877.9 4.97308e-08 384 113715
168.136 130704 6.78499e-08 408 114820
168.7 100843 5.18249e-08 144 115982
169.024 111719 5.70849e-08 486 116651
169.656 118321 5.9785e-08 96 117964
169.847 104946 5.28486e-08 384 118362
170.514 114218 5.68452e-08 492 119763
170.985 124320 6.13629e-08 384 120758
171.363 128384 6.29502e-08 168 121561
172.009 129916 6.29867e-08 504 122940
172.342 110075 5.30588e-08 240 123655
172.719 132353 6.33805e-08 456 124468
173.376 130116 6.16034e-08 264 125895
173.811 130140 6.11533e-08 384 126844
174.274 123208 5.74352e-08 432 127862
174.851 122761 5.66627e-08 216 129134
175.159 134550 6.17771e-08 360 129818
175.707 132621 6.03234e-08 312 131041
176.349 128006 5.75909e-08 240 132482
176.68 138500 6.19622e-08 414 133230
177.22 123346 5.46793e-08 552 134456
177.785 144574 6.34808e-08 360 135746
178.159 138167 6.02865e-08 432 136604
178.699 137777 5.95733e-08 480 137849
179.295 133793 5.72755e-08 288 139234
179.683 143275 6.09382e-08 312 140139
180.099 129031 5.45007e-08 360 141115
180.792 152368 6.36207e-08 576 142750
181.367 146748 6.06935e-08 464 144116
181.625 170498 7.02157e-08 192 144732
182.239 141625 5.77373e-08 396 146205
182.69 157758 6.38392e-08 432 147294
183.114 144715 5.8155e-08 240 148322
183.674 147819 5.88605e-08 624 149688
184.285 145657 5.74256e-08 504 151185
184.935 172903 6.74511e-08 198 152790
185.242 159217 6.18028e-08 600 153554
185.784 136895 5.26747e-08 384 154904
186.351 148069 5.64556e-08 432 156328
186.841 162105 6.13228e-08 336 157563
187.285 176255 6.62018e-08 336 158691
187.853 165431 6.15741e-08 744 160139
188.461 150523 5.54854e-08 624 161698
189.041 172389 6.29625e-08 192 163195
189.392 172176 6.25355e-08 432 164107
189.907 167385 6.03025e-08 504 165448
190.514 188174 6.7146e-08 336 167040
190.971 157578 5.58251e-08 456 168246
191.376 156431 5.5068e-08 408 169319
191.948 170021 5.9319e-08 696 170839
192.6 179404 6.19587e-08 384 172588
193.275 199445 6.81607e-08 330 174409
193.727 168228 5.7091e-08 624 175635
194.189 165511 5.57693e-08 384 176893
194.686 169763 5.67649e-08 728 178256
195.277 188323 6.24003e-08 432 179886
195.932 170032 5.57764e-08 696 181702
196.361 172466 5.62051e-08 408 182897
197.017 188710 6.0887e-08 456 184735
197.376 192247 6.16905e-08 408 185747
197.93 174431 5.55044e-08 528 187316
198.648 204163 6.42635e-08 576 189362
199.186 179153 5.59355e-08 672 190905
199.791 203222 6.28754e-08 384 192650
200.327 196310 6.02509e-08 600 194204
200.825 207041 6.30727e-08 294 195657
201.287 180626 5.46479e-08 600 197009
201.814 203060 6.09547e-08 768 198562
202.504 210246 6.24691e-08 648 200606
203.077 218686 6.44288e-08 408 202311
203.668 200568 5.85782e-08 552 204083
204.218 210338 6.09361e-08 648 205743
204.837 205407 5.89699e-08 348 207618
205.201 199218 5.6889e-08 744 208728
205.887 220853 6.24394e-08 672 210827
206.458 200159 5.61201e-08 456 212587
206.934 210258 5.85461e-08 600 214060
207.512 220065 6.07663e-08 744 215858
208.097 220015 6.02416e-08 288 217689
208.791 228119 6.18394e-08 704 219876
209.296 217938 5.86531e-08 678 221474
209.933 239798 6.39501e-08 648 223503
210.554 206671 5.46294e-08 648 225493
211.142 224407 5.88234e-08 696 227388
211.654 214209 5.57441e-08 696 229045
212.374 250722 6.45847e-08 552 231389
212.884 245485 6.27823e-08 840 233060
213.609 251794 6.3742e-08 600 235451
214.158 248301 6.2376e-08 696 237269
214.794 246394 6.13487e-08 672 239389
215.306 250312 6.18801e-08 552 241108
216 247662 6.06375e-08 492 243444
216.542 224849 5.46394e-08 840 245282
217.147 238824 5.75516e-08 606 247344
217.726 266265 6.36533e-08 936 249329
218.389 242836 5.75257e-08 528 251612
218.855 255402 6.01164e-08 696 253228
219.555 246478 5.7463e-08 648 255665
220.075 267730 6.19761e-08 936 257486
220.784 259133 5.94101e-08 384 259982
221.192 256614 5.85073e-08 864 261427
221.916 281893 6.3644e-08 768 264002
222.523 261025 5.84515e-08 528 266174
223.149 266374 5.91492e-08 776 268425
223.759 255656 5.63056e-08 960 270635
224.376 289905 6.33241e-08 696 272877
224.869 293995 6.37953e-08 582 274682
225.664 274916 5.90273e-08 1008 277605
226.234 262626 5.5963e-08 408 279715
226.796 295268 6.24529e-08 960 281802
227.531 300921 6.30329e-08 852 284554
228.14 270836 5.62781e-08 912 286845
228.844 305575 6.29132e-08 1032 289505
229.334 287343 5.87808e-08 384 291370
230.052 277705 5.62792e-08 864 294114
230.602 279976 5.6334e-08 840 296231
231.238 285497 5.69723e-08 912 298688
232.023 290353 5.73555e-08 792 301739
232.609 312678 6.12995e-08 744 304033
233.328 315039 6.11931e-08 726 306860
233.873 343621 6.62791e-08 984 309018
234.491 333774 6.38726e-08 912 311472
235.174 320364 6.07738e-08 1104 314201
235.838 352321 6.62728e-08 744 316872
236.64 322098 5.99738e-08 968 320115
237.102 320124 5.92587e-08 672 321993
237.764 342437 6.28615e-08 984 324696
238.52 350481 6.37278e-08 840 327805
239.12 310529 5.60396e-08 1092 330284
239.888 331080 5.91764e-08 840 333476
240.424 326203 5.79155e-08 720 335717
241.164 374613 6.59e-08 1110 338827
241.846 335494 5.85204e-08 1056 341710
242.467 355525 6.15393e-08 888 344348
243.171 312929 5.36971e-08 936 347356
243.815 351309 5.98067e-08 912 350122
244.525 340139 5.74022e-08 1104 353190
245.217 385245 6.44649e-08 912 356200
245.869 341570 5.67031e-08 1104 359049
246.608 356945 5.87243e-08 1128 362296
247.294 358688 5.85217e-08 768 365326
247.85 381644 6.18485e-08 888 367798
248.519 378221 6.08002e-08 1224 370783
249.45 356472 5.66653e-08 750 374963
249.899 407937 6.4497e-08 1092 376994
250.695 390926 6.12204e-08 1472 380609
251.481 402894 6.2505e-08 792 384199
252.08 390022 6.00776e-08 1080 386951
252.799 403767 6.16661e-08 1584 390269
253.532 394084 5.96666e-08 624 393675
254.2 387354 5.8186e-08 1248 396798
254.861 372119 5.54641e-08 888 399899
255.614 380236 5.61746e-08 912 403454
256.265 420982 6.1721e-08 1368 406547
256.953 449330 6.53497e-08 966 409828
257.704 400532 5.77445e-08 1536 413434
258.54 407762 5.8219e-08 1152 417467
259.243 402804 5.70442e-08 1008 420884
259.932 440094 6.18309e-08 1248 424248
260.541 395441 5.51686e-08 1056 427237
261.264 474095 6.55942e-08 1188 430805
262.042 447271 6.13335e-08 1152 434663
262.821 454871 6.18229e-08 1560 438550
263.607 418536 5.63772e-08 1128 442496
264.241 401826 5.37373e-08 1152 445700
264.937 445131 5.90607e-08 920 449230
265.674 440886 5.80122e-08 1470 452989
266.462 461015 6.01241e-08 1200 457032
267.211 467203 6.04203e-08 1440 460896
267.851 474835 6.09679e-08 1224 464218
268.643 468219 5.95888e-08 1296 468344
269.491 444692 5.60619e-08 1560 472794
270.234 448332 5.60556e-08 1272 476717
270.856 469009 5.82378e-08 1080 480017
271.599 447444 5.51051e-08 1368 483980
272.391 524364 6.40168e-08 1248 488225
273.221 498057 6.02529e-08 1194 492698
273.902 471764 5.66472e-08 1752 496394
274.742 497250 5.91615e-08 1392 500974
275.414 517844 6.11618e-08 1440 504660
276.257 495809 5.80251e-08 1488 509306
277.053 547786 6.3557e-08 1248 513721
277.725 520159 5.99145e-08 1512 517468
278.494 487061 5.56385e-08 1112 521781
279.334 537558 6.08546e-08 1848 526517
280.018 563092 6.3279e-08 1224 530396
280.822 553728 6.16943e-08 1536 534973
281.662 544711 6.01482e-08 1638 539788
282.432 542025 5.93633e-08 1392 544228
283.2 526675 5.72143e-08 1632 548679
284.096 550154 5.9201e-08 1452 553906
284.778 558058 5.96212e-08 1680 557903
285.519 584695 6.1982e-08 1320 562269
286.288 550408 5.78779e-08 1752 566828
287.181 535620 5.57992e-08 1776 572149
288.046 601802 6.21307e-08 1104 577335
288.664 602804 6.18358e-08 1728 581054
289.525 568320 5.77795e-08 1446 586273
290.308 579228 5.84131e-08 1920 591043
291.216 607200 6.0663e-08 1896 596607
291.958 558825 5.54057e-08 1176 601176
292.671 587837 5.78573e-08 1856 605591
293.489 604965 5.90464e-08 1896 610684
294.361 613981 5.93953e-08 1464 616145
295.283 616148 5.90485e-08 1968 621951
296.06 615916 5.85626e-08 1548 626876
296.89 623481 5.8786e-08 1944 632163
297.701 618784 5.78679e-08 1470 637355
298.52 698083 6.47483e-08 1920 642627
299.349 654570 6.0209e-08 2184 648000
300.237 658279 6.00144e-08 1464 653785
300.944 669964 6.06503e-08 1608 658413
301.799 640084 5.74545e-08 1944 664038
302.665 693026 6.1674e-08 1872 669773
303.492 733097 6.4708e-08 2256 675280
304.337 687462 6.01762e-08 1632 680932
305.241 665611 5.77471e-08 1542 687023
306.043 683126 5.88021e-08 2216 692449
306.919 688311 5.87424e-08 2052 698414
307.758 688956 5.83182e-08 1680 704153
308.566 635274 5.33527e-08 2280 709716
309.463 725666 6.0416e-08 1968 715920
310.346 702522 5.79913e-08 2016 722066
311.163 750240 6.14435e-08 1968 727787
312.111 718050 5.82729e-08 1920 734460
313.019 731729 5.88681e-08 2400 740885
313.95 762106 6.0768e-08 1974 747516
314.65 737465 5.84112e-08 1944 752532
315.544 736596 5.7848e-08 1920 758963
316.375 765529 5.96476e-08 2280 764977
317.216 778813 6.02015e-08 1968 771092
318.134 793201 6.07845e-08 2220 777804
319.043 776572 5.90028e-08 2352 784494
319.967 773270 5.82446e-08 1968 791325
320.822 765786 5.72207e-08 2504 797691
321.782 815453 6.03884e-08 2118 804870
322.658 789009 5.79557e-08 2352 811458
323.544 833026 6.06875e-08 2136 818163
324.413 876734 6.33595e-08 2112 824776
325.282 783050 5.61373e-08 2472 831416
326.174 874017 6.21456e-08 2376 838281
327.078 848565 5.9837e-08 2304 845270
328.053 850143 5.94153e-08 2448 852852
328.955 867036 6.00992e-08 2280 859902
329.961 896383 6.15664e-08 2466 867820
330.774 833742 5.68432e-08 2256 874246
331.661 875254 5.91957e-08 2472 881301
332.581 875974 5.87543e-08 2856 888652
333.504 908622 6.04395e-08 2112 896072
334.499 900317 5.9354e-08 2720 904119
335.416 965921 6.3158e-08 2136 911577
336.226 921182 5.97988e-08 2736 918191
337.22 941135 6.0555e-08 2376 926365
338.215 967251 6.16879e-08 3126 934586
339.243 912691 5.76808e-08 2568 943132
339.994 949652 5.96198e-08 2112 949411
340.955 936486 5.82976e-08 2748 957482
341.947 970652 5.98998e-08 2928 965869
342.851 969011 5.93271e-08 2640 973544
343.881 988359 5.99697e-08 2856 982343
344.792 975101 5.86972e-08 2352 990177
345.768 971914 5.80115e-08 2910 998604
346.696 1.00241e+06 5.93526e-08 2784 1.00667e+06
347.696 1.01306e+06 5.94671e-08 2952 1.01541e+06
348.648 1.02592e+06 5.97299e-08 2696 1.02377e+06
349.573 1.02932e+06 5.94537e-08 3264 1.03194e+06
350.572 1.05533e+06 6.04358e-08 2472 1.04081e+06
351.541 1.02264e+06 5.80813e-08 3024 1.04946e+06
352.612 1.05005e+06 5.90957e-08 2964 1.05909e+06
353.557 1.09883e+06 6.13471e-08 2910 1.06762e+06
354.497 1.04276e+06 5.77546e-08 2880 1.07617e+06
355.414 1.06937e+06 5.87713e-08 3216 1.08454e+06
356.53 1.11001e+06 6.04337e-08 3096 1.09478e+06
357.43 1.11386e+06 6.0186e-08 2880 1.1031e+06
358.434 1.09528e+06 5.86862e-08 2904 1.11242e+06
359.44 1.093e+06 5.80738e-08 3504 1.12181e+06
360.458 1.09036e+06 5.74444e-08 3168 1.13137e+06
361.559 1.13209e+06 5.90996e-08 3054 1.14176e+06
362.446 1.20068e+06 6.22206e-08 3032 1.15019e+06
363.444 1.19e+06 6.11612e-08 3000 1.15972e+06
364.47 1.20726e+06 6.15258e-08 3780 1.16957e+06
365.549 1.16588e+06 5.88918e-08 3504 1.17999e+06
366.568 1.18624e+06 5.94222e-08 2904 1.18988e+06
367.533 1.22533e+06 6.08983e-08 3336 1.1993e+06
368.538 1.21106e+06 5.96976e-08 3144 1.20917e+06
369.551 1.1727e+06 5.7333e-08 3414 1.21917e+06
370.659 1.2437e+06 6.02599e-08 3552 1.23017e+06
371.545 1.3314e+06 6.40497e-08 2928 1.23901e+06
372.509 1.22147e+06 5.83058e-08 3840 1.24868e+06
373.613 1.21662e+06 5.75611e-08 3312 1.25982e+06
374.63 1.28941e+06 6.05093e-08 3432 1.27013e+06
375.674 1.26308e+06 5.87807e-08 3596 1.28078e+06
376.812 1.29799e+06 5.98601e-08 4224 1.29245e+06
377.946 1.34225e+06 6.13455e-08 3294 1.30416e+06
378.905 1.26356e+06 5.73117e-08 3792 1.31411e+06
379.935 1.27067e+06 5.71666e-08 3528 1.32486e+06
381.122 1.28261e+06 5.71668e-08 3984 1.33731e+06
382.114 1.38966e+06 6.14568e-08 3768 1.34778e+06
383.151 1.3648e+06 5.98687e-08 3672 1.35878e+06
384.18 1.34887e+06 5.86952e-08 3384 1.36977e+06
385.199 1.41203e+06 6.09578e-08 3648 1.38069e+06
386.32 1.43737e+06 6.15132e-08 4098 1.39277e+06
387.377 1.45614e+06 6.18074e-08 4008 1.40424e+06
388.485 1.41074e+06 5.93696e-08 4032 1.41633e+06
389.498 1.43066e+06 5.97392e-08 3800 1.42743e+06
390.569 1.43532e+06 5.94422e-08 3816 1.43924e+06
391.7 1.4401e+06 5.9125e-08 4248 1.45178e+06
392.769 1.51433e+06 6.16666e-08 3720 1.46369e+06
393.856 1.49658e+06 6.04406e-08 4254 1.47588e+06
394.945 1.52384e+06 6.10337e-08 4224 1.48816e+06
396.062 1.47635e+06 5.86323e-08 4368 1.50083e+06
397.195 1.53077e+06 6.02751e-08 4104 1.51374e+06
398.311 1.51495e+06 5.9152e-08 4500 1.52654e+06
399.391 1.51833e+06 5.88049e-08 3480 1.53898e+06
400.481 1.54937e+06 5.95183e-08 5328 1.55162e+06
401.634 1.54995e+06 5.90289e-08 3342 1.56506e+06
402.677 1.5462e+06 5.84297e-08 4800 1.57729e+06
403.868 1.58461e+06 5.93533e-08 4184 1.59132e+06
404.934 1.60385e+06 5.96008e-08 5064 1.60395e+06
406.082 1.63151e+06 6.01156e-08 4032 1.61764e+06
407.201 1.55977e+06 5.69999e-08 4632 1.63105e+06
408.351 1.62404e+06 5.88485e-08 4680 1.64491e+06
409.484 1.66196e+06 5.97238e-08 3924 1.65864e+06
410.59 1.60945e+06 5.73711e-08 5166 1.67211e+06
411.726 1.6458e+06 5.81823e-08 4800 1.68603e+06
412.901 1.70231e+06 5.96679e-08 4560 1.70051e+06
414.001 1.73684e+06 6.0394e-08 4584 1.71414e+06
415.151 1.70299e+06 5.87262e-08 4848 1.72846e+06
416.249 1.75565e+06 6.00646e-08 4560 1.74221e+06
417.535 1.72492e+06 5.84697e-08 5600 1.7584e+06
418.686 1.74621e+06 5.87048e-08 4686 1.77298e+06
419.855 1.76155e+06 5.87268e-08 5016 1.78788e+06
421.054 1.85228e+06 6.12255e-08 4956 1.80324e+06
422.113 1.8152e+06 5.95495e-08 4872 1.81688e+06
423.328 1.83653e+06 5.9732e-08 5376 1.83261e+06
424.545 1.85737e+06 5.98915e-08 5088 1.84847e+06
425.69 1.82426e+06 5.83505e-08 4710 1.86347e+06
426.835 1.88212e+06 5.97185e-08 4848 1.87854e+06
427.985 1.86867e+06 5.88149e-08 5976 1.89376e+06
429.2 1.86968e+06 5.83485e-08 5208 1.90993e+06
430.405 1.97174e+06 6.1018e-08 5352 1.92607e+06
431.6 1.96461e+06 6.02935e-08 4820 1.94216e+06
432.743 1.88959e+06 5.7533e-08 5760 1.95763e+06
433.954 1.97133e+06 5.95205e-08 5166 1.97412e+06
435.188 1.97454e+06 5.91117e-08 6168 1.991e+06
436.422 2.0802e+06 6.17485e-08 5136 2.00798e+06
437.637 2.03292e+06 5.98434e-08 6240 2.02481e+06
438.922 2.02886e+06 5.92008e-08 5568 2.0427e+06
440.112 2.1484e+06 6.21822e-08 5712 2.05935e+06
441.308 2.04028e+06 5.85738e-08 5520 2.07618e+06
442.568 2.02955e+06 5.77697e-08 5670 2.09402e+06
443.761 2.1392e+06 6.04009e-08 6036 2.111e+06
445.017 2.13954e+06 5.99005e-08 6264 2.12898e+06
446.297 2.24069e+06 6.21943e-08 5912 2.14739e+06
447.472 2.20859e+06 6.08215e-08 5736 2.1644e+06
448.662 2.19698e+06 6.00218e-08 5400 2.18171e+06
449.929 2.16614e+06 5.86806e-08 6342 2.20025e+06
451.219 2.22865e+06 5.98574e-08 7032 2.21924e+06
452.483 2.28356e+06 6.082e-08 5448 2.23793e+06
453.686 2.21375e+06 5.8493e-08 6528 2.25582e+06
455.01 2.23046e+06 5.84214e-08 6468 2.27563e+06
456.302 2.3136e+06 6.00858e-08 6528 2.29507e+06
457.487 2.24372e+06 5.78192e-08 5568 2.313e+06
458.712 2.3177e+06 5.92485e-08 6798 2.33163e+06
460.09 2.3448e+06 5.94041e-08 6560 2.35271e+06
461.321 2.41159e+06 6.06085e-08 6888 2.37165e+06
462.613 2.48556e+06 6.19456e-08 6624 2.39163e+06
463.886 2.37792e+06 5.87766e-08 6288 2.41142e+06
465.161 2.39403e+06 5.86895e-08 6960 2.43136e+06
466.517 2.48128e+06 6.02993e-08 6570 2.45269e+06
467.702 2.54672e+06 6.14204e-08 6600 2.47144e+06
469.04 2.5589e+06 6.11876e-08 7776 2.4927e+06
470.459 2.49442e+06 5.91077e-08 7248 2.51539e+06
471.78 2.54814e+06 5.98749e-08 6672 2.53664e+06
473.02 2.59987e+06 6.0611e-08 6704 2.5567e+06
474.279 2.56684e+06 5.93657e-08 6942 2.57717e+06
475.618 2.64099e+06 6.05663e-08 7656 2.59905e+06
476.939 2.614e+06 5.94506e-08 7128 2.62077e+06
478.33 2.59801e+06 5.85731e-08 7908 2.64376e+06
479.632 2.69327e+06 6.02277e-08 6648 2.66541e+06
480.845 2.61034e+06 5.79324e-08 7320 2.68569e+06
482.277 2.62435e+06 5.77261e-08 7638 2.70975e+06
483.589 2.6927e+06 5.87488e-08 7416 2.73193e+06
484.867 2.6698e+06 5.77896e-08 7752 2.75365e+06
486.296 2.82407e+06 6.05919e-08 8448 2.77806e+06
487.682 2.75625e+06 5.86338e-08 7280 2.80189e+06
489.022 2.81369e+06 5.93651e-08 7668 2.82504e+06
490.366 2.84134e+06 5.94571e-08 8094 2.8484e+06
491.698 2.95115e+06 6.1254e-08 7656 2.87168e+06
493.062 2.84119e+06 5.84837e-08 8160 2.89565e+06
494.434 2.88043e+06 5.87992e-08 8472 2.91989e+06
495.863 2.93855e+06 5.94686e-08 7896 2.94527e+06
497.177 2.99864e+06 6.02049e-08 8088 2.96874e+06
498.568 2.99652e+06 5.96601e-08 8286 2.99373e+06
499.992 2.91889e+06 5.76195e-08 8676 3.01946e+06
501.353 3.04943e+06 5.97076e-08 8120 3.04418e+06
502.724 3.09012e+06 6.00105e-08 9024 3.06923e+06
504.146 2.97027e+06 5.71961e-08 8160 3.09535e+06
505.492 3.16399e+06 6.04411e-08 7944 3.1202e+06
506.883 3.17704e+06 6.0192e-08 8982 3.14604e+06
508.301 3.1399e+06 5.89918e-08 9528 3.17252e+06
509.763 3.15268e+06 5.8724e-08 8832 3.19996e+06
511.225 3.28457e+06 6.06573e-08 8916 3.22757e+06
512.624 3.21613e+06 5.89083e-08 9240 3.25415e+06
514.037 3.17269e+06 5.76347e-08 8502 3.28113e+06
515.448 3.30302e+06 5.95109e-08 9416 3.30822e+06
516.848 3.32067e+06 5.93439e-08 8976 3.33526e+06
518.29 3.35816e+06 5.95146e-08 9432 3.36324e+06
519.73 3.36936e+06 5.92178e-08 9864 3.39137e+06
521.211 3.35976e+06 5.85473e-08 9024 3.42044e+06
522.661 3.42945e+06 5.92657e-08 9762 3.44906e+06
524.084 3.5589e+06 6.10034e-08 9264 3.4773e+06
525.512 3.54516e+06 6.02738e-08 10056 3.5058e+06
526.971 3.50347e+06 5.90716e-08 9936 3.53509e+06
528.52 3.50442e+06 5.85694e-08 9624 3.56636e+06
529.893 3.63315e+06 6.025e-08 9752 3.59423e+06
531.395 3.64202e+06 5.98866e-08 10446 3.62487e+06
532.886 3.67358e+06 5.99e-08 10056 3.65547e+06
534.33 3.58709e+06 5.80168e-08 9876 3.68526e+06
535.856 3.63849e+06 5.83467e-08 11160 3.71693e+06
537.351 3.73878e+06 5.94562e-08 10128 3.74812e+06
538.857 3.77627e+06 5.95503e-08 9726 3.77972e+06
540.292 3.76863e+06 5.89575e-08 11112 3.81e+06
541.829 3.83254e+06 5.94485e-08 10776 3.84261e+06
543.283 3.87746e+06 5.96635e-08 10232 3.87363e+06
544.797 3.96498e+06 6.0503e-08 11184 3.90611e+06
546.395 3.9247e+06 5.93642e-08 11058 3.94059e+06
547.918 3.96718e+06 5.95081e-08 11472 3.97362e+06
549.394 3.96921e+06 5.906e-08 10464 4.00582e+06
550.856 4.02974e+06 5.94843e-08 10584 4.0379e+06
552.438 4.16993e+06 6.10266e-08 12504 4.07277e+06
553.995 4.10644e+06 5.95919e-08 10560 4.10732e+06
555.487 4.16949e+06 6.00208e-08 11694 4.14058e+06
557.062 4.18608e+06 5.97498e-08 11420 4.17591e+06
558.601 4.29106e+06 6.07436e-08 12504 4.21061e+06
560.134 4.3342e+06 6.08517e-08 10800 4.24538e+06
561.718 4.24477e+06 5.90935e-08 12456 4.28149e+06
563.318 4.39332e+06 6.06419e-08 12030 4.31818e+06
564.827 4.29575e+06 5.88211e-08 11232 4.35297e+06
566.351 4.4668e+06 6.06706e-08 13176 4.38832e+06
567.977 4.46873e+06 6.01773e-08 11196 4.42621e+06
569.488 4.44276e+06 5.93525e-08 12720 4.46163e+06
571.076 4.3904e+06 5.8165e-08 11918 4.49906e+06
572.644 4.54922e+06 5.97755e-08 13392 4.53622e+06
574.302 4.43035e+06 5.77107e-08 12600 4.57575e+06
575.906 4.63345e+06 5.98534e-08 13200 4.61419e+06
577.52 4.64984e+06 5.95629e-08 12864 4.65309e+06
579.111 4.77952e+06 6.0721e-08 12270 4.69165e+06
580.695 4.72128e+06 5.94914e-08 13668 4.73027e+06
582.31 4.92402e+06 6.15315e-08 13200 4.76983e+06
583.929 4.89174e+06 6.06209e-08 13416 4.80973e+06
585.558 4.87018e+06 5.98516e-08 12992 4.85009e+06
587.186 4.85605e+06 5.91828e-08 13806 4.89067e+06
588.791 4.86863e+06 5.88522e-08 13800 4.93088e+06
590.416 5.06708e+06 6.07469e-08 13056 4.9718e+06
592.022 5.13232e+06 6.10295e-08 14364 5.0125e+06
593.668 4.95045e+06 5.83786e-08 13248 5.05442e+06
595.325 5.07772e+06 5.93808e-08 15054 5.09686e+06
597.026 5.19768e+06 6.02658e-08 13680 5.14066e+06
598.633 5.26344e+06 6.0538e-08 15152 5.18229e+06
600.356 5.31887e+06 6.06503e-08 14376 5.22718e+06
601.981 5.28627e+06 5.97916e-08 13932 5.26974e+06
603.668 5.26032e+06 5.90008e-08 14910 5.31416e+06
605.328 5.28761e+06 5.88201e-08 15648 5.35813e+06
606.992 5.40374e+06 5.96191e-08 13680 5.40243e+06
608.681 5.52039e+06 6.04005e-08 15816 5.44765e+06
610.385 5.42797e+06 5.88933e-08 15030 5.49353e+06
612.048 5.47616e+06 5.89331e-08 15104 5.53856e+06
613.806 5.65893e+06 6.03783e-08 16548 5.58642e+06
615.522 5.76322e+06 6.09782e-08 15360 5.63341e+06
617.228 5.67552e+06 5.95536e-08 15768 5.68038e+06
618.905 5.75112e+06 5.98578e-08 14622 5.72679e+06
620.629 5.88011e+06 6.06918e-08 17568 5.77478e+06
622.429 5.7891e+06 5.92354e-08 16368 5.82518e+06
624.133 5.87659e+06 5.96394e-08 15960 5.87316e+06
625.863 5.92654e+06 5.96492e-08 15732 5.92212e+06
627.578 6.08283e+06 6.07215e-08 17006 5.97094e+06
629.313 6.02951e+06 5.96929e-08 16680 6.0206e+06
631.126 6.08087e+06 5.96841e-08 17712 6.07278e+06
632.844 6.2038e+06 6.03958e-08 15576 6.12253e+06
634.511 6.20603e+06 5.99427e-08 16974 6.17102e+06
636.325 6.23735e+06 5.97315e-08 17436 6.2241e+06
638.079 6.23377e+06 5.92063e-08 17952 6.27571e+06
639.88 6.33707e+06 5.96806e-08 17448 6.329e+06
641.626 6.32804e+06 5.91104e-08 17336 6.38095e+06
643.448 6.49603e+06 6.01656e-08 17958 6.43546e+06
645.236 6.50261e+06 5.97272e-08 19056 6.48927e+06
647.056 6.67092e+06 6.07575e-08 17304 6.54434e+06
648.81 6.51567e+06 5.88635e-08 18276 6.59772e+06
650.599 6.8063e+06 6.09832e-08 17838 6.65243e+06
652.365 6.64694e+06 5.90731e-08 18984 6.70676e+06
654.267 6.89819e+06 6.0773e-08 19616 6.76557e+06
656.049 6.88419e+06 6.01566e-08 18168 6.82103e+06
657.865 7.00854e+06 6.07374e-08 19320 6.87782e+06
659.743 6.98093e+06 5.99832e-08 19170 6.93687e+06
661.508 7.13849e+06 6.08472e-08 19008 6.99272e+06
663.358 6.96654e+06 5.8886e-08 20472 7.05156e+06
665.241 6.95094e+06 5.82568e-08 19128 7.11176e+06
667.07 7.21848e+06 6.00028e-08 19998 7.17057e+06
668.912 7.1287e+06 5.87682e-08 19808 7.23015e+06
670.766 7.41843e+06 6.06512e-08 20724 7.29042e+06
672.65 7.38082e+06 5.9838e-08 19896 7.35204e+06
674.456 7.40267e+06 5.95342e-08 20304 7.41143e+06
676.388 7.54071e+06 6.01262e-08 21030 7.4753e+06
678.233 7.5551e+06 5.97506e-08 21168 7.53664e+06
680.119 7.45798e+06 5.84934e-08 20736 7.59966e+06
682.025 7.71123e+06 5.9974e-08 21356 7.66375e+06
683.962 7.74907e+06 5.97576e-08 22206 7.72924e+06
685.85 7.78766e+06 5.95607e-08 21360 7.79341e+06
687.747 7.89065e+06 5.98504e-08 21456 7.85826e+06
689.624 8.02534e+06 6.03762e-08 21648 7.92278e+06
691.543 8.04953e+06 6.00556e-08 22326 7.98909e+06
693.471 8.07812e+06 5.97676e-08 22212 8.0561e+06
695.345 8.07225e+06 5.92425e-08 22128 8.1216e+06
697.259 8.27795e+06 6.02532e-08 22640 8.18884e+06
699.232 8.19408e+06 5.91394e-08 23022 8.25855e+06
701.21 8.24649e+06 5.90153e-08 24168 8.32885e+06
703.13 8.38323e+06 5.95038e-08 22416 8.39744e+06
705.104 8.55361e+06 6.02046e-08 23700 8.46836e+06
707.07 8.50599e+06 5.93713e-08 24222 8.53941e+06
709.022 8.62405e+06 5.96998e-08 22776 8.61032e+06
710.94 8.69031e+06 5.96728e-08 24296 8.68039e+06
712.937 8.86645e+06 6.03722e-08 24648 8.75373e+06
714.886 8.89642e+06 6.00821e-08 22926 8.82573e+06
716.842 8.87624e+06 5.94565e-08 25476 8.89836e+06
718.878 8.95368e+06 5.9467e-08 25608 8.9744e+06
720.869 8.9153e+06 5.87228e-08 24576 9.04918e+06
722.888 9.12248e+06 5.95854e-08 25134 9.12542e+06
724.881 9.11996e+06 5.9079e-08 25928 9.20111e+06
726.915 9.27744e+06 5.9596e-08 26136 9.27878e+06
728.95 9.32741e+06 5.94166e-08 25644 9.35694e+06
730.944 9.41614e+06 5.94923e-08 25926 9.43392e+06
732.99 9.49617e+06 5.94968e-08 26232 9.51339e+06
735.005 9.56156e+06 5.94152e-08 27216 9.59204e+06
737.068 9.55076e+06 5.88512e-08 26736 9.67303e+06
739.171 9.83559e+06 6.00904e-08 27698 9.75607e+06
741.196 9.84803e+06 5.96746e-08 26640 9.83649e+06
743.196 9.87362e+06 5.93481e-08 26880 9.9163e+06
745.316 1.01112e+07 6.02591e-08 29160 1.00014e+07
747.411 1.01463e+07 5.99609e-08 27318 1.0086e+07
749.444 1.01739e+07 5.96364e-08 27984 1.01685e+07
751.526 1.02696e+07 5.96985e-08 28364 1.02535e+07
753.575 1.03775e+07 5.98347e-08 28464 1.03376e+07
755.71 1.03529e+07 5.91881e-08 28974 1.04257e+07
757.777 1.05018e+07 5.95495e-08 28920 1.05115e+07
759.853 1.06157e+07 5.97034e-08 29640 1.05981e+07
761.991 1.07665e+07 6.00432e-08 28884 1.06878e+07
764.087 1.07395e+07 5.94011e-08 30558 1.07763e+07
766.255 1.08306e+07 5.93983e-08 30776 1.08683e+07
768.35 1.10384e+07 6.00435e-08 29040 1.09577e+07
770.454 1.1112e+07 5.99501e-08 30984 1.10479e+07
772.624 1.11709e+07 5.97615e-08 30930 1.11415e+07
774.804 1.112e+07 5.89889e-08 32712 1.12361e+07
776.967 1.11669e+07 5.87442e-08 30528 1.13305e+07
779.078 1.13942e+07 5.94539e-08 30326 1.14231e+07
781.242 1.14794e+07 5.94021e-08 33624 1.15185e+07
783.447 1.15586e+07 5.93082e-08 31824 1.16164e+07
785.593 1.17866e+07 5.99841e-08 31860 1.1712e+07
787.805 1.1769e+07 5.93912e-08 33942 1.18113e+07
789.985 1.20347e+07 6.02306e-08 31848 1.19096e+07
792.132 1.23075e+07 6.10969e-08 33624 1.20069e+07
794.36 1.20888e+07 5.95072e-08 33512 1.21086e+07
796.562 1.22641e+07 5.98712e-08 33594 1.22095e+07
798.778 1.23313e+07 5.96995e-08 34944 1.23117e+07
800.997 1.24465e+07 5.97576e-08 33624 1.24146e+07
803.205 1.23944e+07 5.90183e-08 34710 1.25176e+07
805.416 1.26759e+07 5.98628e-08 34704 1.26212e+07
807.649 1.28004e+07 5.99509e-08 35468 1.27265e+07
809.907 1.27995e+07 5.94466e-08 36096 1.28335e+07
812.202 1.29798e+07 5.97744e-08 35958 1.29429e+07
814.448 1.31081e+07 5.98672e-08 36576 1.30506e+07
816.7 1.33632e+07 6.0529e-08 35976 1.31591e+07
818.955 1.33122e+07 5.98011e-08 36396 1.32685e+07
821.243 1.32346e+07 5.89568e-08 38030 1.338e+07
823.495 1.36108e+07 6.01367e-08 35784 1.34904e+07
825.764 1.3825e+07 6.05813e-08 38712 1.36022e+07
828.102 1.35822e+07 5.90146e-08 38310 1.3718e+07
830.398 1.38791e+07 5.98055e-08 37596 1.38324e+07
832.649 1.39814e+07 5.97593e-08 39000 1.39453e+07
834.997 1.41496e+07 5.99692e-08 38552 1.40635e+07
837.325 1.41623e+07 5.95239e-08 40206 1.41815e+07
839.639 1.4203e+07 5.92028e-08 39072 1.42994e+07
842.006 1.43844e+07 5.94547e-08 41340 1.44207e+07
844.364 1.46562e+07 6.00718e-08 39342 1.45422e+07
846.654 1.47722e+07 6.00576e-08 40176 1.46608e+07
849.007 1.47049e+07 5.92882e-08 41768 1.47834e+07
851.36 1.4985e+07 5.99179e-08 40206 1.49067e+07
853.726 1.50219e+07 5.95676e-08 42300 1.50313e+07
856.093 1.52817e+07 6.00962e-08 42360 1.51567e+07
858.447 1.53733e+07 5.99605e-08 40488 1.5282e+07
860.825 1.54167e+07 5.96327e-08 44406 1.54094e+07
863.261 1.53431e+07 5.88474e-08 43076 1.55405e+07
865.619 1.57054e+07 5.97461e-08 42600 1.56683e+07
868.063 1.57447e+07 5.93911e-08 45486 1.58014e+07
870.51 1.59126e+07 5.95197e-08 43848 1.59353e+07
872.865 1.62794e+07 6.04e-08 43248 1.6065e+07
875.268 1.63039e+07 5.99942e-08 44988 1.61981e+07
877.736 1.63739e+07 5.97447e-08 46454 1.63355e+07
880.173 1.6455e+07 5.95434e-08 44928 1.64719e+07
882.637 1.6507e+07 5.92327e-08 47256 1.66107e+07
885.084 1.70509e+07 6.06782e-08 45126 1.67492e+07
887.541 1.69566e+07 5.98429e-08 48084 1.68891e+07
889.995 1.72796e+07 6.04799e-08 46320 1.70295e+07
892.49 1.71913e+07 5.96675e-08 47894 1.71732e+07
894.921 1.75366e+07 6.03715e-08 47160 1.73139e+07
897.379 1.75072e+07 5.97763e-08 48228 1.74569e+07
899.935 1.76028e+07 5.9592e-08 50598 1.76066e+07
902.415 1.78561e+07 5.99527e-08 47328 1.77525e+07
904.896 1.78318e+07 5.93798e-08 50696 1.78993e+07
907.414 1.83565e+07 6.06196e-08 49344 1.80492e+07
909.974 1.83834e+07 6.01974e-08 51570 1.82023e+07
912.489 1.8322e+07 5.95015e-08 50832 1.83537e+07
915.021 1.86023e+07 5.99119e-08 50424 1.85069e+07
917.558 1.87597e+07 5.99189e-08 52686 1.86613e+07
920.103 1.89269e+07 5.99529e-08 51092 1.8817e+07
922.642 1.9015e+07 5.97359e-08 53376 1.89732e+07
925.222 1.91422e+07 5.96342e-08 52374 1.91328e+07
927.753 1.94216e+07 6.00106e-08 52848 1.92902e+07
930.333 1.96344e+07 6.01648e-08 55488 1.94516e+07
932.98 1.97178e+07 5.99076e-08 54098 1.96181e+07
935.507 1.98113e+07 5.97052e-08 53688 1.9778e+07
938.093 1.97292e+07 5.89675e-08 55296 1.99424e+07
940.702 2.03018e+07 6.01752e-08 56358 2.01093e+07
943.366 2.02168e+07 5.94173e-08 57468 2.02806e+07
945.983 2.05018e+07 5.97559e-08 56000 2.04499e+07
948.631 2.07103e+07 5.98595e-08 57774 2.06221e+07
951.26 2.10606e+07 6.0369e-08 57648 2.0794e+07
953.878 2.08925e+07 5.93952e-08 57480 2.09662e+07
956.53 2.12691e+07 5.99644e-08 58122 2.11415e+07
959.153 2.15663e+07 6.03047e-08 59208 2.13159e+07
961.832 2.12752e+07 5.89952e-08 60032 2.1495e+07
964.527 2.18696e+07 6.01362e-08 60366 2.16762e+07
967.205 2.20079e+07 6.00153e-08 60444 2.18573e+07
969.867 2.21281e+07 5.98477e-08 60912 2.20382e+07
972.575 2.22657e+07 5.97181e-08 61422 2.22234e+07
975.276 2.25659e+07 6.00218e-08 63032 2.2409e+07
977.994 2.2604e+07 5.96235e-08 62052 2.25969e+07
980.718 2.28269e+07 5.97111e-08 64038 2.27863e+07
983.416 2.30131e+07 5.97039e-08 61632 2.29748e+07
986.1 2.32095e+07 5.97232e-08 64896 2.31634e+07
988.883 2.34988e+07 5.99585e-08 64874 2.33601e+07
991.584 2.36232e+07 5.97845e-08 64200 2.35521e+07
994.365 2.39187e+07 6.00259e-08 68016 2.37508e+07
997.161 2.41759e+07 6.01625e-08 65694 2.39517e+07
999.915 2.42487e+07 5.98464e-08 67212 2.41507e+07
1002.69 2.47042e+07 6.04665e-08 67088 2.4352e+07
1005.45 2.48022e+07 6.02067e-08 67182 2.45542e+07
1008.23 2.49646e+07 6.01007e-08 69768 2.47585e+07
1011.03 2.50027e+07 5.96939e-08 67524 2.49653e+07
1013.83 2.5663e+07 6.07649e-08 70758 2.5173e+07
1016.63 2.54288e+07 5.97132e-08 69488 2.53825e+07
1019.45 2.58694e+07 6.0246e-08 71640 2.5594e+07
1022.32 2.61325e+07 6.03476e-08 72042 2.58108e+07
1025.17 2.62172e+07 6.004e-08 72960 2.60271e+07
1027.99 2.62952e+07 5.97236e-08 70422 2.62428e+07
1030.87 2.65458e+07 5.97892e-08 76784 2.64638e+07
1033.75 2.67606e+07 5.977e-08 72348 2.66866e+07
1036.6 2.7398e+07 6.06915e-08 74094 2.69074e+07
1039.46 2.71868e+07 5.97282e-08 74976 2.71306e+07
1042.33 2.75685e+07 6.00672e-08 76200 2.73562e+07
1045.27 2.75549e+07 5.95331e-08 77114 2.7588e+07
1048.16 2.81466e+07 6.03098e-08 76872 2.78175e+07
1051.07 2.84894e+07 6.05385e-08 77784 2.80499e+07
1054 2.86272e+07 6.03242e-08 78654 2.82857e+07
1056.92 2.88922e+07 6.03794e-08 79380 2.85215e+07
1059.85 2.89522e+07 6.00044e-08 79256 2.87593e+07
1062.8 2.92207e+07 6.00591e-08 80094 2.89996e+07
1065.71 2.93778e+07 5.98875e-08 80760 2.9239e+07
1068.71 2.976e+07 6.01572e-08 83034 2.94866e+07
1071.7 2.98609e+07 5.98589e-08 82664 2.9734e+07
1074.65 3.02706e+07 6.01807e-08 81864 2.99808e+07
1077.61 3.0394e+07 5.99294e-08 83334 3.02293e+07
1080.61 3.07608e+07 6.01484e-08 85980 3.04827e+07
1083.62 3.11244e+07 6.03552e-08 84144 3.07374e+07
1086.64 3.11843e+07 5.99684e-08 86486 3.09951e+07
1089.63 3.1322e+07 5.9738e-08 86016 3.1252e+07
1092.68 3.18168e+07 6.01753e-08 88290 3.1515e+07
1095.71 3.24926e+07 6.09453e-08 87672 3.17779e+07
1098.73 3.23372e+07 6.01541e-08 88608 3.20418e+07
1101.78 3.29682e+07 6.08205e-08 88682 3.23091e+07
1104.83 3.3034e+07 6.04389e-08 91200 3.2578e+07
1107.94 3.33162e+07 6.04429e-08 92568 3.28542e+07
1111.03 3.33261e+07 5.99586e-08 91014 3.31293e+07
1114.1 3.35702e+07 5.98989e-08 92828 3.34053e+07
1117.19 3.41771e+07 6.04774e-08 93054 3.36839e+07
1120.26 3.43795e+07 6.03366e-08 92568 3.39624e+07
1123.37 3.43441e+07 5.97757e-08 96768 3.42458e+07
1126.53 3.50242e+07 6.04477e-08 95658 3.45357e+07
1129.64 3.5204e+07 6.02578e-08 96368 3.48224e+07
1132.81 3.57007e+07 6.05968e-08 98526 3.51162e+07
1135.92 3.59751e+07 6.0562e-08 95436 3.54064e+07
1139.06 3.60316e+07 6.01567e-08 101472 3.57009e+07
1142.26 3.63801e+07 6.02294e-08 98582 3.60027e+07
1145.38 3.67979e+07 6.04244e-08 99984 3.62987e+07
1148.57 3.69938e+07 6.02422e-08 101298 3.66022e+07
1151.78 3.73906e+07 6.03796e-08 104952 3.69107e+07
1154.98 3.79657e+07 6.08005e-08 100568 3.7219e+07
1158.18 3.79503e+07 6.02736e-08 105942 3.75291e+07
1161.42 3.84796e+07 6.06039e-08 104892 3.78451e+07
1164.62 3.90606e+07 6.10137e-08 103734 3.81585e+07
1167.82 3.88777e+07 6.02295e-08 107160 3.84744e+07
1171.09 3.94805e+07 6.0653e-08 108788 3.87982e+07
1174.34 3.94e+07 6.00274e-08 107070 3.91224e+07
1177.6 4.00624e+07 6.05324e-08 110760 3.94484e+07
1180.88 4.02084e+07 6.0248e-08 109182 3.9779e+07
1184.16 4.05144e+07 6.02027e-08 112820 4.01119e+07
1187.45 4.08792e+07 6.02422e-08 110280 4.04466e+07
1190.74 4.138e+07 6.04758e-08 114678 4.07839e+07
1194.05 4.17201e+07 6.04668e-08 112668 4.11252e+07
1197.36 4.20883e+07 6.04961e-08 116030 4.14681e+07
1200.73 4.20553e+07 5.99414e-08 118032 4.1819e+07
1204.04 4.26394e+07 6.02732e-08 113700 4.21665e+07
1207.36 4.31798e+07 6.05361e-08 118566 4.25154e+07
1210.73 4.39136e+07 6.1052e-08 119840 4.28725e+07
1214.08 4.40137e+07 6.06853e-08 118278 4.32299e+07
1217.43 4.41959e+07 6.04355e-08 120852 4.35883e+07
1220.81 4.48737e+07 6.08531e-08 122166 4.39531e+07
1224.21 4.53393e+07 6.09736e-08 123296 4.43213e+07
1227.61 4.51967e+07 6.02789e-08 123300 4.46911e+07
1231.03 4.58664e+07 6.0664e-08 126174 4.50654e+07
1234.45 4.62672e+07 6.06873e-08 124800 4.54419e+07
1237.85 4.66586e+07 6.06964e-08 126774 4.58193e+07
1241.29 4.71452e+07 6.08209e-08 128900 4.62023e+07
1244.74 4.75825e+07 6.08768e-08 127776 4.65882e+07
1248.2 4.78712e+07 6.07384e-08 132246 4.69776e+07
1251.66 4.81511e+07 6.0588e-08 129252 4.73696e+07
1255.13 4.87549e+07 6.08409e-08 133118 4.77642e+07
1258.61 4.91253e+07 6.07961e-08 133272 4.81626e+07
1262.11 4.9476e+07 6.07209e-08 134970 4.85665e+07
1265.61 4.98019e+07 6.06158e-08 136128 4.89711e+07
1269.15 5.05329e+07 6.09927e-08 137270 4.93829e+07
1272.69 5.0685e+07 6.06665e-08 139620 4.97979e+07
1276.23 5.12154e+07 6.07936e-08 138312 5.02137e+07
1279.77 5.20099e+07 6.12246e-08 140694 5.06338e+07
1283.31 5.19313e+07 6.06283e-08 140888 5.10545e+07
1286.88 5.25771e+07 6.08729e-08 143034 5.14817e+07
1290.45 5.29305e+07 6.07747e-08 143688 5.19114e+07
1294.01 5.34804e+07 6.0901e-08 143510 5.23421e+07
1297.6 5.38938e+07 6.0864e-08 147828 5.27787e+07
1301.23 5.46045e+07 6.11513e-08 147918 5.32234e+07
1304.84 5.4993e+07 6.10769e-08 148992 5.36674e+07
1308.48 5.53204e+07 6.09296e-08 150356 5.41174e+07
1312.07 5.59513e+07 6.11197e-08 147606 5.45644e+07
1315.71 5.62254e+07 6.09109e-08 156624 5.50196e+07
1319.41 5.70354e+07 6.1269e-08 153354 5.54861e+07
1323.05 5.78323e+07 6.16145e-08 153968 5.59458e+07
1326.71 5.78311e+07 6.11045e-08 155862 5.64115e+07
1330.38 5.84959e+07 6.12972e-08 157524 5.68807e+07
1334.08 5.92393e+07 6.15614e-08 159126 5.73564e+07
1337.8 5.95942e+07 6.14142e-08 162488 5.78383e+07
1341.52 5.97003e+07 6.10128e-08 159570 5.83224e+07
1345.23 6.05569e+07 6.13785e-08 164304 5.88068e+07
1349 6.11435e+07 6.14551e-08 165720 5.93024e+07
1352.73 6.1687e+07 6.14897e-08 162866 5.97959e+07
1356.46 6.20788e+07 6.13705e-08 169056 6.02925e+07
1360.25 6.2834e+07 6.16e-08 167502 6.07986e+07
1364.01 6.30459e+07 6.12979e-08 169964 6.13043e+07
1367.79 6.40448e+07 6.17547e-08 170478 6.1815e+07
1371.59 6.43368e+07 6.15209e-08 175200 6.23329e+07
1375.43 6.48478e+07 6.14926e-08 173130 6.28568e+07
1379.22 6.52107e+07 6.13279e-08 175712 6.33784e+07
1383.06 6.61065e+07 6.16533e-08 177438 6.39098e+07
1386.89 6.6467e+07 6.14775e-08 178092 6.44421e+07
1390.73 6.75229e+07 6.19382e-08 179694 6.4979e+07
1394.6 6.73045e+07 6.12263e-08 182504 6.55218e+07
1398.48 6.86022e+07 6.1889e-08 182394 6.60701e+07
1402.34 6.90362e+07 6.1767e-08 184464 6.66194e+07
1406.24 6.96335e+07 6.17849e-08 186398 6.71763e+07
1410.15 7.03951e+07 6.19417e-08 188844 6.77391e+07
1414.06 7.05388e+07 6.15557e-08 187230 6.8303e+07
1417.99 7.16017e+07 6.19651e-08 193776 6.88741e+07
1421.96 7.22188e+07 6.19771e-08 192218 6.94543e+07
1425.88 7.31116e+07 6.22271e-08 192408 7.00304e+07
1429.82 7.34418e+07 6.19928e-08 195510 7.06125e+07
1433.79 7.41743e+07 6.20916e-08 198404 7.12034e+07
1437.8 7.47055e+07 6.20152e-08 200310 7.18017e+07
1441.8 7.55953e+07 6.22329e-08 201216 7.24027e+07
1445.81 7.58862e+07 6.19544e-08 201618 7.30081e+07
1449.82 7.70579e+07 6.23903e-08 204680 7.36174e+07
1453.82 7.72118e+07 6.20002e-08 202758 7.42285e+07
1457.86 7.79718e+07 6.20906e-08 211812 7.485e+07
1461.93 7.84995e+07 6.19912e-08 205718 7.54774e+07
1465.95 7.97041e+07 6.24255e-08 211452 7.61024e+07
1470.03 8.01233e+07 6.22333e-08 213150 7.67389e+07
1474.14 8.08316e+07 6.22594e-08 217512 7.73849e+07
1478.25 8.20758e+07 6.26916e-08 214754 7.80343e+07
1482.31 8.25171e+07 6.25127e-08 215424 7.86785e+07
1486.45 8.3672e+07 6.28597e-08 224574 7.93393e+07
1490.58 8.43892e+07 6.2872e-08 218588 8.00036e+07
1494.7 8.46646e+07 6.25576e-08 223902 8.06682e+07
1498.84 8.58271e+07 6.28928e-08 224952 8.134e+07
1503.03 8.69085e+07 6.31543e-08 230258 8.20237e+07
1507.2 8.7655e+07 6.31684e-08 227544 8.27098e+07
1511.38 8.79195e+07 6.28356e-08 231018 8.33987e+07
1515.57 8.87699e+07 6.29178e-08 234504 8.40954e+07
1519.79 8.95218e+07 6.29247e-08 233102 8.47984e+07
1523.98 9.00665e+07 6.27862e-08 236892 8.55025e+07
1528.21 9.10109e+07 6.29189e-08 238830 8.62169e+07
1532.45 9.23421e+07 6.33116e-08 241232 8.69353e+07
1536.72 9.26831e+07 6.30168e-08 243906 8.76646e+07
1540.99 9.37477e+07 6.32125e-08 244704 8.83971e+07
1545.26 9.47525e+07 6.33612e-08 246698 8.91349e+07
1549.54 9.5662e+07 6.34417e-08 248664 8.98762e+07
1553.86 9.66475e+07 6.35619e-08 253494 9.06303e+07
1558.18 9.77007e+07 6.37215e-08 251522 9.13885e+07
1562.48 9.83111e+07 6.35911e-08 255336 9.21481e+07
1566.82 9.91577e+07 6.36075e-08 257694 9.29177e+07
1571.18 9.99389e+07 6.35766e-08 260988 9.36952e+07
1575.56 1.01128e+08 6.37983e-08 261638 9.44806e+07
1579.91 1.01972e+08 6.38006e-08 262356 9.52652e+07
1584.28 1.0297e+08 6.38927e-08 266478 9.60595e+07
1588.71 1.03699e+08 6.38091e-08 272048 9.68659e+07
1593.14 1.05491e+08 6.4371e-08 269850 9.76801e+07
1597.55 1.06523e+08 6.44641e-08 272544 9.84931e+07
1601.99 1.07079e+08 6.4264e-08 275546 9.93156e+07
1606.41 1.08077e+08 6.43283e-08 275334 1.00141e+08
1610.9 1.09312e+08 6.45213e-08 285024 1.00982e+08
1615.41 1.09618e+08 6.41611e-08 282242 1.01833e+08
1619.86 1.11064e+08 6.44731e-08 280800 1.02677e+08
1624.34 1.12349e+08 6.46811e-08 288330 1.03532e+08
1628.86 1.13736e+08 6.49363e-08 290024 1.04398e+08
1633.39 1.14417e+08 6.47835e-08 290598 1.0527e+08
1637.9 1.15595e+08 6.49106e-08 293748 1.06146e+08
1642.47 1.16937e+08 6.51176e-08 299582 1.07037e+08
1647.02 1.17687e+08 6.4993e-08 295914 1.0793e+08
1651.57 1.18944e+08 6.51462e-08 302352 1.08826e+08
1656.18 1.19821e+08 6.50803e-08 305342 1.09739e+08
1660.77 1.21197e+08 6.52837e-08 305532 1.10654e+08
1665.39 1.22591e+08 6.54866e-08 310806 1.1158e+08
1670.01 1.23228e+08 6.52823e-08 310436 1.12511e+08
1674.66 1.25071e+08 6.57083e-08 318006 1.13454e+08
1679.3 1.26329e+08 6.58195e-08 312846 1.14401e+08
1683.95 1.28101e+08 6.61919e-08 322508 1.15352e+08
1688.64 1.28897e+08 6.60495e-08 321318 1.1632e+08
1693.33 1.29812e+08 6.59674e-08 327204 1.17291e+08
1698.03 1.31389e+08 6.62159e-08 325766 1.18271e+08
1702.73 1.32327e+08 6.61381e-08 330246 1.19255e+08
1707.47 1.34066e+08 6.64509e-08 335868 1.20254e+08
1712.24 1.35251e+08 6.64799e-08 336710 1.21264e+08
1716.97 1.36456e+08 6.65186e-08 336636 1.22273e+08
1721.74 1.37667e+08 6.65532e-08 343542 1.23294e+08
1726.51 1.38261e+08 6.6288e-08 342092 1.24321e+08
1731.3 1.40408e+08 6.67601e-08 349446 1.25359e+08
1736.12 1.41812e+08 6.68676e-08 350118 1.26409e+08
1740.93 1.43512e+08 6.71099e-08 352628 1.27462e+08
1745.78 1.4584e+08 6.76313e-08 359334 1.28531e+08
1750.62 1.46923e+08 6.75699e-08 356364 1.29603e+08
1755.47 1.48095e+08 6.75464e-08 362990 1.30683e+08
1760.34 1.49955e+08 6.78286e-08 364062 1.31774e+08
1765.22 1.51685e+08 6.80431e-08 369756 1.32874e+08
1770.12 1.53194e+08 6.81512e-08 368726 1.33982e+08
1775.02 1.54109e+08 6.79913e-08 375786 1.35099e+08
1779.96 1.56119e+08 6.83067e-08 378600 1.3623e+08
1784.91 1.57531e+08 6.83533e-08 379394 1.37368e+08
1789.86 1.59297e+08 6.85468e-08 386568 1.38516e+08
1794.85 1.61791e+08 6.90416e-08 386906 1.39677e+08
1799.82 1.62979e+08 6.89741e-08 388950 1.4084e+08
1804.81 1.643e+08 6.89578e-08 394512 1.42015e+08
1809.83 1.66379e+08 6.92512e-08 396818 1.43203e+08
1814.85 1.67993e+08 6.93437e-08 401112 1.44399e+08
1819.91 1.70206e+08 6.96737e-08 404850 1.45608e+08
1824.96 1.71011e+08 6.94233e-08 405566 1.46825e+08
1830 1.73636e+08 6.99075e-08 409308 1.48046e+08
1835.08 1.76356e+08 7.04152e-08 413766 1.49281e+08
1840.17 1.77254e+08 7.01874e-08 417050 1.50528e+08
1845.3 1.79453e+08 7.04675e-08 425232 1.51789e+08
1850.44 1.8171e+08 7.07605e-08 421862 1.53062e+08
1855.55 1.8398e+08 7.10544e-08 426402 1.54334e+08
1860.71 1.85967e+08 7.12258e-08 434688 1.55625e+08
1865.91 1.87406e+08 7.11786e-08 436634 1.56933e+08
1871.07 1.90193e+08 7.1641e-08 434784 1.58239e+08
1876.24 1.92668e+08 7.19752e-08 441018 1.59553e+08
1881.45 1.94534e+08 7.20705e-08 447350 1.60886e+08
1886.68 1.96408e+08 7.21614e-08 449868 1.62231e+08
1891.92 1.99126e+08 7.25541e-08 453206 1.63586e+08
1897.16 2.01356e+08 7.27594e-08 456570 1.64951e+08
1902.44 2.03725e+08 7.30049e-08 463824 1.6633e+08
1907.73 2.05921e+08 7.31793e-08 463718 1.67723e+08
1913.02 2.08376e+08 7.34398e-08 468186 1.69121e+08
1918.32 2.11159e+08 7.38045e-08 473448 1.70532e+08
1923.67 2.13885e+08 7.41357e-08 479354 1.71962e+08
1929.01 2.15444e+08 7.40575e-08 477702 1.73398e+08
1934.35 2.19383e+08 7.47892e-08 485204 1.74841e+08
1939.74 2.2158e+08 7.491e-08 491454 1.76307e+08
1945.13 2.24422e+08 7.52419e-08 491226 1.77782e+08
1950.52 2.27099e+08 7.55097e-08 497648 1.79264e+08
1955.96 2.29478e+08 7.56657e-08 504930 1.80768e+08
1961.39 2.32966e+08 7.61801e-08 500358 1.82277e+08
1966.8 2.35871e+08 7.64955e-08 508652 1.83789e+08
1972.27 2.37762e+08 7.64684e-08 516390 1.85327e+08
1977.75 2.40771e+08 7.67947e-08 515642 1.86875e+08
1983.22 2.44338e+08 7.7289e-08 521880 1.88431e+08
1988.74 2.47483e+08 7.76333e-08 530850 1.9001e+08
1994.27 2.51619e+08 7.82764e-08 527054 1.91599e+08
1999.77 2.54165e+08 7.84177e-08 534156 1.93188e+08
2005.35 2.5779e+08 7.88749e-08 545150 1.94808e+08
2010.93 2.60795e+08 7.9131e-08 543474 1.96441e+08
2016.49 2.64383e+08 7.95584e-08 545310 1.98074e+08
2022.08 2.67627e+08 7.98688e-08 555788 1.99725e+08
2027.71 2.70955e+08 8.01898e-08 559542 2.01399e+08
2033.35 2.74603e+08 8.0595e-08 564146 2.03085e+08
2038.99 2.78795e+08 8.11482e-08 566520 2.04779e+08
2044.66 2.82071e+08 8.14213e-08 573594 2.06491e+08
2050.34 2.86107e+08 8.19013e-08 577718 2.08218e+08
2056.02 2.90492e+08 8.24693e-08 579300 2.09953e+08
6.9058e+07
1.67772e+07
1.67772e+07
