0.399365
1398
200
512
2.01553
0.0314159 0.00337178 0.000268318 6 7.49014e-07
0.0444288 0.016422 0.000462032 12 2.11853e-06
0.054414 0.0565006 0.00086529 8 3.89199e-06
0.0628319 0.01851 0.000184123 6 5.99211e-06
0.0702481 0.0370805 0.000263925 24 8.37423e-06
0.076953 0.0350795 0.00018994 24 1.10082e-05
0.0888577 0.0661833 0.000232758 12 1.69483e-05
0.0942478 0.0678359 0.000199934 30 2.02234e-05
0.0993459 0.0484935 0.000122032 24 2.36859e-05
0.104195 0.0613026 0.000133715 24 2.73262e-05
0.108828 0.150756 0.000288597 8 3.11359e-05
0.113272 0.0830621 0.000141019 24 3.51079e-05
0.117548 0.107257 0.000162938 48 3.92358e-05
0.125664 0.182888 0.000227402 6 4.79369e-05
0.129531 0.124896 0.000141797 48 5.25005e-05
0.133286 0.0918481 9.57087e-05 36 5.72004e-05
0.136939 0.0891276 8.5639e-05 24 6.20327e-05
0.140496 0.0723365 6.4358e-05 24 6.69939e-05
0.143966 0.124155 0.000102665 48 7.20807e-05
0.147354 0.150377 0.000115968 24 7.72901e-05
0.153906 0.118746 8.03699e-05 24 8.80657e-05
0.15708 0.174974 0.000111392 30 9.36268e-05
0.16019 0.155626 9.34142e-05 72 9.93002e-05
0.163242 0.10425 5.91318e-05 32 0.000105084
0.16918 0.171712 8.74974e-05 72 0.000116973
0.172072 0.157428 7.62413e-05 48 0.000123076
0.177715 0.257339 0.000113128 12 0.000135586
0.180471 0.167379 7.0262e-05 48 0.000141991
0.183185 0.17016 6.83013e-05 48 0.000148494
0.185859 0.166116 6.38411e-05 48 0.000155093
0.188496 0.165744 6.10623e-05 30 0.000161787
0.191096 0.245168 8.66863e-05 24 0.000168575
0.193661 0.211826 7.19604e-05 72 0.000175455
0.198692 0.18877 5.93789e-05 24 0.000189487
0.20116 0.232044 7.0337e-05 96 0.000196637
0.203598 0.256542 7.50024e-05 48 0.000203875
0.206008 0.217523 6.13893e-05 24 0.000211199
0.20839 0.18995 5.17906e-05 24 0.000218609
0.210744 0.137813 3.63297e-05 72 0.000226104
0.213073 0.187946 4.79387e-05 48 0.000233683
0.217656 0.272745 6.52658e-05 8 0.000249087
0.219911 0.239816 5.56384e-05 54 0.000256912
0.222144 0.259462 5.83994e-05 84 0.000264816
0.224355 0.400473 8.75e-05 48 0.000272801
0.226543 0.263297 5.58767e-05 24 0.000280863
0.228711 0.211064 4.35302e-05 72 0.000289004
0.230859 0.262139 5.25692e-05 96 0.000297222
0.235095 0.214479 4.07279e-05 48 0.000313886
0.237185 0.199482 3.68877e-05 48 0.000322331
0.239257 0.1784 3.21399e-05 24 0.000330851
0.24131 0.264173 4.63874e-05 72 0.000339444
0.245366 0.304026 5.07816e-05 72 0.000356849
0.247369 0.212143 3.45806e-05 96 0.00036566
0.251327 0.0737658 1.1465e-05 6 0.000383495
0.253283 0.246306 3.7402e-05 96 0.000392518
0.255224 0.233673 3.46803e-05 96 0.000401611
0.25715 0.29021 4.21105e-05 24 0.000410773
0.259062 0.248974 3.53329e-05 48 0.000420004
0.26096 0.249795 3.46817e-05 96 0.000429303
0.262844 0.330845 4.49539e-05 48 0.000438669
0.266573 0.226861 2.95495e-05 36 0.000457603
0.268418 0.259425 3.30993e-05 48 0.000467169
0.27025 0.32917 4.11493e-05 120 0.000476801
0.27207 0.250136 3.06461e-05 56 0.000486499
0.273878 0.222614 2.67376e-05 24 0.000496261
0.275674 0.276441 3.25579e-05 96 0.000506088
0.277458 0.38434 4.4398e-05 48 0.000515979
0.280993 0.34586 3.84641e-05 24 0.000535951
0.282743 0.298596 3.25947e-05 102 0.000546031
0.284483 0.374649 4.01508e-05 48 0.000556174
0.286213 0.341353 3.59233e-05 72 0.000566379
0.287932 0.316906 3.27568e-05 48 0.000576645
0.289641 0.325702 3.30737e-05 48 0.000586973
0.291339 0.370694 3.69877e-05 120 0.000597362
0.294708 0.271376 2.61599e-05 24 0.000618321
0.296377 0.40376 3.82674e-05 144 0.00062889
0.298038 0.362762 3.38103e-05 120 0.000639519
0.299689 0.325729 2.98596e-05 48 0.000650208
0.302964 0.299239 2.65512e-05 48 0.00067176
0.304589 0.294303 2.56976e-05 96 0.000682624
0.307812 0.365976 3.09625e-05 24 0.000704526
0.309411 0.402436 3.3522e-05 48 0.000715562
0.311002 0.285139 2.33888e-05 108 0.000726656
0.312585 0.375804 3.03598e-05 72 0.000737807
0.314159 0.342171 2.72291e-05 30 0.000749014
0.315726 0.331556 2.59936e-05 168 0.000760277
0.317285 0.454849 3.51364e-05 48 0.000771596
0.320381 0.360784 2.707e-05 72 0.000794401
0.321917 0.296418 2.19235e-05 96 0.000805887
0.323447 0.497602 3.62839e-05 72 0.000817427
0.324969 0.404857 2.91083e-05 72 0.000829021
0.326484 0.410941 2.91363e-05 32 0.00084067
0.327992 0.444017 3.10492e-05 72 0.000852373
0.329493 0.450028 3.10413e-05 144 0.00086413
0.333956 0.496435 3.28878e-05 96 0.000899721
0.33543 0.383778 2.50907e-05 96 0.00091169
0.336898 0.431582 2.78488e-05 48 0.000923712
0.33836 0.326477 2.07949e-05 72 0.000935787
0.339815 0.411807 2.58943e-05 120 0.000947914
0.341264 0.514486 3.19404e-05 72 0.000960092
0.344144 0.455515 2.75754e-05 48 0.000984605
0.345575 0.40787 2.43856e-05 78 0.000996938
0.347 0.455894 2.69224e-05 120 0.00100932
0.348419 0.418202 2.4396e-05 48 0.00102176
0.351241 0.356564 2.03031e-05 144 0.00104678
0.352643 0.397245 2.23508e-05 144 0.00105937
0.355431 0.379384 2.08475e-05 12 0.00108469
0.356816 0.321525 1.74631e-05 144 0.00109742
0.358197 0.449483 2.41317e-05 48 0.00111021
0.359572 0.52052 2.76261e-05 120 0.00112304
0.360942 0.305999 1.60564e-05 48 0.00113593
0.362306 0.360782 1.87179e-05 48 0.00114886
0.363666 0.405561 2.0806e-05 168 0.00116184
0.36637 0.518778 2.60294e-05 48 0.00118795
0.367714 0.450209 2.23421e-05 96 0.00120108
0.369054 0.55491 2.72392e-05 96 0.00121425
0.370388 0.366836 1.78131e-05 72 0.00122747
0.371718 0.471625 2.26566e-05 48 0.00124074
0.373043 0.405435 1.927e-05 96 0.00125406
0.374364 0.499219 2.34773e-05 48 0.00126743
0.376991 0.658925 3.03447e-05 30 0.0012943
0.378298 0.482859 2.20069e-05 96 0.0013078
0.3796 0.381512 1.72095e-05 192 0.00132135
0.380898 0.418787 1.86985e-05 56 0.00133495
0.382191 0.612298 2.7062e-05 24 0.0013486
0.38348 0.479211 2.09671e-05 168 0.00136229
0.384765 0.543896 2.35597e-05 120 0.00137603
0.387322 0.645197 2.73979e-05 72 0.00140364
0.388594 0.478807 2.01332e-05 144 0.00141751
0.389861 0.470783 1.96033e-05 96 0.00143143
0.391125 0.402552 1.66002e-05 96 0.0014454
0.39364 0.603583 2.44162e-05 72 0.00147346
0.394892 0.404816 1.62204e-05 96 0.00148756
0.397384 0.45385 1.78452e-05 24 0.0015159
0.398623 0.471816 1.83791e-05 192 0.00153013
0.399859 0.657512 2.53759e-05 108 0.00154441
0.401092 0.44307 1.69426e-05 24 0.00155873
0.40232 0.380415 1.44139e-05 96 0.0015731
0.403545 0.572034 2.14776e-05 96 0.00158751
0.404766 0.53213 1.97991e-05 120 0.00160196
0.407197 0.521395 1.90543e-05 48 0.001631
0.408407 0.472429 1.71118e-05 78 0.00164558
0.409614 0.532588 1.91209e-05 144 0.00166021
0.410817 0.506484 1.80244e-05 120 0.00167488
0.412016 0.466304 1.645e-05 24 0.0016896
0.413212 0.59201 2.07038e-05 168 0.00170435
0.414405 0.470958 1.63286e-05 144 0.00171915
0.416779 0.45957 1.56629e-05 24 0.00174888
0.417962 0.529584 1.78964e-05 48 0.0017638
0.419141 0.635805 2.13051e-05 96 0.00177877
0.420316 0.553741 1.84e-05 120 0.00179378
0.421489 0.486463 1.60299e-05 72 0.00180883
0.422658 0.478722 1.56443e-05 120 0.00182393
0.423824 0.738937 2.39492e-05 144 0.00183906
0.426146 0.582694 1.85782e-05 48 0.00186946
0.427303 0.554397 1.75329e-05 192 0.00188472
0.428456 0.548523 1.72074e-05 144 0.00190003
0.429606 0.578833 1.80128e-05 48 0.00191537
0.431898 0.57269 1.75395e-05 192 0.00194618
0.433039 0.496015 1.50714e-05 48 0.00196164
0.435312 0.638736 1.91056e-05 8 0.0019927
0.437385 0.59883 1.76584e-05 288 0.0020213
0.4387 0.508582 1.48627e-05 96 0.00203959
0.439823 0.617338 1.79031e-05 54 0.00205529
0.440944 0.46991 1.3524e-05 120 0.00207104
0.442061 0.507143 1.44851e-05 120 0.00208683
0.444288 0.556767 1.56646e-05 84 0.00211853
0.445398 0.578237 1.61474e-05 144 0.00213444
0.446504 0.769953 2.13416e-05 72 0.00215039
0.447608 0.639233 1.75876e-05 96 0.00216638
0.449441 0.50084 1.36119e-05 144 0.0021931
0.450903 0.608836 1.63866e-05 240 0.00221458
0.453087 1.0432 2.76734e-05 24 0.00224691
0.454175 0.681444 1.79474e-05 240 0.00226313
0.45526 0.642331 1.67965e-05 96 0.00227939
0.456882 0.475564 1.23037e-05 144 0.00230385
0.4585 0.700519 1.79325e-05 96 0.00232841
0.459575 0.825866 2.09932e-05 72 0.00234483
0.461718 0.472786 1.18515e-05 96 0.00237777
0.462785 0.572515 1.42524e-05 96 0.00239431
0.464323 0.893486 2.20226e-05 216 0.00241824
0.467031 0.722124 1.7491e-05 192 0.00246081
0.468087 0.653841 1.57302e-05 144 0.00247753
0.470191 0.478267 1.13524e-05 48 0.00251109
0.471239 0.628951 1.48297e-05 150 0.00252792
0.472285 0.717527 1.68061e-05 96 0.00254479
0.473329 0.732838 1.70514e-05 120 0.0025617
0.475112 0.643219 1.47982e-05 168 0.00259077
0.476446 0.543743 1.24049e-05 240 0.00261265
0.478513 0.425933 9.59178e-06 24 0.0026468
0.48016 0.697815 1.55533e-05 360 0.00267422
0.481597 0.676254 1.49382e-05 48 0.00269831
0.482621 0.795668 1.74644e-05 72 0.00271555
0.484049 0.626707 1.36344e-05 240 0.00273974
0.488189 0.636861 1.35058e-05 276 0.00281064
0.489726 0.618541 1.29942e-05 104 0.00283726
0.490732 0.759008 1.58472e-05 72 0.00285479
0.492199 0.743877 1.53928e-05 312 0.00288047
0.494739 0.599207 1.22093e-05 96 0.00292528
0.496232 0.543065 1.09657e-05 288 0.00295185
0.497722 0.651396 1.30354e-05 168 0.00297852
0.499701 0.666074 1.31714e-05 48 0.00301419
0.500687 0.698014 1.37216e-05 192 0.00303208
0.503606 0.664484 1.28367e-05 198 0.00308541
0.504614 0.697428 1.33924e-05 96 0.00310398
0.506079 0.68168 1.29767e-05 192 0.00313108
0.50754 0.659726 1.24507e-05 216 0.00315828
0.508511 0.726128 1.36255e-05 72 0.00317645
0.510448 0.877123 1.62721e-05 96 0.00321289
0.512103 0.697751 1.28195e-05 336 0.00324423
0.51334 0.632761 1.15415e-05 48 0.00326781
0.51518 0.700568 1.26419e-05 288 0.00330306
0.516216 0.703611 1.26205e-05 192 0.00332304
0.518125 0.533505 9.464e-06 48 0.00336003
0.519076 0.601971 1.06199e-05 96 0.00337858
0.520457 0.765574 1.3399e-05 264 0.00340561
0.521921 0.698101 1.21156e-05 96 0.00343442
0.523525 0.821334 1.41237e-05 240 0.00346619
0.52647 0.752378 1.2722e-05 288 0.00352503
0.527563 0.769499 1.29308e-05 96 0.00354702
0.528498 0.639483 1.06891e-05 72 0.0035659
0.53076 0.750838 1.23906e-05 336 0.0036119
0.533829 0.810607 1.31475e-05 138 0.00367492
0.534994 0.809959 1.30514e-05 240 0.00369902
0.536222 0.793988 1.27063e-05 144 0.00372455
0.538155 0.80018 1.26679e-05 384 0.00376498
0.541061 0.682151 1.06263e-05 312 0.00382631
0.542323 0.871338 1.34788e-05 72 0.00385314
0.543437 0.794846 1.22201e-05 248 0.00387693
0.545589 0.723481 1.09919e-05 240 0.00392316
0.547755 0.746696 1.12105e-05 24 0.00397009
0.548656 0.692512 1.03459e-05 192 0.0039897
0.549761 0.774738 1.15046e-05 312 0.00401386
0.551884 0.800296 1.17476e-05 240 0.00406053
0.553134 0.80244 1.16993e-05 96 0.0040882
0.554916 0.784218 1.13239e-05 48 0.00412783
0.556483 0.814367 1.16602e-05 408 0.0041629
0.557577 0.710968 1.01199e-05 144 0.00418751
0.559345 0.846206 1.1931e-05 120 0.00422745
0.560226 0.734601 1.03086e-05 144 0.00424747
0.562783 0.78415 1.08547e-05 264 0.00430589
0.564176 0.6728 9.24448e-06 192 0.00433794
0.565487 0.847895 1.15695e-05 102 0.00436825
0.566891 0.795461 1.07736e-05 432 0.00440087
0.568967 0.651127 8.72259e-06 48 0.00444939
0.57005 0.880673 1.17305e-05 384 0.00447485
0.571994 0.803169 1.05894e-05 144 0.00452079
0.573756 0.940411 1.2285e-05 264 0.0045627
0.576434 0.692588 8.92207e-06 144 0.00462689
0.577954 0.882333 1.1277e-05 324 0.00466359
0.580026 0.885716 1.11993e-05 384 0.00471392
0.580982 0.991876 1.24798e-05 216 0.00473728
0.583055 0.825676 1.02783e-05 216 0.00478815
0.584792 0.847417 1.04552e-05 240 0.00483108
0.586898 0.962673 1.17498e-05 168 0.00488347
0.587738 0.881546 1.07135e-05 240 0.00490447
0.590159 0.770614 9.2506e-06 216 0.00496531
0.591365 0.864085 1.03093e-05 288 0.00499583
0.593087 0.853193 1.00909e-05 240 0.0050396
0.594417 1.10856 1.30234e-05 72 0.00507358
0.596499 0.741607 8.62153e-06 246 0.00512707
0.597997 1.10291 1.27257e-05 320 0.00516579
0.600063 0.924503 1.05574e-05 288 0.00521953
0.601022 0.946678 1.0759e-05 144 0.00524459
0.60348 0.954435 1.07151e-05 288 0.00530921
0.604764 0.924259 1.03104e-05 336 0.00534315
0.60651 0.77912 8.6165e-06 168 0.00538956
0.607555 0.991657 1.09105e-05 336 0.00541748
0.609717 0.916598 9.97778e-06 288 0.00547552
0.611016 0.974538 1.0541e-05 264 0.00551058
0.613214 0.773287 8.27453e-06 240 0.00557029
0.614019 0.937567 9.99303e-06 96 0.00559223
0.616265 1.20164 1.26682e-05 120 0.00565382
0.617648 0.952085 9.96995e-06 408 0.00569197
0.619954 1.01759 1.05374e-05 456 0.00575597
0.622004 0.862907 8.84759e-06 108 0.00581325
0.623156 0.920939 9.3903e-06 264 0.00584563
0.624595 1.01223 1.025e-05 264 0.0058862
0.626564 0.973414 9.7643e-06 312 0.00594205
0.629016 0.880073 8.72515e-06 270 0.00601209
0.630044 0.974316 9.6123e-06 240 0.00604161
0.631892 0.939176 9.18458e-06 384 0.00609492
0.633013 0.915516 8.90567e-06 192 0.00612744
0.635606 0.903079 8.67763e-06 432 0.00620304
0.636899 0.966887 9.23428e-06 144 0.00624098
0.638833 1.07757 1.01982e-05 480 0.006298
0.641275 1.01079 9.45737e-06 216 0.00637049
0.642832 0.992667 9.22044e-06 312 0.006417
0.64426 0.818512 7.55233e-06 216 0.00645988
0.645938 1.09196 9.9971e-06 192 0.00651049
0.648007 1.03529 9.38774e-06 624 0.00657325
0.649634 0.956306 8.60659e-06 120 0.00662287
0.651021 0.877778 7.84944e-06 336 0.0066654
0.653586 0.999786 8.83567e-06 176 0.00674447
0.654666 0.996205 8.76051e-06 384 0.00677797
0.656779 0.96053 8.3655e-06 408 0.00684383
0.658986 0.948958 8.18198e-06 144 0.00691304
0.660251 0.990379 8.49013e-06 486 0.00695292
0.66272 0.748934 6.34883e-06 96 0.00703121
0.663464 0.924824 7.81353e-06 384 0.00705492
0.666071 1.02396 8.54993e-06 492 0.00713841
0.667911 1.05228 8.71397e-06 384 0.00719774
0.669388 1.17576 9.67219e-06 168 0.00724559
0.67191 1.13465 9.22925e-06 504 0.00732781
0.67321 1.01431 8.20271e-06 240 0.00737043
0.674682 1.16349 9.34768e-06 456 0.00741888
0.67725 1.22332 9.71704e-06 264 0.0075039
0.678949 1.11455 8.78675e-06 384 0.00756052
0.680759 1.09125 8.53459e-06 432 0.00762114
0.68301 1.14745 8.88567e-06 216 0.00769701
0.684213 1.09124 8.40591e-06 360 0.00773776
0.686355 1.20426 9.18995e-06 312 0.00781065
0.688862 1.00917 7.61739e-06 240 0.00789653
0.690156 1.24251 9.32607e-06 414 0.00794112
0.692267 1.14496 8.51549e-06 552 0.00801421
0.694474 1.28032 9.43168e-06 360 0.00809112
0.695933 1.12995 8.27172e-06 432 0.00814222
0.698042 1.05533 7.65571e-06 480 0.00821645
0.700371 1.04789 7.52609e-06 288 0.00829898
0.701886 1.36006 9.70503e-06 312 0.00835296
0.703511 1.25079 8.86366e-06 360 0.0084111
0.706218 1.0946 7.66793e-06 576 0.00850856
0.708463 1.35881 9.42863e-06 464 0.00858997
0.709472 1.17511 8.1192e-06 192 0.00862671
0.71187 1.20418 8.23626e-06 396 0.0087145
0.713632 1.2713 8.63107e-06 432 0.00877938
0.71529 1.2305 8.29609e-06 240 0.0088407
0.717478 1.18985 7.94889e-06 624 0.00892209
0.719862 1.31662 8.70872e-06 504 0.0090113
0.722401 1.38091 9.03799e-06 198 0.00910699
0.723603 1.09474 7.12931e-06 600 0.00915255
0.725718 1.15608 7.46318e-06 384 0.00923302
0.727934 1.26404 8.08582e-06 432 0.00931785
0.729846 1.14313 7.25506e-06 336 0.0093915
0.731583 1.33677 8.42377e-06 336 0.0094587
0.733803 1.23242 7.69595e-06 744 0.00954504
0.736176 1.12681 6.96862e-06 624 0.00963796
0.738441 1.24968 7.65759e-06 192 0.00972721
0.739813 1.01911 6.21004e-06 432 0.00978153
0.741823 1.30117 7.86452e-06 504 0.00986144
0.744194 1.38863 8.31315e-06 336 0.00995634
0.745982 1.33425 7.93033e-06 456 0.0100283
0.747564 1.35233 7.98692e-06 408 0.0100922
0.749795 1.1938 6.98787e-06 696 0.0101828
0.752344 1.36239 7.8939e-06 384 0.010287
0.754981 1.26581 7.25771e-06 330 0.0103956
0.756746 1.2765 7.26794e-06 624 0.0104686
0.758549 1.26658 7.16014e-06 384 0.0105437
0.760491 1.23988 6.95564e-06 728 0.0106249
0.762803 1.42307 7.91094e-06 432 0.010722
0.765361 1.22353 6.73371e-06 696 0.0108303
0.767036 1.32136 7.2246e-06 408 0.0109015
0.769597 1.15194 6.23563e-06 456 0.0110111
0.771 1.23157 6.63033e-06 408 0.0110714
0.773164 1.3362 7.1334e-06 528 0.0111649
0.775969 1.39849 7.38529e-06 576 0.0112869
0.778071 1.32525 6.94194e-06 672 0.0113788
0.780434 1.25446 6.51161e-06 384 0.0114828
0.782527 1.47945 7.61799e-06 600 0.0115755
0.784473 1.35881 6.94486e-06 294 0.011662
0.786277 1.29542 6.57542e-06 600 0.0117427
0.788337 1.3347 6.7218e-06 768 0.0118352
0.791032 1.38445 6.90136e-06 648 0.011957
0.793268 1.44305 7.13283e-06 408 0.0120587
0.795576 1.33938 6.56294e-06 552 0.0121643
0.797728 1.19468 5.80668e-06 648 0.0122632
0.800144 1.28489 6.18874e-06 348 0.012375
0.801567 1.43777 6.88827e-06 744 0.0124411
0.804245 1.48375 7.03779e-06 672 0.0125662
0.806478 1.54397 7.26276e-06 456 0.0126712
0.808336 1.39411 6.51272e-06 600 0.012759
0.810593 1.39675 6.47066e-06 744 0.0128661
0.812878 1.47129 6.75868e-06 288 0.0129752
0.815591 1.4906 6.7793e-06 704 0.0131056
0.817562 1.54469 6.97459e-06 678 0.0132009
0.820052 1.39059 6.22181e-06 648 0.0133218
0.822478 1.47221 6.52886e-06 648 0.0134404
0.824775 1.4735 6.48013e-06 696 0.0135534
0.826774 1.41898 6.19522e-06 696 0.0136521
0.829585 1.51026 6.52692e-06 552 0.0137919
0.831577 1.46337 6.27895e-06 840 0.0138914
0.834411 1.35423 5.75163e-06 600 0.0140339
0.836554 1.41917 5.98125e-06 696 0.0141424
0.839038 1.55388 6.49101e-06 672 0.0142687
0.841041 1.40092 5.81033e-06 552 0.0143711
0.843748 1.42209 5.84154e-06 492 0.0145104
0.845866 1.57327 6.41415e-06 840 0.0146199
0.84823 1.46797 5.93495e-06 606 0.0147428
0.850494 1.48912 5.97251e-06 936 0.0148612
0.853082 1.58432 6.29667e-06 528 0.0149973
0.854904 1.6367 6.46335e-06 696 0.0150936
0.857637 1.6699 6.53159e-06 648 0.0152388
0.859669 1.42656 5.54032e-06 936 0.0153474
0.862437 1.41797 5.4541e-06 384 0.0154961
0.864033 1.46179 5.59157e-06 864 0.0155823
0.86686 1.58192 5.99209e-06 768 0.0157358
0.869231 1.68062 6.314e-06 528 0.0158652
0.871675 1.5186 5.65743e-06 776 0.0159994
0.87406 1.67332 6.18296e-06 960 0.0161311
0.876467 1.5919 5.83374e-06 696 0.0162648
0.878396 1.51434 5.51307e-06 582 0.0163723
0.8815 1.5324 5.5201e-06 1008 0.0165465
0.883728 1.64902 5.89536e-06 408 0.0166723
0.88592 1.51264 5.36774e-06 960 0.0167967
0.888795 1.6765 5.89168e-06 852 0.0169607
0.891174 1.71927 5.99372e-06 912 0.0170973
0.89392 1.64116 5.66884e-06 1032 0.0172559
0.895836 1.51836 5.2111e-06 384 0.017367
0.898639 1.6123 5.48188e-06 864 0.0175306
0.900789 1.71715 5.79668e-06 840 0.0176567
0.903273 1.62227 5.43132e-06 912 0.0178032
0.906338 1.72744 5.72496e-06 792 0.017985
0.90863 1.60325 5.27328e-06 744 0.0181218
0.911438 1.81994 5.93082e-06 726 0.0182903
0.913568 1.78702 5.78291e-06 984 0.0184189
0.91598 1.76895 5.67933e-06 912 0.0185652
0.918648 1.7477 5.56237e-06 1104 0.0187278
0.921243 1.71278 5.40527e-06 744 0.018887
0.924376 1.71465 5.35635e-06 968 0.0190803
0.92618 1.71876 5.33789e-06 672 0.0191923
0.928764 1.89579 5.83867e-06 984 0.0193534
0.931719 1.79615 5.47934e-06 840 0.0195387
0.934062 1.82649 5.53006e-06 1092 0.0196864
0.937061 1.74137 5.22187e-06 840 0.0198767
0.939156 1.84588 5.49833e-06 720 0.0200103
0.942047 1.83377 5.41212e-06 1110 0.0201957
0.944712 1.90582 5.57731e-06 1056 0.0203675
0.947136 1.9016 5.52232e-06 888 0.0205247
0.949886 1.74205 5.01516e-06 936 0.020704
0.952401 1.83476 5.24034e-06 912 0.0208689
0.955174 1.92566 5.45219e-06 1104 0.0210517
0.957881 1.8499 5.19341e-06 912 0.0212312
0.960427 1.99201 5.54801e-06 1104 0.021401
0.963313 1.89021 5.2173e-06 1128 0.0215945
0.965992 1.7313 4.73905e-06 768 0.0217751
0.968166 1.87433 5.09607e-06 888 0.0219225
0.970778 1.97316 5.32159e-06 1224 0.0221004
0.974412 2.0195 5.38585e-06 750 0.0223495
0.976168 1.93348 5.12868e-06 1092 0.0224706
0.979278 2.04889 5.3832e-06 1472 0.022686
0.982348 1.96061 5.10312e-06 792 0.0229001
0.984688 2.10875 5.44965e-06 1080 0.0230641
0.987495 1.92955 4.94416e-06 1584 0.0232619
0.990359 2.06065 5.23439e-06 624 0.0234649
0.992971 2.12433 5.35368e-06 1248 0.023651
0.99555 2.04962 5.12534e-06 888 0.0238358
0.998492 2.00019 4.95766e-06 912 0.0240477
1.00104 2.07871 5.11309e-06 1368 0.0242321
1.00371 1.91308 4.66815e-06 960 0.0244269
1.00665 2.08211 5.03621e-06 1542 0.0246422
1.00992 2.04079 4.88851e-06 1152 0.024883
1.01267 2.05207 4.87562e-06 1008 0.0250866
1.01536 2.02235 4.7669e-06 1248 0.0252872
1.01774 1.95664 4.57974e-06 1056 0.0254653
1.02056 2.11422 4.90761e-06 1188 0.025678
1.0236 2.05329 4.72387e-06 1152 0.025908
1.02664 2.15596 4.9161e-06 1560 0.0261396
1.02971 2.2628 5.11372e-06 1128 0.0263748
1.03219 2.0064 4.50167e-06 1152 0.0265658
1.03491 2.22581 4.95472e-06 920 0.0267762
1.03779 2.26273 4.99511e-06 1470 0.0270002
1.04087 2.08891 4.57059e-06 1200 0.0272412
1.04379 2.03493 4.41516e-06 1440 0.0274716
1.04629 2.15822 4.64915e-06 1224 0.0276695
1.04938 2.19152 4.6793e-06 1296 0.0279155
1.0527 2.03368 4.30141e-06 1560 0.0281807
1.0556 2.17863 4.57007e-06 1272 0.0284146
1.05803 2.30936 4.811e-06 1080 0.0286112
1.06094 2.17053 4.48475e-06 1368 0.0288474
1.06403 2.15817 4.42044e-06 1248 0.0291005
1.06727 2.41953 4.91078e-06 1194 0.0293671
1.06993 2.30316 4.63978e-06 1752 0.0295874
1.07321 2.20468 4.40078e-06 1392 0.0298604
1.07584 2.19461 4.34869e-06 1440 0.0300801
1.07913 2.16454 4.24999e-06 1488 0.030357
1.08224 2.3593 4.59258e-06 1248 0.0306201
1.08486 2.42281 4.68205e-06 1512 0.0308435
1.08787 2.41206 4.62274e-06 1112 0.0311006
1.09115 2.28282 4.3357e-06 1848 0.0313829
1.09382 2.42212 4.56662e-06 1224 0.0316141
1.09696 2.3534 4.39911e-06 1536 0.0318869
1.10024 2.31008 4.2796e-06 1638 0.0321739
1.10325 2.34272 4.30467e-06 1392 0.0324385
1.10625 2.42509 4.41988e-06 1632 0.0327038
1.10975 2.44374 4.41182e-06 1452 0.0330154
1.11241 2.45791 4.40562e-06 1680 0.0332536
1.11531 2.47897 4.40887e-06 1320 0.0335138
1.11831 2.38285 4.20383e-06 1752 0.0337856
1.1218 2.52293 4.40958e-06 1776 0.0341027
1.12518 2.38576 4.13237e-06 1104 0.0344119
1.12759 2.41805 4.16149e-06 1728 0.0346335
1.13096 2.60457 4.44258e-06 1446 0.0349446
1.13402 2.34582 3.96895e-06 1920 0.0352289
1.13756 2.38654 4.0002e-06 1896 0.0355605
1.14046 2.57819 4.28859e-06 1176 0.0358329
1.14325 2.52471 4.169e-06 1856 0.036096
1.14644 2.45688 4.02316e-06 1896 0.0363996
1.14985 2.49737 4.05322e-06 1464 0.0367251
1.15345 2.51602 4.04537e-06 1968 0.0370711
1.15649 2.59897 4.1459e-06 1548 0.0373647
1.15973 2.56591 4.05893e-06 1944 0.0376799
1.16289 2.62736 4.12228e-06 1470 0.0379893
1.16609 2.67819 4.16756e-06 1920 0.0383035
1.16933 2.65417 4.09594e-06 2184 0.0386238
1.1728 2.63751 4.03421e-06 1464 0.0389686
1.17556 2.62524 3.98723e-06 1608 0.0392445
1.1789 2.59005 3.90045e-06 1944 0.0395797
1.18229 2.64137 3.94367e-06 1872 0.0399216
1.18552 2.60893 3.86348e-06 2256 0.0402498
1.18882 2.50252 3.67514e-06 1632 0.0405867
1.19235 2.69738 3.92619e-06 1542 0.0409497
1.19548 2.60187 3.75749e-06 2216 0.0412732
1.1989 2.83419 4.05804e-06 2052 0.0416287
1.20218 2.7577 3.91634e-06 1680 0.0419708
1.20534 2.64064 3.7207e-06 2280 0.0423024
1.20884 2.79115 3.89869e-06 1968 0.0426722
1.21229 2.80086 3.87895e-06 2016 0.0430385
1.21548 2.75805 3.78963e-06 1968 0.0433795
1.21918 2.71242 3.69308e-06 1920 0.0437772
1.22273 2.83936 3.83239e-06 2400 0.0441602
1.22637 2.87392 3.84463e-06 1974 0.0445554
1.2291 2.92527 3.88723e-06 1944 0.0448544
1.23259 2.96413 3.9055e-06 1920 0.0452377
1.23584 2.80023 3.66054e-06 2280 0.0455962
1.23913 2.92973 3.79946e-06 1968 0.0459607
1.24271 2.87322 3.69401e-06 2220 0.0463607
1.24626 2.85596 3.64052e-06 2352 0.0467595
1.24987 2.85355 3.60604e-06 1968 0.0471667
1.25321 2.85093 3.57398e-06 2504 0.0475461
1.25696 2.97396 3.69495e-06 2118 0.047974
1.26038 3.05379 3.76333e-06 2352 0.0483667
1.26384 2.90748 3.55367e-06 2136 0.0487663
1.26724 2.93329 3.55647e-06 2112 0.0491605
1.27063 3.11158 3.7425e-06 2472 0.0495563
1.27412 2.91697 3.47971e-06 2376 0.0499654
1.27765 3.09618 3.66295e-06 2304 0.050382
1.28146 3.18548 3.73509e-06 2448 0.0508339
1.28498 3.02828 3.52166e-06 2280 0.0512542
1.28891 3.07254 3.54053e-06 2466 0.0517261
1.29209 3.16244 3.61733e-06 2256 0.0521091
1.29555 3.05929 3.47133e-06 2472 0.0525296
1.29914 3.19146 3.59136e-06 2856 0.0529678
1.30275 3.03229 3.38399e-06 2112 0.05341
1.30664 3.18246 3.51996e-06 2720 0.0538897
1.31022 3.33708 3.66078e-06 2136 0.0543342
1.31338 3.19531 3.48e-06 2736 0.0547285
1.31727 3.17008 3.42207e-06 2376 0.0552156
1.32115 3.18796 3.41109e-06 3126 0.0557057
1.32517 3.16921 3.36031e-06 2568 0.056215
1.3281 3.24898 3.4221e-06 2112 0.0565893
1.33185 3.21314 3.35582e-06 2748 0.0570704
1.33573 3.24511 3.35979e-06 2928 0.0575703
1.33926 3.2977 3.38732e-06 2640 0.0580277
1.34328 3.28985 3.34898e-06 2856 0.0585522
1.34684 3.35493 3.38822e-06 2352 0.0590191
1.35065 3.35178 3.35647e-06 2910 0.0595215
1.35428 3.44065 3.41786e-06 2784 0.0600021
1.35819 3.50488 3.45171e-06 2952 0.0605229
1.36191 3.34947 3.27169e-06 2696 0.0610216
1.36552 3.42486 3.31887e-06 3264 0.0615083
1.36942 3.29399 3.16482e-06 2472 0.0620373
1.37321 3.64954 3.47752e-06 3024 0.0625529
1.37739 3.4536 3.26091e-06 2964 0.0631266
1.38108 3.47246 3.25252e-06 2910 0.0636352
1.38476 3.57987 3.32651e-06 2880 0.0641445
1.38834 3.73743 3.44611e-06 3216 0.0646435
1.39269 3.54647 3.23944e-06 3096 0.065254
1.39621 3.46224 3.13865e-06 2880 0.0657499
1.40013 3.57721 3.21571e-06 2904 0.0663052
1.40406 3.53963 3.15529e-06 3504 0.0668651
1.40804 3.61134 3.19202e-06 3168 0.0674346
1.41234 3.56067 3.11857e-06 3054 0.0680545
1.41581 3.78458 3.29039e-06 3032 0.0685569
1.4197 3.58794 3.09381e-06 3000 0.0691244
1.42371 3.61638 3.09207e-06 3780 0.0697116
1.42793 3.576 3.03053e-06 3504 0.0703329
1.43191 3.53728 2.9728e-06 2904 0.0709225
1.43567 3.62608 3.02349e-06 3336 0.0714839
1.4396 3.75959 3.10923e-06 3144 0.0720723
1.44356 3.75923 3.08344e-06 3414 0.072668
1.44789 3.90979 3.17824e-06 3552 0.0733239
1.45135 3.76194 3.03626e-06 2928 0.0738505
1.45511 3.84876 3.08227e-06 3840 0.074427
1.45943 3.72973 2.96053e-06 3312 0.075091
1.4634 3.89404 3.06585e-06 3432 0.0757057
1.46748 3.96566 3.09628e-06 3596 0.0763404
1.47192 3.8168 2.95315e-06 4224 0.0770361
1.47635 4.01825 3.08111e-06 3294 0.077734
1.4801 4.04534 3.07838e-06 3792 0.0783272
1.48412 3.77618 2.85026e-06 3528 0.0789676
1.48876 3.88176 2.90267e-06 3984 0.0797097
1.49263 3.91595 2.90548e-06 3768 0.0803339
1.49668 4.10064 3.01788e-06 3672 0.0809898
1.5007 3.93685 2.8741e-06 3384 0.0816444
1.50468 3.9482 2.85959e-06 3648 0.0822954
1.50906 4.14807 2.97828e-06 4098 0.0830158
1.51319 4.08235 2.90716e-06 4008 0.0836992
1.51752 4.01577 2.83534e-06 4032 0.0844198
1.52148 4.04366 2.83282e-06 3800 0.0850816
1.52566 4.05847 2.81986e-06 3816 0.0857856
1.53008 4.25588 2.93149e-06 4248 0.0865329
1.53425 4.18222 2.85731e-06 3720 0.087243
1.5385 4.20245 2.84742e-06 4254 0.0879693
1.54275 4.15864 2.79448e-06 4224 0.0887015
1.54712 4.16216 2.77324e-06 4368 0.0894564
1.55154 4.28915 2.83347e-06 4104 0.090226
1.5559 4.29126 2.8111e-06 4500 0.0909888
1.56012 4.41014 2.86562e-06 3480 0.0917305
1.56438 4.50143 2.90112e-06 5328 0.0924836
1.56888 4.4404 2.8372e-06 3342 0.0932851
1.57296 4.39137 2.78412e-06 4800 0.0940139
1.57761 4.53124 2.84747e-06 4184 0.0948501
1.58177 4.6 2.86791e-06 5064 0.0956031
1.58626 4.41717 2.73062e-06 4032 0.0964191
1.59063 4.47493 2.7436e-06 4632 0.0972179
1.59512 4.47689 2.72166e-06 4680 0.0980443
1.59955 4.55077 2.74368e-06 3924 0.0988627
1.60387 4.54506 2.71815e-06 5166 0.0996657
1.60831 4.5766 2.71442e-06 4800 0.100495
1.6129 4.64669 2.73253e-06 4560 0.101358
1.61719 4.60848 2.68851e-06 4584 0.102171
1.62168 4.62142 2.67372e-06 4848 0.103024
1.62597 4.68535 2.68932e-06 4560 0.103844
1.631 4.63727 2.63721e-06 5600 0.104809
1.63549 4.68363 2.64167e-06 4686 0.105678
1.64006 4.91959 2.75164e-06 5016 0.106566
1.64474 4.78507 2.65359e-06 4956 0.107481
1.64888 4.6565 2.56291e-06 4872 0.108295
1.65362 4.77481 2.60547e-06 5376 0.109232
1.65838 4.88017 2.64011e-06 5088 0.110177
1.66285 4.65019 2.49545e-06 4710 0.111071
1.66732 4.9147 2.61624e-06 4848 0.111969
1.67182 5.02765 2.65485e-06 5976 0.112877
1.67656 4.94237 2.58772e-06 5208 0.113841
1.68127 4.87244 2.52973e-06 5352 0.114803
1.68594 5.01695 2.58318e-06 4820 0.115762
1.6904 4.79256 2.44814e-06 5760 0.116684
1.69513 5.16967 2.61873e-06 5166 0.117666
1.69995 5.17615 2.59977e-06 6168 0.118673
1.70477 4.9516 2.46596e-06 5136 0.119685
1.70952 4.92745 2.43354e-06 6240 0.120688
1.71454 5.35698 2.62251e-06 5568 0.121754
1.71919 5.117 2.48477e-06 5712 0.122747
1.72386 5.25014 2.52875e-06 5520 0.12375
1.72878 5.27157 2.51744e-06 5670 0.124813
1.73344 5.19941 2.46301e-06 6036 0.125825
1.73835 5.31846 2.49813e-06 6264 0.126897
1.74335 5.33419 2.48403e-06 5912 0.127995
1.74794 5.18893 2.39739e-06 5736 0.129009
1.75258 5.33343 2.44461e-06 5400 0.13004
1.75753 5.27265 2.39639e-06 6342 0.131145
1.76258 5.25976 2.37007e-06 7032 0.132277
1.76751 5.38836 2.40775e-06 5448 0.133391
1.77221 5.22961 2.31827e-06 6528 0.134458
1.77738 5.48713 2.41125e-06 6468 0.135638
1.78243 5.69679 2.48218e-06 6528 0.136797
1.78706 5.44815 2.35545e-06 5568 0.137866
1.79184 5.64282 2.42012e-06 6798 0.138976
1.79723 5.585 2.37385e-06 6560 0.140233
1.80203 5.57373 2.35015e-06 6888 0.141361
1.80708 5.73022 2.39595e-06 6624 0.142552
1.81205 5.68766 2.35863e-06 6288 0.143732
1.81703 5.79722 2.38435e-06 6960 0.14492
1.82233 5.81683 2.37161e-06 6570 0.146192
1.82696 5.99575 2.42602e-06 6600 0.147309
1.83219 5.784 2.32037e-06 7776 0.148577
1.83773 5.81945 2.31354e-06 7248 0.149929
1.84289 5.81081 2.29075e-06 6672 0.151196
1.84774 5.82895 2.27987e-06 6704 0.152391
1.85265 5.8441 2.26764e-06 6942 0.153611
1.85788 5.91775 2.27688e-06 7656 0.154916
1.86304 5.85376 2.2336e-06 7128 0.15621
1.86848 6.12614 2.3172e-06 7908 0.157581
1.87356 6.13467 2.30159e-06 6648 0.158871
1.8783 6.02548 2.24355e-06 7320 0.16008
1.88389 5.93063 2.18862e-06 7638 0.161514
1.88902 6.15298 2.25225e-06 7416 0.162836
1.89401 6.06725 2.20335e-06 7752 0.16413
1.89959 6.17833 2.22398e-06 8448 0.165585
1.90501 6.22803 2.2228e-06 7280 0.167006
1.91024 6.14018 2.17348e-06 7668 0.168386
1.91549 6.22657 2.18599e-06 8094 0.169778
1.9207 6.19338 2.15671e-06 7656 0.171166
1.92602 6.3807 2.20355e-06 8160 0.172594
1.93138 6.31525 2.16284e-06 8472 0.174039
1.93696 6.53473 2.21872e-06 7896 0.175552
1.9421 6.4136 2.16037e-06 8088 0.176951
1.94753 6.39422 2.13587e-06 8286 0.17844
1.95309 6.67631 2.2111e-06 8676 0.179974
1.95841 6.49543 2.13372e-06 8120 0.181447
1.96377 6.62966 2.16004e-06 9024 0.18294
1.96932 6.53322 2.11066e-06 8160 0.184497
1.97458 6.54192 2.09663e-06 7944 0.185979
1.98001 6.66636 2.11897e-06 8982 0.187519
1.98555 6.80489 2.14495e-06 9528 0.189097
1.99126 6.64683 2.07716e-06 8832 0.190733
1.99697 6.62379 2.05225e-06 8916 0.192378
2.00244 6.72366 2.06618e-06 9240 0.193963
2.00796 6.80688 2.07455e-06 8502 0.19557
2.01347 6.68585 2.02098e-06 9416 0.197185
2.01894 6.82358 2.04589e-06 8976 0.198797
2.02457 6.90788 2.05394e-06 9432 0.200465
2.0302 7.05297 2.07968e-06 9864 0.202141
2.03598 6.98272 2.04147e-06 9024 0.203874
2.04164 7.11496 2.06287e-06 9762 0.20558
2.0472 7.12353 2.04858e-06 9264 0.207263
2.05278 7.08868 2.02199e-06 10056 0.208962
2.05848 7.08129 2.00314e-06 9936 0.210708
2.06453 7.17971 2.01317e-06 9624 0.212572
2.0699 7.11376 1.97922e-06 9752 0.214233
2.07576 7.22914 1.99432e-06 10446 0.216059
2.08159 7.23534 1.97932e-06 10056 0.217883
2.08723 7.38243 2.00323e-06 9876 0.219659
2.09319 7.30211 1.96455e-06 11160 0.221546
2.09903 7.30418 1.94876e-06 10128 0.223405
2.10491 7.19881 1.90459e-06 9726 0.225289
2.11051 7.42345 1.94841e-06 11112 0.227094
2.11652 7.45505 1.9401e-06 10776 0.229037
2.1222 7.42014 1.91555e-06 10232 0.230887
2.12811 7.41577 1.89851e-06 11184 0.232822
2.13436 7.49122 1.90104e-06 11058 0.234877
2.1403 7.72993 1.94531e-06 11472 0.236846
2.14607 7.4708 1.86499e-06 10464 0.238765
2.15178 7.71991 1.91186e-06 10584 0.240678
2.15796 7.68735 1.8875e-06 12504 0.242756
2.16404 7.85823 1.91323e-06 10560 0.244815
2.16987 7.72247 1.86507e-06 11694 0.246798
2.17602 7.68561 1.84046e-06 11420 0.248904
2.18203 7.95079 1.88828e-06 12504 0.250972
2.18802 7.75842 1.8275e-06 10800 0.253044
2.19421 7.8406 1.83128e-06 12456 0.255197
2.20046 7.9277 1.83589e-06 12030 0.257383
2.20635 8.21284 1.88672e-06 11232 0.259457
2.21231 8.00169 1.82341e-06 13176 0.261564
2.21866 8.03685 1.81574e-06 11196 0.263823
2.22456 8.12795 1.82174e-06 12720 0.265934
2.23077 8.1291 1.80684e-06 11918 0.268165
2.23689 8.28242 1.82584e-06 13392 0.27038
2.24337 8.43298 1.84297e-06 12600 0.272736
2.24963 8.34252 1.80801e-06 13200 0.275027
2.25594 8.44237 1.81436e-06 12864 0.277346
2.26215 8.26632 1.76192e-06 12270 0.279644
2.26834 8.55107 1.80773e-06 13668 0.281946
2.27465 8.66582 1.8168e-06 13200 0.284304
2.28097 8.44609 1.75604e-06 13416 0.286682
2.28734 8.57979 1.769e-06 12992 0.289088
2.2937 8.65809 1.77033e-06 13806 0.291506
2.29997 8.53987 1.73192e-06 13800 0.293904
2.30631 8.6755 1.74494e-06 13056 0.296342
2.31259 8.7416 1.74396e-06 14364 0.298768
2.31902 8.93959 1.76867e-06 13248 0.301267
2.32549 8.81561 1.72961e-06 15054 0.303797
2.33213 8.87315 1.72607e-06 13680 0.306407
2.33841 8.99906 1.7365e-06 15152 0.308888
2.34514 8.93366 1.70908e-06 14376 0.311564
2.35149 9.12789 1.73213e-06 13932 0.314101
2.35808 9.00516 1.69456e-06 14910 0.316749
2.36456 9.07008 1.69277e-06 15648 0.31937
2.37106 9.02189 1.66997e-06 13680 0.32201
2.37766 9.42942 1.73092e-06 15816 0.324705
2.38432 9.19305 1.67343e-06 15030 0.32744
2.39081 9.36476 1.69083e-06 15104 0.330124
2.39768 9.48004 1.69698e-06 16548 0.332977
2.40438 9.39389 1.66753e-06 15360 0.335777
2.41105 9.51359 1.67481e-06 15768 0.338577
2.4176 9.54909 1.66744e-06 14622 0.341343
2.42433 9.55391 1.65442e-06 17568 0.344204
2.43136 9.42927 1.61871e-06 16368 0.347208
2.43802 9.81061 1.67041e-06 15960 0.350068
2.44478 9.65171 1.62977e-06 15732 0.352986
2.45148 9.68855 1.62262e-06 17006 0.355896
2.45825 9.74138 1.61801e-06 16680 0.358856
2.46533 10.0369 1.65277e-06 17712 0.361966
2.47205 9.93326 1.62241e-06 15576 0.364931
2.47856 9.65686 1.56487e-06 16974 0.367822
2.48564 10.0434 1.61363e-06 17436 0.370985
2.49249 10.1826 1.62254e-06 17952 0.374062
2.49953 10.0668 1.59058e-06 17448 0.377238
2.50635 10.1157 1.5853e-06 17336 0.380334
2.51347 10.0685 1.56453e-06 17958 0.383583
2.52045 10.3739 1.59862e-06 19056 0.386791
2.52756 10.3554 1.58235e-06 17304 0.390073
2.53442 10.3142 1.5633e-06 18276 0.393255
2.5414 10.5284 1.58264e-06 17838 0.396516
2.5483 10.4163 1.5531e-06 18984 0.399754
2.55573 10.4135 1.53918e-06 19616 0.403259
2.56269 10.362 1.51912e-06 18168 0.406565
2.56979 10.5193 1.52945e-06 19320 0.40995
2.57712 10.606 1.52893e-06 19170 0.41347
2.58402 10.6319 1.52043e-06 19008 0.416799
2.59124 10.7245 1.52087e-06 20472 0.420306
2.5986 10.6142 1.49249e-06 19128 0.423894
2.60574 10.8172 1.50856e-06 19998 0.4274
2.61294 10.7191 1.48255e-06 19808 0.430951
2.62018 10.8385 1.48668e-06 20724 0.434543
2.62754 11.0429 1.50202e-06 19896 0.438215
2.6346 11.0635 1.49277e-06 20304 0.441756
2.64214 11.1684 1.49404e-06 21030 0.445562
2.64935 11.2623 1.49434e-06 21168 0.449219
2.65671 11.2547 1.48094e-06 20736 0.452975
2.66416 11.1307 1.45238e-06 21356 0.456795
2.67173 11.3667 1.47061e-06 22206 0.460698
2.6791 11.5324 1.47976e-06 21360 0.464523
2.68651 11.6285 1.47978e-06 21456 0.468389
2.69384 11.5825 1.46193e-06 21648 0.472235
2.70134 11.7018 1.46472e-06 22326 0.476187
2.70887 11.5556 1.43439e-06 22212 0.480181
2.71619 11.6346 1.43256e-06 22128 0.484085
2.72367 11.7584 1.4359e-06 22640 0.488093
2.73137 11.6421 1.40971e-06 23022 0.492248
2.7391 11.9519 1.435e-06 24168 0.496438
2.7466 11.9001 1.41711e-06 22416 0.500526
2.75431 11.9493 1.41106e-06 23700 0.504754
2.76199 11.7678 1.37806e-06 24222 0.508989
2.76962 12.1498 1.41107e-06 22776 0.513215
2.77711 11.8983 1.37071e-06 24296 0.517392
2.78491 12.0891 1.38102e-06 24648 0.521763
2.79252 12.3181 1.3957e-06 22926 0.526054
2.80016 12.3779 1.39103e-06 25476 0.530383
2.80812 12.1683 1.35589e-06 25608 0.534916
2.81589 12.5116 1.38262e-06 24576 0.539373
2.82378 12.5512 1.37541e-06 25134 0.543918
2.83157 12.5579 1.36482e-06 25928 0.548429
2.83951 12.476 1.34457e-06 26148 0.553059
2.84746 12.6273 1.34951e-06 25632 0.557718
2.85525 12.4734 1.32218e-06 25926 0.562306
2.86324 12.9592 1.36221e-06 26232 0.567042
2.87111 12.7741 1.33173e-06 27216 0.57173
2.87917 12.918 1.33546e-06 26736 0.576558
2.88739 12.9782 1.33027e-06 27698 0.581507
2.8953 13.1278 1.3346e-06 26640 0.5863
2.90311 13.3566 1.34693e-06 26880 0.591058
2.91139 13.343 1.33411e-06 29160 0.596131
2.91957 13.2962 1.31828e-06 27318 0.601172
2.92751 13.3364 1.31154e-06 27984 0.606091
2.93565 13.4382 1.3106e-06 28364 0.611155
2.94365 13.4288 1.29902e-06 28464 0.61617
2.95199 13.3701 1.28241e-06 28974 0.621421
2.96007 13.485 1.28288e-06 28920 0.626534
2.96818 13.7292 1.29543e-06 29640 0.631698
2.97653 13.7582 1.28727e-06 28884 0.637045
2.98472 13.7849 1.27919e-06 30558 0.642317
2.99318 13.7746 1.26741e-06 30776 0.647798
3.00137 14.0182 1.2793e-06 29040 0.653128
3.00959 13.9042 1.25853e-06 30984 0.658508
3.01806 14.0285 1.25912e-06 30930 0.664087
3.02658 14.0516 1.25058e-06 32712 0.669723
3.03503 14.0288 1.23814e-06 30528 0.675349
3.04327 14.1496 1.23868e-06 30326 0.680869
3.05173 14.4144 1.25141e-06 33624 0.686558
3.06034 14.4437 1.24339e-06 31824 0.692389
3.06872 14.3858 1.22829e-06 31860 0.698092
3.07736 14.5705 1.23361e-06 33942 0.704007
3.08588 14.482 1.21599e-06 31848 0.709867
3.09426 14.6817 1.22277e-06 33624 0.715669
3.10297 14.7221 1.21584e-06 33512 0.721726
3.11157 14.7859 1.21101e-06 33594 0.727745
3.12023 14.7209 1.19568e-06 34944 0.733836
3.12889 14.7299 1.1865e-06 33624 0.739968
3.13752 14.7012 1.17445e-06 34710 0.746104
3.14616 15.0672 1.1938e-06 34704 0.752282
3.15488 15.1495 1.19039e-06 35468 0.758558
3.1637 15.1372 1.1795e-06 36096 0.764939
3.17266 15.1859 1.1733e-06 35958 0.771458
3.18144 15.1122 1.15797e-06 36576 0.777878
3.19023 15.1559 1.15174e-06 35976 0.784346
3.19904 15.2767 1.15135e-06 36396 0.790863
3.20798 15.339 1.14641e-06 38030 0.797509
3.21678 15.7085 1.16442e-06 35784 0.804089
3.22564 15.5284 1.14161e-06 38712 0.810752
3.23477 15.53 1.13209e-06 38310 0.817657
3.24374 15.7109 1.1358e-06 37596 0.824478
3.25254 15.7078 1.12639e-06 39000 0.831202
3.26171 15.9027 1.13078e-06 38552 0.838252
3.2708 16.1301 1.13741e-06 40206 0.845284
3.27984 16.0773 1.12433e-06 39072 0.852312
3.28909 16.2191 1.12471e-06 41340 0.859539
3.2983 16.414 1.12872e-06 39342 0.866782
3.30724 16.4806 1.12412e-06 40176 0.873852
3.31644 16.3186 1.10384e-06 41768 0.88116
3.32563 16.5411 1.10964e-06 40206 0.888507
3.33487 16.4946 1.09735e-06 42300 0.895935
3.34411 16.5281 1.09048e-06 42360 0.903408
3.35331 16.7218 1.09421e-06 40488 0.91088
3.3626 16.7229 1.08524e-06 44406 0.918472
3.37211 16.8718 1.08566e-06 43076 0.926289
3.38132 16.8191 1.07345e-06 42600 0.933901
3.39087 16.9709 1.07402e-06 45486 0.941834
3.40043 17.115 1.07403e-06 43848 0.94982
3.40963 17.0955 1.06414e-06 43248 0.95755
3.41901 17.0425 1.05213e-06 44988 0.965479
3.42866 17.364 1.06296e-06 46454 0.973672
3.43818 17.3701 1.05453e-06 44928 0.981803
3.4478 17.4328 1.0495e-06 47256 0.990072
3.45736 17.2901 1.03229e-06 45126 0.99833
3.46696 17.7253 1.04951e-06 48084 1.00667
3.47654 17.5509 1.03062e-06 46320 1.01504
3.48629 17.8197 1.03764e-06 47894 1.0236
3.49578 17.9612 1.03739e-06 47160 1.03199
3.50539 17.9899 1.03053e-06 48228 1.04051
3.51537 18.1711 1.03206e-06 50598 1.04943
3.52506 17.9938 1.01359e-06 47328 1.05813
3.53475 18.13 1.01289e-06 50696 1.06688
3.54459 18.2481 1.01102e-06 49344 1.07581
3.55459 18.3251 1.00675e-06 51570 1.08494
3.56441 18.3347 9.98965e-07 50832 1.09397
3.5743 18.6139 1.00578e-06 50424 1.1031
3.58421 18.4346 9.87853e-07 52686 1.1123
3.59415 18.7291 9.95332e-07 51092 1.12158
3.60407 18.7686 9.8922e-07 53376 1.13089
3.61415 19.0032 9.93229e-07 52374 1.1404
3.62404 18.8526 9.77312e-07 52848 1.14979
3.63411 18.9267 9.73015e-07 55488 1.15941
3.64445 18.9859 9.67774e-07 54098 1.16933
3.65433 19.3741 9.7958e-07 53688 1.17886
3.66443 19.4305 9.74331e-07 55296 1.18866
3.67462 19.5145 9.7042e-07 56358 1.19861
3.68502 19.4502 9.59054e-07 57468 1.20882
3.69525 19.5764 9.57286e-07 56000 1.21891
3.70559 19.6964 9.55109e-07 57774 1.22917
3.71586 19.8246 9.53381e-07 57648 1.23942
3.72609 20.1845 9.62719e-07 57480 1.24968
3.73645 20.0875 9.50143e-07 58122 1.26013
3.74669 19.7845 9.28158e-07 59208 1.27053
3.75716 20.1008 9.35136e-07 60032 1.2812
3.76768 20.3361 9.38177e-07 60366 1.292
3.77814 20.2951 9.2853e-07 60444 1.30279
3.78854 20.3992 9.25629e-07 60912 1.31358
3.79912 20.481 9.21599e-07 61422 1.32462
3.80967 20.5834 9.18531e-07 63032 1.33568
3.82029 20.6605 9.14306e-07 62052 1.34688
3.83093 20.9339 9.18707e-07 64038 1.35817
3.84147 21.0133 9.14623e-07 61632 1.36941
3.85195 20.8773 9.01304e-07 64896 1.38065
3.86282 21.2634 9.10244e-07 64874 1.39237
3.87338 21.4673 9.11482e-07 64200 1.40381
3.88424 21.4502 9.03136e-07 68016 1.41566
3.89516 21.6598 9.04315e-07 65694 1.42763
3.90592 21.6117 8.94869e-07 67212 1.4395
3.91674 21.5732 8.85892e-07 67088 1.45149
3.92755 21.6563 8.8198e-07 67182 1.46355
3.93842 21.9155 8.85171e-07 69768 1.47572
3.94935 21.7229 8.70126e-07 67524 1.48805
3.96027 21.7896 8.65595e-07 70758 1.50043
3.97123 22.0805 8.69911e-07 69488 1.51292
3.98223 22.1728 8.66328e-07 71640 1.52552
3.99344 22.3357 8.65361e-07 72042 1.53844
4.00456 22.4659 8.63176e-07 72960 1.55133
4.01559 22.3147 8.50318e-07 70422 1.56419
4.02684 22.6525 8.55981e-07 76784 1.57737
4.0381 22.9155 8.58693e-07 72348 1.59064
4.04921 22.9385 8.52498e-07 74094 1.6038
4.06038 22.907 8.44324e-07 74976 1.61711
4.0716 22.926 8.38055e-07 76200 1.63056
4.08307 23.2533 8.42878e-07 77114 1.64437
4.09436 23.2859 8.37095e-07 76872 1.65805
4.10573 23.3818 8.33579e-07 77784 1.67191
4.1172 23.4385 8.28633e-07 78654 1.68596
4.12861 23.4391 8.21805e-07 79380 1.70001
4.14006 23.653 8.22447e-07 79256 1.71419
4.15155 23.9012 8.24191e-07 80094 1.72851
4.16295 23.9701 8.198e-07 80760 1.74278
4.17466 24.004 8.14066e-07 83034 1.75754
4.18631 23.943 8.05237e-07 82664 1.77229
4.19786 24.2797 8.09842e-07 81864 1.787
4.20942 24.2751 8.03031e-07 83334 1.80181
4.22115 24.5076 8.03985e-07 85980 1.81691
4.23288 24.5166 7.97616e-07 84144 1.83209
4.24467 24.6575 7.95528e-07 86486 1.84745
4.25637 24.7792 7.92882e-07 86016 1.86277
4.26828 24.6931 7.83534e-07 88290 1.87844
4.28011 25.1148 7.90323e-07 87672 1.89411
4.29193 25.1163 7.83861e-07 88608 1.90984
4.30383 25.3249 7.83831e-07 88682 1.92577
4.31573 25.3422 7.77893e-07 91200 1.9418
4.3279 25.2831 7.69554e-07 92568 1.95826
4.33994 25.3389 7.64848e-07 91014 1.97466
4.35196 25.5335 7.64356e-07 92828 1.99111
4.36403 25.3961 7.53954e-07 93054 2.00772
4.37602 25.7439 7.58013e-07 92568 2.02432
4.38816 25.772 7.52558e-07 96768 2.04121
4.40051 26.0044 7.5297e-07 95658 2.05849
4.41265 26.2695 7.54386e-07 96368 2.07558
4.42502 26.1291 7.44076e-07 98526 2.09309
4.43718 26.4793 7.47866e-07 95436 2.11039
4.44945 26.545 7.43537e-07 101472 2.12794
4.46195 26.8125 7.44735e-07 98582 2.14593
4.47415 26.505 7.30192e-07 99984 2.16357
4.48658 26.8756 7.34262e-07 101298 2.18166
4.49915 27.0368 7.32493e-07 104952 2.20005
4.51164 26.9607 7.2438e-07 100568 2.21842
4.52414 27.1144 7.22489e-07 105942 2.23691
4.5368 27.2023 7.1878e-07 104892 2.25574
4.54929 27.414 7.18424e-07 103734 2.27443
4.56181 27.6159 7.17773e-07 107160 2.29325
4.57457 27.7573 7.1543e-07 108788 2.31255
4.58728 27.7421 7.0911e-07 107070 2.33188
4.59999 27.8805 7.06759e-07 110760 2.35131
4.6128 27.806 6.99011e-07 109182 2.37102
4.62563 28.0719 6.99838e-07 112820 2.39086
4.63846 28.2861 6.99344e-07 110280 2.4108
4.65132 28.4218 6.96887e-07 114678 2.43091
4.66426 28.3629 6.89672e-07 112668 2.45125
4.67718 28.5061 6.87424e-07 116030 2.47169
4.69034 29.0108 6.93722e-07 118032 2.49261
4.7033 28.8932 6.85217e-07 113700 2.51332
4.71623 29.0697 6.83746e-07 118566 2.53411
4.7294 29.1762 6.80534e-07 119840 2.5554
4.74251 29.2017 6.75498e-07 118278 2.5767
4.75558 29.3289 6.7286e-07 120852 2.59807
4.76881 29.48 6.70716e-07 122166 2.61981
4.78209 29.7012 6.70133e-07 123296 2.64176
4.79535 29.6055 6.62448e-07 123300 2.6638
4.8087 29.9621 6.64858e-07 126174 2.68611
4.82205 29.8253 6.5634e-07 124800 2.70855
4.83537 30.0869 6.56642e-07 126774 2.73104
4.8488 30.3528 6.56953e-07 128900 2.75387
4.86226 30.527 6.55252e-07 127776 2.77687
4.87577 30.6452 6.52337e-07 132246 2.80008
4.8893 30.7809 6.49802e-07 129252 2.82345
4.90284 30.6843 6.42412e-07 133118 2.84697
4.91643 30.9634 6.42893e-07 133272 2.87071
4.93013 31.1051 6.40466e-07 134970 2.89479
4.94379 31.4368 6.41946e-07 136128 2.91891
4.95761 31.4467 6.36793e-07 137270 2.94345
4.97145 31.5672 6.33907e-07 139620 2.96818
4.98526 31.5087 6.27492e-07 138312 2.99297
4.99912 31.7686 6.27418e-07 140694 3.01801
5.01292 31.8791 6.24414e-07 140888 3.04308
5.02687 31.8883 6.1941e-07 143034 3.06855
5.04082 32.1409 6.19148e-07 143688 3.09416
5.05472 32.5015 6.20945e-07 143510 3.11983
5.06873 32.6544 6.18703e-07 147828 3.14586
5.08293 32.6853 6.14114e-07 147918 3.17236
5.09703 32.7658 6.10535e-07 148992 3.19883
5.11123 33.0809 6.1128e-07 150356 3.22565
5.12527 33.0243 6.05235e-07 147606 3.25229
5.13948 33.1787 6.03034e-07 156624 3.27943
5.15396 33.2638 5.99498e-07 153354 3.30723
5.16816 33.3962 5.96939e-07 153968 3.33463
5.18246 33.4533 5.93021e-07 155862 3.36239
5.19679 33.809 5.94385e-07 157524 3.39035
5.21123 34.07 5.94005e-07 159126 3.41871
5.22579 34.2005 5.91312e-07 162488 3.44743
5.24033 34.1589 5.85691e-07 159570 3.47629
5.25479 34.4909 5.86512e-07 164304 3.50516
5.26952 34.5083 5.81903e-07 165720 3.5347
5.28409 34.5123 5.77168e-07 162866 3.56411
5.29868 34.7178 5.75823e-07 169056 3.59372
5.31346 34.6752 5.70329e-07 167502 3.62388
5.32816 35.2222 5.74547e-07 169964 3.65402
5.34291 35.4472 5.7344e-07 170478 3.68446
5.35779 35.2953 5.66238e-07 175200 3.71533
5.37276 35.5424 5.6545e-07 173130 3.74656
5.38758 35.5111 5.60304e-07 175712 3.77764
5.4026 35.9684 5.628e-07 177438 3.80932
5.41755 36.0263 5.5905e-07 178092 3.84105
5.43256 35.9673 5.53522e-07 179694 3.87305
5.44764 36.2454 5.5318e-07 182504 3.9054
5.4628 36.4786 5.5212e-07 182394 3.93809
5.47789 36.6844 5.50656e-07 184464 3.97083
5.49311 36.9368 5.49848e-07 186398 4.00402
5.50841 36.8353 5.43782e-07 188844 4.03756
5.52365 37.303 5.4614e-07 187230 4.07118
5.53901 37.3992 5.43008e-07 193776 4.10522
5.55452 37.2744 5.36676e-07 192218 4.1398
5.56983 37.8386 5.40316e-07 192408 4.17414
5.58522 37.8417 5.35906e-07 195510 4.20884
5.60076 37.8693 5.31847e-07 198404 4.24405
5.6164 38.0642 5.3013e-07 200310 4.27971
5.63203 38.2246 5.27944e-07 201216 4.31554
5.64768 38.227 5.23599e-07 201618 4.35162
5.66335 38.7637 5.26556e-07 204680 4.38794
5.67898 38.7175 5.21599e-07 202770 4.42437
5.69478 39.1494 5.23038e-07 211800 4.46141
5.71065 38.8831 5.15162e-07 205718 4.4988
5.72637 39.2743 5.16072e-07 211452 4.53606
5.74229 39.1648 5.10364e-07 213150 4.574
5.75836 39.6707 5.12642e-07 217512 4.6125
5.77442 39.9347 5.11758e-07 214754 4.65121
5.79027 39.9602 5.07893e-07 215424 4.6896
5.80643 40.1289 5.05789e-07 224574 4.72899
5.82259 40.2575 5.03196e-07 218588 4.76858
5.83867 40.4645 5.01617e-07 223902 4.8082
5.85483 40.691 5.00258e-07 224952 4.84824
5.87119 40.9783 4.99591e-07 230258 4.88899
5.88752 41.0522 4.9634e-07 227544 4.92989
5.90382 41.2326 4.94403e-07 231018 4.97095
5.92021 41.3984 4.92278e-07 234504 5.01248
5.93666 41.3967 4.88177e-07 233102 5.05438
5.95305 41.7459 4.88241e-07 236892 5.09635
5.96958 41.7826 4.84622e-07 238830 5.13893
5.98612 42.1483 4.84823e-07 241232 5.18175
6.00281 42.2496 4.81946e-07 243906 5.22522
6.01948 42.3965 4.79614e-07 244704 5.26888
6.03618 42.7434 4.79536e-07 246698 5.31285
6.05287 43.1289 4.79871e-07 248664 5.35704
6.06975 43.0369 4.74861e-07 253494 5.40199
6.08663 43.2538 4.73296e-07 251522 5.44718
6.10345 43.2679 4.69547e-07 255336 5.49246
6.12039 43.6598 4.69877e-07 257694 5.53833
6.13742 43.7652 4.67102e-07 260988 5.58467
6.15452 44.1003 4.66765e-07 261638 5.63148
6.17151 44.3064 4.65085e-07 262356 5.67825
6.18861 44.3936 4.62147e-07 266478 5.72559
6.20588 44.5191 4.59595e-07 272048 5.77366
6.22322 45.0014 4.60702e-07 269850 5.82219
6.24044 44.881 4.55676e-07 272544 5.87064
6.25776 45.2347 4.55464e-07 275546 5.91967
6.27506 45.6651 4.56007e-07 275334 5.96889
6.29257 45.8841 4.54379e-07 285024 6.019
6.3102 45.743 4.49194e-07 282242 6.06974
6.32759 46.0639 4.48628e-07 280800 6.12005
6.34509 46.0551 4.4484e-07 288330 6.17097
6.36273 46.4554 4.44984e-07 290024 6.2226
6.38041 46.8856 4.45383e-07 290598 6.27461
6.39805 47.1855 4.44534e-07 293748 6.3268
6.4159 47.283 4.41745e-07 299582 6.37989
6.43369 47.3388 4.38608e-07 295914 6.4331
6.45145 47.9063 4.4021e-07 302352 6.48653
6.46945 47.9615 4.37049e-07 305342 6.54098
6.48737 48.2983 4.3648e-07 305532 6.59549
6.50541 48.2969 4.32846e-07 310806 6.65067
6.52346 48.422 4.30376e-07 310436 6.70617
6.54163 48.7379 4.29585e-07 318006 6.76236
6.55978 48.9733 4.28086e-07 312846 6.81881
6.57792 49.5027 4.29143e-07 322508 6.87553
6.59626 49.2432 4.23344e-07 321318 6.9332
6.61457 49.8953 4.25397e-07 327204 6.9911
6.63294 49.8956 4.21876e-07 325766 7.04949
6.65129 50.0852 4.19983e-07 330246 7.10817
6.6698 50.63 4.21026e-07 335868 7.16768
6.68842 50.7063 4.18149e-07 336710 7.22788
6.70692 50.8718 4.16052e-07 336636 7.28801
6.72554 51.3892 4.16802e-07 343542 7.34891
6.74416 51.3479 4.13027e-07 342092 7.41011
6.76288 51.8809 4.13859e-07 349446 7.47197
6.78171 52.0683 4.11903e-07 350118 7.53457
6.80049 52.399 4.11095e-07 352628 7.59732
6.81946 52.5645 4.08962e-07 359334 7.66107
6.83836 52.7821 4.07259e-07 356364 7.72497
6.8573 53.2212 4.07253e-07 362990 7.78933
6.87632 53.4053 4.0528e-07 364062 7.85434
6.8954 53.848 4.05257e-07 369756 7.91989
6.91452 54.136 4.04053e-07 368726 7.98596
6.93369 54.5362 4.03674e-07 375786 8.05255
6.95298 54.5774 4.00626e-07 378600 8.11995
6.97229 55.0555 4.00788e-07 379394 8.18777
6.99165 55.2278 3.98711e-07 386568 8.25619
7.01113 55.683 3.98656e-07 386906 8.3254
7.03054 55.8831 3.96783e-07 388950 8.39474
7.05003 56.1229 3.9519e-07 394512 8.46475
7.06964 56.5766 3.95079e-07 396818 8.53557
7.08927 56.964 3.9449e-07 401112 8.60686
7.109 57.1584 3.92548e-07 404850 8.67894
7.12874 57.4919 3.91568e-07 405566 8.75143
7.14845 57.7638 3.90175e-07 409308 8.82422
7.16828 58.4061 3.91249e-07 413766 8.89785
7.18818 58.8077 3.90677e-07 417050 8.97215
7.2082 58.8974 3.88021e-07 425232 9.04735
7.22829 59.1207 3.86253e-07 421862 9.12321
7.24825 59.4288 3.85068e-07 426402 9.199
7.26841 60.3121 3.87548e-07 434688 9.27596
7.28872 60.4692 3.8532e-07 436634 9.35391
7.30888 60.3421 3.81335e-07 434784 9.43177
7.32907 61.3 3.84197e-07 441018 9.51013
7.34941 61.4612 3.82018e-07 447350 9.58953
7.36984 61.7474 3.80614e-07 449868 9.66974
7.3903 62.6857 3.83197e-07 453206 9.75049
7.4108 62.6302 3.79689e-07 456570 9.83185
7.4314 63.2381 3.80196e-07 463824 9.91407
7.45208 63.8477 3.80674e-07 463718 9.99706
7.47272 64.2127 3.79686e-07 468186 10.0804
7.49346 64.5728 3.78654e-07 473448 10.1645
7.51434 65.0156 3.78081e-07 479354 10.2497
7.5352 65.4678 3.77557e-07 477702 10.3353
7.55605 66.2024 3.78643e-07 485204 10.4214
7.5771 66.412 3.76684e-07 491454 10.5087
7.59817 67.0157 3.76955e-07 491226 10.5966
7.61922 67.5631 3.76892e-07 497648 10.685
7.64048 68.1066 3.76762e-07 504930 10.7746
7.66167 68.4777 3.7568e-07 500358 10.8645
7.6828 68.9811 3.75328e-07 508652 10.9547
7.70418 69.6797 3.75982e-07 516390 11.0464
7.72557 70.0629 3.74918e-07 515642 11.1386
7.74695 70.7046 3.75228e-07 521880 11.2314
7.76853 71.3553 3.75534e-07 530850 11.3255
7.79012 71.8425 3.74964e-07 527054 11.4202
7.8116 72.6862 3.76245e-07 534156 11.5149
7.83338 73.3451 3.76498e-07 545150 11.6115
7.85521 74.0449 3.76931e-07 543474 11.7088
7.87691 74.4588 3.75913e-07 545310 11.8062
7.89874 75.3324 3.7718e-07 555788 11.9046
7.92074 75.9309 3.77017e-07 559542 12.0043
7.94278 76.6764 3.77559e-07 564146 12.1048
7.96481 77.543 3.78666e-07 566520 12.2058
7.98694 78.0981 3.78215e-07 573594 12.3078
8.00914 79.0169 3.79491e-07 577718 12.4108
8.03133 79.5662 3.78972e-07 579300 12.5142
8.05362 80.0487 3.78113e-07 586235 12.6187
8.07603 80.8028 3.78506e-07 585156 12.7243
8.09843 80.8924 3.75789e-07 582704 12.8305
8.12088 81.1253 3.73755e-07 584544 12.9375
8.14345 81.4656 3.72211e-07 585204 13.0456
8.16605 81.8601 3.70916e-07 582812 13.1546
8.18871 82.5822 3.7109e-07 584472 13.2644
8.21146 82.6271 3.68214e-07 584132 13.3753
8.23424 82.9447 3.66571e-07 582540 13.4869
8.25707 83.7361 3.67007e-07 582096 13.5993
8.28004 84.3804 3.66761e-07 586412 13.7132
8.30307 84.5588 3.64487e-07 581640 13.8279
8.32613 85.0796 3.63694e-07 583304 13.9434
8.34929 85.5073 3.62488e-07 583536 14.0601
8.37244 85.79 3.60678e-07 578204 14.1774
8.39565 86.2821 3.59748e-07 582180 14.2956
8.41901 86.6183 3.58152e-07 582144 14.4153
8.44239 87.2243 3.57669e-07 578780 14.5357
8.46576 87.9101 3.57504e-07 577524 14.6568
8.48924 88.2331 3.55849e-07 579584 14.779
8.51287 89.0896 3.56319e-07 580752 14.9028
8.53655 89.2544 3.54016e-07 576896 15.0275
8.5602 89.7346 3.52979e-07 575412 15.1527
8.58391 90.2119 3.51923e-07 575676 15.2791
8.60777 90.9743 3.51955e-07 576392 15.4068
8.63167 91.3032 3.50301e-07 574368 15.5355
8.6556 91.497 3.48141e-07 572624 15.6651
8.67964 92.7557 3.50006e-07 574056 15.7959
8.70378 93.0039 3.48031e-07 572864 15.9281
8.72791 93.287 3.46203e-07 568992 16.0609
8.75214 94.1195 3.46399e-07 572024 16.1951
8.77648 94.4496 3.4473e-07 569052 16.3306
8.80086 95.1152 3.44283e-07 568236 16.467
8.82523 95.7464 3.43704e-07 563612 16.6042
8.84969 96.5357 3.43672e-07 567216 16.7427
8.8743 96.8941 3.42085e-07 564740 16.8828
8.89896 97.8483 3.4259e-07 563940 17.0239
8.92369 98.3141 3.41368e-07 562172 17.1662
8.9485 98.5094 3.39209e-07 561948 17.3097
8.97339 99.6334 3.40232e-07 560084 17.4546
8.9983 100.389 3.39975e-07 556764 17.6004
9.02321 101.034 3.39332e-07 553976 17.7469
9.04824 101.492 3.38048e-07 556344 17.895
9.07338 102.542 3.38716e-07 552420 18.0446
9.09857 102.803 3.36765e-07 552200 18.1953
9.12381 103.734 3.37004e-07 548880 18.3472
9.14913 104.73 3.37421e-07 548696 18.5003
9.17454 105.405 3.3678e-07 546948 18.6549
9.20009 105.63 3.34698e-07 547364 18.8112
9.22565 106.867 3.35809e-07 540792 18.9684
9.2512 107.71 3.35661e-07 540320 19.1264
9.27686 108.35 3.3486e-07 538668 19.2861
9.30261 109.256 3.34867e-07 537260 19.4471
9.32845 109.661 3.33321e-07 534912 19.6096
9.35439 110.968 3.34495e-07 534812 19.7737
9.38034 111.767 3.34116e-07 527424 19.9386
9.40633 112.616 3.33871e-07 528968 20.1048
9.43243 113.782 3.34536e-07 525312 20.2727
9.45865 114.266 3.33172e-07 525968 20.4422
9.48493 115.249 3.33254e-07 520272 20.6131
9.51128 116.173 3.33143e-07 520256 20.7853
9.53767 117.088 3.32985e-07 514536 20.9589
9.56415 117.731 3.3204e-07 515732 21.1339
9.59074 119.271 3.33595e-07 510624 21.3106
9.61731 120.414 3.34007e-07 507288 21.4883
9.64399 121.086 3.3309e-07 505904 21.6676
9.67076 121.847 3.3241e-07 502608 21.8485
9.69767 122.919 3.3255e-07 502280 22.0314
9.72462 124.152 3.33102e-07 496404 22.2156
9.75161 124.902 3.32339e-07 494156 22.4011
9.77867 126.607 3.34087e-07 490572 22.5881
9.80581 127.402 3.33399e-07 487856 22.7767
9.83305 128.827 3.34334e-07 485592 22.9671
9.86033 130.089 3.34817e-07 479840 23.1587
9.88774 131.498 3.35637e-07 480792 23.3524
9.91523 132.558 3.35535e-07 473276 23.5477
9.94267 133.277 3.34569e-07 469716 23.7438
9.97028 134.762 3.35493e-07 469388 23.9421
9.99798 136.365 3.36672e-07 463164 24.1422
10.0257 137.772 3.37327e-07 460964 24.3438
10.0536 138.587 3.3651e-07 456404 24.5473
10.0815 140.28 3.37801e-07 453096 24.7523
10.1095 142.352 3.39953e-07 447944 24.9589
10.1375 143.186 3.39112e-07 445104 25.1672
10.1657 144.697 3.39853e-07 440876 25.3776
10.1939 145.733 3.39446e-07 438372 25.5898
10.2223 147.929 3.41704e-07 431156 25.8038
10.2506 149.235 3.41873e-07 426816 26.0187
10.279 150.71 3.42397e-07 424208 26.2357
10.3076 153.09 3.44919e-07 420060 26.4551
10.3362 153.943 3.43966e-07 414500 26.6762
10.3649 156.232 3.46193e-07 409044 26.8987
10.3936 157.531 3.46184e-07 406184 27.1231
10.4225 158.87 3.46227e-07 401808 27.3503
10.4515 161.571 3.49195e-07 394448 27.5787
10.4804 162.871 3.49096e-07 390564 27.8085
10.5095 165.7 3.52218e-07 386420 28.0409
10.5387 166.594 3.51183e-07 380148 28.2752
10.568 169.62 3.54605e-07 375116 28.5111
10.5973 170.387 3.53255e-07 371108 28.7494
10.6268 172.798 3.55285e-07 363588 28.9896
10.6563 175.934 3.58735e-07 360704 29.2318
10.6859 177.903 3.59744e-07 352920 29.4761
10.7155 180.022 3.61014e-07 347888 29.7223
10.7453 181.764 3.61486e-07 342564 29.9707
10.7751 185.897 3.66645e-07 336104 30.221
10.805 185.925 3.63663e-07 329616 30.4733
10.835 189.829 3.68228e-07 324044 30.7274
10.865 192.267 3.69871e-07 317940 30.9838
10.8952 193.341 3.68854e-07 311516 31.2428
10.9255 197.885 3.74392e-07 306920 31.5041
10.9559 199.27 3.73886e-07 297936 31.7675
10.9864 200.947 3.73904e-07 293684 32.0334
11.0169 204.632 3.77607e-07 284568 32.3008
11.0473 206.031 3.77054e-07 276704 32.5693
11.078 210.439 3.81927e-07 274896 32.8418
11.1089 210.864 3.7952e-07 263228 33.1168
11.1396 214.351 3.82607e-07 257720 33.3927
11.1706 216.05 3.82446e-07 250968 33.6716
11.2016 220.013 3.86234e-07 242276 33.9529
11.2326 222.53 3.8742e-07 236220 34.2362
11.2638 221.698 3.82775e-07 227624 34.5222
11.2952 225.011 3.85273e-07 221304 34.811
11.3265 226.284 3.84239e-07 212204 35.1021
11.3579 227.094 3.82435e-07 203168 35.394
11.3893 228.811 3.82138e-07 197955 35.6892
11.4211 229.415 3.79962e-07 190268 35.9884
11.4529 233.516 3.83543e-07 184188 36.2897
11.4846 235.757 3.8402e-07 176492 36.5924
11.5165 235.191 3.79929e-07 172200 36.8977
11.5486 237.555 3.80557e-07 166544 37.207
11.5807 240.451 3.82002e-07 160160 37.518
11.6127 245.714 3.87137e-07 155010 37.8307
11.6449 246.862 3.85731e-07 149948 38.1461
11.6773 246.508 3.81987e-07 145458 38.4648
11.7097 252.832 3.88536e-07 140444 38.7866
11.7423 255.845 3.89908e-07 135596 39.1106
11.7747 257.673 3.89452e-07 130308 39.4362
11.8074 262.022 3.92753e-07 126860 39.7648
11.8402 263.286 3.91368e-07 122748 40.098
11.8732 267 3.93593e-07 118076 40.4338
11.9062 270.387 3.95283e-07 113774 40.7716
11.9391 277.778 4.02733e-07 109236 41.1112
11.9722 278.485 4.00425e-07 105638 41.4534
12.0054 282.662 4.03064e-07 102174 41.7998
12.0389 285.036 4.03066e-07 98708 42.1505
12.0724 288.513 4.04594e-07 94310 42.5035
12.1059 295.437 4.10881e-07 90414 42.8577
12.1394 299.717 4.13385e-07 87398 43.2153
12.1731 300.428 4.10936e-07 83462 43.5758
12.2067 306.893 4.1632e-07 79902 43.9379
12.2406 310.699 4.17992e-07 77558 44.3049
12.2748 320.021 4.26948e-07 74094 44.6769
12.309 324.167 4.28883e-07 71006 45.0516
12.3433 327.03 4.29078e-07 67574 45.4289
12.3775 333.441 4.33871e-07 64368 45.8078
12.4118 341.844 4.41128e-07 61502 46.1894
12.446 349.482 4.47271e-07 58214 46.573
12.4804 352.443 4.47346e-07 55872 46.9597
12.515 358.176 4.5086e-07 53270 47.3516
12.5498 367.88 4.59232e-07 50742 47.7479
12.5848 372.655 4.6133e-07 48032 48.1477
12.6198 378.353 4.64493e-07 45638 48.551
12.6549 389.198 4.73838e-07 43008 48.9576
12.6901 398.638 4.81304e-07 40694 49.3673
12.7255 407.104 4.87441e-07 38408 49.781
12.7609 411.116 4.8816e-07 35958 50.1975
12.7963 430.475 5.06908e-07 33920 50.6172
12.8319 434.221 5.07079e-07 31622 51.0405
12.8675 437.46 5.06633e-07 29640 51.4665
12.9033 451.852 5.18964e-07 27662 51.8966
12.939 467.2 5.32157e-07 25568 52.3291
12.9748 476.611 5.38391e-07 23904 52.7651
13.0109 482.637 5.40675e-07 22118 53.2064
13.0469 502.256 5.5801e-07 20168 53.6491
13.083 516.232 5.68801e-07 18816 54.096
13.1194 531.255 5.80494e-07 17126 54.5488
13.1559 552.799 5.99023e-07 15680 55.0052
13.1925 571.196 6.13819e-07 14184 55.4658
13.2293 578.876 6.16902e-07 12854 55.9307
13.2663 597.227 6.31142e-07 11600 56.4017
13.3038 615.138 6.44599e-07 10428 56.8805
13.3412 628.48 6.53051e-07 9032 57.362
13.3781 642.893 6.62508e-07 7838 57.8399
13.4149 689.844 7.05059e-07 6816 58.3184
13.4517 689.013 6.98451e-07 5840 58.7992
13.4884 722.201 7.26141e-07 4952 59.2812
13.5246 731.313 7.29414e-07 4062 59.7599
13.5603 741.342 7.33587e-07 3368 60.2348
13.596 776.372 7.62206e-07 2744 60.7124
13.6318 793.588 7.72987e-07 2184 61.1931
13.6739 807.684 7.79479e-07 2192 61.7614
13.7179 871.934 8.33412e-07 1238 62.3597
13.7573 918.769 8.70658e-07 728 62.8983
13.7931 1027.63 9.66252e-07 456 63.391
13.8288 1038.37 9.68808e-07 248 63.8846
13.8642 1148.13 1.06305e-06 104 64.3755
13.8983 1847.75 1.69824e-06 24 64.852
13.93 156.849 1.43176e-07 1 65.2968
0.399365
1398
200
512
2.01553
0.502655 1.52403 2.96089e-05 6 0.00306796
0.710861 1.87796 1.28994e-05 12 0.00867751
0.870624 2.99994 1.12166e-05 8 0.0159416
1.00531 1.43804 3.49229e-06 6 0.0245437
1.12397 1.70672 2.96578e-06 24 0.0343009
1.23125 4.77974 6.31841e-06 24 0.0450896
1.42172 2.52722 2.1699e-06 12 0.06942
1.50796 3.96032 2.84968e-06 30 0.082835
1.58953 3.77162 2.31717e-06 24 0.0970175
1.66712 5.22442 2.78214e-06 24 0.111928
1.74125 2.39155 1.11773e-06 8 0.127533
1.81235 8.39269 3.47869e-06 24 0.143802
1.88076 4.77047 1.76929e-06 48 0.16071
2.01062 4.22855 1.28363e-06 6 0.19635
2.0725 9.19738 2.5493e-06 48 0.215042
2.13258 7.82317 1.99023e-06 36 0.234293
2.19102 6.97543 1.63633e-06 24 0.254086
2.24794 13.2077 2.86888e-06 24 0.274407
2.30345 8.30674 1.677e-06 48 0.295242
2.35766 6.28527 1.18337e-06 24 0.31658
2.4625 6.47709 1.07027e-06 24 0.360717
2.51327 11.8211 1.8373e-06 30 0.383495
2.56305 9.9884 1.46375e-06 72 0.406733
2.61187 9.77947 1.35425e-06 32 0.430423
2.70688 11.6901 1.4543e-06 72 0.479123
2.75315 10.0055 1.18301e-06 48 0.504118
2.84345 16.8439 1.80779e-06 12 0.55536
2.88753 13.3526 1.36844e-06 48 0.581595
2.93096 12.9159 1.26571e-06 48 0.608231
2.97375 18.2609 1.71337e-06 48 0.635261
3.01593 11.9448 1.07438e-06 30 0.66268
3.05753 10.6441 9.18829e-07 24 0.690482
3.09857 11.9544 9.91477e-07 72 0.718663
3.17907 12.8021 9.83154e-07 24 0.77614
3.21856 16.1006 1.1915e-06 96 0.805426
3.25758 17.0135 1.21437e-06 48 0.835072
3.29613 13.1725 9.07605e-07 24 0.865073
3.33423 12.5175 8.33239e-07 24 0.895424
3.37191 13.2663 8.53811e-07 72 0.926123
3.40917 14.9396 9.30322e-07 48 0.957165
3.48249 20.1962 1.17988e-06 8 1.02026
3.51858 19.7884 1.12085e-06 54 1.05231
3.55431 15.307 8.41134e-07 84 1.08469
3.58967 18.6751 9.96179e-07 48 1.11739
3.6247 18.3753 9.5205e-07 24 1.15042
3.65938 16.7135 8.41558e-07 72 1.18376
3.69374 21.6817 1.06153e-06 96 1.21742
3.76152 17.3183 8.02884e-07 48 1.28568
3.79496 17.9694 8.11244e-07 48 1.32027
3.82811 10.2476 4.50723e-07 24 1.35516
3.86096 25.0813 1.07523e-06 72 1.39036
3.92586 18.6767 7.61614e-07 72 1.46165
3.95791 21.8315 8.68813e-07 96 1.49774
4.02124 19.4138 7.36664e-07 6 1.5708
4.05253 27.0714 1.00363e-06 96 1.60776
4.08359 26.0674 9.44522e-07 96 1.645
4.11441 26.5198 9.39482e-07 24 1.68253
4.145 31.6721 1.09735e-06 48 1.72034
4.17536 20.0349 6.79116e-07 96 1.75842
4.20551 17.6281 5.84776e-07 48 1.79679
4.26517 19.4247 6.17712e-07 36 1.87434
4.29468 32.534 1.01341e-06 48 1.91353
4.324 26.4706 8.07879e-07 120 1.95298
4.35312 30.33 9.07216e-07 56 1.9927
4.38204 26.277 7.70523e-07 24 2.03269
4.41078 21.3663 6.1436e-07 96 2.07294
4.43933 28.1484 7.93857e-07 48 2.11345
4.49588 31.5769 8.57364e-07 24 2.19525
4.52389 30.0346 8.00432e-07 102 2.23654
4.55173 17.7683 4.64895e-07 48 2.27809
4.5794 25.9203 6.65968e-07 72 2.31989
4.60691 21.6259 5.45738e-07 48 2.36194
4.63425 30.2634 7.50273e-07 48 2.40424
4.66143 38.125 9.28737e-07 120 2.4468
4.71532 32.4826 7.64464e-07 24 2.53264
4.74204 24.6532 5.70452e-07 144 2.57594
4.7686 27.5407 6.26673e-07 120 2.61947
4.79502 23.5672 5.27444e-07 48 2.66325
4.84743 31.3957 6.80106e-07 48 2.75153
4.87342 24.9559 5.31999e-07 96 2.79603
4.92499 49.2404 1.01706e-06 24 2.88574
4.95058 27.6247 5.61784e-07 48 2.93094
4.97603 27.9808 5.60339e-07 108 2.97638
5.00135 27.7596 5.47508e-07 72 3.02206
5.02655 20.9757 4.07517e-07 30 3.06796
5.05162 32.4021 6.20185e-07 168 3.1141
5.07656 42.4111 7.99853e-07 48 3.16046
5.12609 42.9861 7.87423e-07 72 3.25387
5.15068 37.0377 6.6879e-07 96 3.30091
5.17515 34.0617 6.0637e-07 72 3.34818
5.1995 37.6309 6.6054e-07 72 3.39567
5.22374 34.1727 5.91526e-07 32 3.44338
5.24787 33.5503 5.72779e-07 72 3.49132
5.27189 27.3739 4.60976e-07 144 3.53948
5.34329 37.2687 6.02776e-07 96 3.68526
5.36688 22.7394 3.62954e-07 96 3.73428
5.39037 30.9403 4.87425e-07 48 3.78353
5.41376 38.0982 5.92445e-07 72 3.83298
5.43704 32.9286 5.05504e-07 120 3.88265
5.46023 36.224 5.4904e-07 72 3.93254
5.50631 25.9004 3.82794e-07 48 4.03294
5.5292 35.6178 5.19899e-07 78 4.08346
5.552 38.683 5.57712e-07 120 4.13418
5.57471 33.4327 4.76151e-07 48 4.18512
5.61985 41.9614 5.83331e-07 144 4.28761
5.64229 39.4313 5.41646e-07 144 4.33916
5.68689 47.5487 6.37902e-07 12 4.44288
5.70906 39.7392 5.26944e-07 144 4.49505
5.73115 30.148 3.95161e-07 48 4.54742
5.75315 45.4986 5.89551e-07 120 4.59999
5.77506 40.888 5.23799e-07 48 4.65276
5.7969 32.0424 4.05862e-07 48 4.70573
5.81865 39.2603 4.91729e-07 168 4.75891
5.86191 35.354 4.33072e-07 48 4.86585
5.88342 38.2186 4.63046e-07 96 4.91961
5.90486 42.2977 5.06907e-07 96 4.97357
5.92621 54.0348 6.40592e-07 72 5.02773
5.94749 43.4691 5.09822e-07 48 5.08209
5.9687 45.0632 5.22905e-07 96 5.13663
5.98982 46.2272 5.30757e-07 48 5.19138
6.03186 39.5299 4.44439e-07 30 5.30144
6.05277 36.9789 4.11465e-07 96 5.35676
6.0736 42.4486 4.67481e-07 192 5.41227
6.09437 42.9212 4.6787e-07 56 5.46797
6.11506 62.951 6.79267e-07 24 5.52386
6.13568 44.3665 4.73921e-07 168 5.57994
6.15624 43.8975 4.6423e-07 120 5.63621
6.19714 41.9147 4.34542e-07 72 5.7493
6.2175 39.3144 4.03594e-07 144 5.80613
6.23778 48.7174 4.9526e-07 96 5.86315
6.258 49.2082 4.95417e-07 96 5.92035
6.29825 43.1973 4.26616e-07 72 6.03531
6.31827 36.4515 3.56582e-07 96 6.09306
6.35814 45.7011 4.38709e-07 24 6.20912
6.37797 45.7278 4.34882e-07 192 6.26742
6.39775 42.3402 3.98942e-07 108 6.3259
6.41747 34.1143 3.18482e-07 24 6.38457
6.43712 46.3877 4.29109e-07 96 6.44341
6.45672 48.6791 4.46217e-07 96 6.50243
6.47625 43.048 3.9104e-07 120 6.56163
6.51515 62.1616 5.54611e-07 48 6.68057
6.53451 47.708 4.21882e-07 78 6.74031
6.55382 49.636 4.35064e-07 144 6.80023
6.57306 58.6573 5.09634e-07 120 6.86032
6.59226 20.9781 1.80677e-07 24 6.92058
6.61139 42.7896 3.65342e-07 168 6.98102
6.63047 65.8383 5.57295e-07 144 7.04164
6.66847 63.5355 5.28662e-07 24 7.1634
6.68739 41.3847 3.41436e-07 48 7.22453
6.70625 59.3973 4.85922e-07 96 7.28584
6.72506 41.1957 3.34197e-07 120 7.34733
6.74382 46.3405 3.72806e-07 72 7.40898
6.76253 49.5174 3.95066e-07 120 7.47081
6.78118 42.0225 3.3251e-07 144 7.53281
6.81834 84.6372 6.58817e-07 48 7.65732
6.83684 46.4574 3.58697e-07 192 7.71983
6.8553 41.2789 3.16147e-07 144 7.7825
6.8737 45.1691 3.4317e-07 48 7.84535
6.91036 59.4363 4.44416e-07 192 7.97155
6.92862 38.2988 2.84109e-07 48 8.0349
6.96499 43.4619 3.17386e-07 8 8.1621
6.99816 52.3568 3.76931e-07 288 8.27926
7.01919 40.7993 2.91092e-07 96 8.35414
7.03717 41.1449 2.91315e-07 54 8.41849
7.0551 51.1201 3.59189e-07 120 8.483
7.07298 67.1222 4.68057e-07 120 8.54767
7.10861 38.6922 2.65771e-07 84 8.67751
7.12636 62.5238 4.26266e-07 144 8.74267
7.14407 55.3959 3.7487e-07 72 8.80799
7.16173 57.4567 3.85947e-07 96 8.87348
7.19106 71.0488 4.71431e-07 144 8.98295
7.21445 44.3219 2.91238e-07 240 9.07091
7.24939 72.3921 4.68842e-07 24 9.20333
7.2668 56.9202 3.65997e-07 240 9.26978
7.28416 47.9459 3.06092e-07 96 9.33639
7.31012 46.9904 2.96808e-07 144 9.43656
7.33601 55.3879 3.46159e-07 96 9.53717
7.35321 60.3131 3.74301e-07 72 9.60441
7.38749 51.113 3.1281e-07 96 9.73936
7.40457 45.6156 2.77239e-07 96 9.80708
7.42916 54.5993 3.28555e-07 216 9.90512
7.4725 60.0993 3.55395e-07 192 10.0795
7.48939 50.897 2.98946e-07 144 10.148
7.52305 32.6058 1.88953e-07 48 10.2854
7.53982 57.9677 3.33689e-07 150 10.3544
7.55656 69.1057 3.95168e-07 96 10.4235
7.57326 55.9793 3.17994e-07 120 10.4927
7.60179 45.394 2.5497e-07 168 10.6118
7.62314 53.6213 2.98659e-07 240 10.7014
7.65621 57.385 3.15498e-07 24 10.8413
7.68256 52.2424 2.8428e-07 360 10.9536
7.70555 52.1784 2.81397e-07 48 11.0523
7.72193 58.0015 3.10815e-07 72 11.1229
7.74479 56.8598 3.02006e-07 240 11.222
7.81103 72.1841 3.73728e-07 276 11.5124
7.83561 50.7576 2.60329e-07 104 11.6214
7.85172 60.4996 3.08389e-07 72 11.6932
7.87519 55.219 2.78962e-07 312 11.7984
7.91582 54.5154 2.71189e-07 96 11.9819
7.93971 53.1297 2.61916e-07 288 12.0908
7.96355 68.6521 3.35408e-07 168 12.2
7.99521 45.9035 2.21613e-07 48 12.3461
8.011 50.7164 2.43404e-07 192 12.4194
8.05769 59.8132 2.82101e-07 198 12.6378
8.07383 62.4061 2.92568e-07 96 12.7139
8.09726 74.2323 3.44999e-07 192 12.8249
8.12064 52.9608 2.44019e-07 216 12.9363
8.13618 64.8946 2.97295e-07 72 13.0107
8.16717 57.5067 2.60461e-07 96 13.16
8.19364 70.8351 3.17729e-07 336 13.2884
8.21345 56.5027 2.51613e-07 48 13.385
8.24287 62.8424 2.76858e-07 288 13.5293
8.25946 83.3267 3.64896e-07 192 13.6112
8.29 80.3055 3.47794e-07 48 13.7627
8.30522 65.8994 2.83836e-07 96 13.8387
8.32731 55.9172 2.3893e-07 264 13.9494
8.35073 88.0739 3.73176e-07 96 14.0674
8.3764 59.8322 2.5119e-07 240 14.1975
8.42353 59.4131 2.45267e-07 288 14.4385
8.44101 66.2622 2.71846e-07 96 14.5286
8.45596 57.5008 2.34652e-07 72 14.6059
8.49216 68.9479 2.77783e-07 336 14.7943
8.54127 66.2972 2.62523e-07 138 15.0525
8.5599 68.5086 2.69512e-07 240 15.1512
8.57955 53.4784 2.08941e-07 144 15.2558
8.61048 57.8732 2.23684e-07 384 15.4214
8.65698 71.3994 2.71541e-07 312 15.6725
8.67717 53.4774 2.01965e-07 72 15.7824
8.69499 63.2083 2.3725e-07 248 15.8799
8.72942 66.5173 2.46728e-07 240 16.0693
8.76409 65.3003 2.39351e-07 24 16.2615
8.77849 65.0193 2.3715e-07 192 16.3418
8.79618 76.9543 2.78991e-07 312 16.4408
8.83014 72.5 2.59822e-07 240 16.6319
8.85015 65.921 2.34645e-07 96 16.7453
8.87865 61.1039 2.15411e-07 48 16.9076
8.90372 77.4171 2.70621e-07 408 17.0512
8.92124 56.0926 1.94926e-07 144 17.152
8.94951 67.1368 2.31101e-07 120 17.3157
8.96362 65.5323 2.24515e-07 144 17.3977
9.00452 82.0622 2.77333e-07 264 17.6369
9.02681 78.7313 2.64109e-07 192 17.7682
9.04779 69.1956 2.30511e-07 102 17.8924
9.07025 74.5342 2.46455e-07 432 18.0259
9.10347 68.3519 2.23548e-07 48 18.2247
9.12079 78.0895 2.53942e-07 384 18.329
9.1519 60.5255 1.94825e-07 144 18.5172
9.18009 69.481 2.21597e-07 264 18.6888
9.22295 73.8797 2.32357e-07 144 18.9518
9.24727 72.612 2.26573e-07 324 19.1021
9.28041 83.917 2.59052e-07 384 19.3082
9.29572 76.3362 2.34489e-07 216 19.4039
9.32887 84.8564 2.57891e-07 216 19.6123
9.35667 72.3001 2.17778e-07 240 19.7881
9.39037 87.1175 2.59596e-07 168 20.0027
9.40381 85.1512 2.5265e-07 240 20.0887
9.44254 82.3159 2.41244e-07 216 20.3379
9.46184 82.0985 2.39138e-07 288 20.4629
9.48939 81.4097 2.35072e-07 240 20.6422
9.51068 72.7267 2.08593e-07 72 20.7814
9.54398 92.6598 2.62992e-07 246 21.0005
9.56795 78.1096 2.20033e-07 320 21.1591
9.60101 74.7352 2.0836e-07 288 21.3792
9.61635 75.5694 2.09679e-07 144 21.4818
9.65568 70.3254 1.92754e-07 288 21.7465
9.67622 86.4806 2.35528e-07 336 21.8855
9.70415 91.796 2.47851e-07 168 22.0756
9.72088 70.9911 1.90689e-07 336 22.19
9.75547 73.9841 1.96623e-07 288 22.4277
9.77625 77.9418 2.05823e-07 264 22.5713
9.81143 80.3921 2.10018e-07 240 22.8159
9.8243 84.7062 2.2042e-07 96 22.9058
9.86024 69.2356 1.782e-07 120 23.1581
9.88236 84.7144 2.16578e-07 408 23.3143
9.91926 85.8251 2.16978e-07 456 23.5765
9.95206 74.5747 1.86678e-07 108 23.8111
9.9705 85.6389 2.13187e-07 264 23.9437
9.99351 87.1333 2.15412e-07 264 24.1099
10.025 93.5725 2.29156e-07 312 24.3386
10.0643 77.01 1.86398e-07 270 24.6255
10.0807 74.7945 1.80151e-07 240 24.7464
10.1103 87.634 2.0923e-07 384 24.9648
10.1282 92.562 2.19823e-07 192 25.098
10.1697 82.0676 1.92525e-07 432 25.4077
10.1904 77.5085 1.80724e-07 144 25.563
10.2213 90.6997 2.09567e-07 480 25.7966
10.2604 84.7515 1.93595e-07 216 26.0935
10.2853 85.0304 1.92825e-07 312 26.284
10.3082 85.6671 1.92979e-07 216 26.4597
10.335 84.9891 1.89963e-07 192 26.667
10.3681 91.078 2.01629e-07 624 26.924
10.3941 100.447 2.20705e-07 120 27.1273
10.4163 91.5383 1.99847e-07 336 27.3015
10.4574 90.8368 1.9599e-07 176 27.6254
10.4747 86.7044 1.86149e-07 384 27.7625
10.5085 100.058 2.12751e-07 408 28.0323
10.5438 86.8983 1.82921e-07 144 28.3158
10.564 87.6656 1.83477e-07 486 28.4792
10.6035 91.1958 1.8874e-07 96 28.7998
10.6154 95.0943 1.96147e-07 384 28.897
10.6571 85.4956 1.74286e-07 492 29.2389
10.6866 80.8208 1.63398e-07 384 29.482
10.7102 99.0449 1.9892e-07 168 29.6779
10.7506 96.7664 1.92164e-07 504 30.0147
10.7714 88.2926 1.74322e-07 240 30.1893
10.7949 101.242 1.98584e-07 456 30.3877
10.836 95.9224 1.86017e-07 264 30.736
10.8632 102.179 1.96667e-07 384 30.9679
10.8921 93.4925 1.78516e-07 432 31.2162
10.9282 75.6742 1.43069e-07 216 31.527
10.9474 91.4916 1.72063e-07 360 31.6939
10.9817 118.867 2.21459e-07 312 31.9924
11.0218 94.7344 1.74579e-07 240 32.3442
11.0425 87.7144 1.60734e-07 414 32.5268
11.0763 88.1023 1.59973e-07 552 32.8262
11.1116 91.2912 1.64188e-07 360 33.1412
11.1349 103.002 1.84086e-07 432 33.3505
11.1687 91.6665 1.62348e-07 480 33.6546
11.2059 108.823 1.90817e-07 288 33.9926
11.2302 96.3437 1.67843e-07 312 34.2137
11.2562 101.177 1.75045e-07 360 34.4519
11.2995 95.1188 1.62679e-07 576 34.8511
11.3354 103.055 1.74581e-07 464 35.1845
11.3515 92.7706 1.5649e-07 192 35.335
11.3899 102.811 1.71679e-07 396 35.6946
11.4181 104.869 1.73821e-07 432 35.9603
11.4446 97.2658 1.60101e-07 240 36.2115
11.4797 110.451 1.80145e-07 624 36.5449
11.5178 105.171 1.69836e-07 504 36.9103
11.5584 93.404 1.49249e-07 198 37.3022
11.5777 93.2653 1.48285e-07 600 37.4888
11.6115 101.269 1.59607e-07 384 37.8185
11.6469 99.8585 1.55951e-07 432 38.1659
11.6775 106.096 1.64394e-07 336 38.4676
11.7053 96.9805 1.49201e-07 336 38.7429
11.7408 111.353 1.69764e-07 744 39.0965
11.7788 99.1052 1.49634e-07 624 39.4771
11.8151 103.094 1.54229e-07 192 39.8426
11.837 102.727 1.52826e-07 432 40.0652
11.8692 104.964 1.54889e-07 504 40.3925
11.9071 106.551 1.55732e-07 336 40.7812
11.9357 121.306 1.76026e-07 456 41.0757
11.961 106.795 1.53987e-07 408 41.3376
11.9967 104.051 1.48696e-07 696 41.7088
12.0375 116.945 1.65429e-07 384 42.1357
12.0797 107.659 1.50704e-07 330 42.5803
12.1079 110.196 1.53177e-07 624 42.8796
12.1368 94.8842 1.30955e-07 384 43.1869
12.1679 97.4137 1.33419e-07 728 43.5194
12.2048 117.69 1.59728e-07 432 43.9174
12.2458 116.852 1.57006e-07 696 44.3608
12.2726 117.983 1.57489e-07 408 44.6527
12.3135 112.942 1.49261e-07 456 45.1014
12.336 111.189 1.46144e-07 408 45.3485
12.3706 120.203 1.56668e-07 528 45.7315
12.4155 120.743 1.55671e-07 576 46.231
12.4491 113.452 1.45089e-07 672 46.6077
12.4869 91.8696 1.16424e-07 384 47.0337
12.5204 112.823 1.41834e-07 600 47.4132
12.5516 108.131 1.34926e-07 294 47.7677
12.5804 102.926 1.2755e-07 600 48.098
12.6134 121.928 1.49915e-07 768 48.4771
12.6565 117.897 1.43482e-07 648 48.976
12.6923 118.725 1.43272e-07 408 49.3924
12.7292 117.893 1.41034e-07 552 49.8248
12.7636 108.473 1.28718e-07 648 50.2301
12.8023 126.121 1.48308e-07 348 50.688
12.8251 119.362 1.39613e-07 744 50.9589
12.8679 108.552 1.25705e-07 672 51.4713
12.9036 111.362 1.27891e-07 456 51.9012
12.9334 113.623 1.29589e-07 600 52.2607
12.9695 123.645 1.39845e-07 744 52.6997
13.006 120.623 1.3528e-07 288 53.1466
13.0495 118.352 1.31413e-07 704 53.6806
13.081 128.885 1.42075e-07 678 54.0708
13.1208 123.066 1.3443e-07 648 54.5662
13.1596 117.088 1.26771e-07 648 55.0519
13.1964 122.367 1.31382e-07 696 55.5145
13.2284 110.458 1.17738e-07 696 55.9191
13.2734 129.851 1.37007e-07 552 56.4915
13.3052 129.847 1.36021e-07 840 56.8994
13.3506 121.729 1.26222e-07 600 57.4831
13.3849 125.225 1.28851e-07 696 57.9271
13.4246 124.288 1.26755e-07 672 58.4447
13.4567 123.628 1.25183e-07 552 58.8642
13.5 131.649 1.32026e-07 492 59.4345
13.5339 131.965 1.31351e-07 840 59.8832
13.5717 140.085 1.3827e-07 606 60.3866
13.6079 127.783 1.25123e-07 936 60.8715
13.6493 128.198 1.24391e-07 528 61.4288
13.6785 130.421 1.2574e-07 696 61.8233
13.7222 128.161 1.22384e-07 648 62.4181
13.7547 130.073 1.23331e-07 936 62.8628
13.799 134.029 1.25862e-07 384 63.4721
13.8245 130.34 1.21722e-07 864 63.825
13.8698 128.58 1.18907e-07 768 64.4536
13.9077 123.24 1.13038e-07 528 64.984
13.9468 135.974 1.23672e-07 776 65.5335
13.985 132.723 1.1973e-07 960 66.0729
14.0235 136.151 1.21813e-07 696 66.6204
14.0543 143.65 1.27678e-07 582 67.0611
14.104 128.44 1.12957e-07 1008 67.7746
14.1396 148.087 1.29253e-07 408 68.2898
14.1747 149.153 1.2922e-07 960 68.7993
14.2207 137.212 1.17725e-07 852 69.4712
14.2588 132.283 1.12589e-07 912 70.0305
14.3027 137.051 1.15575e-07 1032 70.68
14.3334 134.227 1.12469e-07 384 71.1354
14.3782 144.075 1.19594e-07 864 71.8053
14.4126 133.972 1.10414e-07 840 72.3219
14.4524 146.027 1.19359e-07 912 72.9219
14.5014 142.671 1.15437e-07 792 73.6667
14.5381 159.912 1.2841e-07 744 74.2268
14.583 142.316 1.13228e-07 726 74.9171
14.6171 155.328 1.22718e-07 984 75.4438
14.6557 160.239 1.256e-07 912 76.0429
14.6984 150.253 1.1675e-07 1104 76.7092
14.7399 149.105 1.14881e-07 744 77.3612
14.79 136.829 1.04355e-07 968 78.1531
14.8189 152.116 1.15337e-07 672 78.6116
14.8602 158.193 1.18946e-07 984 79.2714
14.9075 153.959 1.14665e-07 840 80.0305
14.945 166.168 1.22829e-07 1092 80.6357
14.993 155.567 1.13892e-07 840 81.415
15.0265 147.73 1.07433e-07 720 81.9621
15.0728 149.612 1.07803e-07 1110 82.7214
15.1154 152.992 1.09308e-07 1056 83.4253
15.1542 153.67 1.08951e-07 888 84.0693
15.1982 176.321 1.23928e-07 936 84.8037
15.2384 169.28 1.18039e-07 912 85.479
15.2828 160.959 1.11262e-07 1104 86.2279
15.3261 162.079 1.1109e-07 912 86.963
15.3668 157.158 1.06862e-07 1104 87.6584
15.413 159.07 1.07192e-07 1128 88.4511
15.4559 167.314 1.11813e-07 768 89.1909
15.4907 166.109 1.10261e-07 888 89.7945
15.5324 165.115 1.08719e-07 1224 90.5232
15.5906 171.25 1.11502e-07 750 91.5437
15.6187 171.735 1.11215e-07 1092 92.0395
15.6685 161.211 1.03408e-07 1472 92.922
15.7176 165.191 1.04971e-07 792 93.7986
15.755 157.432 9.93292e-08 1080 94.4704
15.7999 173.076 1.08271e-07 1584 95.2806
15.8457 183.452 1.13769e-07 624 96.1121
15.8875 173.935 1.07018e-07 1248 96.8745
15.9288 164.28 1.00294e-07 888 97.6315
15.9759 161.614 9.77968e-08 912 98.4994
16.0166 172.388 1.03523e-07 1368 99.2546
16.0594 165.692 9.87085e-08 960 100.053
16.1064 179.721 1.0613e-07 1542 100.934
16.1587 169.471 9.91092e-08 1152 101.921
16.2027 169.713 9.8445e-08 1008 102.755
16.2458 173.948 1.00101e-07 1248 103.576
16.2838 184.319 1.05327e-07 1056 104.306
16.329 175.473 9.94418e-08 1188 105.177
16.3776 179.806 1.00993e-07 1152 106.119
16.4263 172.481 9.60201e-08 1560 107.068
16.4754 183.189 1.01072e-07 1128 108.031
16.5151 179.952 9.8572e-08 1152 108.814
16.5586 174.253 9.47003e-08 920 109.675
16.6046 193.689 1.0439e-07 1470 110.593
16.6539 198.217 1.05885e-07 1200 111.58
16.7007 184.991 9.79914e-08 1440 112.524
16.7407 182.999 9.62426e-08 1224 113.334
16.7902 185.371 9.66309e-08 1296 114.342
16.8432 187.05 9.65886e-08 1560 115.428
16.8896 192.73 9.87024e-08 1272 116.386
16.9285 183.74 9.34517e-08 1080 117.192
16.975 193.26 9.74889e-08 1368 118.159
17.0245 192.391 9.62065e-08 1248 119.195
17.0763 202.649 1.00416e-07 1194 120.288
17.1189 202.994 9.98382e-08 1752 121.19
17.1714 213.808 1.04195e-07 1392 122.308
17.2134 201.908 9.76777e-08 1440 123.208
17.266 199.652 9.57048e-08 1488 124.342
17.3158 201.433 9.5729e-08 1248 125.42
17.3578 193.821 9.14443e-08 1512 126.335
17.4059 212.04 9.92134e-08 1112 127.388
17.4584 210.388 9.75548e-08 1848 128.544
17.5012 213.758 9.83927e-08 1224 129.491
17.5513 205.753 9.38974e-08 1536 130.609
17.6038 206.529 9.34111e-08 1638 131.784
17.652 204.819 9.18818e-08 1392 132.868
17.7 219.448 9.76458e-08 1632 133.955
17.756 211.061 9.30276e-08 1452 135.231
17.7986 204.131 8.93283e-08 1680 136.207
17.8449 207.225 8.99783e-08 1320 137.273
17.893 227.916 9.81666e-08 1752 138.386
17.9488 219.655 9.37287e-08 1776 139.685
18.0029 217.272 9.18791e-08 1104 140.951
18.0415 214.716 9.02168e-08 1728 141.859
18.0953 207.288 8.63205e-08 1446 143.133
18.1443 218.392 9.02105e-08 1920 144.298
18.201 229.51 9.3919e-08 1896 145.656
18.2474 236.922 9.62153e-08 1176 146.771
18.2919 214.153 8.63345e-08 1856 147.849
18.3431 220.082 8.7985e-08 1896 149.093
18.3976 240.804 9.54158e-08 1464 150.426
18.4552 226.803 8.90293e-08 1968 151.843
18.5038 238.48 9.28776e-08 1548 153.046
18.5557 239.58 9.25255e-08 1944 154.337
18.6063 220.569 8.44896e-08 1470 155.604
18.6575 238.442 9.05866e-08 1920 156.891
18.7093 233.751 8.80682e-08 2184 158.203
18.7648 234.082 8.74124e-08 1464 159.615
18.809 228.517 8.47345e-08 1608 160.745
18.8624 233.641 8.59006e-08 1944 162.119
18.9166 251.063 9.15154e-08 1872 163.519
18.9683 239.489 8.65847e-08 2256 164.863
19.021 233.446 8.36994e-08 1632 166.243
19.0776 252.073 8.95767e-08 1542 167.73
19.1277 259.182 9.13811e-08 2216 169.055
19.1825 250.354 8.75149e-08 2052 170.511
19.2349 262.636 9.10601e-08 1680 171.912
19.2854 259.95 8.94224e-08 2280 173.27
19.3414 251.246 8.56791e-08 1968 174.785
19.3966 248.634 8.40665e-08 2016 176.286
19.4477 243.597 8.17162e-08 1968 177.682
19.5069 259.604 8.62945e-08 1920 179.312
19.5637 270.008 8.89746e-08 2400 180.88
19.6219 256.639 8.38188e-08 1974 182.499
19.6656 265.368 8.60921e-08 1944 183.724
19.7215 249.052 8.0114e-08 1920 185.294
19.7735 271.764 8.67329e-08 2280 186.762
19.826 274.362 8.68675e-08 1968 188.255
19.8834 261.915 8.22111e-08 2220 189.894
19.9402 270.321 8.4126e-08 2352 191.527
19.9979 271.787 8.38519e-08 1968 193.195
20.0514 274.823 8.41121e-08 2504 194.749
20.1114 276.921 8.39981e-08 2118 196.502
20.1661 274.915 8.27129e-08 2352 198.11
20.2215 278.634 8.31446e-08 2136 199.747
20.2758 292.497 8.65816e-08 2112 201.361
20.3301 273.425 8.02896e-08 2472 202.983
20.3859 293.919 8.56009e-08 2376 204.658
20.4424 283.117 8.17731e-08 2304 206.365
20.5033 283.734 8.12227e-08 2448 208.216
20.5597 276.434 7.84842e-08 2280 209.937
20.6226 293.782 8.26486e-08 2466 211.87
20.6734 288.813 8.06535e-08 2256 213.439
20.7288 300.541 8.32567e-08 2472 215.161
20.7863 289.006 7.93989e-08 2856 216.956
20.844 278.04 7.57537e-08 2112 218.768
20.9062 295.123 7.96924e-08 2720 220.732
20.9635 306.67 8.21331e-08 2136 222.553
21.0141 307.401 8.17357e-08 2736 224.168
21.0763 286.614 7.55362e-08 2376 226.163
21.1384 321.968 8.41073e-08 3126 228.17
21.2027 314.79 8.1487e-08 2568 230.257
21.2496 313.403 8.05916e-08 2112 231.79
21.3097 315.885 8.0545e-08 2748 233.76
21.3717 323.812 8.18492e-08 2928 235.808
21.4282 310.352 7.78287e-08 2640 237.682
21.4925 317.06 7.87987e-08 2856 239.83
21.5495 314 7.74206e-08 2352 241.742
21.6105 317.751 7.76843e-08 2910 243.8
21.6685 317.877 7.70926e-08 2784 245.769
21.731 327.906 7.88405e-08 2952 247.902
21.7905 328.21 7.82688e-08 2696 249.944
21.8483 347.349 8.21774e-08 3264 251.938
21.9108 335.458 7.86875e-08 2472 254.105
21.9713 346.993 8.07222e-08 3024 256.217
22.0383 335.159 7.72607e-08 2964 258.567
22.0973 336.164 7.6873e-08 2910 260.65
22.1561 335.359 7.608e-08 2880 262.736
22.2134 343.302 7.72807e-08 3216 264.78
22.2831 349.331 7.79023e-08 3096 267.281
22.3394 332.853 7.36677e-08 2880 269.312
22.4021 342.597 7.51892e-08 2904 271.586
22.465 340.484 7.40999e-08 3504 273.879
22.5286 352.805 7.61327e-08 3168 276.212
22.5974 361.561 7.73117e-08 3054 278.751
22.6529 354.093 7.51599e-08 3032 280.809
22.7152 357.9 7.53443e-08 3000 283.134
22.7794 384.187 8.01969e-08 3780 285.539
22.8468 368.276 7.61964e-08 3504 288.084
22.9105 377.742 7.75054e-08 2904 290.498
22.9708 363.899 7.40785e-08 3336 292.798
23.0336 375.366 7.57891e-08 3144 295.208
23.0969 369.982 7.40897e-08 3414 297.648
23.1662 373.465 7.4118e-08 3552 300.335
23.2215 358.007 7.05436e-08 2928 302.492
23.2818 382.985 7.4881e-08 3840 304.853
23.3508 379.376 7.35194e-08 3312 307.573
23.4144 383.684 7.37505e-08 3432 310.09
23.4796 381.285 7.268e-08 3596 312.69
23.5507 399.102 7.53894e-08 4224 315.54
23.6216 398.366 7.45748e-08 3294 318.398
23.6816 398.984 7.41248e-08 3792 320.828
23.7459 398.862 7.35011e-08 3528 323.451
23.8201 399.497 7.29327e-08 3984 326.491
23.8821 412.513 7.47238e-08 3768 329.048
23.9469 407.472 7.3213e-08 3672 331.734
24.0113 409.981 7.30731e-08 3384 334.415
24.0749 401.126 7.09292e-08 3648 337.082
24.145 415.808 7.28874e-08 4098 340.033
24.211 413.354 7.18656e-08 4008 342.832
24.2803 436.198 7.519e-08 4032 345.784
24.3436 418.984 7.16608e-08 3800 348.494
24.4106 418.665 7.10186e-08 3816 351.378
24.4813 442.664 7.44411e-08 4248 354.439
24.548 424.714 7.08412e-08 3720 357.347
24.616 436.749 7.22471e-08 4254 360.322
24.6841 432.209 7.09061e-08 4224 363.321
24.7539 456.796 7.43072e-08 4368 366.413
24.8247 450.44 7.26483e-08 4104 369.566
24.8945 443.686 7.0959e-08 4500 372.69
24.9619 443.528 7.03603e-08 3480 375.728
25.03 456.252 7.17894e-08 5328 378.813
25.1021 454.82 7.09491e-08 3342 382.096
25.1673 458.636 7.09899e-08 4800 385.081
25.2417 461.547 7.08106e-08 4184 388.506
25.3083 472.087 7.18572e-08 5064 391.59
25.3801 480.349 7.24961e-08 4032 394.932
25.4501 468.106 7.00677e-08 4632 398.205
25.522 484.543 7.19167e-08 4680 401.59
25.5928 468.52 6.8963e-08 3924 404.941
25.6619 491.824 7.18099e-08 5166 408.231
25.7329 488.564 7.0745e-08 4800 411.629
25.8063 504.3 7.24019e-08 4560 415.163
25.8751 499.145 7.10921e-08 4584 418.491
25.947 484.165 6.83871e-08 4848 421.987
26.0156 494.68 6.93208e-08 4560 425.344
26.0959 507.923 7.05211e-08 5600 429.297
26.1678 513.779 7.07476e-08 4686 432.857
26.2409 528.413 7.21566e-08 5016 436.494
26.3159 496.303 6.71944e-08 4956 440.244
26.3821 517.275 6.95081e-08 4872 443.574
26.458 515.799 6.87148e-08 5376 447.415
26.5341 523.209 6.9104e-08 5088 451.286
26.6057 514.501 6.74069e-08 4710 454.948
26.6772 527.692 6.85806e-08 4848 458.627
26.7491 533.589 6.87894e-08 5976 462.345
26.825 552.699 7.06498e-08 5208 466.292
26.9003 538.55 6.82645e-08 5352 470.232
26.975 556.435 6.9947e-08 4820 474.16
27.0465 525.004 6.54743e-08 5760 477.938
27.1221 567.21 7.01474e-08 5166 481.962
27.1993 570.609 6.99692e-08 6168 486.084
27.2764 550.28 6.69059e-08 5136 490.23
27.3523 572.045 6.89742e-08 6240 494.337
27.4326 562.477 6.72266e-08 5568 498.705
27.507 578.033 6.85272e-08 5712 502.77
27.5818 568.002 6.6792e-08 5520 506.881
27.6605 576.525 6.72168e-08 5670 511.235
27.7351 579.938 6.70707e-08 6036 515.381
27.8136 585.57 6.71503e-08 6264 519.77
27.8936 598.409 6.80341e-08 5912 524.266
27.967 629.251 7.09783e-08 5736 528.419
28.0414 614.797 6.87978e-08 5400 532.644
28.1205 626.848 6.95553e-08 6342 537.17
28.2012 626.768 6.89514e-08 7032 541.806
28.2802 620.908 6.77363e-08 5448 546.369
28.3553 642.792 6.95674e-08 6528 550.738
28.4381 621.203 6.66456e-08 6468 555.575
28.5189 652.095 6.93672e-08 6528 560.32
28.5929 628.474 6.63363e-08 5568 564.698
28.6695 642.034 6.72262e-08 6798 569.246
28.7556 644.029 6.68308e-08 6560 574.393
28.8326 644.936 6.63906e-08 6888 579.015
28.9133 666.922 6.80802e-08 6624 583.894
28.9929 680.68 6.89144e-08 6288 588.726
29.0725 662.817 6.65556e-08 6960 593.594
29.1573 648.162 6.45179e-08 6570 598.802
29.2314 663.062 6.55005e-08 6600 603.378
29.315 690.849 6.76632e-08 7776 608.57
29.4037 688.222 6.67979e-08 7248 614.109
29.4863 687.197 6.61397e-08 6672 619.297
29.5638 687.244 6.56253e-08 6704 624.194
29.6425 709.507 6.72131e-08 6942 629.192
29.7261 712.414 6.69202e-08 7656 634.535
29.8087 716.325 6.673e-08 7128 639.837
29.8956 704.818 6.5087e-08 7908 645.45
29.977 733.64 6.71984e-08 6648 650.735
30.0528 721.725 6.56078e-08 7320 655.686
30.1423 746.051 6.7217e-08 7638 661.561
30.2243 756.045 6.75644e-08 7416 666.975
30.3042 745.643 6.61092e-08 7752 672.278
30.3935 764.108 6.71512e-08 8448 678.237
30.4801 754.968 6.57835e-08 7280 684.056
30.5639 766.243 6.62188e-08 7668 689.707
30.6478 760.985 6.52253e-08 8094 695.409
30.7311 779.996 6.63126e-08 7656 701.094
30.8164 782.928 6.6011e-08 8160 706.945
30.9021 774.831 6.4786e-08 8472 712.863
30.9914 768.374 6.36924e-08 7896 719.06
31.0735 772.356 6.35162e-08 8088 724.791
31.1605 804.667 6.5621e-08 8286 730.892
31.2495 787.605 6.36825e-08 8676 737.172
31.3345 814.105 6.52906e-08 8120 743.208
31.4202 822.7 6.54414e-08 9024 749.323
31.5091 828.776 6.53684e-08 8160 755.701
31.5932 828.486 6.4825e-08 7944 761.768
31.6802 821.228 6.37293e-08 8982 768.076
31.7688 852.123 6.55749e-08 9528 774.541
31.8602 847.679 6.46735e-08 8832 781.241
31.9516 846.733 6.40488e-08 8916 787.982
32.039 856.332 6.42457e-08 9240 794.471
32.1273 859.715 6.39694e-08 8496 801.054
32.2155 881.661 6.50652e-08 9422 807.669
32.303 883.407 6.46653e-08 8976 814.273
32.3931 926.632 6.7265e-08 9432 821.104
32.4832 887.447 6.38863e-08 9864 827.97
32.5757 886.475 6.32739e-08 9024 835.068
32.6663 911.579 6.45258e-08 9762 842.056
32.7552 922.435 6.4764e-08 9264 848.95
32.8445 949.816 6.61443e-08 10056 855.908
32.9357 952.694 6.5795e-08 9936 863.059
33.0325 946.502 6.47942e-08 9624 870.695
33.1183 955.309 6.489e-08 9752 877.498
33.2122 955.994 6.43877e-08 10446 884.978
33.3054 944.722 6.30959e-08 10056 892.448
33.3956 979.37 6.48812e-08 9876 899.722
33.491 961.224 6.31364e-08 11160 907.454
33.5844 973.027 6.33798e-08 10128 915.069
33.6785 996.354 6.43567e-08 9726 922.784
33.7682 1002.09 6.42129e-08 11112 930.175
33.8643 1020.22 6.48201e-08 10776 938.136
33.9552 1018.52 6.41936e-08 10232 945.711
34.0498 1021.8 6.3865e-08 11184 953.639
34.1497 1032.08 6.39432e-08 11058 962.058
34.2449 1042.42 6.40465e-08 11472 970.123
34.3371 1034.95 6.30766e-08 10464 977.982
34.4285 1059.79 6.40775e-08 10584 985.815
34.5273 1056.95 6.33584e-08 12504 994.328
34.6247 1074.48 6.38677e-08 10560 1002.76
34.7179 1096.69 6.4664e-08 11694 1010.88
34.8164 1110.41 6.49188e-08 11420 1019.51
34.9125 1085.57 6.2944e-08 12504 1027.98
35.0084 1099.14 6.32085e-08 10800 1036.47
35.1074 1089.2 6.21088e-08 12456 1045.29
35.2074 1117.45 6.31783e-08 12030 1054.24
35.3017 1144.11 6.41688e-08 11232 1062.74
35.397 1156.6 6.43467e-08 13176 1071.37
35.4985 1162.98 6.41478e-08 11196 1080.62
35.593 1142.23 6.25031e-08 12720 1089.27
35.6922 1135.8 6.16341e-08 11918 1098.4
35.7902 1171.16 6.30321e-08 13392 1107.48
35.8939 1191.04 6.35485e-08 12600 1117.13
35.9941 1192.49 6.30955e-08 13200 1126.51
36.095 1186.61 6.22595e-08 12864 1136.01
36.1944 1196.21 6.22477e-08 12270 1145.42
36.2935 1225.05 6.32277e-08 13668 1154.85
36.3944 1215.15 6.21966e-08 13200 1164.51
36.4956 1245.69 6.32307e-08 13416 1174.25
36.5974 1252.93 6.30694e-08 12992 1184.1
36.6991 1247.66 6.22826e-08 13806 1194.01
36.7995 1304.66 6.45971e-08 13800 1203.83
36.901 1285.84 6.31415e-08 13056 1213.82
37.0014 1277.41 6.22182e-08 14364 1223.75
37.1043 1285.28 6.20822e-08 13248 1233.99
37.2078 1313.37 6.29104e-08 15054 1244.35
37.3141 1347.63 6.40016e-08 13680 1255.04
37.4145 1333.63 6.28279e-08 15152 1265.21
37.5223 1316.41 6.14843e-08 14376 1276.17
37.6238 1322.16 6.12542e-08 13932 1286.56
37.7292 1368.76 6.28827e-08 14910 1297.4
37.833 1364.44 6.217e-08 15648 1308.14
37.937 1409.79 6.37099e-08 13680 1318.95
38.0425 1390.29 6.2307e-08 15816 1329.99
38.1491 1431.87 6.36343e-08 15030 1341.2
38.253 1415.39 6.23906e-08 15104 1352.19
38.3629 1430.93 6.25354e-08 16548 1363.87
38.4701 1440.68 6.24362e-08 15360 1375.34
38.5768 1468.14 6.31e-08 15768 1386.81
38.6815 1486.22 6.33594e-08 14622 1398.14
38.7893 1506.64 6.36962e-08 17568 1409.86
38.9018 1503.68 6.30211e-08 16368 1422.16
39.0083 1516 6.30185e-08 15960 1433.88
39.1164 1498.78 6.17874e-08 15732 1445.83
39.2236 1541.62 6.30341e-08 17006 1457.75
39.332 1561.46 6.33184e-08 16680 1469.87
39.4453 1552.81 6.24266e-08 17712 1482.61
39.5528 1545.4 6.16242e-08 15576 1494.76
39.6569 1578.42 6.24462e-08 16974 1506.6
39.7703 1596.23 6.26124e-08 17436 1519.56
39.8799 1635.84 6.36381e-08 17952 1532.16
39.9925 1574.07 6.07197e-08 17448 1545.17
40.1016 1629.82 6.23582e-08 17336 1557.85
40.2155 1677.32 6.36319e-08 17958 1571.16
40.3272 1679.2 6.3175e-08 19056 1584.29
40.441 1666.3 6.21623e-08 17304 1597.74
40.5506 1706.1 6.31321e-08 18276 1610.77
40.6624 1711.79 6.28217e-08 17838 1624.13
40.7728 1742.96 6.34475e-08 18984 1637.39
40.8917 1721.81 6.21327e-08 19616 1651.75
41.0031 1733.96 6.20624e-08 18168 1665.29
41.1166 1746.17 6.19835e-08 19320 1679.16
41.2339 1767.15 6.21941e-08 19170 1693.57
41.3443 1780 6.21461e-08 19008 1707.21
41.4599 1798.71 6.22753e-08 20472 1721.57
41.5775 1795.92 6.16523e-08 19128 1736.27
41.6919 1827.22 6.22123e-08 19998 1750.63
41.807 1847.98 6.24007e-08 19808 1765.17
41.9229 1838.29 6.15603e-08 20724 1779.89
42.0406 1870.35 6.21093e-08 19896 1794.93
42.1535 1908.7 6.28746e-08 20304 1809.43
42.2743 1880.14 6.14048e-08 21030 1825.02
42.3896 1908.44 6.18216e-08 21168 1840
42.5074 1932.15 6.20708e-08 20736 1855.39
42.6266 1971.38 6.28015e-08 21356 1871.03
42.7476 1954.62 6.174e-08 22206 1887.02
42.8656 1971.05 6.17462e-08 21360 1902.69
42.9842 1980.66 6.15351e-08 21456 1918.52
43.1015 2029.7 6.25453e-08 21648 1934.27
43.2214 1994.18 6.09406e-08 22326 1950.46
43.3419 2052.18 6.21916e-08 22212 1966.82
43.4591 2050.49 6.1639e-08 22128 1982.81
43.5787 2046.87 6.10252e-08 22640 1999.23
43.702 2097.44 6.20048e-08 23022 2016.25
43.8256 2127.57 6.23646e-08 24168 2033.41
43.9456 2133.51 6.20281e-08 22416 2050.16
44.069 2179.92 6.28465e-08 23700 2067.47
44.1919 2119.33 6.05914e-08 24222 2084.82
44.3139 2182.17 6.18741e-08 22776 2102.13
44.4338 2201.85 6.19283e-08 24296 2119.24
44.5585 2216.85 6.18278e-08 24648 2137.14
44.6804 2238.53 6.19231e-08 22926 2154.72
44.8026 2251.57 6.17755e-08 25476 2172.45
44.9299 2262.61 6.15523e-08 25608 2191.02
45.0543 2263.15 6.10582e-08 24576 2209.27
45.1805 2286.78 6.11802e-08 25134 2227.89
45.3051 2283.53 6.05909e-08 25928 2246.37
45.4322 2319.53 6.10308e-08 26136 2265.33
45.5594 2351.73 6.13612e-08 25644 2284.41
45.684 2372.11 6.13879e-08 25926 2303.2
45.8119 2398.78 6.15595e-08 26232 2322.6
45.9378 2431.9 6.18978e-08 27216 2341.81
46.0667 2435.16 6.14617e-08 26736 2361.58
46.1982 2418.34 6.05177e-08 27698 2381.85
46.3248 2467.04 6.12317e-08 26640 2401.49
46.4497 2534.32 6.23953e-08 26880 2420.97
46.5822 2512.15 6.1323e-08 29160 2441.75
46.7132 2533.86 6.13344e-08 27318 2462.4
46.8402 2555.11 6.13467e-08 27984 2482.55
46.9703 2569.99 6.11929e-08 28364 2503.29
47.0985 2587.33 6.11042e-08 28464 2523.83
47.2319 2610.05 6.11199e-08 28974 2545.34
47.3611 2600.7 6.04041e-08 28920 2566.28
47.4908 2663.39 6.13543e-08 29640 2587.44
47.6245 2714.68 6.20109e-08 28884 2609.34
47.7555 2736.58 6.19981e-08 30558 2630.93
47.8909 2723.57 6.11814e-08 30776 2653.38
48.0219 2790.53 6.21738e-08 29040 2675.21
48.1534 2724.62 6.02096e-08 30984 2697.25
48.289 2777.08 6.08532e-08 30930 2720.1
48.4252 2808.31 6.10197e-08 32712 2743.19
48.5604 2819.93 6.07617e-08 30528 2766.23
48.6924 2844.67 6.07979e-08 30326 2788.84
48.8276 2880.3 6.10492e-08 33624 2812.14
48.9655 2865.72 6.02286e-08 31824 2836.02
49.0996 2884.35 6.01251e-08 31860 2859.39
49.2378 2963.77 6.12615e-08 33942 2883.61
49.3741 3017.89 6.18652e-08 31848 2907.62
49.5082 3017.08 6.13472e-08 33624 2931.38
49.6475 3015.82 6.08069e-08 33512 2956.19
49.7851 3068.12 6.13497e-08 33594 2980.84
49.9236 3094.66 6.13668e-08 34944 3005.79
50.0623 3130.19 6.1557e-08 33624 3030.91
50.2003 3106.09 6.05807e-08 34710 3056.04
50.3385 3166.16 6.12453e-08 34704 3081.35
50.4781 3161.91 6.06569e-08 35468 3107.06
50.6192 3207.51 6.10186e-08 36096 3133.19
50.7626 3205.3 6.04611e-08 35958 3159.89
50.903 3232.7 6.04747e-08 36576 3186.19
51.0437 3324.23 6.16742e-08 35976 3212.68
51.1847 3290.65 6.05481e-08 36396 3239.37
51.3277 3360.52 6.13185e-08 38030 3266.6
51.4685 3368.9 6.09683e-08 35784 3293.55
51.6102 3365.26 6.0402e-08 38712 3320.84
51.7563 3415.45 6.07851e-08 38310 3349.12
51.8999 3487.58 6.15553e-08 37596 3377.06
52.0406 3510.14 6.14523e-08 39000 3404.6
52.1873 3551.37 6.16512e-08 38552 3433.48
52.3328 3547.3 6.10682e-08 40206 3462.28
52.4775 3575.65 6.10487e-08 39072 3491.07
52.6254 3580.81 6.06228e-08 41340 3520.67
52.7728 3613.83 6.06706e-08 39342 3550.34
52.9159 3622.2 6.03191e-08 40176 3579.3
53.063 3683.27 6.08274e-08 41768 3609.23
53.21 3728.37 6.10629e-08 40206 3639.33
53.3579 3737.81 6.07101e-08 42300 3669.75
53.5058 3813.37 6.1425e-08 42360 3700.36
53.6529 3789.09 6.05333e-08 40488 3730.96
53.8016 3894.81 6.1708e-08 44406 3762.06
53.9538 3907.65 6.13888e-08 43076 3794.08
54.1012 3922.15 6.11144e-08 42600 3825.26
54.2539 3977.3 6.14517e-08 45486 3857.75
54.4068 3990.82 6.11422e-08 43848 3890.46
54.554 4002.98 6.08334e-08 43248 3922.12
54.7042 4068.88 6.1327e-08 44988 3954.6
54.8585 4034.99 6.03045e-08 46454 3988.16
55.0108 4116.3 6.10102e-08 44928 4021.46
55.1648 4078.76 5.99489e-08 47256 4055.34
55.3178 4203.61 6.12729e-08 45126 4089.16
55.4713 4171.11 6.02957e-08 48084 4123.31
55.6247 4248.67 6.09102e-08 46320 4157.6
55.7806 4258.16 6.05357e-08 47894 4192.67
55.9325 4329.65 6.10518e-08 47160 4227.02
56.0862 4350.38 6.08414e-08 48228 4261.95
56.246 4370.36 6.06014e-08 50598 4298.48
56.4009 4388.59 6.0354e-08 47328 4334.1
56.556 4492.7 6.12789e-08 50696 4369.95
56.7134 4439.75 6.0054e-08 49344 4406.53
56.8734 4504.08 6.04114e-08 51570 4443.93
57.0306 4529.16 6.02468e-08 50832 4480.89
57.1888 4614.18 6.08697e-08 50424 4518.28
57.3474 4656.82 6.09239e-08 52686 4555.98
57.5064 4646.12 6.0281e-08 51092 4593.99
57.6651 4688.77 6.03336e-08 53376 4632.12
57.8263 4747.22 6.05761e-08 52374 4671.08
57.9846 4784.01 6.05473e-08 52848 4709.53
58.1458 4798.98 6.02328e-08 55488 4748.93
58.3113 4902.55 6.10104e-08 54098 4789.58
58.4692 4928.96 6.08434e-08 53688 4828.61
58.6308 4947.43 6.05678e-08 55296 4868.76
58.7939 5013.71 6.08699e-08 56358 4909.5
58.9603 5043.52 6.07146e-08 57468 4951.31
59.1239 5040.48 6.01757e-08 56000 4992.64
59.2895 5168.69 6.1191e-08 57774 5034.69
59.4537 5158.23 6.05625e-08 57648 5076.65
59.6174 5161 6.00973e-08 57480 5118.7
59.7831 5220.92 6.02908e-08 58122 5161.51
59.9471 5308.21 6.07972e-08 59208 5204.08
60.1145 5359.92 6.0878e-08 60032 5247.81
60.2829 5367.17 6.04507e-08 60366 5292.05
60.4503 5404.39 6.03657e-08 60444 5336.25
60.6167 5463.01 6.05195e-08 60912 5380.43
60.786 5545.01 6.09161e-08 61422 5425.63
60.9547 5487.73 5.97874e-08 63032 5470.95
61.1246 5586.4 6.03564e-08 62052 5516.82
61.2949 5642.24 6.04531e-08 64038 5563.05
61.4635 5623.93 5.97623e-08 61632 5609.09
61.6312 5765.84 6.07714e-08 64896 5655.13
61.8052 5809.9 6.07204e-08 64874 5703.15
61.974 5880.86 6.09609e-08 64200 5750.02
62.1478 5890.38 6.05488e-08 68016 5798.54
62.3225 5923.41 6.03777e-08 65694 5847.57
62.4947 6027.63 6.09336e-08 67212 5896.17
62.6679 6113.57 6.12915e-08 67088 5945.32
62.8408 6074.34 6.03967e-08 67182 5994.68
63.0147 6167 6.0812e-08 69768 6044.56
63.1896 6171.88 6.0356e-08 67524 6095.04
63.3643 6246.52 6.05819e-08 70758 6145.75
63.5397 6326.2 6.08483e-08 69488 6196.91
63.7157 6387.77 6.09327e-08 71640 6248.55
63.895 6425.88 6.07814e-08 72042 6301.47
64.073 6444.47 6.04508e-08 72960 6354.27
64.2495 6429.22 5.9812e-08 70416 6406.93
64.4294 6523.91 6.01859e-08 76790 6460.9
64.6097 6556.28 5.99798e-08 72348 6515.27
64.7874 6696.4 6.07589e-08 74094 6569.18
64.966 6734.11 6.05984e-08 74976 6623.68
65.1456 6718.81 5.9962e-08 76200 6678.77
65.3291 6848.31 6.06044e-08 77114 6735.34
65.5098 6950.11 6.09977e-08 76872 6791.39
65.6917 6925.54 6.02784e-08 77784 6848.13
65.8753 6989.11 6.03246e-08 78654 6905.69
66.0578 7094.71 6.07299e-08 79380 6963.25
66.2409 7138.56 6.05999e-08 79256 7021.32
66.4249 7203.34 6.06431e-08 80094 7079.99
66.6071 7302.35 6.09733e-08 80760 7138.43
66.7946 7337.9 6.07557e-08 83034 7198.88
66.9809 7347.93 6.03324e-08 82664 7259.29
67.1658 7410.16 6.03425e-08 81864 7319.54
67.3508 7488.99 6.04833e-08 83334 7380.2
67.5384 7619.65 6.1027e-08 85980 7442.06
67.726 7623.72 6.05537e-08 84144 7504.24
67.9148 7637.1 6.01555e-08 86486 7567.17
68.1019 7771.54 6.07111e-08 86016 7629.89
68.2924 7815.04 6.05415e-08 88290 7694.1
68.4818 7852.3 6.0327e-08 87672 7758.27
68.6708 8022.18 6.11245e-08 88608 7822.71
68.8613 8025.02 6.06402e-08 88682 7887.97
69.0517 8125.98 6.08964e-08 91200 7953.6
69.2463 8184.39 6.08184e-08 92568 8021.04
69.4391 8290.45 6.1095e-08 91014 8088.21
69.6314 8302.48 6.06783e-08 92828 8155.58
69.8244 8353.17 6.05436e-08 93054 8223.62
70.0163 8392.35 6.03289e-08 92568 8291.6
70.2106 8516.41 6.07141e-08 96768 8360.8
70.4081 8560.48 6.0516e-08 95658 8431.57
70.6024 8681.91 6.08691e-08 96368 8501.56
70.8004 8698.69 6.04766e-08 98526 8573.28
70.9949 8791.29 6.06192e-08 95436 8644.15
71.1912 8893.1 6.08154e-08 101472 8716.05
71.3912 8985.25 6.09306e-08 98582 8789.72
71.5863 9064.18 6.09646e-08 99984 8861.98
71.7853 9110.37 6.07671e-08 101298 8936.09
71.9865 9174.11 6.06808e-08 104952 9011.41
72.1863 9228.93 6.05379e-08 100568 9086.66
72.3863 9375.53 6.09912e-08 105942 9162.39
72.5888 9484.15 6.11827e-08 104892 9239.53
72.7887 9518.19 6.08979e-08 103734 9316.05
72.9889 9543.72 6.056e-08 107160 9393.16
73.1931 9618.83 6.05273e-08 108788 9472.2
73.3965 9768.83 6.09617e-08 107070 9551.38
73.5998 9836.55 6.08769e-08 110760 9630.97
73.8048 9939.5 6.10029e-08 109182 9711.68
74.0101 9965.7 6.06561e-08 112820 9792.95
74.2153 10011.5 6.04309e-08 110280 9874.65
74.4211 10238.1 6.12871e-08 114678 9957.01
74.6281 10219.5 6.06685e-08 112668 10040.3
74.835 10288 6.05702e-08 116030 10124
75.0455 10363.1 6.05003e-08 118032 10209.7
75.2528 10598.4 6.13639e-08 113700 10294.6
75.4597 10639.4 6.10956e-08 118566 10379.7
75.6704 10644.7 6.0617e-08 119840 10466.9
75.8801 10776.9 6.08626e-08 118278 10554.2
76.0893 10859.2 6.08231e-08 120852 10641.7
76.3009 10902.3 6.05579e-08 122166 10730.7
76.5134 11081 6.10389e-08 123296 10820.6
76.7256 11243.1 6.14191e-08 123300 10910.9
76.9392 11194.8 6.06473e-08 126174 11002.3
77.1528 11413.3 6.13192e-08 124800 11094.2
77.3659 11527.1 6.14205e-08 126774 11186.4
77.5809 11521.4 6.08807e-08 128900 11279.9
77.7962 11633.3 6.09633e-08 127776 11374.1
78.0124 11696.8 6.07878e-08 132246 11469.1
78.2288 11822 6.09302e-08 129252 11564.9
78.4454 11939.9 6.10295e-08 133118 11661.2
78.6629 12046.3 6.10637e-08 133272 11758.4
78.8821 12174.2 6.11992e-08 134970 11857
79.1006 12260.8 6.11251e-08 136128 11955.8
79.3217 12328.9 6.09521e-08 137270 12056.4
79.5433 12490.9 6.12382e-08 139620 12157.7
79.7641 12510 6.08241e-08 138312 12259.2
79.9859 12654.5 6.1016e-08 140694 12361.8
80.2068 12809.9 6.12565e-08 140888 12464.5
80.4299 12886.5 6.11116e-08 143034 12568.8
80.6531 13039 6.13227e-08 143688 12673.7
80.8755 13080.7 6.10129e-08 143510 12778.8
81.0998 13291 6.14806e-08 147828 12885.4
81.3269 13380.3 6.13767e-08 147918 12994
81.5524 13415.6 6.10296e-08 148992 13102.4
81.7797 13557 6.116e-08 150356 13212.3
82.0043 13746.3 6.15058e-08 147606 13321.4
82.2317 13833.3 6.13828e-08 156624 13432.5
82.4634 13896 6.1143e-08 153354 13546.4
82.6905 14063 6.13691e-08 153968 13658.6
82.9194 14173.2 6.13395e-08 155862 13772.3
83.1486 14294.7 6.13549e-08 157524 13886.9
83.3797 14389.9 6.12513e-08 159126 14003
83.6126 14589.5 6.15836e-08 162488 14120.7
83.8452 14682.1 6.146e-08 159570 14238.9
84.0767 14796.3 6.14277e-08 164304 14357.1
84.3123 14981.6 6.16775e-08 165720 14478.1
84.5455 15077.7 6.15606e-08 162866 14598.6
84.7789 15222.6 6.16402e-08 169056 14719.9
85.0154 15307.2 6.14671e-08 167502 14843.4
85.2505 15408.6 6.13638e-08 169964 14966.9
85.4866 15571.4 6.14999e-08 170478 15091.6
85.7246 15771.4 6.17721e-08 175200 15218
85.9642 15842.9 6.15349e-08 173130 15345.9
86.2012 15972.9 6.15295e-08 175712 15473.2
86.4415 16247.1 6.20654e-08 177438 15603
86.6808 16318.3 6.18225e-08 178092 15732.9
86.9209 16410.2 6.16568e-08 179694 15864
87.1623 16604.2 6.18687e-08 182504 15996.5
87.4047 16868.5 6.23321e-08 182394 16130.4
87.6463 16908.7 6.19654e-08 184464 16264.5
87.8898 17101 6.21505e-08 186398 16400.5
88.1346 17147.8 6.18029e-08 188844 16537.9
88.3785 17352 6.20225e-08 187230 16675.5
88.6241 17522 6.21109e-08 193776 16815
88.8723 17561 6.17292e-08 192218 16956.6
89.1173 17782 6.1992e-08 192408 17097.3
89.3636 17944.9 6.20441e-08 195510 17239.4
89.6121 18083.5 6.20041e-08 198404 17383.6
89.8624 18304.5 6.22391e-08 200310 17529.7
90.1125 18469.9 6.22802e-08 201216 17676.4
90.3629 18656 6.23859e-08 201618 17824.3
90.6136 18661.5 6.18879e-08 204680 17973
90.8637 19005.9 6.25112e-08 202758 18122.2
91.1165 19180.3 6.2561e-08 211812 18273.9
91.3704 19262.8 6.23079e-08 205718 18427.1
91.6219 19491.4 6.25294e-08 211452 18579.7
91.8766 19710 6.27061e-08 213150 18735.1
92.1337 19946 6.29273e-08 217512 18892.8
92.3907 19991.6 6.25463e-08 214754 19051.3
92.6443 20206.9 6.27025e-08 215424 19208.6
92.9029 20392.2 6.27504e-08 224574 19369.9
93.1615 20599 6.28605e-08 218588 19532.1
93.4187 20591.2 6.23188e-08 223902 19694.4
93.6773 20801.4 6.2435e-08 224952 19858.4
93.9391 21067 6.2705e-08 230258 20025.3
94.2003 21366.6 6.30694e-08 227544 20192.8
94.4611 21522.2 6.3004e-08 231018 20361
94.7234 21628 6.2789e-08 234504 20531.1
94.9866 21900.5 6.30531e-08 233102 20702.7
95.2488 22202.9 6.33973e-08 236892 20874.6
95.5133 22423.3 6.34962e-08 238830 21049
95.7779 22628.9 6.35487e-08 241232 21224.4
96.045 22783.6 6.34508e-08 243906 21402.5
96.3117 22945.6 6.33725e-08 244704 21581.3
96.5789 23195.7 6.35331e-08 246698 21761.4
96.8459 23460.9 6.37293e-08 248664 21942.4
97.1161 23647.2 6.37011e-08 253494 22126.5
97.3861 23762.8 6.34814e-08 251522 22311.6
97.6552 24144 6.39679e-08 255336 22497.1
97.9263 24335.7 6.39419e-08 257694 22685
98.1987 24507.3 6.38585e-08 260988 22874.8
98.4723 24739.9 6.39287e-08 261638 23066.6
98.7442 24905.8 6.38273e-08 262356 23258.1
99.0178 25097.3 6.37862e-08 266478 23452
99.2941 25290.3 6.37416e-08 272048 23648.9
99.5716 25795.3 6.44725e-08 269850 23847.7
99.847 25928.2 6.42697e-08 272544 24046.2
100.124 26201.1 6.44083e-08 275546 24247
100.401 26425.3 6.4424e-08 275334 24448.6
100.681 26568.9 6.42348e-08 285024 24653.8
100.963 26879.7 6.44428e-08 282242 24861.7
101.241 27190.6 6.46523e-08 280800 25067.7
101.521 27369.6 6.45409e-08 288330 25276.3
101.804 27689.5 6.47535e-08 290024 25487.8
102.087 28092.2 6.51508e-08 290598 25700.8
102.369 28249 6.49739e-08 293748 25914.6
102.654 28437.8 6.48638e-08 299582 26132
102.939 28725.8 6.49789e-08 295914 26350
103.223 29033.7 6.51343e-08 302352 26568.8
103.511 29251.1 6.50759e-08 305342 26791.8
103.798 29739.9 6.56163e-08 305532 27015.1
104.087 29993.6 6.56271e-08 310806 27241.1
104.375 30267.8 6.56789e-08 310436 27468.5
104.666 30582.4 6.58102e-08 318006 27698.6
104.957 30977.8 6.61092e-08 312846 27929.8
105.247 31074.7 6.5769e-08 322508 28162.2
105.54 31495.6 6.61053e-08 321318 28398.4
105.833 31794.4 6.61797e-08 327204 28635.5
106.127 32129.5 6.63232e-08 325766 28874.7
106.421 32369 6.62662e-08 330246 29115.1
106.717 32757 6.65037e-08 335868 29358.8
107.015 32981.7 6.64022e-08 336710 29605.4
107.311 33373.8 6.66373e-08 336636 29851.7
107.609 33620.8 6.6574e-08 343542 30101.1
107.907 34119.2 6.70029e-08 342092 30351.8
108.206 34439.1 6.70714e-08 349446 30605.2
108.507 34782.8 6.71778e-08 350118 30861.6
108.808 35034 6.71041e-08 352628 31118.6
109.111 35594.2 6.76099e-08 359334 31379.7
109.414 35872.7 6.75752e-08 356364 31641.5
109.717 36295.8 6.78074e-08 362990 31905.1
110.021 36527.5 6.76754e-08 364062 32171.4
110.326 36855 6.7717e-08 369756 32439.9
110.632 37240.7 6.78595e-08 368726 32710.5
110.939 37599.2 6.79462e-08 375786 32983.3
111.248 38255 6.85575e-08 378600 33259.3
111.557 38662.3 6.87135e-08 379394 33537.1
111.866 39044.9 6.88184e-08 386568 33817.4
112.178 39376.6 6.88261e-08 386906 34100.8
112.489 39779.5 6.8956e-08 388950 34384.8
112.801 40291.8 6.92664e-08 394512 34671.6
113.114 40716.5 6.94157e-08 396818 34961.7
113.428 41041.9 6.9391e-08 401112 35253.7
113.744 41684.3 6.98917e-08 404850 35548.9
114.06 41945.3 6.97469e-08 405566 35845.9
114.375 42492.9 7.00746e-08 409308 36144
114.692 42878.2 7.01248e-08 413766 36445.6
115.011 43418.6 7.04205e-08 417050 36749.9
115.331 43916 7.06353e-08 425232 37057.9
115.653 44484.7 7.0955e-08 421862 37368.7
115.972 44743.7 7.07801e-08 426402 37679.1
116.295 45331.4 7.11148e-08 434688 37994.4
116.619 46108.6 7.17314e-08 436634 38313.6
116.942 46483.3 7.17172e-08 434784 38632.5
117.265 47208.7 7.22364e-08 441018 38953.5
117.591 47283.4 7.17516e-08 447350 39278.7
117.917 48077.1 7.23509e-08 449868 39607.2
118.245 48620.9 7.25633e-08 453206 39938
118.573 49270.7 7.29246e-08 456570 40271.3
118.902 49909.8 7.32578e-08 463824 40608
119.233 50433.1 7.34114e-08 463718 40948
119.564 50852.7 7.34104e-08 468186 41289.2
119.895 51315.8 7.34657e-08 473448 41633.9
120.229 52191.7 7.40984e-08 479354 41982.9
120.563 52625.7 7.40956e-08 477702 42333.6
120.897 53548.7 7.4773e-08 485204 42685.9
121.234 53991.9 7.47651e-08 491454 43043.7
121.571 54881.3 7.53664e-08 491226 43403.7
121.908 55486.9 7.5568e-08 497648 43765.6
122.248 56072.5 7.573e-08 504930 44132.9
122.587 56791.5 7.60663e-08 500358 44501.1
122.925 57540.5 7.64354e-08 508652 44870.3
123.267 58321.3 7.68294e-08 516390 45246
123.609 58914.3 7.69677e-08 515642 45623.9
123.951 59698.6 7.73485e-08 521880 46003.7
124.297 60599.1 7.78626e-08 530850 46389.2
124.642 61316.5 7.81313e-08 527054 46777
124.986 62095.4 7.84727e-08 534156 47165.1
125.334 62937.6 7.88756e-08 545150 47560.6
125.683 63771.9 7.92568e-08 543474 47959.3
126.031 64441.3 7.94284e-08 545310 48358
126.38 65408.7 7.99544e-08 555788 48761.1
126.732 66220.2 8.02735e-08 559542 49169.8
127.084 67228.9 8.082e-08 564146 49581.2
127.437 68168.5 8.12713e-08 566520 49995
127.791 68881.5 8.14407e-08 573594 50412.9
128.146 69777.7 8.18161e-08 577718 50834.5
128.501 70634.6 8.21363e-08 579303 51258.1
128.858 71652.3 8.26299e-08 586232 51686
129.216 72499.5 8.29128e-08 585156 52118.7
129.575 73119.2 8.29294e-08 582704 52553.7
129.934 74049.2 8.32898e-08 584544 52991.8
130.295 74846.3 8.34882e-08 585204 53434.9
130.657 75471.5 8.34884e-08 582812 53881.1
131.019 76095.7 8.3482e-08 584472 54331
131.383 77110.5 8.38941e-08 584132 54785
131.748 77719.3 8.38567e-08 582540 55242.2
132.113 78380.9 8.38711e-08 582096 55702.9
132.481 79485.5 8.43471e-08 586412 56169.1
132.849 80191.3 8.439e-08 581640 56639.1
133.218 81037.3 8.45737e-08 583304 57112.3
133.589 81784.3 8.46449e-08 583536 57590.3
133.959 82532.9 8.47131e-08 578204 58070.6
134.33 83651.8 8.51516e-08 582180 58554.8
134.704 84469.4 8.52701e-08 582144 59045
135.078 85023 8.51178e-08 578780 59538.3
135.452 86071.7 8.5456e-08 577524 60034.1
135.828 87016.3 8.56791e-08 579584 60534.9
136.206 88259.4 8.61812e-08 580752 61042
136.585 89019.2 8.62019e-08 576896 61552.7
136.963 89923 8.63574e-08 575412 62065.7
137.343 90788 8.64673e-08 575676 62583
137.724 91760.3 8.66688e-08 576392 63106.2
138.107 92674.4 8.68071e-08 574368 63633.4
138.49 93986.5 8.7308e-08 572624 64164.1
138.874 94830.6 8.73623e-08 574056 64700.1
139.26 96037.8 8.77403e-08 572864 65241.4
139.647 96905.5 8.78007e-08 568992 65785.6
140.034 97824.5 8.78992e-08 572024 66335
140.424 99141.8 8.83436e-08 569052 66890.1
140.814 99796.4 8.81901e-08 568236 67448.9
141.204 101384 8.88525e-08 563612 68010.8
141.595 103033 8.95516e-08 567216 68577.9
141.989 103558 8.92604e-08 564740 69151.8
142.383 104840 8.96164e-08 563940 69729.9
142.779 106000 8.98571e-08 562172 70312.6
143.176 107083 9.00219e-08 561948 70900.7
143.574 108405 9.03769e-08 560084 71494.1
143.973 109559 9.05829e-08 556764 72091.1
144.371 111430 9.13689e-08 553976 72691.4
144.772 111931 9.10202e-08 556344 73298.1
145.174 113106 9.12129e-08 552420 73910.8
145.577 114700 9.17326e-08 552200 74528
145.981 116246 9.21993e-08 548880 75149.9
146.386 117187 9.21761e-08 548696 75777.4
146.793 119028 9.28489e-08 546948 76410.6
147.201 120392 9.31327e-08 547364 77050.6
147.61 122037 9.36229e-08 540792 77694.7
148.019 123517 9.39748e-08 540320 78341.9
148.43 124426 9.38827e-08 538668 78995.8
148.842 125790 9.41264e-08 537260 79655.3
149.255 128034 9.50116e-08 534912 80320.9
149.67 129340 9.51842e-08 534812 80992.9
150.085 130985 9.55976e-08 527424 81668.7
150.501 132416 9.58429e-08 528968 82349.4
150.919 133910 9.61222e-08 525312 83036.8
151.338 136078 9.6868e-08 525968 83731.3
151.759 137588 9.71308e-08 520272 84431.2
152.18 139189 9.7447e-08 520256 85136.6
152.603 141218 9.80489e-08 514536 85847.5
153.026 143005 9.84671e-08 515732 86564.5
153.452 145404 9.92885e-08 510624 87288.4
153.877 147092 9.96113e-08 507288 88016
154.304 148656 9.98371e-08 505904 88750.6
154.732 150964 1.00548e-07 502608 89491.6
155.163 152080 1.0045e-07 502280 90240.8
155.594 154100 1.00941e-07 496404 90995.1
156.026 157017 1.01999e-07 494156 91754.8
156.459 158705 1.02242e-07 490572 92520.7
156.893 160626 1.02623e-07 487856 93293.3
157.329 163850 1.03815e-07 485592 94073.1
157.765 165120 1.03754e-07 479840 94858.1
158.204 167473 1.0436e-07 480792 95651.3
158.644 169914 1.05003e-07 473276 96451.5
159.083 172397 1.05657e-07 469716 97254.5
159.525 175153 1.06457e-07 469388 98067
159.968 177413 1.06937e-07 463164 98886.5
160.412 179758 1.07453e-07 460964 99712.4
160.858 182511 1.08194e-07 456404 100546
161.304 185444 1.09023e-07 453096 101385
161.752 187668 1.09417e-07 447944 102232
162.2 190388 1.10084e-07 445104 103085
162.651 193828 1.11144e-07 440876 103947
163.103 196755 1.11887e-07 438372 104816
163.556 200368 1.12997e-07 431156 105692
164.009 203445 1.13784e-07 426816 106572
164.464 204978 1.13693e-07 424208 107461
164.921 209598 1.15292e-07 420060 108360
165.379 212003 1.15648e-07 414500 109266
165.838 214597 1.16094e-07 409044 110177
166.298 218726 1.17349e-07 406184 111096
166.761 222047 1.18142e-07 401808 112027
167.224 226035 1.19267e-07 394448 112962
167.687 229303 1.19992e-07 390564 113904
168.153 234836 1.21869e-07 386420 114855
168.62 237431 1.22194e-07 380148 115815
169.087 241446 1.23233e-07 375116 116781
169.557 244466 1.2374e-07 371108 117757
170.028 248279 1.24629e-07 363588 118741
170.5 253304 1.26098e-07 360704 119734
170.974 257788 1.27266e-07 352920 120734
171.449 260927 1.27749e-07 347888 121742
171.925 267000 1.29639e-07 342564 122760
172.402 270389 1.30197e-07 336104 123785
172.881 275394 1.31509e-07 329616 124819
173.36 280487 1.32833e-07 324044 125860
173.841 284224 1.33489e-07 317940 126910
174.324 290156 1.35146e-07 311516 127971
174.808 294560 1.36059e-07 306920 129041
175.294 298870 1.36905e-07 297936 130120
175.782 304377 1.3827e-07 293684 131209
176.27 310296 1.39792e-07 284568 132304
176.757 313470 1.40058e-07 276704 133404
177.248 318672 1.41201e-07 274896 134520
177.742 324346 1.42522e-07 263228 135646
178.234 329609 1.43638e-07 257720 136777
178.729 333604 1.44174e-07 250968 137919
179.225 338494 1.45076e-07 242276 139071
179.722 344856 1.46579e-07 236220 140232
180.221 346514 1.46064e-07 227624 141403
180.722 353588 1.47809e-07 221304 142586
181.225 355133 1.47224e-07 212204 143778
181.726 359997 1.4801e-07 203168 144974
182.23 363956 1.484e-07 197955 146183
182.737 369072 1.49234e-07 190268 147408
183.246 370605 1.4861e-07 184188 148643
183.754 378808 1.50643e-07 176492 149882
184.264 379030 1.49484e-07 172200 151133
184.777 389305 1.5226e-07 166544 152400
185.291 391871 1.51993e-07 160160 153674
185.804 399836 1.538e-07 155010 154955
186.319 407768 1.55555e-07 149948 156246
186.836 412992 1.56242e-07 145458 157552
187.356 418347 1.56955e-07 140444 158870
187.876 428009 1.5925e-07 135596 160197
188.396 432621 1.59637e-07 130308 161531
188.918 439405 1.608e-07 126860 162877
189.444 449233 1.63031e-07 122748 164241
189.971 455775 1.64031e-07 118076 165617
190.499 461975 1.64885e-07 113774 167000
191.026 469812 1.66297e-07 109236 168391
191.555 473747 1.66306e-07 105638 169793
192.087 488430 1.70039e-07 102174 171212
192.623 495637 1.71112e-07 98708 172648
193.159 501058 1.71547e-07 94310 174095
193.694 515183 1.74925e-07 90414 175545
194.231 525003 1.76785e-07 87398 177010
194.77 541444 1.80812e-07 83462 178487
195.308 546773 1.81087e-07 79902 179970
195.85 561654 1.84475e-07 77558 181473
196.397 575621 1.87488e-07 74094 182996
196.944 582339 1.88099e-07 71006 184531
197.492 591620 1.89509e-07 67574 186077
198.04 609928 1.93758e-07 64368 187629
198.588 622642 1.96163e-07 61502 189192
199.137 636128 1.9876e-07 58214 190763
199.686 653997 2.02661e-07 55872 192347
200.24 672888 2.0679e-07 53270 193952
200.797 667441 2.03413e-07 50742 195575
201.356 688538 2.081e-07 48032 197213
201.917 711315 2.13199e-07 45638 198865
202.479 733568 2.18042e-07 43008 200530
203.042 749456 2.20916e-07 40694 202208
203.608 758469 2.21715e-07 38408 203903
204.174 787088 2.28171e-07 35958 205609
204.742 802470 2.30702e-07 33920 207328
205.311 825759 2.35428e-07 31622 209062
205.88 850169 2.40381e-07 29640 210807
206.452 869372 2.43774e-07 27662 212569
207.024 896196 2.49218e-07 25568 214340
207.598 925228 2.55166e-07 23904 216126
208.175 940877 2.57329e-07 22118 217934
208.75 962710 2.61128e-07 20168 219747
209.328 1.00787e+06 2.71118e-07 18816 221577
209.911 1.0277e+06 2.74158e-07 17126 223432
210.495 1.06697e+06 2.82273e-07 15680 225301
211.081 1.10749e+06 2.90559e-07 14184 227188
211.669 1.11035e+06 2.88889e-07 12854 229092
212.261 1.18256e+06 3.05106e-07 11600 231021
212.86 1.21673e+06 3.1128e-07 10428 232982
213.459 1.22226e+06 3.10071e-07 9032 234955
214.05 1.29356e+06 3.25447e-07 7838 236912
214.639 1.34919e+06 3.36658e-07 6816 238872
215.227 1.36936e+06 3.38897e-07 5840 240841
215.814 1.43501e+06 3.52256e-07 4952 242816
216.393 1.47375e+06 3.58868e-07 4062 244776
216.965 1.52985e+06 3.69591e-07 3368 246722
217.537 1.64708e+06 3.94782e-07 2744 248678
218.109 1.72353e+06 4.0986e-07 2184 250647
218.782 1.62726e+06 3.83406e-07 2192 252975
219.487 1.84047e+06 4.29483e-07 1238 255425
220.117 1.80688e+06 4.18032e-07 728 257632
220.69 1.85632e+06 4.26134e-07 456 259650
221.261 2.0741e+06 4.72449e-07 248 261671
221.827 2.57462e+06 5.81985e-07 104 263682
222.372 1.07126e+06 2.40377e-07 24 265634
222.88 1.88304e+06 4.19651e-07 1 267456
0.399365
1200
200
512
2.01553
8.04248 19.593 9.29332e-08 6 12.5664
11.3738 153.142 2.56815e-07 12 35.5431
13.93 72.2416 6.59441e-08 8 65.2968
16.085 183.377 1.08724e-07 6 100.531
17.9835 248.866 1.0558e-07 24 140.496
19.7 311.964 1.00681e-07 24 184.687
22.7476 552.748 1.15868e-07 12 284.345
24.1274 296.764 5.21336e-08 30 339.292
25.4325 544.816 8.17184e-08 24 397.384
26.6739 520.539 6.7676e-08 24 458.457
27.86 937.074 1.06923e-07 8 522.374
28.9976 546.482 5.53007e-08 24 589.013
30.0922 657.091 5.94982e-08 48 658.267
32.1699 1092.37 8.09581e-08 6 804.248
33.16 798.203 5.40145e-08 48 880.812
34.1213 1344.14 8.34843e-08 36 959.663
35.0563 1078.23 6.17521e-08 24 1040.74
35.9671 1405.22 7.45197e-08 24 1123.97
36.8553 1323.94 6.52542e-08 48 1209.31
37.7226 1222.82 5.6208e-08 24 1296.71
39.3999 936.783 3.77913e-08 24 1477.5
40.2124 1904.05 7.22501e-08 30 1570.8
41.0087 1834.96 6.56504e-08 72 1665.98
41.7899 2317.97 7.83668e-08 32 1763.01
43.3101 2193.73 6.66279e-08 72 1962.49
44.0505 1907.58 5.50643e-08 48 2064.87
45.4951 2725.11 7.1405e-08 12 2274.76
46.2005 2308.58 5.77623e-08 48 2382.21
46.8953 1894.29 4.53209e-08 48 2491.31
47.5799 2247.48 5.1483e-08 48 2602.03
48.2549 3130.23 6.87373e-08 30 2714.34
48.9205 3820.46 8.05162e-08 24 2828.22
49.5772 3763.77 7.6211e-08 72 2943.64
50.8651 2211.67 4.14668e-08 24 3179.07
51.497 2824.69 5.10347e-08 96 3299.03
52.1212 2509.91 4.37375e-08 48 3420.45
52.738 2133.05 3.58814e-08 24 3543.34
53.3478 3537.96 5.74968e-08 24 3667.66
53.9506 4145.76 6.51412e-08 72 3793.4
54.5467 5301.06 8.05928e-08 48 3920.55
55.7199 4397.08 6.27151e-08 8 4178.99
56.2973 4055.11 5.60762e-08 54 4310.27
56.8689 5077.1 6.81132e-08 84 4442.88
57.4348 4605.6 5.99792e-08 48 4576.83
57.9951 5724.54 7.24112e-08 24 4712.1
58.5501 5020.26 6.17138e-08 72 4848.68
59.0999 4973.9 5.94533e-08 96 4986.55
60.1844 3450.07 3.90495e-08 48 5266.13
60.7194 4222.02 4.65349e-08 48 5407.82
61.2497 6027.78 6.4727e-08 24 5550.75
61.7754 7345.68 7.68819e-08 72 5694.92
62.8138 5312.97 5.28947e-08 72 5986.94
63.3265 6028.73 5.85745e-08 96 6134.76
64.3398 13803.4 1.27875e-07 6 6433.98
64.8405 6835.88 6.1872e-08 96 6585.37
65.3374 6756.57 5.97696e-08 96 6737.92
65.8305 7897.54 6.83046e-08 24 6891.63
66.32 5789.73 4.89739e-08 48 7046.5
66.8058 8877.5 7.34661e-08 96 7202.5
67.2882 7274.56 5.89156e-08 48 7359.65
68.2427 10971.4 8.51795e-08 36 7677.3
68.715 9256.81 7.03959e-08 48 7837.8
69.184 7456.03 5.55559e-08 120 7999.4
69.6499 7275.72 5.31318e-08 56 8162.1
70.1127 10935.8 7.82891e-08 24 8325.88
70.5725 6111.78 4.29044e-08 96 8490.75
71.0292 8728.01 6.00957e-08 48 8656.69
71.9341 9223.05 6.11378e-08 24 8991.76
72.3823 8708.56 5.66616e-08 102 9160.88
72.8277 7457.47 4.76366e-08 48 9331.05
73.2705 6242.8 3.91591e-08 72 9502.26
73.7105 8084.61 4.98093e-08 48 9674.51
74.148 9186.29 5.56009e-08 48 9847.78
74.5829 9441.54 5.6152e-08 120 10022.1
75.4451 6432.56 3.69598e-08 24 10373.7
75.8726 9314.1 5.2617e-08 144 10551
76.2976 9655.95 5.36416e-08 120 10729.4
76.7203 12155.7 6.64184e-08 48 10908.7
77.5588 12787.6 6.76294e-08 48 11270.3
77.9747 11611.8 6.04335e-08 96 11452.5
78.7999 14024.5 7.07214e-08 24 11820
79.2092 8938.38 4.43784e-08 48 12005.1
79.6165 10779.8 5.27039e-08 108 12191.3
80.0216 14132.4 6.80509e-08 72 12378.3
80.4248 7778.14 3.68932e-08 30 12566.4
80.8259 14357.9 6.70934e-08 168 12755.3
81.225 11118.7 5.11948e-08 48 12945.2
82.0175 12298.5 5.5001e-08 72 13327.8
82.4109 16931.7 7.46428e-08 96 13520.5
82.8024 14605 6.34767e-08 72 13714.1
83.192 14628.5 6.26894e-08 72 13908.7
83.5799 10471.5 4.42532e-08 32 14104.1
83.9659 18269 7.61459e-08 72 14300.4
84.3502 15430.3 6.34389e-08 144 14497.7
85.4927 18233.7 7.19993e-08 96 15094.8
85.8702 15746.1 6.13603e-08 96 15295.6
86.246 11692.6 4.49714e-08 48 15497.3
86.6201 20435 7.75816e-08 72 15699.9
86.9927 15079.8 5.6518e-08 120 15903.4
87.3637 16073 5.94764e-08 72 16107.7
88.1009 17672.6 6.37673e-08 48 16518.9
88.4672 20970.1 7.47297e-08 78 16725.8
88.8321 12911.6 4.54475e-08 120 16933.6
89.1954 24731 8.59913e-08 48 17142.2
89.9176 19318.6 6.55664e-08 144 17562
90.2766 17836.9 5.98184e-08 144 17773.2
90.9902 14073.7 4.6096e-08 12 18198
91.345 19850.3 6.42617e-08 144 18411.7
91.6983 25253.7 8.0813e-08 48 18626.2
92.0504 17540 5.54873e-08 120 18841.6
92.401 20631.2 6.45259e-08 48 19057.7
92.7504 25195.4 7.79138e-08 48 19274.7
93.0984 19767.8 6.04466e-08 168 19492.5
93.7906 13287.3 3.97374e-08 48 19930.5
94.1348 19077.7 5.64307e-08 96 20150.7
94.4777 20435.8 5.97919e-08 96 20371.8
94.8194 18284.4 5.2921e-08 72 20593.6
95.1599 23887.6 6.83991e-08 48 20816.2
95.4991 15331 4.34323e-08 96 21039.7
95.8372 13178.8 3.69414e-08 48 21263.9
96.5097 20758.2 5.69792e-08 30 21714.7
96.8442 23344.8 6.34173e-08 96 21941.3
97.1776 26335.4 7.08078e-08 192 22168.6
97.5099 19608.6 5.21844e-08 56 22396.8
97.841 16142.5 4.25254e-08 24 22625.7
98.1709 22691.6 5.91774e-08 168 22855.4
98.4998 19318.3 4.98771e-08 120 23085.9
99.1543 22156.1 5.60788e-08 72 23549.2
99.4799 24040.6 6.02529e-08 144 23781.9
99.8045 28213.7 7.00243e-08 96 24015.5
100.128 23093.6 5.67628e-08 96 24249.8
100.772 25656.7 6.18616e-08 72 24720.6
101.092 22136.3 5.28675e-08 96 24957.2
101.73 20047.4 4.69838e-08 24 25432.5
102.048 23126.9 5.36969e-08 192 25671.3
102.364 25349.5 5.83131e-08 108 25910.9
102.679 53008.7 1.20819e-07 24 26151.2
102.994 24904.2 5.62442e-08 96 26392.2
103.307 27649.2 6.18768e-08 96 26634
103.62 28393.6 6.29694e-08 120 26876.5
104.242 21566.1 4.69762e-08 48 27363.6
104.552 33458 7.22337e-08 78 27608.3
104.861 30487.5 6.52407e-08 144 27853.7
105.169 27984.2 5.93594e-08 120 28099.9
105.476 24266.3 5.10247e-08 24 28346.7
105.782 27277.6 5.68601e-08 168 28594.3
106.088 26496.9 5.47573e-08 144 28842.6
106.696 19842.9 4.03093e-08 24 29341.3
106.998 34374.6 6.92386e-08 48 29591.7
107.3 31739.6 6.3393e-08 96 29842.8
107.601 32796.9 6.49566e-08 120 30094.7
107.901 29158.1 5.72692e-08 72 30347.2
108.2 29001.6 5.64903e-08 120 30600.4
108.499 33117.5 6.39765e-08 144 30854.4
109.093 31940 6.06986e-08 48 31364.4
109.39 28055.7 5.28852e-08 192 31620.4
109.685 27239.3 5.09328e-08 144 31877.1
109.979 26877.3 4.98533e-08 48 32134.6
110.566 35827.4 6.54023e-08 192 32651.5
110.858 32642.3 5.91181e-08 48 32910.9
111.44 35355.6 6.30343e-08 8 33431.9
111.971 37476 6.58691e-08 288 33911.8
112.307 30910.1 5.38418e-08 96 34218.6
112.595 29864.5 5.16228e-08 54 34482.1
112.882 29246.6 5.01702e-08 120 34746.4
113.168 33612.9 5.7224e-08 120 35011.3
113.738 35936.3 6.02641e-08 84 35543.1
114.022 37766.9 6.28618e-08 144 35810
114.305 31200.4 5.1547e-08 72 36077.5
114.588 37568 6.16091e-08 96 36345.8
115.057 37418.7 6.06163e-08 144 36794.2
115.431 37818.6 6.06702e-08 240 37154.4
115.99 50246.6 7.94477e-08 24 37696.8
116.269 36640.2 5.75187e-08 240 37969
116.547 42377.1 6.605e-08 96 38241.8
116.962 37597.2 5.79778e-08 144 38652.1
117.376 38165.5 5.82333e-08 96 39064.2
117.651 38484.8 5.83095e-08 72 39339.7
118.2 45861.1 6.85226e-08 96 39892.4
118.473 31994.7 4.74744e-08 96 40169.8
118.867 42108.1 6.18623e-08 216 40571.4
119.56 34741.1 5.01563e-08 192 41285.6
119.83 49453.8 7.09154e-08 144 41566.1
120.369 52015.7 7.35924e-08 48 42129.1
120.637 39165.1 5.50422e-08 150 42411.5
120.905 32501.1 4.53738e-08 96 42694.6
121.172 41850.9 5.80412e-08 120 42978.2
121.629 36172.3 4.9603e-08 168 43465.9
121.97 46971.8 6.38728e-08 240 43833
122.499 80886.3 1.08571e-07 24 44406
122.921 44943.4 5.97074e-08 360 44866
123.289 44428.7 5.84967e-08 48 45270.1
123.551 40496.4 5.29808e-08 72 45559.4
123.917 44729.6 5.80023e-08 240 45965.2
124.977 44580.7 5.63509e-08 276 47154.8
125.37 44202.9 5.53493e-08 104 47601.4
125.628 33128.1 4.1227e-08 72 47895.5
126.003 46212.4 5.69973e-08 312 48326.3
126.653 56609.5 6.87515e-08 96 49078.1
127.035 48513 5.83881e-08 288 49523.8
127.417 43805.6 5.22503e-08 168 49971.3
127.923 35483.6 4.18232e-08 48 50569.7
128.176 56762.6 6.65093e-08 192 50869.8
128.68 27397.7 3.17267e-08 6 51471.9
128.931 52460.1 6.03949e-08 192 51773.7
129.181 55564.9 6.35977e-08 96 52076.2
129.556 51411.1 5.8334e-08 192 52530.9
129.93 56822.4 6.39188e-08 216 52987.2
130.179 51358.7 5.74424e-08 72 53292
130.675 59129.8 6.53839e-08 96 53903.3
131.098 55835.8 6.1145e-08 336 54429.1
131.415 59974.8 6.52037e-08 48 54824.8
131.886 52600.9 5.65767e-08 288 55416.1
132.151 56098.1 5.99753e-08 192 55751.4
132.64 65712.3 6.94806e-08 48 56372
132.884 47225.1 4.96592e-08 96 56683.1
133.237 45206.6 4.71594e-08 264 57136.6
133.612 54596.1 5.64766e-08 96 57620
134.022 56704.3 5.81197e-08 240 58153.1
134.776 64879.7 6.53893e-08 288 59140.1
135.056 76999.7 7.71233e-08 96 59509.1
135.295 72447.7 7.21797e-08 72 59825.9
135.875 60339.6 5.93509e-08 336 60597.5
136.66 62182.2 6.01144e-08 138 61654.9
136.958 64764.8 6.22031e-08 240 62059.3
137.273 63698.7 6.07598e-08 144 62487.7
137.768 63213.4 5.96495e-08 384 63165.9
138.512 74471.1 6.91462e-08 312 64194.7
138.835 63665.9 5.87019e-08 72 64644.9
139.12 57571.1 5.27566e-08 248 65044.1
139.671 74149.1 6.71475e-08 240 65819.7
140.225 41350.9 3.70036e-08 24 66607.1
140.456 72580.3 6.46308e-08 192 66936
140.739 64338.9 5.6947e-08 312 67341.5
141.282 76978 6.73509e-08 240 68124.4
141.602 73991.5 6.42998e-08 96 68588.7
142.058 77553.3 6.67481e-08 48 69253.5
142.46 70153.4 5.98706e-08 408 69841.8
142.74 72423.1 6.14443e-08 144 70254.8
143.192 61630.2 5.17934e-08 120 70924.9
143.418 69708.6 5.83063e-08 144 71260.8
144.072 74397.8 6.13844e-08 264 72240.8
144.429 77932.4 6.38255e-08 192 72778.6
144.765 76200.3 6.1974e-08 102 73287.1
145.124 77855.5 6.28509e-08 432 73834.3
145.655 58827.6 4.69722e-08 48 74648.4
145.933 79678.4 6.32591e-08 384 75075.5
146.43 75577.2 5.93932e-08 144 75846.3
146.882 83874.2 6.53081e-08 264 76549.4
147.567 71270.6 5.47244e-08 144 77626.4
147.956 80587.1 6.13911e-08 324 78242.1
148.487 68664.7 5.17501e-08 384 79086.5
148.731 73754.7 5.53122e-08 216 79478.4
149.262 74928.7 5.55956e-08 216 80331.9
149.707 79660.8 5.85816e-08 240 81052.1
150.246 82233.6 5.98248e-08 168 81931
150.461 88137.2 6.38451e-08 240 82283.3
151.081 79315.8 5.6751e-08 216 83304.1
151.389 73953.8 5.25912e-08 288 83816.1
151.83 78577.9 5.53942e-08 240 84550.4
152.171 79972.5 5.59998e-08 72 85120.5
152.704 92711.5 6.42428e-08 246 86018
153.087 80000.3 5.50193e-08 320 86667.6
153.616 94183.9 6.4107e-08 288 87569.2
153.862 92758.3 6.2835e-08 144 87989.6
154.491 103736 6.94162e-08 288 89073.7
154.819 87775.1 5.83626e-08 336 89643.2
155.266 75717.6 4.99118e-08 168 90421.9
155.534 80333.6 5.26817e-08 336 90890.2
156.088 86600.1 5.61893e-08 288 91864
156.42 83032.3 5.35316e-08 264 92452.1
156.983 86874.2 5.54082e-08 240 93453.9
157.189 78169.3 4.96605e-08 96 93822
157.764 90016.5 5.6564e-08 120 94855.4
158.118 88517.7 5.52494e-08 408 95495.4
158.708 94327.1 5.82208e-08 456 96569.2
159.233 108969 6.65952e-08 108 97530.2
159.528 109293 6.64235e-08 264 98073.4
159.896 96516.8 5.82544e-08 264 98754
160.4 103298 6.17614e-08 312 99691.1
161.028 101697 6.00955e-08 270 100866
161.291 125962 7.40707e-08 240 101361
161.764 104259 6.07721e-08 384 102256
162.051 103653 6.00981e-08 192 102801
162.715 101447 5.81027e-08 432 104070
163.046 106129 6.04143e-08 144 104706
163.541 97818.4 5.51795e-08 480 105663
164.166 119090 6.64147e-08 216 106879
164.565 102205 5.65847e-08 312 107659
164.931 125338 6.89317e-08 216 108379
165.36 101875 5.55922e-08 192 109228
165.89 106142 5.73676e-08 624 110281
166.306 109671 5.88312e-08 120 111113
166.661 114440 6.09977e-08 336 111827
167.318 94971.5 5.00271e-08 176 113153
167.594 115727 6.06592e-08 384 113715
168.136 104469 5.42313e-08 408 114820
168.7 106784 5.48777e-08 144 115982
169.024 112704 5.7588e-08 486 116651
169.656 106875 5.40014e-08 96 117964
169.847 121744 6.13075e-08 384 118362
170.514 115785 5.7625e-08 492 119763
170.985 115318 5.69193e-08 384 120758
171.363 142217 6.97329e-08 168 121561
172.009 122842 5.95568e-08 504 122940
172.342 114501 5.51919e-08 240 123655
172.719 116394 5.5738e-08 456 124468
173.376 131109 6.20734e-08 264 125895
173.811 136603 6.41901e-08 384 126844
174.274 143360 6.68297e-08 432 127862
174.851 106770 4.92817e-08 216 129134
175.159 114282 5.24717e-08 360 129818
175.707 134601 6.1224e-08 312 131041
176.349 144138 6.48488e-08 240 132482
176.68 142694 6.38389e-08 414 133230
177.22 126084 5.58933e-08 552 134456
177.785 143232 6.28913e-08 360 135746
178.159 139837 6.10152e-08 432 136604
178.699 137837 5.95993e-08 480 137849
179.295 118136 5.05728e-08 288 139234
179.683 120988 5.1459e-08 312 140139
180.099 132010 5.57591e-08 360 141115
180.792 145357 6.06934e-08 576 142750
181.367 127095 5.2565e-08 464 144116
181.625 162877 6.70772e-08 192 144732
182.239 148768 6.06493e-08 396 146205
182.69 143567 5.80966e-08 432 147294
183.114 152236 6.11776e-08 240 148322
183.674 163386 6.50593e-08 624 149688
184.285 145430 5.73358e-08 504 151185
184.935 148971 5.81147e-08 198 152790
185.242 149164 5.79003e-08 600 153554
185.784 142120 5.46856e-08 384 154904
186.351 154758 5.90064e-08 432 156328
186.841 138307 5.23201e-08 336 157563
187.285 179536 6.74341e-08 336 158691
187.853 173310 6.4507e-08 744 160139
188.461 150623 5.55222e-08 624 161698
189.041 206486 7.54159e-08 192 163195
189.392 174425 6.33523e-08 432 164107
189.907 160922 5.79741e-08 504 165448
190.514 171977 6.13664e-08 336 167040
190.971 174754 6.19102e-08 456 168246
191.376 150068 5.28279e-08 408 169319
191.948 166155 5.79704e-08 696 170839
192.6 166043 5.73444e-08 384 172588
193.275 192390 6.57499e-08 330 174409
193.727 179741 6.09981e-08 624 175635
194.189 171993 5.79535e-08 384 176893
194.686 172512 5.7684e-08 728 178256
195.277 184267 6.10563e-08 432 179886
195.932 188885 6.19608e-08 696 181702
196.361 160274 5.22321e-08 408 182897
197.017 199553 6.43854e-08 456 184735
197.376 202149 6.48679e-08 408 185747
197.93 177515 5.64858e-08 528 187316
198.648 191009 6.01229e-08 576 189362
199.186 177296 5.53556e-08 672 190905
199.791 181045 5.6014e-08 384 192650
200.327 182616 5.60479e-08 600 194204
200.825 180460 5.49751e-08 294 195657
201.287 193369 5.85033e-08 600 197009
201.814 188710 5.66471e-08 768 198562
202.504 197420 5.86582e-08 648 200606
203.077 210350 6.19731e-08 408 202311
203.668 191159 5.58302e-08 552 204083
204.218 185675 5.3791e-08 648 205743
204.837 176811 5.07603e-08 348 207618
205.201 207021 5.91173e-08 744 208728
205.887 208279 5.88845e-08 672 210827
206.458 211913 5.94154e-08 456 212587
206.934 216276 6.02217e-08 600 214060
207.512 227225 6.27433e-08 744 215858
208.097 207045 5.66905e-08 288 217689
208.791 230654 6.25264e-08 704 219876
209.296 217167 5.84455e-08 678 221474
209.933 212956 5.6792e-08 648 223503
210.554 242940 6.42166e-08 648 225493
211.142 211277 5.53815e-08 696 227388
211.654 231138 6.01494e-08 696 229045
212.374 228715 5.89159e-08 552 231389
212.884 229460 5.8684e-08 840 233060
213.609 229924 5.82057e-08 600 235451
214.158 245233 6.16051e-08 696 237269
214.794 263005 6.54846e-08 672 239389
215.306 225179 5.56667e-08 552 241108
216 251753 6.1639e-08 492 243444
216.542 250187 6.07967e-08 840 245282
217.147 253497 6.10874e-08 606 247344
217.726 253319 6.05585e-08 936 249329
218.389 226102 5.35615e-08 528 251612
218.855 267966 6.30736e-08 696 253228
219.555 245123 5.71471e-08 648 255665
220.075 245861 5.69136e-08 936 257486
220.784 225798 5.17676e-08 384 259982
221.192 263692 6.01211e-08 864 261427
221.916 272046 6.14206e-08 768 264002
222.523 252285 5.64944e-08 528 266174
223.149 254815 5.65825e-08 776 268425
223.759 258655 5.69663e-08 960 270635
224.376 281391 6.14644e-08 696 272877
224.869 292804 6.35371e-08 582 274682
225.664 276214 5.93061e-08 1008 277605
226.234 288212 6.14154e-08 408 279715
226.796 294421 6.22737e-08 960 281802
227.531 272156 5.70076e-08 852 284554
228.14 284350 5.90861e-08 912 286845
228.844 278388 5.73157e-08 1032 289505
229.334 303488 6.20835e-08 384 291370
230.052 279491 5.6641e-08 864 294114
230.602 295727 5.95033e-08 840 296231
231.238 313527 6.25659e-08 912 298688
232.023 271780 5.36868e-08 792 301739
232.609 327703 6.42451e-08 744 304033
233.328 300754 5.84185e-08 726 306860
233.873 324991 6.26856e-08 984 309018
234.491 325436 6.22768e-08 912 311472
235.174 275222 5.22102e-08 1104 314201
235.838 304229 5.72265e-08 744 316872
236.64 305666 5.69143e-08 968 320115
237.102 340070 6.29509e-08 672 321993
237.764 325781 5.98039e-08 984 324696
238.52 325512 5.91878e-08 840 327805
239.12 315379 5.69148e-08 1092 330284
239.888 331497 5.92509e-08 840 333476
240.424 314221 5.57882e-08 720 335717
241.164 342453 6.02425e-08 1110 338827
241.846 330866 5.77131e-08 1056 341710
242.467 326269 5.64753e-08 888 344348
243.171 343497 5.89424e-08 936 347356
243.815 363334 6.18539e-08 912 350122
244.525 350431 5.9139e-08 1104 353190
245.217 358245 5.99468e-08 912 356200
245.869 361928 6.00827e-08 1104 359049
246.608 356619 5.86707e-08 1128 362296
247.294 359910 5.87211e-08 768 365326
247.85 367804 5.96055e-08 888 367798
248.519 377614 6.07027e-08 1224 370783
249.45 379944 6.03964e-08 750 374963
249.899 414620 6.55535e-08 1092 376994
250.695 374304 5.86174e-08 1472 380609
251.481 409549 6.35375e-08 792 384199
252.08 380507 5.86121e-08 1080 386951
252.799 414811 6.33528e-08 1584 390269
253.532 351856 5.3273e-08 624 393675
254.2 394906 5.93204e-08 1248 396798
254.861 407116 6.06804e-08 888 399899
255.614 374505 5.53279e-08 912 403454
256.265 428794 6.28664e-08 1368 406547
256.953 400886 5.83042e-08 966 409828
257.704 421117 6.07123e-08 1536 413434
258.54 416840 5.95151e-08 1152 417467
259.243 414040 5.86354e-08 1008 420884
259.932 420244 5.90422e-08 1248 424248
260.541 402032 5.60882e-08 1056 427237
261.264 429099 5.93686e-08 1188 430805
262.042 479107 6.56991e-08 1152 434663
262.821 429790 5.84141e-08 1560 438550
263.607 473293 6.37531e-08 1128 442496
264.241 451854 6.04277e-08 1152 445700
264.937 417044 5.53341e-08 920 449230
265.674 456636 6.00846e-08 1470 452989
266.462 448126 5.84432e-08 1200 457032
267.211 499298 6.45708e-08 1440 460896
267.851 487693 6.26188e-08 1224 464218
268.643 452758 5.76211e-08 1296 468344
269.491 474764 5.9853e-08 1560 472794
270.234 513462 6.41989e-08 1272 476717
270.856 490939 6.09608e-08 1080 480017
271.599 491093 6.04807e-08 1368 483980
272.391 483261 5.89987e-08 1248 488225
273.221 507030 6.13385e-08 1194 492698
273.902 518867 6.23031e-08 1752 496394
274.742 486509 5.78836e-08 1392 500974
275.414 479327 5.66127e-08 1440 504660
276.257 532667 6.23386e-08 1488 509306
277.053 532905 6.18305e-08 1248 513721
277.725 527940 6.08109e-08 1512 517468
278.494 534538 6.10619e-08 1112 521781
279.334 550248 6.22911e-08 1848 526517
280.018 512291 5.75701e-08 1224 530396
280.822 527991 5.88267e-08 1536 534973
281.662 503373 5.55836e-08 1638 539788
282.432 555855 6.0878e-08 1392 544228
283.2 559949 6.08289e-08 1632 548679
284.096 533611 5.74208e-08 1452 553906
284.778 568215 6.07064e-08 1680 557903
285.519 577429 6.12118e-08 1320 562269
286.288 609031 6.40425e-08 1752 566828
287.181 556929 5.80191e-08 1776 572149
288.046 570254 5.88736e-08 1104 577335
288.664 580542 5.95521e-08 1728 581054
289.525 537726 5.4669e-08 1446 586273
290.308 577361 5.82248e-08 1920 591043
291.216 612386 6.11811e-08 1896 596607
291.958 565519 5.60694e-08 1176 601176
292.671 590329 5.81025e-08 1856 605591
293.489 605243 5.90735e-08 1896 610684
294.361 654735 6.33378e-08 1464 616145
295.283 583570 5.59264e-08 1968 621951
296.06 628076 5.97188e-08 1548 626876
296.89 616020 5.80825e-08 1944 632163
297.701 627746 5.8706e-08 1470 637355
298.52 633356 5.87448e-08 1920 642627
299.349 699186 6.43129e-08 2184 648000
300.237 627926 5.72471e-08 1464 653785
300.944 631551 5.71729e-08 1608 658413
301.799 681466 6.1169e-08 1944 664038
302.665 687881 6.12161e-08 1872 669773
303.492 657282 5.8016e-08 2256 675280
304.337 652552 5.71204e-08 1632 680932
305.241 691129 5.99609e-08 1542 687023
306.043 675462 5.81424e-08 2216 692449
306.919 699093 5.96626e-08 2052 698414
307.758 722140 6.11272e-08 1680 704153
308.566 728218 6.11585e-08 2280 709716
309.463 726761 6.05072e-08 1968 715920
310.346 737860 6.09084e-08 2016 722066
311.163 726944 5.95356e-08 1968 727787
312.111 754879 6.12617e-08 1920 734460
313.019 748665 6.02306e-08 2400 740885
313.95 745515 5.94451e-08 1974 747516
314.65 751751 5.95428e-08 1944 752532
315.544 747731 5.87226e-08 1920 758963
316.375 783999 6.10868e-08 2280 764977
317.216 755439 5.83947e-08 1968 771092
318.134 761598 5.83628e-08 2220 777804
319.043 830654 6.31118e-08 2352 784494
319.967 767542 5.78132e-08 1968 791325
320.822 769702 5.75133e-08 2504 797691
321.782 781523 5.78757e-08 2118 804870
322.658 798077 5.86217e-08 2352 811458
323.544 815409 5.9404e-08 2136 818163
324.413 820085 5.92656e-08 2112 824776
325.282 830791 5.95598e-08 2472 831416
326.174 843388 5.99678e-08 2376 838281
327.078 863055 6.08587e-08 2304 845270
328.053 826172 5.774e-08 2448 852852
328.955 836303 5.79688e-08 2280 859902
329.961 864755 5.93942e-08 2466 867820
330.774 841020 5.73394e-08 2256 874246
331.661 867604 5.86783e-08 2472 881301
332.581 848798 5.69315e-08 2856 888652
333.504 897440 5.96957e-08 2112 896072
334.499 892028 5.88075e-08 2720 904119
335.416 880764 5.75899e-08 2136 911577
336.226 908142 5.89523e-08 2736 918191
337.22 926765 5.96304e-08 2376 926365
338.215 899906 5.73929e-08 3126 934586
339.243 903179 5.70797e-08 2568 943132
339.994 942531 5.91727e-08 2112 949411
340.955 927315 5.77267e-08 2748 957482
341.947 930512 5.74228e-08 2928 965869
342.851 959868 5.87673e-08 2640 973544
343.881 994940 6.0369e-08 2856 982343
344.792 960554 5.78215e-08 2352 990177
345.768 999174 5.96386e-08 2910 998604
346.696 950753 5.62939e-08 2784 1.00667e+06
347.696 1.0056e+06 5.90291e-08 2952 1.01541e+06
348.648 1.05625e+06 6.14957e-08 2696 1.02377e+06
349.573 1.00783e+06 5.82123e-08 3264 1.03194e+06
350.572 1.02912e+06 5.89347e-08 2472 1.04081e+06
351.541 1.04148e+06 5.9151e-08 3024 1.04946e+06
352.612 1.05765e+06 5.95236e-08 2964 1.05909e+06
353.557 1.10729e+06 6.18193e-08 2910 1.06762e+06
354.497 1.10457e+06 6.11776e-08 2880 1.07617e+06
355.414 1.08939e+06 5.98713e-08 3216 1.08454e+06
356.53 1.06626e+06 5.8052e-08 3096 1.09478e+06
357.43 1.13563e+06 6.13626e-08 2880 1.1031e+06
358.434 1.08092e+06 5.7917e-08 2904 1.11242e+06
359.44 1.14324e+06 6.07434e-08 3504 1.12181e+06
360.458 1.15194e+06 6.06887e-08 3168 1.13137e+06
361.559 1.11474e+06 5.81939e-08 3054 1.14176e+06
362.446 1.20378e+06 6.23817e-08 3032 1.15019e+06
363.444 1.1325e+06 5.82057e-08 3000 1.15972e+06
364.47 1.15232e+06 5.87257e-08 3780 1.16957e+06
365.549 1.14487e+06 5.78304e-08 3504 1.17999e+06
366.568 1.20737e+06 6.04809e-08 2904 1.18988e+06
367.533 1.22452e+06 6.08581e-08 3336 1.1993e+06
368.538 1.19446e+06 5.88792e-08 3144 1.20917e+06
369.551 1.2344e+06 6.03494e-08 3414 1.21917e+06
370.659 1.20178e+06 5.82292e-08 3552 1.23017e+06
371.545 1.25001e+06 6.0134e-08 2928 1.23901e+06
372.509 1.2547e+06 5.98919e-08 3840 1.24868e+06
373.613 1.28492e+06 6.07924e-08 3312 1.25982e+06
374.63 1.28473e+06 6.02897e-08 3432 1.27013e+06
375.674 1.30248e+06 6.06147e-08 3596 1.28078e+06
376.812 1.3153e+06 6.06585e-08 4224 1.29245e+06
377.946 1.27103e+06 5.80907e-08 3294 1.30416e+06
378.905 1.32849e+06 6.02569e-08 3792 1.31411e+06
379.935 1.37221e+06 6.1735e-08 3528 1.32486e+06
381.122 1.31818e+06 5.87523e-08 3984 1.33731e+06
382.114 1.28517e+06 5.68357e-08 3768 1.34778e+06
383.151 1.30787e+06 5.73713e-08 3672 1.35878e+06
384.18 1.31447e+06 5.71984e-08 3384 1.36977e+06
385.199 1.3689e+06 5.90957e-08 3648 1.38069e+06
386.32 1.37925e+06 5.90259e-08 4098 1.39277e+06
387.377 1.38273e+06 5.86916e-08 4008 1.40424e+06
388.485 1.47826e+06 6.2211e-08 4032 1.41633e+06
389.498 1.45357e+06 6.06962e-08 3800 1.42743e+06
390.569 1.43862e+06 5.95787e-08 3816 1.43924e+06
391.7 1.50924e+06 6.19636e-08 4248 1.45178e+06
392.769 1.5064e+06 6.13436e-08 3720 1.46369e+06
393.856 1.49566e+06 6.04036e-08 4254 1.47588e+06
394.945 1.48094e+06 5.93154e-08 4224 1.48816e+06
396.062 1.46124e+06 5.80322e-08 4368 1.50083e+06
397.195 1.48178e+06 5.8346e-08 4104 1.51374e+06
398.311 1.53306e+06 5.98592e-08 4500 1.52654e+06
399.391 1.56863e+06 6.07528e-08 3480 1.53898e+06
400.481 1.54943e+06 5.95206e-08 5328 1.55162e+06
401.634 1.54874e+06 5.89829e-08 3342 1.56506e+06
402.677 1.58788e+06 6.00049e-08 4800 1.57729e+06
403.868 1.58007e+06 5.91834e-08 4184 1.59132e+06
404.934 1.62697e+06 6.04601e-08 5064 1.60395e+06
406.082 1.63956e+06 6.04121e-08 4032 1.61764e+06
407.201 1.65387e+06 6.04386e-08 4632 1.63105e+06
408.351 1.63802e+06 5.93549e-08 4680 1.64491e+06
409.484 1.68063e+06 6.0395e-08 3924 1.65864e+06
410.59 1.68851e+06 6.01891e-08 5166 1.67211e+06
411.726 1.61436e+06 5.70709e-08 4800 1.68603e+06
412.901 1.71977e+06 6.02796e-08 4560 1.70051e+06
414.001 1.79256e+06 6.23315e-08 4584 1.71414e+06
415.151 1.79504e+06 6.19007e-08 4848 1.72846e+06
416.249 1.75252e+06 5.99575e-08 4560 1.74221e+06
417.535 1.72495e+06 5.84707e-08 5600 1.7584e+06
418.686 1.77697e+06 5.97386e-08 4686 1.77298e+06
419.855 1.80791e+06 6.02724e-08 5016 1.78788e+06
421.054 1.75571e+06 5.80336e-08 4956 1.80324e+06
422.113 1.81671e+06 5.95991e-08 4872 1.81688e+06
423.328 1.86159e+06 6.05471e-08 5376 1.83261e+06
424.545 1.87473e+06 6.04515e-08 5088 1.84847e+06
425.69 1.87031e+06 5.98236e-08 4710 1.86347e+06
426.835 1.88086e+06 5.96784e-08 4848 1.87854e+06
427.985 1.84901e+06 5.81962e-08 5976 1.89376e+06
429.2 1.90114e+06 5.93303e-08 5208 1.90993e+06
430.405 1.9491e+06 6.03173e-08 5352 1.92607e+06
431.6 1.93283e+06 5.93181e-08 4820 1.94216e+06
432.743 2.04206e+06 6.21752e-08 5760 1.95763e+06
433.954 1.96967e+06 5.94705e-08 5166 1.97412e+06
435.188 1.94909e+06 5.83499e-08 6168 1.991e+06
436.422 1.97634e+06 5.86655e-08 5136 2.00798e+06
437.637 1.96197e+06 5.77549e-08 6240 2.02481e+06
438.922 2.07431e+06 6.05272e-08 5568 2.0427e+06
440.112 2.04268e+06 5.91224e-08 5712 2.05935e+06
441.308 2.07353e+06 5.95284e-08 5520 2.07618e+06
442.568 2.05155e+06 5.83958e-08 5670 2.09402e+06
443.761 2.11604e+06 5.9747e-08 6036 2.111e+06
445.017 2.13832e+06 5.98663e-08 6264 2.12898e+06
446.297 2.13454e+06 5.9248e-08 5912 2.14739e+06
447.472 2.2017e+06 6.06316e-08 5736 2.1644e+06
448.662 2.20076e+06 6.0125e-08 5400 2.18171e+06
449.929 2.2604e+06 6.12343e-08 6342 2.20025e+06
451.219 2.16746e+06 5.8214e-08 7032 2.21924e+06
452.483 2.26257e+06 6.0261e-08 5448 2.23793e+06
453.686 2.27831e+06 6.01988e-08 6528 2.25582e+06
455.01 2.26802e+06 5.94052e-08 6468 2.27563e+06
456.302 2.28015e+06 5.9217e-08 6528 2.29507e+06
457.487 2.33591e+06 6.0195e-08 5568 2.313e+06
458.712 2.28839e+06 5.84993e-08 6798 2.33163e+06
460.09 2.40272e+06 6.08715e-08 6560 2.35271e+06
461.321 2.34539e+06 5.89447e-08 6888 2.37165e+06
462.613 2.40109e+06 5.98405e-08 6624 2.39163e+06
463.886 2.47507e+06 6.11779e-08 6288 2.41142e+06
465.161 2.41901e+06 5.93018e-08 6960 2.43136e+06
466.517 2.41497e+06 5.86879e-08 6570 2.45269e+06
467.702 2.4596e+06 5.93192e-08 6600 2.47144e+06
469.04 2.47779e+06 5.92482e-08 7776 2.4927e+06
470.459 2.48126e+06 5.8796e-08 7248 2.51539e+06
471.78 2.50319e+06 5.88186e-08 6672 2.53664e+06
473.02 2.59624e+06 6.05265e-08 6704 2.5567e+06
474.279 2.59985e+06 6.01293e-08 6942 2.57717e+06
475.618 2.57784e+06 5.91181e-08 7656 2.59905e+06
476.939 2.57013e+06 5.84528e-08 7128 2.62077e+06
478.33 2.62015e+06 5.90721e-08 7908 2.64376e+06
479.632 2.70452e+06 6.04791e-08 6648 2.66541e+06
480.845 2.666e+06 5.91677e-08 7320 2.68569e+06
482.277 2.69379e+06 5.92535e-08 7638 2.70975e+06
483.589 2.70503e+06 5.90178e-08 7416 2.73193e+06
484.867 2.73881e+06 5.92834e-08 7752 2.75365e+06
486.296 2.825e+06 6.06119e-08 8448 2.77806e+06
487.682 2.82579e+06 6.0113e-08 7280 2.80189e+06
489.022 2.79131e+06 5.8893e-08 7668 2.82504e+06
490.366 2.8142e+06 5.8889e-08 8094 2.8484e+06
491.698 2.79549e+06 5.80233e-08 7656 2.87168e+06
493.062 2.94556e+06 6.0632e-08 8160 2.89565e+06
494.434 2.9402e+06 6.00193e-08 8472 2.91989e+06
495.863 2.97216e+06 6.01487e-08 7896 2.94527e+06
497.177 2.93452e+06 5.89174e-08 8088 2.96874e+06
498.568 3.04754e+06 6.0676e-08 8286 2.99373e+06
499.992 3.03574e+06 5.99262e-08 8676 3.01946e+06
501.353 3.00491e+06 5.88359e-08 8120 3.04418e+06
502.724 3.01731e+06 5.85964e-08 9024 3.06923e+06
504.146 3.15413e+06 6.07365e-08 8160 3.09535e+06
505.492 3.1268e+06 5.97306e-08 7944 3.1202e+06
506.883 3.0934e+06 5.86074e-08 8982 3.14604e+06
508.301 3.24882e+06 6.10381e-08 9528 3.17252e+06
509.763 3.24964e+06 6.05299e-08 8832 3.19996e+06
511.225 3.16602e+06 5.84679e-08 8916 3.22757e+06
512.624 3.28681e+06 6.02028e-08 9240 3.25415e+06
514.037 3.33915e+06 6.06587e-08 8502 3.28113e+06
515.448 3.3668e+06 6.06601e-08 9416 3.30822e+06
516.848 3.26862e+06 5.84138e-08 8976 3.33526e+06
518.29 3.31963e+06 5.88318e-08 9432 3.36324e+06
519.73 3.36145e+06 5.90789e-08 9864 3.39137e+06
521.211 3.3766e+06 5.88406e-08 9024 3.42044e+06
522.661 3.41722e+06 5.90544e-08 9762 3.44906e+06
524.084 3.53097e+06 6.05247e-08 9264 3.4773e+06
525.512 3.4664e+06 5.89348e-08 10056 3.5058e+06
526.971 3.57089e+06 6.02083e-08 9936 3.53509e+06
528.52 3.61969e+06 6.04959e-08 9624 3.56636e+06
529.893 3.55568e+06 5.89653e-08 9752 3.59423e+06
531.395 3.58383e+06 5.89298e-08 10446 3.62487e+06
532.886 3.65743e+06 5.96367e-08 10056 3.65547e+06
534.33 3.65429e+06 5.91037e-08 9876 3.68526e+06
535.856 3.75174e+06 6.01628e-08 11160 3.71693e+06
537.351 3.75162e+06 5.96603e-08 10128 3.74812e+06
538.857 3.82104e+06 6.02561e-08 9726 3.77972e+06
540.292 3.74651e+06 5.86114e-08 11112 3.81e+06
541.829 3.81501e+06 5.91766e-08 10776 3.84261e+06
543.283 3.84428e+06 5.91529e-08 10232 3.87363e+06
544.797 3.95011e+06 6.02761e-08 11184 3.90611e+06
546.395 3.94074e+06 5.96069e-08 11058 3.94059e+06
547.918 4.08143e+06 6.12217e-08 11472 3.97362e+06
549.394 3.97581e+06 5.91582e-08 10464 4.00582e+06
550.856 3.92684e+06 5.79652e-08 10584 4.0379e+06
552.438 3.96749e+06 5.80639e-08 12504 4.07277e+06
553.995 4.05586e+06 5.88579e-08 10560 4.10732e+06
555.487 4.22549e+06 6.08269e-08 11694 4.14058e+06
557.062 4.15111e+06 5.92507e-08 11420 4.17591e+06
558.601 4.15458e+06 5.88115e-08 12504 4.21061e+06
560.134 4.19117e+06 5.88436e-08 10800 4.24538e+06
561.718 4.2837e+06 5.96355e-08 12456 4.28149e+06
563.318 4.37865e+06 6.04393e-08 12030 4.31818e+06
564.827 4.31305e+06 5.9058e-08 11232 4.35297e+06
566.351 4.39623e+06 5.97121e-08 13176 4.38832e+06
567.977 4.44468e+06 5.98534e-08 11196 4.42621e+06
569.488 4.49044e+06 5.99894e-08 12720 4.46163e+06
571.076 4.44543e+06 5.88941e-08 11918 4.49906e+06
572.644 4.52877e+06 5.95067e-08 13392 4.53622e+06
574.302 4.56705e+06 5.94914e-08 12600 4.57575e+06
575.906 4.50087e+06 5.81408e-08 13200 4.61419e+06
577.52 4.64435e+06 5.94926e-08 12864 4.65309e+06
579.111 4.77768e+06 6.06976e-08 12270 4.69165e+06
580.695 4.77693e+06 6.01926e-08 13668 4.73027e+06
582.31 4.74357e+06 5.92766e-08 13200 4.76983e+06
583.929 4.81001e+06 5.9608e-08 13416 4.80973e+06
585.558 4.82976e+06 5.93549e-08 12992 4.85009e+06
587.186 4.92573e+06 6.00319e-08 13806 4.89067e+06
588.791 5.02133e+06 6.06979e-08 13800 4.93088e+06
590.416 5.01767e+06 6.01545e-08 13056 4.9718e+06
592.022 5.02392e+06 5.97404e-08 14364 5.0125e+06
593.668 5.02236e+06 5.92265e-08 13248 5.05442e+06
595.325 5.04806e+06 5.90339e-08 15054 5.09686e+06
597.026 5.16442e+06 5.98801e-08 13680 5.14066e+06
598.633 5.17578e+06 5.95298e-08 15152 5.18229e+06
600.356 5.16471e+06 5.88923e-08 14376 5.22718e+06
601.981 5.24793e+06 5.9358e-08 13932 5.26974e+06
603.668 5.34666e+06 5.99691e-08 14910 5.31416e+06
605.328 5.41398e+06 6.02259e-08 15648 5.35813e+06
606.992 5.47651e+06 6.0422e-08 13680 5.40243e+06
608.681 5.47397e+06 5.98927e-08 15816 5.44765e+06
610.385 5.49769e+06 5.96497e-08 15030 5.49353e+06
612.048 5.61887e+06 6.04689e-08 15104 5.53856e+06
613.806 5.47992e+06 5.84683e-08 16548 5.58642e+06
615.522 5.61388e+06 5.9398e-08 15360 5.63341e+06
617.228 5.7524e+06 6.03603e-08 15768 5.68038e+06
618.905 5.71344e+06 5.94657e-08 14622 5.72679e+06
620.629 5.85258e+06 6.04076e-08 17568 5.77478e+06
622.429 5.7643e+06 5.89817e-08 16368 5.82518e+06
624.133 5.98013e+06 6.06903e-08 15960 5.87316e+06
625.863 6.04358e+06 6.08271e-08 15732 5.92212e+06
627.578 6.00106e+06 5.99053e-08 17006 5.97094e+06
629.313 5.98844e+06 5.92863e-08 16680 6.0206e+06
631.126 6.0843e+06 5.97177e-08 17712 6.07278e+06
632.844 6.10507e+06 5.94347e-08 15576 6.12253e+06
634.511 6.18248e+06 5.97153e-08 16974 6.17102e+06
636.325 6.22881e+06 5.96498e-08 17436 6.2241e+06
638.079 6.20153e+06 5.89001e-08 17952 6.27571e+06
639.88 6.41167e+06 6.03832e-08 17448 6.329e+06
641.626 6.46498e+06 6.03896e-08 17336 6.38095e+06
643.448 6.43536e+06 5.96037e-08 17958 6.43546e+06
645.236 6.50433e+06 5.97429e-08 19056 6.48927e+06
647.056 6.51592e+06 5.93458e-08 17304 6.54434e+06
648.81 6.60849e+06 5.9702e-08 18276 6.59772e+06
650.599 6.69018e+06 5.99429e-08 17838 6.65243e+06
652.365 6.69158e+06 5.94697e-08 18984 6.70676e+06
654.267 6.67063e+06 5.87682e-08 19616 6.76557e+06
656.049 6.89465e+06 6.0248e-08 18168 6.82103e+06
657.865 6.88343e+06 5.96532e-08 19320 6.87782e+06
659.743 6.99041e+06 6.00647e-08 19170 6.93687e+06
661.508 7.00666e+06 5.97235e-08 19008 6.99272e+06
663.358 7.09967e+06 6.00113e-08 20472 7.05156e+06
665.241 7.29104e+06 6.11072e-08 19128 7.11176e+06
667.07 7.15093e+06 5.94413e-08 19998 7.17057e+06
668.912 7.13711e+06 5.88376e-08 19808 7.23015e+06
670.766 7.25124e+06 5.92843e-08 20724 7.29042e+06
672.65 7.46571e+06 6.05263e-08 19896 7.35204e+06
674.456 7.3916e+06 5.94451e-08 20304 7.41143e+06
676.388 7.47061e+06 5.95673e-08 21030 7.4753e+06
678.233 7.50308e+06 5.93392e-08 21168 7.53664e+06
680.119 7.61438e+06 5.97201e-08 20736 7.59966e+06
682.025 7.56048e+06 5.88015e-08 21356 7.66375e+06
683.962 7.72601e+06 5.95797e-08 22206 7.72924e+06
685.85 7.86477e+06 6.01504e-08 21360 7.79341e+06
687.747 7.87585e+06 5.9738e-08 21456 7.85826e+06
689.624 7.90351e+06 5.94597e-08 21648 7.92278e+06
691.543 7.88666e+06 5.88404e-08 22326 7.98909e+06
693.471 8.05739e+06 5.96142e-08 22212 8.0561e+06
695.345 8.24552e+06 6.05141e-08 22128 8.1216e+06
697.259 8.24093e+06 5.99838e-08 22640 8.18884e+06
699.232 8.3216e+06 6.00597e-08 23022 8.25855e+06
701.21 8.23802e+06 5.89546e-08 24168 8.32885e+06
703.13 8.29223e+06 5.88579e-08 22416 8.39744e+06
705.104 8.50509e+06 5.98631e-08 23700 8.46836e+06
707.07 8.57685e+06 5.98659e-08 24222 8.53941e+06
709.022 8.66365e+06 5.99738e-08 22776 8.61032e+06
710.94 8.88532e+06 6.10118e-08 24296 8.68039e+06
712.937 8.85743e+06 6.03108e-08 24648 8.75373e+06
714.886 8.91746e+06 6.02241e-08 22926 8.82573e+06
716.842 8.83975e+06 5.92121e-08 25476 8.89836e+06
718.878 8.91071e+06 5.91816e-08 25608 8.9744e+06
720.869 9.02686e+06 5.94576e-08 24576 9.04918e+06
722.888 9.21892e+06 6.02154e-08 25134 9.12542e+06
724.881 9.22834e+06 5.9781e-08 25928 9.20111e+06
726.915 9.27079e+06 5.95533e-08 26136 9.27878e+06
728.95 9.33605e+06 5.94716e-08 25644 9.35694e+06
730.944 9.63128e+06 6.08515e-08 25926 9.43392e+06
732.99 9.63173e+06 6.03461e-08 26232 9.51339e+06
735.005 9.66796e+06 6.00764e-08 27216 9.59204e+06
737.068 9.58051e+06 5.90345e-08 26736 9.67303e+06
739.171 9.65106e+06 5.89631e-08 27698 9.75607e+06
741.196 9.86781e+06 5.97944e-08 26640 9.83649e+06
743.196 9.81442e+06 5.89923e-08 26880 9.9163e+06
745.316 1.00366e+07 5.98142e-08 29160 1.00014e+07
747.411 1.00985e+07 5.96783e-08 27318 1.0086e+07
749.444 1.02771e+07 6.02414e-08 27984 1.01685e+07
751.526 1.03437e+07 6.0129e-08 28364 1.02535e+07
753.575 1.03295e+07 5.9558e-08 28464 1.03376e+07
755.71 1.02882e+07 5.88183e-08 28974 1.04257e+07
757.777 1.04414e+07 5.92072e-08 28920 1.05115e+07
759.853 1.06093e+07 5.96675e-08 29640 1.05981e+07
761.991 1.06553e+07 5.94233e-08 28884 1.06878e+07
764.087 1.07746e+07 5.95955e-08 30558 1.07763e+07
766.255 1.08405e+07 5.94525e-08 30776 1.08683e+07
768.35 1.09961e+07 5.98134e-08 29040 1.09577e+07
770.454 1.11358e+07 6.00789e-08 30984 1.10479e+07
772.624 1.12808e+07 6.03495e-08 30930 1.11415e+07
774.804 1.12864e+07 5.98713e-08 32712 1.12361e+07
776.967 1.11939e+07 5.88862e-08 30528 1.13305e+07
779.078 1.1235e+07 5.86235e-08 30326 1.14231e+07
781.242 1.15283e+07 5.96551e-08 33624 1.15185e+07
783.447 1.16788e+07 5.99249e-08 31824 1.16164e+07
785.593 1.16361e+07 5.92182e-08 31860 1.1712e+07
787.805 1.17624e+07 5.9358e-08 33942 1.18113e+07
789.985 1.20424e+07 6.02695e-08 31848 1.19096e+07
792.132 1.20043e+07 5.95917e-08 33624 1.20069e+07
794.36 1.22628e+07 6.03637e-08 33512 1.21086e+07
796.562 1.23515e+07 6.02976e-08 33594 1.22095e+07
798.778 1.23021e+07 5.95578e-08 34944 1.23117e+07
800.997 1.21663e+07 5.84127e-08 33624 1.24146e+07
803.205 1.2523e+07 5.96307e-08 34710 1.25176e+07
805.416 1.2753e+07 6.02272e-08 34704 1.26212e+07
807.649 1.27874e+07 5.98897e-08 35468 1.27265e+07
809.907 1.28507e+07 5.96842e-08 36096 1.28335e+07
812.202 1.29918e+07 5.98296e-08 35958 1.29429e+07
814.448 1.32094e+07 6.033e-08 36576 1.30506e+07
816.7 1.32255e+07 5.99052e-08 35976 1.31591e+07
818.955 1.30852e+07 5.87811e-08 36396 1.32685e+07
821.243 1.33024e+07 5.92591e-08 38030 1.338e+07
823.495 1.35643e+07 5.99315e-08 35784 1.34904e+07
825.764 1.35144e+07 5.92202e-08 38712 1.36022e+07
828.102 1.36059e+07 5.91175e-08 38310 1.3718e+07
830.398 1.37048e+07 5.90545e-08 37596 1.38324e+07
832.649 1.40319e+07 5.99751e-08 39000 1.39453e+07
834.997 1.39925e+07 5.93037e-08 38552 1.40635e+07
837.325 1.41176e+07 5.9336e-08 40206 1.41815e+07
839.639 1.42784e+07 5.95169e-08 39072 1.42994e+07
842.006 1.45647e+07 6.02e-08 41340 1.44207e+07
844.364 1.46556e+07 6.00693e-08 39342 1.45422e+07
846.654 1.47409e+07 5.99301e-08 40176 1.46608e+07
849.007 1.46653e+07 5.91286e-08 41768 1.47834e+07
851.36 1.4922e+07 5.96659e-08 40206 1.49067e+07
853.726 1.51038e+07 5.98923e-08 42300 1.50313e+07
856.093 1.52526e+07 5.99818e-08 42360 1.51567e+07
858.447 1.55031e+07 6.04668e-08 40488 1.5282e+07
860.825 1.54773e+07 5.98673e-08 44406 1.54094e+07
863.261 1.56847e+07 6.01576e-08 43076 1.55405e+07
865.619 1.57281e+07 5.98321e-08 42600 1.56683e+07
868.063 1.59145e+07 6.00314e-08 45486 1.58014e+07
870.51 1.60262e+07 5.99445e-08 43848 1.59353e+07
872.865 1.60259e+07 5.94597e-08 43248 1.6065e+07
875.268 1.60813e+07 5.91749e-08 44988 1.61981e+07
877.736 1.6343e+07 5.96318e-08 46454 1.63355e+07
880.173 1.6513e+07 5.97533e-08 44928 1.64719e+07
882.637 1.65626e+07 5.94323e-08 47256 1.66107e+07
885.084 1.68316e+07 5.9898e-08 45126 1.67492e+07
887.541 1.67314e+07 5.90482e-08 48084 1.68891e+07
889.995 1.73242e+07 6.06359e-08 46320 1.70295e+07
892.49 1.73372e+07 6.0174e-08 47894 1.71732e+07
894.921 1.75401e+07 6.03836e-08 47160 1.73139e+07
897.379 1.76929e+07 6.04103e-08 48228 1.74569e+07
899.935 1.74746e+07 5.91578e-08 50598 1.76066e+07
902.415 1.78024e+07 5.97723e-08 47328 1.77525e+07
904.896 1.81316e+07 6.0378e-08 50696 1.78993e+07
907.414 1.81699e+07 6.00033e-08 49344 1.80492e+07
909.974 1.83602e+07 6.01216e-08 51570 1.82023e+07
912.489 1.82942e+07 5.94113e-08 50832 1.83537e+07
915.021 1.86485e+07 6.00608e-08 50424 1.85069e+07
917.558 1.85849e+07 5.93605e-08 52686 1.86613e+07
920.103 1.88658e+07 5.97593e-08 51092 1.8817e+07
922.642 1.88662e+07 5.92687e-08 53376 1.89732e+07
925.222 1.91798e+07 5.97512e-08 52374 1.91328e+07
927.753 1.93093e+07 5.96636e-08 52848 1.92902e+07
930.333 1.95201e+07 5.98143e-08 55488 1.94516e+07
932.98 1.96958e+07 5.98406e-08 54098 1.96181e+07
935.507 1.99896e+07 6.02424e-08 53688 1.9778e+07
938.093 1.99432e+07 5.96071e-08 55296 1.99424e+07
940.702 2.01959e+07 5.98615e-08 56358 2.01093e+07
943.366 2.05601e+07 6.0426e-08 57468 2.02806e+07
945.983 2.04009e+07 5.9462e-08 56000 2.04499e+07
948.631 2.05562e+07 5.94141e-08 57774 2.06221e+07
951.26 2.09184e+07 5.99614e-08 57648 2.0794e+07
953.878 2.1098e+07 5.99794e-08 57480 2.09662e+07
956.53 2.12372e+07 5.98742e-08 58122 2.11415e+07
959.153 2.11756e+07 5.92123e-08 59208 2.13159e+07
961.832 2.16478e+07 6.00282e-08 60032 2.1495e+07
964.527 2.17941e+07 5.99287e-08 60366 2.16762e+07
967.205 2.17716e+07 5.9371e-08 60444 2.18573e+07
969.867 2.21188e+07 5.98225e-08 60912 2.20382e+07
972.575 2.23636e+07 5.99807e-08 61422 2.22234e+07
975.276 2.26382e+07 6.02142e-08 63032 2.2409e+07
977.994 2.28845e+07 6.03633e-08 62052 2.25969e+07
980.718 2.29962e+07 6.01538e-08 64038 2.27863e+07
983.416 2.30321e+07 5.97532e-08 61632 2.29748e+07
986.1 2.33574e+07 6.01038e-08 64896 2.31634e+07
988.883 2.34763e+07 5.99011e-08 64874 2.33601e+07
991.584 2.35071e+07 5.94908e-08 64200 2.35521e+07
994.365 2.36968e+07 5.9469e-08 68016 2.37508e+07
997.161 2.39674e+07 5.96439e-08 65694 2.39517e+07
999.915 2.42566e+07 5.9866e-08 67212 2.41507e+07
1002.69 2.43155e+07 5.95154e-08 67088 2.4352e+07
1005.45 2.46823e+07 5.99156e-08 67182 2.45542e+07
1008.23 2.50196e+07 6.0233e-08 69768 2.47585e+07
1011.03 2.5211e+07 6.01912e-08 67524 2.49653e+07
1013.83 2.52169e+07 5.97087e-08 70758 2.5173e+07
1016.63 2.55473e+07 5.99915e-08 69488 2.53825e+07
1019.45 2.58766e+07 6.02627e-08 71640 2.5594e+07
1022.32 2.58779e+07 5.97595e-08 72042 2.58108e+07
1025.17 2.62077e+07 6.00183e-08 72960 2.60271e+07
1027.99 2.61867e+07 5.94774e-08 70422 2.62428e+07
1030.87 2.65879e+07 5.98841e-08 76784 2.64638e+07
1033.75 2.67827e+07 5.98195e-08 72348 2.66866e+07
1036.6 2.72755e+07 6.042e-08 74094 2.69074e+07
1039.46 2.76487e+07 6.07429e-08 74976 2.71306e+07
1042.33 2.75704e+07 6.00712e-08 76200 2.73562e+07
1045.27 2.78609e+07 6.01943e-08 77114 2.7588e+07
1048.16 2.81525e+07 6.03224e-08 76872 2.78175e+07
1051.07 2.81423e+07 5.98009e-08 77784 2.80499e+07
1054 2.86852e+07 6.04464e-08 78654 2.82857e+07
1056.92 2.88809e+07 6.03558e-08 79380 2.85215e+07
1059.85 2.89766e+07 6.0055e-08 79256 2.87593e+07
1062.8 2.94804e+07 6.05928e-08 80094 2.89996e+07
1065.71 2.94724e+07 6.00803e-08 80760 2.9239e+07
1068.71 2.96625e+07 5.99602e-08 83034 2.94866e+07
1071.7 3.01546e+07 6.04477e-08 82664 2.9734e+07
1074.65 3.01874e+07 6.00152e-08 81864 2.99808e+07
1077.61 3.06023e+07 6.034e-08 83334 3.02293e+07
1080.61 3.05059e+07 5.965e-08 85980 3.04827e+07
1083.62 3.11476e+07 6.04001e-08 84144 3.07374e+07
1086.64 3.13671e+07 6.03199e-08 86486 3.09951e+07
1089.63 3.16393e+07 6.03432e-08 86016 3.1252e+07
1092.68 3.21173e+07 6.07437e-08 88290 3.1515e+07
1095.71 3.21445e+07 6.02923e-08 87672 3.17779e+07
1098.73 3.2372e+07 6.02188e-08 88608 3.20418e+07
1101.78 3.28302e+07 6.05659e-08 88682 3.23091e+07
1104.83 3.31402e+07 6.06334e-08 91200 3.2578e+07
1107.94 3.31377e+07 6.01189e-08 92568 3.28542e+07
1111.03 3.35358e+07 6.03361e-08 91014 3.31293e+07
1114.1 3.37151e+07 6.01575e-08 92828 3.34053e+07
1117.19 3.40709e+07 6.02894e-08 93054 3.36839e+07
1120.26 3.41376e+07 5.99121e-08 92568 3.39624e+07
1123.37 3.48124e+07 6.05907e-08 96768 3.42458e+07
1126.53 3.48712e+07 6.01836e-08 95658 3.45357e+07
1129.64 3.53505e+07 6.05086e-08 96368 3.48224e+07
1132.81 3.59071e+07 6.09472e-08 98526 3.51162e+07
1135.92 3.58632e+07 6.03736e-08 95436 3.54064e+07
1139.06 3.62757e+07 6.05642e-08 101472 3.57009e+07
1142.26 3.65012e+07 6.043e-08 98582 3.60027e+07
1145.38 3.66643e+07 6.02051e-08 99984 3.62987e+07
1148.57 3.70411e+07 6.03193e-08 101298 3.66022e+07
1151.78 3.73855e+07 6.03713e-08 104952 3.69107e+07
1154.98 3.7559e+07 6.01492e-08 100568 3.7219e+07
1158.18 3.77503e+07 5.99559e-08 105942 3.75291e+07
1161.42 3.85222e+07 6.0671e-08 104892 3.78451e+07
1164.62 3.87918e+07 6.05938e-08 103734 3.81585e+07
1167.82 3.89282e+07 6.03077e-08 107160 3.84744e+07
1171.09 3.96862e+07 6.09689e-08 108788 3.87982e+07
1174.34 3.98585e+07 6.07261e-08 107070 3.91224e+07
1177.6 3.99966e+07 6.04328e-08 110760 3.94484e+07
1180.88 4.05091e+07 6.06985e-08 109182 3.9779e+07
1184.16 4.06983e+07 6.04759e-08 112820 4.01119e+07
1187.45 4.09307e+07 6.03182e-08 110280 4.04466e+07
1190.74 4.16295e+07 6.08405e-08 114678 4.07839e+07
1194.05 4.18896e+07 6.07124e-08 112668 4.11252e+07
1197.36 4.24761e+07 6.10535e-08 116030 4.14681e+07
1200.73 4.24317e+07 6.04779e-08 118032 4.1819e+07
1204.04 4.30606e+07 6.08685e-08 113700 4.21665e+07
1207.36 4.3036e+07 6.03345e-08 118566 4.25154e+07
1210.73 4.35303e+07 6.05192e-08 119840 4.28725e+07
1214.08 4.39725e+07 6.06284e-08 118278 4.32299e+07
1217.43 4.4357e+07 6.06557e-08 120852 4.35883e+07
1220.81 4.53307e+07 6.14728e-08 122166 4.39531e+07
1224.21 4.51207e+07 6.06797e-08 123296 4.43213e+07
1227.61 4.5316e+07 6.0438e-08 123300 4.46911e+07
1231.03 4.61858e+07 6.10866e-08 126174 4.50654e+07
1234.45 4.62036e+07 6.06039e-08 124800 4.54419e+07
1237.85 4.68972e+07 6.10069e-08 126774 4.58193e+07
1241.29 4.69467e+07 6.05649e-08 128900 4.62023e+07
1244.74 4.74707e+07 6.07337e-08 127776 4.65882e+07
1248.2 4.79571e+07 6.08474e-08 132246 4.69776e+07
1251.66 4.82206e+07 6.06754e-08 129252 4.73696e+07
1255.13 4.86205e+07 6.06733e-08 133118 4.77642e+07
1258.61 4.92865e+07 6.09956e-08 133272 4.81626e+07
1262.11 4.96143e+07 6.08906e-08 134970 4.85665e+07
1265.61 4.9726e+07 6.05234e-08 136128 4.89711e+07
1269.15 5.06738e+07 6.11628e-08 137270 4.93829e+07
1272.69 5.07476e+07 6.07415e-08 139620 4.97979e+07
1276.23 5.13608e+07 6.09662e-08 138312 5.02137e+07
1279.77 5.19201e+07 6.11188e-08 140694 5.06338e+07
1283.31 5.22062e+07 6.09493e-08 140888 5.10545e+07
1286.88 5.26285e+07 6.09324e-08 143034 5.14817e+07
1290.45 5.29211e+07 6.0764e-08 143688 5.19114e+07
1294.01 5.36969e+07 6.11475e-08 143510 5.23421e+07
1297.6 5.44386e+07 6.14791e-08 147828 5.27787e+07
1301.23 5.41244e+07 6.06137e-08 147918 5.32234e+07
1304.84 5.48503e+07 6.09184e-08 148992 5.36674e+07
1308.48 5.55143e+07 6.11431e-08 150356 5.41174e+07
1312.07 5.58529e+07 6.10122e-08 147606 5.45644e+07
1315.71 5.64511e+07 6.11554e-08 156624 5.50196e+07
1319.41 5.71838e+07 6.14284e-08 153354 5.54861e+07
1323.05 5.77476e+07 6.15243e-08 153968 5.59458e+07
1326.71 5.79073e+07 6.1185e-08 155862 5.64115e+07
1330.38 5.83389e+07 6.11327e-08 157524 5.68807e+07
1334.08 5.89119e+07 6.12211e-08 159126 5.73564e+07
1337.8 5.93438e+07 6.11562e-08 162488 5.78383e+07
1341.52 5.99813e+07 6.13e-08 159570 5.83224e+07
1345.23 6.10055e+07 6.18331e-08 164304 5.88068e+07
1349 6.09599e+07 6.12705e-08 165720 5.93024e+07
1352.73 6.16928e+07 6.14954e-08 162866 5.97959e+07
1356.46 6.20431e+07 6.13352e-08 169056 6.02925e+07
1360.25 6.28553e+07 6.1621e-08 167502 6.07986e+07
1364.01 6.3506e+07 6.17453e-08 169964 6.13043e+07
1367.79 6.34071e+07 6.11397e-08 170478 6.1815e+07
1371.59 6.44519e+07 6.1631e-08 175200 6.23329e+07
1375.43 6.48428e+07 6.14879e-08 173130 6.28568e+07
1379.22 6.57968e+07 6.1879e-08 175712 6.33784e+07
1383.06 6.61299e+07 6.16752e-08 177438 6.39098e+07
1386.89 6.67954e+07 6.17814e-08 178092 6.44421e+07
1390.73 6.72761e+07 6.17118e-08 179694 6.4979e+07
1394.6 6.78497e+07 6.17223e-08 182504 6.55218e+07
1398.48 6.82346e+07 6.15573e-08 182394 6.60701e+07
1402.34 6.91243e+07 6.18458e-08 184464 6.66194e+07
1406.24 6.95882e+07 6.17447e-08 186398 6.71763e+07
1410.15 7.03214e+07 6.18769e-08 188844 6.77391e+07
1414.06 7.09053e+07 6.18756e-08 187230 6.8303e+07
1417.99 7.14234e+07 6.18108e-08 193776 6.88741e+07
1421.96 7.20389e+07 6.18227e-08 192218 6.94543e+07
1425.88 7.29452e+07 6.20856e-08 192408 7.00304e+07
1429.82 7.37282e+07 6.22346e-08 195510 7.06125e+07
1433.79 7.40734e+07 6.20071e-08 198404 7.12034e+07
1437.8 7.47171e+07 6.20248e-08 200310 7.18017e+07
1441.8 7.51938e+07 6.19024e-08 201216 7.24027e+07
1445.81 7.63698e+07 6.23492e-08 201618 7.30081e+07
1449.82 7.71572e+07 6.24707e-08 204680 7.36174e+07
1453.82 7.73599e+07 6.21191e-08 202758 7.42285e+07
1457.86 7.80638e+07 6.21639e-08 211812 7.485e+07
1461.93 7.88194e+07 6.22438e-08 205718 7.54774e+07
1465.95 7.9737e+07 6.24513e-08 211452 7.61024e+07
1470.03 7.98545e+07 6.20246e-08 213150 7.67389e+07
1474.14 8.11008e+07 6.24668e-08 217512 7.73849e+07
1478.25 8.18442e+07 6.25147e-08 214754 7.80343e+07
1482.31 8.22925e+07 6.23425e-08 215424 7.86785e+07
1486.45 8.31513e+07 6.24684e-08 224574 7.93393e+07
1490.58 8.42644e+07 6.2779e-08 218588 8.00036e+07
1494.7 8.46696e+07 6.25612e-08 223902 8.06682e+07
1498.84 8.56268e+07 6.2746e-08 224952 8.134e+07
1503.03 8.61238e+07 6.25841e-08 230258 8.20237e+07
1507.2 8.74715e+07 6.30361e-08 227544 8.27098e+07
1511.38 8.76478e+07 6.26414e-08 231018 8.33987e+07
1515.57 8.8898e+07 6.30086e-08 234504 8.40954e+07
1519.79 8.94992e+07 6.29088e-08 233102 8.47984e+07
1523.98 9.02869e+07 6.29399e-08 236892 8.55025e+07
1528.21 9.10327e+07 6.2934e-08 238830 8.62169e+07
1532.45 9.23273e+07 6.33015e-08 241232 8.69353e+07
1536.72 9.31047e+07 6.33035e-08 243906 8.76646e+07
1540.99 9.37713e+07 6.32284e-08 244704 8.83971e+07
1545.26 9.4126e+07 6.29422e-08 246698 8.91349e+07
1549.54 9.5461e+07 6.33084e-08 248664 8.98762e+07
1553.86 9.63276e+07 6.33515e-08 253494 9.06303e+07
1558.18 9.72599e+07 6.3434e-08 251522 9.13885e+07
1562.48 9.83681e+07 6.36279e-08 255336 9.21481e+07
1566.82 9.88692e+07 6.34224e-08 257694 9.29177e+07
1571.18 1.00394e+08 6.38659e-08 260988 9.36952e+07
1575.56 1.01734e+08 6.41803e-08 261638 9.44806e+07
1579.91 1.02118e+08 6.38924e-08 262356 9.52652e+07
1584.28 1.02806e+08 6.37909e-08 266478 9.60595e+07
1588.71 1.03957e+08 6.39682e-08 272048 9.68659e+07
1593.14 1.0516e+08 6.4169e-08 269850 9.76801e+07
1597.55 1.05714e+08 6.39744e-08 272544 9.84931e+07
1601.99 1.0741e+08 6.44628e-08 275546 9.93156e+07
1606.41 1.08023e+08 6.42956e-08 275334 1.00141e+08
1610.9 1.0937e+08 6.45558e-08 285024 1.00982e+08
1615.41 1.10061e+08 6.44205e-08 282242 1.01833e+08
1619.86 1.10882e+08 6.43675e-08 280800 1.02677e+08
1624.34 1.11928e+08 6.44383e-08 288330 1.03532e+08
1628.86 1.13446e+08 6.47704e-08 290024 1.04398e+08
1633.39 1.1458e+08 6.48755e-08 290598 1.0527e+08
1637.9 1.15171e+08 6.46726e-08 293748 1.06146e+08
1642.47 1.17095e+08 6.52055e-08 299582 1.07037e+08
1647.02 1.17985e+08 6.51579e-08 295914 1.0793e+08
1651.57 1.18853e+08 6.50968e-08 302352 1.08826e+08
1656.18 1.20344e+08 6.53647e-08 305342 1.09739e+08
1660.77 1.21191e+08 6.52806e-08 305532 1.10654e+08
1665.39 1.2253e+08 6.54543e-08 310806 1.1158e+08
1670.01 1.24106e+08 6.57475e-08 310436 1.12511e+08
1674.66 1.25357e+08 6.58585e-08 318006 1.13454e+08
1679.3 1.25945e+08 6.56195e-08 312846 1.14401e+08
1683.95 1.27124e+08 6.56872e-08 322508 1.15352e+08
1688.64 1.28931e+08 6.60669e-08 321318 1.1632e+08
1693.33 1.30216e+08 6.61726e-08 327204 1.17291e+08
1698.03 1.30631e+08 6.58337e-08 325766 1.18271e+08
1702.73 1.32485e+08 6.62171e-08 330246 1.19255e+08
1707.47 1.33696e+08 6.62673e-08 335868 1.20254e+08
1712.24 1.35633e+08 6.66676e-08 336710 1.21264e+08
1716.97 1.36881e+08 6.67261e-08 336636 1.22273e+08
1721.74 1.37978e+08 6.67033e-08 343542 1.23294e+08
1726.51 1.39314e+08 6.6793e-08 342092 1.24321e+08
1731.3 1.41103e+08 6.70908e-08 349446 1.25359e+08
1736.12 1.42533e+08 6.72076e-08 350118 1.26409e+08
1740.93 1.43881e+08 6.72827e-08 352628 1.27462e+08
1745.78 1.45071e+08 6.72744e-08 359334 1.28531e+08
1750.62 1.47035e+08 6.76214e-08 356364 1.29603e+08
1755.47 1.48196e+08 6.75923e-08 362990 1.30683e+08
1760.34 1.49261e+08 6.75143e-08 364062 1.31774e+08
1765.22 1.51032e+08 6.77503e-08 369756 1.32874e+08
1770.12 1.5285e+08 6.79983e-08 368726 1.33982e+08
1775.02 1.54398e+08 6.81192e-08 375786 1.35099e+08
1779.96 1.5653e+08 6.84863e-08 378600 1.3623e+08
1784.91 1.57946e+08 6.85337e-08 379394 1.37368e+08
1789.86 1.5985e+08 6.8785e-08 386568 1.38516e+08
1794.85 1.61617e+08 6.8967e-08 386906 1.39677e+08
1799.82 1.62775e+08 6.88875e-08 388950 1.4084e+08
1804.81 1.65003e+08 6.92529e-08 394512 1.42015e+08
1809.83 1.66811e+08 6.94308e-08 396818 1.43203e+08
1814.85 1.68606e+08 6.95968e-08 401112 1.44399e+08
1819.91 1.70691e+08 6.98721e-08 404850 1.45608e+08
1824.96 1.72005e+08 6.9827e-08 405566 1.46825e+08
1830 1.73693e+08 6.99303e-08 409308 1.48046e+08
1835.08 1.75595e+08 7.01112e-08 413766 1.49281e+08
1840.17 1.77573e+08 7.03138e-08 417050 1.50528e+08
1845.3 1.79777e+08 7.05948e-08 425232 1.51789e+08
1850.44 1.81134e+08 7.05361e-08 421862 1.53062e+08
1855.55 1.83926e+08 7.10333e-08 426402 1.54334e+08
1860.71 1.85751e+08 7.1143e-08 434688 1.55625e+08
1865.91 1.88474e+08 7.15845e-08 436634 1.56933e+08
1871.07 1.90131e+08 7.16176e-08 434784 1.58239e+08
1876.24 1.92597e+08 7.19486e-08 441018 1.59553e+08
1881.45 1.94822e+08 7.21775e-08 447350 1.60886e+08
1886.68 1.97108e+08 7.24184e-08 449868 1.62231e+08
1891.92 1.99552e+08 7.27092e-08 453206 1.63586e+08
1897.16 2.0088e+08 7.25875e-08 456570 1.64951e+08
1902.44 2.03387e+08 7.2884e-08 463824 1.6633e+08
1907.73 2.06013e+08 7.32121e-08 463718 1.67723e+08
1913.02 2.08771e+08 7.35791e-08 468186 1.69121e+08
1918.32 2.11612e+08 7.3963e-08 473448 1.70532e+08
1923.67 2.14442e+08 7.4329e-08 479354 1.71962e+08
1929.01 2.1657e+08 7.44448e-08 477702 1.73398e+08
1934.35 2.18596e+08 7.45209e-08 485204 1.74841e+08
1939.74 2.21567e+08 7.49056e-08 491454 1.76307e+08
1945.13 2.24399e+08 7.52341e-08 491226 1.77782e+08
1950.52 2.2713e+08 7.55199e-08 497648 1.79264e+08
1955.96 2.29803e+08 7.57729e-08 504930 1.80768e+08
1961.39 2.32354e+08 7.59801e-08 500358 1.82277e+08
1966.8 2.34965e+08 7.62015e-08 508652 1.83789e+08
1972.27 2.38091e+08 7.65744e-08 516390 1.85327e+08
1977.75 2.41589e+08 7.70557e-08 515642 1.86875e+08
1983.22 2.443e+08 7.72771e-08 521880 1.88431e+08
1988.74 2.47418e+08 7.76129e-08 530850 1.9001e+08
1994.27 2.50812e+08 7.80254e-08 527054 1.91599e+08
1999.77 2.54445e+08 7.85042e-08 534156 1.93188e+08
2005.35 2.58489e+08 7.90887e-08 545150 1.94808e+08
2010.93 2.61103e+08 7.92245e-08 543474 1.96441e+08
2016.49 2.63795e+08 7.93814e-08 545310 1.98074e+08
2022.08 2.68045e+08 7.99934e-08 555788 1.99725e+08
2027.71 2.71504e+08 8.03523e-08 559542 2.01399e+08
2033.35 2.74553e+08 8.05802e-08 564146 2.03085e+08
2038.99 2.79578e+08 8.13761e-08 566520 2.04779e+08
2044.66 2.82574e+08 8.15665e-08 573594 2.06491e+08
2050.34 2.86338e+08 8.19672e-08 577718 2.08218e+08
2056.02 2.89535e+08 8.21976e-08 579300 2.09953e+08
6.9058e+07
1.67772e+07
1.67772e+07
