1
1398
200
512
1
0.0314159 0.0138801 0.00110454 6 7.49014e-07
0.0444288 0.0650833 0.00183111 12 2.11853e-06
0.054414 0.215829 0.00330535 8 3.89199e-06
0.0628319 0.0691174 0.000687523 6 5.99211e-06
0.0702481 0.145609 0.00103639 24 8.37423e-06
0.076953 0.138615 0.00075054 24 1.10082e-05
0.0888577 0.270681 0.000951947 12 1.69483e-05
0.0942478 0.268881 0.000792477 30 2.02234e-05
0.0993459 0.167075 0.000420438 24 2.36859e-05
0.104195 0.222193 0.000484653 24 2.73262e-05
0.108828 0.67637 0.0012948 8 3.11359e-05
0.113272 0.276893 0.000470097 24 3.51079e-05
0.117548 0.416783 0.000633152 48 3.92358e-05
0.125664 0.698007 0.000867901 6 4.79369e-05
0.129531 0.464339 0.000527172 48 5.25005e-05
0.133286 0.322272 0.000335818 36 5.72004e-05
0.136939 0.330556 0.000317617 24 6.20327e-05
0.140496 0.256556 0.000228259 24 6.69939e-05
0.143966 0.581708 0.000481024 48 7.20807e-05
0.147354 0.589456 0.000454577 24 7.72901e-05
0.153906 0.423656 0.000286739 24 8.80657e-05
0.15708 0.776214 0.000494153 30 9.36268e-05
0.16019 0.669232 0.000401705 72 9.93002e-05
0.163242 0.474546 0.000269168 32 0.000105084
0.16918 0.829297 0.000422575 72 0.000116973
0.172072 0.7169 0.00034719 48 0.000123076
0.177715 0.849539 0.000373464 12 0.000135586
0.180471 0.803933 0.000337473 48 0.000141991
0.183185 0.758011 0.000304262 48 0.000148494
0.185859 0.662418 0.000254578 48 0.000155093
0.188496 0.691151 0.00025463 30 0.000161787
0.191096 0.97038 0.000343107 24 0.000168575
0.193661 0.760062 0.000258204 72 0.000175455
0.198692 0.892952 0.000280885 24 0.000189487
0.20116 1.08508 0.000328909 96 0.000196637
0.203598 1.28713 0.000376304 48 0.000203875
0.206008 1.4644 0.000413283 24 0.000211199
0.20839 0.901474 0.00024579 24 0.000218609
0.210744 0.648255 0.00017089 72 0.000226104
0.213073 1.06244 0.000270993 48 0.000233683
0.217656 1.03261 0.000247095 8 0.000249087
0.219911 1.23676 0.000286935 54 0.000256912
0.222144 1.33372 0.000300193 84 0.000264816
0.224355 1.70121 0.0003717 48 0.000272801
0.226543 1.10078 0.000233607 24 0.000280863
0.228711 0.960346 0.000198063 72 0.000289004
0.230859 1.28457 0.000257607 96 0.000297222
0.235095 1.15619 0.000219551 48 0.000313886
0.237185 1.2028 0.000222419 48 0.000322331
0.239257 1.07521 0.000193706 24 0.000330851
0.24131 1.14388 0.000200859 72 0.000339444
0.245366 1.37508 0.000229681 72 0.000356849
0.247369 1.1768 0.000191825 96 0.00036566
0.251327 1.08433 0.000168531 6 0.000383495
0.253283 1.60184 0.000243242 96 0.000392518
0.255224 1.15238 0.000171029 96 0.000401611
0.25715 1.82716 0.000265128 24 0.000410773
0.259062 1.94157 0.000275537 48 0.000420004
0.26096 1.60772 0.000223217 96 0.000429303
0.262844 1.71305 0.000232763 48 0.000438669
0.266573 1.23556 0.000160936 36 0.000457603
0.268418 1.61977 0.000206661 48 0.000467169
0.27025 1.81916 0.000227412 120 0.000476801
0.27207 1.24079 0.000152019 56 0.000486499
0.273878 1.84409 0.000221489 24 0.000496261
0.275674 1.59535 0.000187893 96 0.000506088
0.277458 1.86464 0.000215399 48 0.000515979
0.280993 1.97424 0.000219561 24 0.000535951
0.282743 1.58504 0.000173022 102 0.000546031
0.284483 1.19672 0.000128251 48 0.000556174
0.286213 2.2062 0.000232176 72 0.000566379
0.287932 1.34149 0.000138663 48 0.000576645
0.289641 1.62455 0.000164966 48 0.000586973
0.291339 1.6863 0.000168258 120 0.000597362
0.294708 2.35863 0.000227367 24 0.000618321
0.296377 1.80335 0.000170917 144 0.00062889
0.298038 1.6734 0.000155965 120 0.000639519
0.299689 1.74982 0.000160406 48 0.000650208
0.302964 1.55505 0.000137978 48 0.00067176
0.304589 1.74955 0.000152765 96 0.000682624
0.307812 1.89574 0.000160384 24 0.000704526
0.309411 2.04211 0.000170103 48 0.000715562
0.311002 1.61729 0.00013266 108 0.000726656
0.312585 1.92184 0.000155259 72 0.000737807
0.314159 2.10661 0.000167639 30 0.000749014
0.315726 2.17483 0.000170504 168 0.000760277
0.317285 2.20569 0.000170386 48 0.000771596
0.320381 1.49162 0.000111918 72 0.000794401
0.321917 2.37047 0.000175324 96 0.000805887
0.323447 2.73149 0.000199173 72 0.000817427
0.324969 2.2603 0.00016251 72 0.000829021
0.326484 2.27147 0.00016105 32 0.00084067
0.327992 2.3166 0.000161995 72 0.000852373
0.329493 2.60717 0.000179833 144 0.00086413
0.333956 2.23549 0.000148096 96 0.000899721
0.33543 2.13775 0.000139763 96 0.00091169
0.336898 1.65045 0.000106499 48 0.000923712
0.33836 1.94824 0.000124093 72 0.000935787
0.339815 2.23088 0.000140277 120 0.000947914
0.341264 2.93599 0.000182273 72 0.000960092
0.344144 2.71207 0.000164179 48 0.000984605
0.345575 2.11062 0.000126189 78 0.000996938
0.347 2.5794 0.000152324 120 0.00100932
0.348419 2.67369 0.000155971 48 0.00102176
0.351241 2.48322 0.000141397 144 0.00104678
0.352643 2.30968 0.000129953 144 0.00105937
0.355431 2.2291 0.000122491 12 0.00108469
0.356816 2.35214 0.000127752 144 0.00109742
0.358197 2.7593 0.000148141 48 0.00111021
0.359572 3.09562 0.000164297 120 0.00112304
0.360942 2.78488 0.000146129 48 0.00113593
0.362306 2.92906 0.000151964 48 0.00114886
0.363666 2.46065 0.000126236 168 0.00116184
0.36637 2.80889 0.000140934 48 0.00118795
0.367714 2.19664 0.000109011 96 0.00120108
0.369054 2.79796 0.000137345 96 0.00121425
0.370388 2.6001 0.000126258 72 0.00122747
0.371718 2.77671 0.000133392 48 0.00124074
0.373043 3.02407 0.000143732 96 0.00125406
0.374364 4.02986 0.000189517 48 0.00126743
0.376991 3.76136 0.000173217 30 0.0012943
0.378298 3.15747 0.000143905 96 0.0013078
0.3796 2.33722 0.000105429 192 0.00132135
0.380898 3.23965 0.000144648 56 0.00133495
0.382191 3.8951 0.000172154 24 0.0013486
0.38348 2.98339 0.000130533 168 0.00136229
0.384765 2.70909 0.000117348 120 0.00137603
0.387322 3.62034 0.000153735 72 0.00140364
0.388594 3.24356 0.000136388 144 0.00141751
0.389861 3.22137 0.000134137 96 0.00143143
0.391125 3.06662 0.00012646 96 0.0014454
0.39364 2.69646 0.000109078 72 0.00147346
0.394892 3.20752 0.000128521 96 0.00148756
0.397384 3.34966 0.000131708 24 0.0015159
0.398623 2.73351 0.000106481 192 0.00153013
0.399859 3.28015 0.000126594 108 0.00154441
0.401092 6.05309 0.000231465 24 0.00155873
0.40232 2.84782 0.000107904 96 0.0015731
0.403545 3.79676 0.000142553 96 0.00158751
0.404766 3.39801 0.000126431 120 0.00160196
0.407197 4.26248 0.000155772 48 0.001631
0.408407 3.50916 0.000127105 78 0.00164558
0.409614 3.42948 0.000123125 144 0.00166021
0.410817 3.25142 0.00011571 120 0.00167488
0.412016 4.71229 0.000166238 24 0.0016896
0.413212 3.85206 0.000134714 168 0.00170435
0.414405 2.817 9.76681e-05 144 0.00171915
0.416779 4.17683 0.000142354 24 0.00174888
0.417962 3.72723 0.000125955 48 0.0017638
0.419141 3.26242 0.00010932 96 0.00177877
0.420316 3.4024 0.000113057 120 0.00179378
0.421489 2.65788 8.75825e-05 72 0.00180883
0.422658 4.24895 0.000138853 120 0.00182393
0.423824 3.87 0.000125428 144 0.00183906
0.426146 4.16769 0.00013288 48 0.00186946
0.427303 3.97902 0.000125837 192 0.00188472
0.428456 3.96701 0.000124447 144 0.00190003
0.429606 3.71373 0.000115568 48 0.00191537
0.431898 4.41799 0.000135307 192 0.00194618
0.433039 2.34049 7.11159e-05 48 0.00196164
0.435312 5.34222 0.000159794 8 0.0019927
0.437385 3.70857 0.000109359 288 0.0020213
0.4387 3.08154 9.00548e-05 96 0.00203959
0.439823 3.97458 0.000115265 54 0.00205529
0.440944 3.82228 0.000110005 120 0.00207104
0.442061 3.51146 0.000100295 120 0.00208683
0.444288 3.02573 8.51284e-05 84 0.00211853
0.445398 4.35329 0.000121566 144 0.00213444
0.446504 3.43797 9.5294e-05 72 0.00215039
0.447608 3.55791 9.78906e-05 96 0.00216638
0.449441 4.36936 0.000118751 144 0.0021931
0.450903 3.64283 9.80457e-05 240 0.00221458
0.453087 4.30353 0.000114162 24 0.00224691
0.454175 4.5334 0.000119397 240 0.00226313
0.45526 4.49859 0.000117635 96 0.00227939
0.456882 4.22553 0.000109322 144 0.00230385
0.4585 4.90016 0.000125439 96 0.00232841
0.459575 5.26286 0.00013378 72 0.00234483
0.461718 4.45938 0.000111785 96 0.00237777
0.462785 4.03203 0.000100375 96 0.00239431
0.464323 4.51785 0.000111356 216 0.00241824
0.467031 4.19984 0.000101726 192 0.00246081
0.468087 4.69049 0.000112844 144 0.00247753
0.470191 4.32876 0.00010275 48 0.00251109
0.471239 5.22351 0.000123163 150 0.00252792
0.472285 4.54876 0.000106542 96 0.00254479
0.473329 5.74826 0.000133748 120 0.0025617
0.475112 4.69651 0.00010805 168 0.00259077
0.476446 4.74723 0.000108303 240 0.00261265
0.478513 5.11135 0.000115105 24 0.0026468
0.48016 4.35827 9.71395e-05 360 0.00267422
0.481597 5.59423 0.000123574 48 0.00269831
0.482621 4.51706 9.91467e-05 72 0.00271555
0.484049 4.2751 9.30072e-05 240 0.00273974
0.488189 4.57001 9.6915e-05 276 0.00281064
0.489726 5.30005 0.000111343 104 0.00283726
0.490732 5.01324 0.00010467 72 0.00285479
0.492199 5.60161 0.000115912 312 0.00288047
0.494739 4.94556 0.000100769 96 0.00292528
0.496232 4.82622 9.74524e-05 288 0.00295185
0.497722 5.20937 0.000104247 168 0.00297852
0.499701 3.47549 6.87268e-05 48 0.00301419
0.500687 5.84332 0.000114868 192 0.00303208
0.503606 5.8855 0.000113697 198 0.00308541
0.504614 5.37889 0.000103289 96 0.00310398
0.506079 5.39133 0.000102632 192 0.00313108
0.50754 5.29931 0.000100011 216 0.00315828
0.508511 5.57702 0.00010465 72 0.00317645
0.510448 4.06728 7.54551e-05 96 0.00321289
0.512103 4.9156 9.03119e-05 336 0.00324423
0.51334 4.94753 9.02426e-05 48 0.00326781
0.51518 5.58926 0.00010086 288 0.00330306
0.516216 5.80005 0.000104034 192 0.00332304
0.518125 4.90957 8.70923e-05 48 0.00336003
0.519076 4.94243 8.71941e-05 96 0.00337858
0.520457 5.66722 9.91873e-05 264 0.00340561
0.521921 4.34085 7.53357e-05 96 0.00343442
0.523525 5.7099 9.81874e-05 240 0.00346619
0.52647 6.07801 0.000102773 288 0.00352503
0.527563 4.91548 8.26004e-05 96 0.00354702
0.528498 6.22891 0.000104117 72 0.0035659
0.53076 5.60622 9.25157e-05 336 0.0036119
0.533829 6.55804 0.000106367 138 0.00367492
0.534994 5.86548 9.45141e-05 240 0.00369902
0.536222 6.51011 0.000104182 144 0.00372455
0.538155 6.22898 9.86131e-05 384 0.00376498
0.541061 5.89143 9.17743e-05 312 0.00382631
0.542323 6.97049 0.000107827 72 0.00385314
0.543437 5.24416 8.06247e-05 248 0.00387693
0.545589 6.69924 0.000101782 240 0.00392316
0.547755 3.79307 5.6947e-05 24 0.00397009
0.548656 6.91515 0.00010331 192 0.0039897
0.549761 5.07691 7.53906e-05 312 0.00401386
0.551884 5.79999 8.51382e-05 240 0.00406053
0.553134 8.20096 0.000119567 96 0.0040882
0.554916 5.94193 8.57997e-05 48 0.00412783
0.556483 6.33627 9.07232e-05 408 0.0041629
0.557577 6.13194 8.72815e-05 144 0.00418751
0.559345 5.51636 7.77774e-05 120 0.00422745
0.560226 5.97829 8.38931e-05 144 0.00424747
0.562783 7.07515 9.79384e-05 264 0.00430589
0.564176 7.35179 0.000101016 192 0.00433794
0.565487 4.90152 6.68812e-05 102 0.00436825
0.566891 6.63922 8.99205e-05 432 0.00440087
0.568967 6.09283 8.16204e-05 48 0.00444939
0.57005 6.62394 8.82304e-05 384 0.00447485
0.571994 7.95131 0.000104835 144 0.00452079
0.573756 6.54454 8.54943e-05 264 0.0045627
0.576434 6.3399 8.1672e-05 144 0.00462689
0.577954 6.28892 8.03777e-05 324 0.00466359
0.580026 6.97962 8.8253e-05 384 0.00471392
0.580982 7.31996 9.21e-05 216 0.00473728
0.583055 7.60796 9.47066e-05 216 0.00478815
0.584792 7.05108 8.69945e-05 240 0.00483108
0.586898 7.04669 8.60077e-05 168 0.00488347
0.587738 6.92031 8.41034e-05 240 0.00490447
0.590159 7.45994 8.95506e-05 216 0.00496531
0.591365 6.9532 8.29578e-05 288 0.00499583
0.593087 6.0896 7.20232e-05 240 0.0050396
0.594417 7.07461 8.31129e-05 72 0.00507358
0.596499 6.96174 8.09336e-05 246 0.00512707
0.597997 7.03191 8.11366e-05 320 0.00516579
0.600063 6.08816 6.9524e-05 288 0.00521953
0.601022 7.50024 8.52401e-05 144 0.00524459
0.60348 7.62505 8.56039e-05 288 0.00530921
0.604764 6.89702 7.69386e-05 336 0.00534315
0.60651 7.48808 8.28127e-05 168 0.00538956
0.607555 7.97651 8.77598e-05 336 0.00541748
0.609717 7.73003 8.41465e-05 288 0.00547552
0.611016 7.15103 7.73485e-05 264 0.00551058
0.613214 6.54424 7.00264e-05 240 0.00557029
0.614019 9.40366 0.000100229 96 0.00559223
0.616265 9.12168 9.6164e-05 120 0.00565382
0.617648 8.05803 8.43813e-05 408 0.00569197
0.619954 6.98192 7.22997e-05 456 0.00575597
0.622004 9.88097 0.000101312 108 0.00581325
0.623156 7.20477 7.34631e-05 264 0.00584563
0.624595 7.81318 7.91176e-05 264 0.0058862
0.626564 8.03606 8.06097e-05 312 0.00594205
0.629016 9.27739 9.19772e-05 270 0.00601209
0.630044 8.64894 8.53278e-05 240 0.00604161
0.631892 7.51362 7.34787e-05 384 0.00609492
0.633013 8.91736 8.67436e-05 192 0.00612744
0.635606 8.38257 8.05475e-05 432 0.00620304
0.636899 5.91487 5.64901e-05 144 0.00624098
0.638833 8.36612 7.91775e-05 480 0.006298
0.641275 9.10484 8.51883e-05 216 0.00637049
0.642832 8.33512 7.74212e-05 312 0.006417
0.64426 7.25907 6.69786e-05 216 0.00645988
0.645938 8.57661 7.85203e-05 192 0.00651049
0.648007 7.92263 7.18405e-05 624 0.00657325
0.649634 9.35931 8.42321e-05 120 0.00662287
0.651021 8.83841 7.90366e-05 336 0.0066654
0.653586 7.36274 6.50686e-05 176 0.00674447
0.654666 8.96066 7.8799e-05 384 0.00677797
0.656779 7.6137 6.63097e-05 408 0.00684383
0.658986 7.50194 6.46822e-05 144 0.00691304
0.660251 8.18179 7.01393e-05 486 0.00695292
0.66272 9.82475 8.32859e-05 96 0.00703121
0.663464 8.71704 7.36473e-05 384 0.00705492
0.666071 9.46748 7.9052e-05 492 0.00713841
0.667911 8.38921 6.94712e-05 384 0.00719774
0.669388 10.3357 8.50247e-05 168 0.00724559
0.67191 10.0017 8.13544e-05 504 0.00732781
0.67321 10.1518 8.20976e-05 240 0.00737043
0.674682 8.46391 6.80006e-05 456 0.00741888
0.67725 9.76019 7.75267e-05 264 0.0075039
0.678949 10.1569 8.00734e-05 384 0.00756052
0.680759 9.3929 7.34615e-05 432 0.00762114
0.68301 9.23892 7.1545e-05 216 0.00769701
0.684213 9.90259 7.62806e-05 360 0.00773776
0.686355 11.0139 8.40493e-05 312 0.00781065
0.688862 9.45618 7.13772e-05 240 0.00789653
0.690156 9.37801 7.03897e-05 414 0.00794112
0.692267 10.0094 7.44432e-05 552 0.00801421
0.694474 10.8871 8.02019e-05 360 0.00809112
0.695933 8.95976 6.55894e-05 432 0.00814222
0.698042 9.42093 6.83423e-05 480 0.00821645
0.700371 11.2351 8.06925e-05 288 0.00829898
0.701886 10.5367 7.51875e-05 312 0.00835296
0.703511 10.1287 7.17761e-05 360 0.0084111
0.706218 10.0308 7.02683e-05 576 0.00850856
0.708463 9.70594 6.73482e-05 464 0.00858997
0.709472 11.7317 8.10582e-05 192 0.00862671
0.71187 9.78474 6.69248e-05 396 0.0087145
0.713632 10.35 7.02676e-05 432 0.00877938
0.71529 10.953 7.3846e-05 240 0.0088407
0.717478 11.7007 7.81675e-05 624 0.00892209
0.719862 11.2532 7.44336e-05 504 0.0090113
0.722401 12.4913 8.17545e-05 198 0.00910699
0.723603 10.2209 6.65622e-05 600 0.00915255
0.725718 11.5256 7.44047e-05 384 0.00923302
0.727934 10.566 6.75889e-05 432 0.00931785
0.729846 10.8336 6.87574e-05 336 0.0093915
0.731583 11.0238 6.94671e-05 336 0.0094587
0.733803 11.548 7.21123e-05 744 0.00954504
0.736176 11.3746 7.03448e-05 624 0.00963796
0.738441 9.83885 6.02888e-05 192 0.00972721
0.739813 10.1967 6.21346e-05 432 0.00978153
0.741823 10.4219 6.29921e-05 504 0.00986144
0.744194 11.5084 6.88961e-05 336 0.00995634
0.745982 12.5219 7.44261e-05 456 0.0100283
0.747564 11.7349 6.93067e-05 408 0.0100922
0.749795 10.9639 6.41767e-05 696 0.0101828
0.752344 11.9512 6.92469e-05 384 0.010287
0.754981 12.2965 7.05038e-05 330 0.0103956
0.756746 12.6272 7.18949e-05 624 0.0104686
0.758549 13.3808 7.5643e-05 384 0.0105437
0.760491 12.7758 7.16714e-05 728 0.0106249
0.762803 10.9218 6.07153e-05 432 0.010722
0.765361 11.4286 6.28973e-05 696 0.0108303
0.767036 10.6392 5.81701e-05 408 0.0109015
0.769597 11.6352 6.29834e-05 456 0.0110111
0.771 11.9074 6.41051e-05 408 0.0110714
0.773164 13.4878 7.20057e-05 528 0.0111649
0.775969 12.0873 6.38318e-05 576 0.0112869
0.778071 10.6066 5.55595e-05 672 0.0113788
0.780434 12.7404 6.61323e-05 384 0.0114828
0.782527 11.88 6.11725e-05 600 0.0115755
0.784473 12.4844 6.38078e-05 294 0.011662
0.786277 11.9034 6.04203e-05 600 0.0117427
0.788337 12.7989 6.44579e-05 768 0.0118352
0.791032 12.7585 6.35997e-05 648 0.011957
0.793268 12.0345 5.94851e-05 408 0.0120587
0.795576 12.819 6.28129e-05 552 0.0121643
0.797728 13.0925 6.36354e-05 648 0.0122632
0.800144 12.6313 6.08391e-05 348 0.012375
0.801567 13.4575 6.44738e-05 744 0.0124411
0.804245 13.7973 6.54437e-05 672 0.0125662
0.806478 13.719 6.45334e-05 456 0.0126712
0.808336 12.9164 6.034e-05 600 0.012759
0.810593 14.1965 6.57675e-05 744 0.0128661
0.812878 15.5682 7.15159e-05 288 0.0129752
0.815591 13.6858 6.22433e-05 704 0.0131056
0.817562 14.1211 6.37595e-05 678 0.0132009
0.820052 12.7934 5.72403e-05 648 0.0133218
0.822478 14.9287 6.6205e-05 648 0.0134404
0.824775 13.404 5.89477e-05 696 0.0135534
0.826774 14.6078 6.3777e-05 696 0.0136521
0.829585 13.9108 6.01186e-05 552 0.0137919
0.831577 14.9297 6.40597e-05 840 0.0138914
0.834411 14.1705 6.01846e-05 600 0.0140339
0.836554 15.8196 6.66736e-05 696 0.0141424
0.839038 13.6753 5.71257e-05 672 0.0142687
0.841041 13.6828 5.67497e-05 552 0.0143711
0.843748 14.1017 5.79259e-05 492 0.0145104
0.845866 15.0879 6.15124e-05 840 0.0146199
0.84823 14.1733 5.7302e-05 606 0.0147428
0.850494 15.237 6.11117e-05 936 0.0148612
0.853082 14.5555 5.7849e-05 528 0.0149973
0.854904 15.4774 6.11203e-05 696 0.0150936
0.857637 14.761 5.77358e-05 648 0.0152388
0.859669 15.0754 5.85486e-05 936 0.0153474
0.862437 14.8725 5.72059e-05 384 0.0154961
0.864033 15.6881 6.00093e-05 864 0.0155823
0.86686 15.8131 5.98977e-05 768 0.0157358
0.869231 14.8923 5.59492e-05 528 0.0158652
0.871675 16.3268 6.08243e-05 776 0.0159994
0.87406 16.1436 5.96507e-05 960 0.0161311
0.876467 14.3001 5.2405e-05 696 0.0162648
0.878396 16.615 6.04881e-05 582 0.0163723
0.8815 15.3032 5.5126e-05 1008 0.0165465
0.883728 17.3241 6.1935e-05 408 0.0166723
0.88592 16.8931 5.99468e-05 960 0.0167967
0.888795 14.9717 5.26147e-05 852 0.0169607
0.891174 16.2068 5.65001e-05 912 0.0170973
0.89392 16.9914 5.86911e-05 1032 0.0172559
0.895836 14.86 5.10003e-05 384 0.017367
0.898639 16.8269 5.72119e-05 864 0.0175306
0.900789 18.5337 6.25652e-05 840 0.0176567
0.903273 16.4169 5.49634e-05 912 0.0178032
0.906338 16.1758 5.36085e-05 792 0.017985
0.90863 17.4611 5.74315e-05 744 0.0181218
0.911438 16.2055 5.28107e-05 726 0.0182903
0.913568 16.9591 5.48808e-05 984 0.0184189
0.91598 18.5954 5.97018e-05 912 0.0185652
0.918648 16.8187 5.35283e-05 1104 0.0187278
0.921243 17.7978 5.61674e-05 744 0.018887
0.924376 17.097 5.34091e-05 968 0.0190803
0.92618 18.2213 5.65891e-05 672 0.0191923
0.928764 16.5487 5.09667e-05 984 0.0193534
0.931719 16.9933 5.18396e-05 840 0.0195387
0.934062 16.6243 5.03334e-05 1092 0.0196864
0.937061 19.4086 5.82008e-05 840 0.0198767
0.939156 19.4491 5.79331e-05 720 0.0200103
0.942047 20.2631 5.98036e-05 1110 0.0201957
0.944712 18.7403 5.48427e-05 1056 0.0203675
0.947136 19.2198 5.58152e-05 888 0.0205247
0.949886 17.6849 5.09128e-05 936 0.020704
0.952401 17.5867 5.02303e-05 912 0.0208689
0.955174 17.7025 5.01219e-05 1104 0.0210517
0.957881 19.4821 5.46943e-05 912 0.0212312
0.960427 18.7908 5.2335e-05 1104 0.021401
0.963313 17.7941 4.9115e-05 1128 0.0215945
0.965992 19.9186 5.45229e-05 768 0.0217751
0.968166 19.1224 5.19915e-05 888 0.0219225
0.970778 18.7703 5.06235e-05 1224 0.0221004
0.974412 18.5033 4.93469e-05 750 0.0223495
0.976168 18.0387 4.78488e-05 1092 0.0224706
0.979278 20.8245 5.47137e-05 1472 0.022686
0.982348 20.1473 5.24397e-05 792 0.0229001
0.984688 19.2937 4.98607e-05 1080 0.0230641
0.987495 21.2142 5.43579e-05 1584 0.0232619
0.990359 19.6856 5.00048e-05 624 0.0234649
0.992971 19.8168 4.99417e-05 1248 0.023651
0.99555 19.1732 4.79451e-05 888 0.0238358
0.998492 20.0177 4.96159e-05 912 0.0240477
1.00104 20.3407 5.00328e-05 1368 0.0242321
1.00371 19.8769 4.85021e-05 960 0.0244269
1.00665 20.9807 5.07483e-05 1542 0.0246422
1.00992 22.0164 5.27381e-05 1152 0.024883
1.01267 22.5853 5.36615e-05 1008 0.0250866
1.01536 20.4326 4.81619e-05 1248 0.0252872
1.01774 20.1719 4.72148e-05 1056 0.0254653
1.02056 20.3879 4.73252e-05 1188 0.025678
1.0236 22.2056 5.10868e-05 1152 0.025908
1.02664 21.6645 4.94003e-05 1560 0.0261396
1.02971 21.8724 4.94297e-05 1128 0.0263748
1.03219 20.5583 4.61259e-05 1152 0.0265658
1.03491 21.9946 4.89606e-05 920 0.0267762
1.03779 21.5067 4.74774e-05 1470 0.0270002
1.04087 22.8087 4.9906e-05 1200 0.0272412
1.04379 22.3824 4.85627e-05 1440 0.0274716
1.04629 21.9085 4.71945e-05 1224 0.0276695
1.04938 23.6406 5.04771e-05 1296 0.0279155
1.0527 22.9308 4.85007e-05 1560 0.0281807
1.0556 23.7573 4.98351e-05 1272 0.0284146
1.05803 22.442 4.67525e-05 1080 0.0286112
1.06094 24.63 5.08906e-05 1368 0.0288474
1.06403 22.0089 4.50794e-05 1248 0.0291005
1.06727 23.0556 4.67945e-05 1194 0.0293671
1.06993 24.3839 4.9122e-05 1752 0.0295874
1.07321 21.5144 4.29451e-05 1392 0.0298604
1.07584 23.8758 4.73107e-05 1440 0.0300801
1.07913 23.105 4.53656e-05 1488 0.030357
1.08224 24.883 4.84368e-05 1248 0.0306201
1.08486 24.7105 4.77526e-05 1512 0.0308435
1.08787 23.9995 4.59954e-05 1112 0.0311006
1.09115 23.618 4.4857e-05 1848 0.0313829
1.09382 26.0123 4.90431e-05 1224 0.0316141
1.09696 23.7861 4.44622e-05 1536 0.0318869
1.10024 24.6388 4.56453e-05 1638 0.0321739
1.10325 26.0069 4.77868e-05 1392 0.0324385
1.10625 24.0219 4.37814e-05 1632 0.0327038
1.10975 25.586 4.61919e-05 1452 0.0330154
1.11241 25.0618 4.49214e-05 1680 0.0332536
1.11531 25.5904 4.55128e-05 1320 0.0335138
1.11831 27.5697 4.86386e-05 1752 0.0337856
1.1218 24.0269 4.19941e-05 1776 0.0341027
1.12518 25.6877 4.44935e-05 1104 0.0344119
1.12759 26.6073 4.57915e-05 1728 0.0346335
1.13096 25.3716 4.32761e-05 1446 0.0349446
1.13402 26.4908 4.48203e-05 1920 0.0352289
1.13756 26.1563 4.38418e-05 1896 0.0355605
1.14046 24.647 4.09979e-05 1176 0.0358329
1.14325 25.9029 4.2773e-05 1856 0.036096
1.14644 26.6142 4.3581e-05 1896 0.0363996
1.14985 26.2525 4.26077e-05 1464 0.0367251
1.15345 25.8901 4.16272e-05 1968 0.0370711
1.15649 27.4327 4.37611e-05 1548 0.0373647
1.15973 27.4876 4.34817e-05 1944 0.0376799
1.16289 26.977 4.23264e-05 1470 0.0379893
1.16609 28.7429 4.47273e-05 1920 0.0383035
1.16933 26.4207 4.07728e-05 2184 0.0386238
1.1728 28.9211 4.42365e-05 1464 0.0389686
1.17556 29.5741 4.49173e-05 1608 0.0392445
1.1789 29.2824 4.40975e-05 1944 0.0395797
1.18229 29.0992 4.34463e-05 1872 0.0399216
1.18552 29.1816 4.32141e-05 2256 0.0402498
1.18882 30.4282 4.46861e-05 1632 0.0405867
1.19235 30.1222 4.38445e-05 1542 0.0409497
1.19548 28.7815 4.15648e-05 2216 0.0412732
1.1989 30.8825 4.4218e-05 2052 0.0416287
1.20218 29.7864 4.2301e-05 1680 0.0419708
1.20534 31.5388 4.44386e-05 2280 0.0423024
1.20884 29.2755 4.08921e-05 1968 0.0426722
1.21229 30.7111 4.25323e-05 2016 0.0430385
1.21548 29.9889 4.12056e-05 1968 0.0433795
1.21918 30.6952 4.17928e-05 1920 0.0437772
1.22273 32.045 4.32524e-05 2400 0.0441602
1.22637 30.8811 4.13117e-05 1974 0.0445554
1.2291 31.2102 4.14736e-05 1944 0.0448544
1.23259 31.5819 4.16119e-05 1920 0.0452377
1.23584 30.2809 3.9584e-05 2280 0.0455962
1.23913 29.9344 3.88208e-05 1968 0.0459607
1.24271 32.0124 4.11574e-05 2220 0.0463607
1.24626 31.8156 4.05556e-05 2352 0.0467595
1.24987 32.0874 4.0549e-05 1968 0.0471667
1.25321 30.6946 3.84793e-05 2504 0.0475461
1.25696 32.0418 3.98099e-05 2118 0.047974
1.26038 32.7064 4.03057e-05 2352 0.0483667
1.26384 34.5158 4.21869e-05 2136 0.0487663
1.26724 32.3593 3.92341e-05 2112 0.0491605
1.27063 34.7533 4.18002e-05 2472 0.0495563
1.27412 33.2 3.96048e-05 2376 0.0499654
1.27765 33.2213 3.93026e-05 2304 0.050382
1.28146 32.3959 3.79853e-05 2448 0.0508339
1.28498 33.2174 3.86293e-05 2280 0.0512542
1.28891 33.3159 3.83904e-05 2466 0.0517261
1.29209 33.7135 3.8563e-05 2256 0.0521091
1.29555 32.4773 3.68516e-05 2472 0.0525296
1.29914 35.0426 3.94334e-05 2856 0.0529678
1.30275 33.5769 3.74712e-05 2112 0.05341
1.30664 35.4991 3.92637e-05 2720 0.0538897
1.31022 34.3926 3.77286e-05 2136 0.0543342
1.31338 35.5804 3.87506e-05 2736 0.0547285
1.31727 32.2472 3.48105e-05 2376 0.0552156
1.32115 36.6685 3.92351e-05 3126 0.0557057
1.32517 37.7168 3.9991e-05 2568 0.056215
1.3281 35.0497 3.69173e-05 2112 0.0565893
1.33185 37.2599 3.89144e-05 2748 0.0570704
1.33573 36.9053 3.82094e-05 2928 0.0575703
1.33926 36.3842 3.7373e-05 2640 0.0580277
1.34328 35.7186 3.63606e-05 2856 0.0585522
1.34684 37.048 3.74155e-05 2352 0.0590191
1.35065 36.6665 3.67177e-05 2910 0.0595215
1.35428 38.3162 3.80624e-05 2784 0.0600021
1.35819 37.8516 3.72773e-05 2952 0.0605229
1.36191 36.622 3.57716e-05 2696 0.0610216
1.36552 36.9766 3.58322e-05 3264 0.0615083
1.36942 36.5141 3.50822e-05 2472 0.0620373
1.37321 38.4276 3.66164e-05 3024 0.0625529
1.37739 37.8963 3.5782e-05 2964 0.0631266
1.38108 37.2891 3.49272e-05 2910 0.0636352
1.38476 39.706 3.68958e-05 2880 0.0641445
1.38834 39.3266 3.62611e-05 3216 0.0646435
1.39269 37.9438 3.46588e-05 3096 0.065254
1.39621 39.7249 3.60121e-05 2880 0.0657499
1.40013 39.2088 3.52465e-05 2904 0.0663052
1.40406 39.671 3.53634e-05 3504 0.0668651
1.40804 40.3425 3.56583e-05 3168 0.0674346
1.41234 40.4144 3.53965e-05 3054 0.0680545
1.41581 40.7446 3.54241e-05 3032 0.0685569
1.4197 40.8433 3.52183e-05 3000 0.0691244
1.42371 40.1106 3.42952e-05 3780 0.0697116
1.42793 40.371 3.4213e-05 3504 0.0703329
1.43191 43.4211 3.64919e-05 2904 0.0709225
1.43567 40.6248 3.38737e-05 3336 0.0714839
1.4396 42.3684 3.50392e-05 3144 0.0720723
1.44356 42.9404 3.52211e-05 3414 0.072668
1.44789 42.8515 3.48337e-05 3552 0.0733239
1.45135 40.3994 3.26063e-05 2928 0.0738505
1.45511 41.9029 3.35578e-05 3840 0.074427
1.45943 42.3337 3.3603e-05 3312 0.075091
1.4634 42.6036 3.35427e-05 3432 0.0757057
1.46748 43.2148 3.3741e-05 3596 0.0763404
1.47192 41.8919 3.24128e-05 4224 0.0770361
1.47635 44.4143 3.40559e-05 3294 0.077734
1.4801 42.9343 3.26717e-05 3792 0.0783272
1.48412 42.9421 3.24127e-05 3528 0.0789676
1.48876 44.6367 3.3378e-05 3984 0.0797097
1.49263 45.6503 3.38708e-05 3768 0.0803339
1.49668 46.9856 3.45792e-05 3672 0.0809898
1.5007 45.8372 3.34636e-05 3384 0.0816444
1.50468 46.0417 3.33469e-05 3648 0.0822954
1.50906 45.2564 3.24937e-05 4098 0.0830158
1.51319 45.2777 3.22436e-05 4008 0.0836992
1.51752 46.7865 3.30337e-05 4032 0.0844198
1.52148 45.3501 3.17704e-05 3800 0.0850816
1.52566 45.1547 3.13739e-05 3816 0.0857856
1.53008 45.7416 3.15072e-05 4248 0.0865329
1.53425 45.4446 3.10479e-05 3720 0.087243
1.5385 46.6804 3.16288e-05 4254 0.0879693
1.54275 47.3465 3.18154e-05 4224 0.0887015
1.54712 48.3868 3.22401e-05 4368 0.0894564
1.55154 48.0667 3.17536e-05 4104 0.090226
1.5559 48.1729 3.1557e-05 4500 0.0909888
1.56012 49.5268 3.21815e-05 3480 0.0917305
1.56438 48.5419 3.12847e-05 5328 0.0924836
1.56888 47.9221 3.06199e-05 3342 0.0932851
1.57296 50.0191 3.17121e-05 4800 0.0940139
1.57761 49.9176 3.13686e-05 4184 0.0948501
1.58177 49.5912 3.09181e-05 5064 0.0956031
1.58626 50.6164 3.12902e-05 4032 0.0964191
1.59063 48.2243 2.95665e-05 4632 0.0972179
1.59512 50.9606 3.09808e-05 4680 0.0980443
1.59955 50.7113 3.0574e-05 3924 0.0988627
1.60387 52.048 3.11271e-05 5166 0.0996657
1.60831 51.017 3.02586e-05 4800 0.100495
1.6129 52.3892 3.0808e-05 4560 0.101358
1.61719 51.3597 2.99624e-05 4584 0.102171
1.62168 52.2617 3.0236e-05 4848 0.103024
1.62597 53.0346 3.0441e-05 4560 0.103844
1.631 52.4835 2.98472e-05 5600 0.104809
1.63549 52.3504 2.95268e-05 4686 0.105678
1.64006 53.2762 2.97986e-05 5016 0.106566
1.64474 53.9937 2.99426e-05 4956 0.107481
1.64888 52.373 2.88258e-05 4872 0.108295
1.65362 53.5763 2.92349e-05 5376 0.109232
1.65838 53.358 2.8866e-05 5088 0.110177
1.66285 53.785 2.88628e-05 4710 0.111071
1.66732 53.3076 2.83772e-05 4848 0.111969
1.67182 54.7745 2.89236e-05 5976 0.112877
1.67656 54.3509 2.8457e-05 5208 0.113841
1.68127 56.2985 2.92298e-05 5352 0.114803
1.68594 57.1441 2.9423e-05 4820 0.115762
1.6904 53.7899 2.7477e-05 5760 0.116684
1.69513 55.8609 2.82967e-05 5166 0.117666
1.69995 56.5647 2.84102e-05 6168 0.118673
1.70477 56.6555 2.82152e-05 5136 0.119685
1.70952 57.2235 2.82612e-05 6240 0.120688
1.71454 56.7201 2.77673e-05 5568 0.121754
1.71919 54.6624 2.65436e-05 5712 0.122747
1.72386 55.7426 2.68486e-05 5520 0.12375
1.72878 58.1973 2.77922e-05 5670 0.124813
1.73344 58.8161 2.78617e-05 6036 0.125825
1.73835 59.4973 2.79464e-05 6264 0.126897
1.74335 56.594 2.63547e-05 5912 0.127995
1.74794 56.9689 2.63208e-05 5736 0.129009
1.75258 60.0721 2.75344e-05 5400 0.13004
1.75753 59.4451 2.70175e-05 6342 0.131145
1.76258 59.2779 2.67109e-05 7032 0.132277
1.76751 59.745 2.66966e-05 5448 0.133391
1.77221 58.4007 2.58889e-05 6528 0.134458
1.77738 60.0293 2.63792e-05 6468 0.135638
1.78243 61.4502 2.67748e-05 6528 0.136797
1.78706 62.0296 2.68178e-05 5568 0.137866
1.79184 62.4787 2.67961e-05 6798 0.138976
1.79723 61.091 2.59662e-05 6560 0.140233
1.80203 62.5169 2.63602e-05 6888 0.141361
1.80708 62.5121 2.61379e-05 6624 0.142552
1.81205 61.9108 2.5674e-05 6288 0.143732
1.81703 63.2108 2.59981e-05 6960 0.14492
1.82233 62.2932 2.53979e-05 6570 0.146192
1.82696 64.0633 2.59215e-05 6600 0.147309
1.83219 64.4805 2.58677e-05 7776 0.148577
1.83773 64.2064 2.55254e-05 7248 0.149929
1.84289 63.9218 2.51994e-05 6672 0.151196
1.84774 65.5537 2.564e-05 6704 0.152391
1.85265 66.5858 2.58368e-05 6942 0.153611
1.85788 64.7784 2.49238e-05 7656 0.154916
1.86304 63.502 2.42302e-05 7128 0.15621
1.86848 67.1896 2.54144e-05 7908 0.157581
1.87356 67.1646 2.51986e-05 6648 0.158871
1.8783 68.1437 2.53729e-05 7320 0.16008
1.88389 66.183 2.4424e-05 7638 0.161514
1.88902 69.91 2.559e-05 7416 0.162836
1.89401 68.4506 2.48581e-05 7752 0.16413
1.89959 66.5717 2.39634e-05 8448 0.165585
1.90501 67.9908 2.4266e-05 7280 0.167006
1.91024 69.3892 2.45622e-05 7668 0.168386
1.91549 68.9189 2.41957e-05 8094 0.169778
1.9207 68.7551 2.39425e-05 7656 0.171166
1.92602 68.4628 2.36434e-05 8160 0.172594
1.93138 69.8501 2.39222e-05 8472 0.174039
1.93696 71.0514 2.41239e-05 7896 0.175552
1.9421 71.4251 2.4059e-05 8088 0.176951
1.94753 70.3493 2.34989e-05 8286 0.17844
1.95309 72.1974 2.39107e-05 8676 0.179974
1.95841 69.8808 2.29556e-05 8120 0.181447
1.96377 69.8444 2.27563e-05 9024 0.18294
1.96932 71.0556 2.29556e-05 8160 0.184497
1.97458 70.6799 2.26523e-05 7944 0.185979
1.98001 72.9364 2.31836e-05 8982 0.187519
1.98555 73.0455 2.30245e-05 9528 0.189097
1.99126 72.7808 2.27443e-05 8832 0.190733
1.99697 70.4224 2.1819e-05 8916 0.192378
2.00244 72.9764 2.24256e-05 9240 0.193963
2.00796 72.9655 2.22379e-05 8502 0.19557
2.01347 73.9639 2.23576e-05 9416 0.197185
2.01894 74.4548 2.23235e-05 8976 0.198797
2.02457 75.144 2.23427e-05 9432 0.200465
2.0302 73.0303 2.15342e-05 9864 0.202141
2.03598 75.1376 2.19672e-05 9024 0.203874
2.04164 75.7856 2.19728e-05 9762 0.20558
2.0472 76.1134 2.18887e-05 9264 0.207263
2.05278 76.5134 2.18248e-05 10056 0.208962
2.05848 76.7894 2.17221e-05 9936 0.210708
2.06453 77.0726 2.1611e-05 9624 0.212572
2.0699 76.1157 2.11772e-05 9752 0.214233
2.07576 78.0671 2.15365e-05 10446 0.216059
2.08159 76.6067 2.09567e-05 10056 0.217883
2.08723 77.7335 2.10931e-05 9876 0.219659
2.09319 79.108 2.12831e-05 11160 0.221546
2.09903 77.2108 2.05999e-05 10128 0.223405
2.10491 79.5076 2.10353e-05 9726 0.225289
2.11051 77.8365 2.04295e-05 11112 0.227094
2.11652 78.9551 2.05473e-05 10776 0.229037
2.1222 80.7524 2.08467e-05 10232 0.230887
2.12811 76.7481 1.96482e-05 11184 0.232822
2.13436 79.3147 2.01276e-05 11058 0.234877
2.1403 80.9882 2.03815e-05 11472 0.236846
2.14607 80.618 2.01252e-05 10464 0.238765
2.15178 80.7276 1.99925e-05 10584 0.240678
2.15796 80.8564 1.98529e-05 12504 0.242756
2.16404 83.4871 2.03264e-05 10560 0.244815
2.16987 80.8739 1.9532e-05 11694 0.246798
2.17602 81.9706 1.96294e-05 11420 0.248904
2.18203 84.4966 2.00676e-05 12504 0.250972
2.18802 84.2263 1.98395e-05 10800 0.253044
2.19421 84.125 1.96485e-05 12456 0.255197
2.20046 84.424 1.95508e-05 12030 0.257383
2.20635 83.3822 1.91552e-05 11232 0.259457
2.21231 86.0867 1.96172e-05 13176 0.261564
2.21866 83.8474 1.89434e-05 11196 0.263823
2.22456 86.0409 1.92846e-05 12720 0.265934
2.23077 83.8 1.86261e-05 11918 0.268165
2.23689 84.5063 1.86292e-05 13392 0.27038
2.24337 84.8508 1.85436e-05 12600 0.272736
2.24963 85.5608 1.8543e-05 13200 0.275027
2.25594 87.7092 1.88497e-05 12864 0.277346
2.26215 88.1701 1.8793e-05 12270 0.279644
2.26834 90.4639 1.91245e-05 13668 0.281946
2.27465 88.7119 1.85986e-05 13200 0.284304
2.28097 88.848 1.84725e-05 13416 0.286682
2.28734 87.9365 1.81309e-05 12992 0.289088
2.2937 88.3514 1.80653e-05 13806 0.291506
2.29997 89.9373 1.82396e-05 13800 0.293904
2.30631 89.3483 1.7971e-05 13056 0.296342
2.31259 90.5965 1.80741e-05 14364 0.298768
2.31902 88.7005 1.75491e-05 13248 0.301267
2.32549 88.4967 1.7363e-05 15054 0.303797
2.33213 90.7753 1.76583e-05 13680 0.306407
2.33841 91.0861 1.75764e-05 15152 0.308888
2.34514 89.4562 1.71137e-05 14376 0.311564
2.35149 90.7723 1.72252e-05 13932 0.314101
2.35808 91.8272 1.72797e-05 14910 0.316749
2.36456 93.1083 1.7377e-05 15648 0.31937
2.37106 93.2589 1.72624e-05 13680 0.32201
2.37766 94.0379 1.72621e-05 15816 0.324705
2.38432 93.0059 1.69301e-05 15030 0.32744
2.39081 95.2658 1.72005e-05 15104 0.330124
2.39768 95.67 1.71254e-05 16548 0.332977
2.40438 94.762 1.68214e-05 15360 0.335777
2.41105 95.0971 1.67413e-05 15768 0.338577
2.4176 96.6819 1.68824e-05 14622 0.341343
2.42433 96.1434 1.66488e-05 17568 0.344204
2.43136 96.8624 1.66282e-05 16368 0.347208
2.43802 95.3554 1.62358e-05 15960 0.350068
2.44478 96.3302 1.62662e-05 15732 0.352986
2.45148 97.4123 1.63144e-05 17006 0.355896
2.45825 97.76 1.62376e-05 16680 0.358856
2.46533 99.0526 1.63109e-05 17712 0.361966
2.47205 97.6004 1.59412e-05 15576 0.364931
2.47856 100.452 1.6278e-05 16974 0.367822
2.48564 100.628 1.61675e-05 17436 0.370985
2.49249 99.4386 1.5845e-05 17952 0.374062
2.49953 99.6258 1.57411e-05 17448 0.377238
2.50635 100.758 1.57905e-05 17336 0.380334
2.51347 102.189 1.58791e-05 17958 0.383583
2.52045 99.7887 1.53775e-05 19056 0.386791
2.52756 103.201 1.57695e-05 17304 0.390073
2.53442 103.283 1.56544e-05 18276 0.393255
2.5414 101.572 1.52684e-05 17838 0.396516
2.5483 102.886 1.53406e-05 18984 0.399754
2.55573 103.169 1.52491e-05 19616 0.403259
2.56269 102.733 1.50612e-05 18168 0.406565
2.56979 104.166 1.51453e-05 19320 0.40995
2.57712 104.403 1.50504e-05 19170 0.41347
2.58402 102.569 1.46679e-05 19008 0.416799
2.59124 106.4 1.50889e-05 20472 0.420306
2.5986 105.709 1.4864e-05 19128 0.423894
2.60574 106.465 1.48476e-05 19998 0.4274
2.61294 107.243 1.48328e-05 19808 0.430951
2.62018 107.518 1.47478e-05 20724 0.434543
2.62754 106.861 1.45349e-05 19896 0.438215
2.6346 108.608 1.46541e-05 20304 0.441756
2.64214 109.583 1.46593e-05 21030 0.445562
2.64935 108.297 1.43693e-05 21168 0.449219
2.65671 109.568 1.44175e-05 20736 0.452975
2.66416 108.216 1.41205e-05 21356 0.456795
2.67173 110.15 1.42511e-05 22206 0.460698
2.6791 110.847 1.42232e-05 21360 0.464523
2.68651 111.75 1.42207e-05 21456 0.468389
2.69384 112.261 1.41694e-05 21648 0.472235
2.70134 112.921 1.41345e-05 22326 0.476187
2.70887 112.304 1.39402e-05 22212 0.480181
2.71619 110.044 1.35496e-05 22128 0.484085
2.72367 114.171 1.39423e-05 22640 0.488093
2.73137 112.28 1.35957e-05 23022 0.492248
2.7391 113.381 1.3613e-05 24168 0.496438
2.7466 113.855 1.35583e-05 22416 0.500526
2.75431 114.095 1.34731e-05 23700 0.504754
2.76199 114.94 1.346e-05 24222 0.508989
2.76962 115.999 1.34721e-05 22776 0.513215
2.77711 114.8 1.32252e-05 24296 0.517392
2.78491 116.736 1.33356e-05 24648 0.521763
2.79252 118.227 1.33957e-05 22926 0.526054
2.80016 115.289 1.29563e-05 25476 0.530383
2.80812 116.561 1.29882e-05 25608 0.534916
2.81589 116.641 1.28896e-05 24576 0.539373
2.82378 117.05 1.28268e-05 25134 0.543918
2.83157 118.064 1.28315e-05 25928 0.548429
2.83951 118.699 1.27925e-05 26148 0.553059
2.84746 119.786 1.28019e-05 25632 0.557718
2.85525 120.728 1.27972e-05 25926 0.562306
2.86324 121.587 1.27806e-05 26232 0.567042
2.87111 120.276 1.25392e-05 27216 0.57173
2.87917 121.285 1.25385e-05 26736 0.576558
2.88739 120.999 1.24025e-05 27698 0.581507
2.8953 122.408 1.24443e-05 26640 0.5863
2.90311 124.48 1.2553e-05 26880 0.591058
2.91139 122.249 1.22231e-05 29160 0.596131
2.91957 124.034 1.22977e-05 27318 0.601172
2.92751 126.265 1.24172e-05 27984 0.606091
2.93565 124.617 1.21536e-05 28364 0.611155
2.94365 124.069 1.20017e-05 28464 0.61617
2.95199 121.929 1.1695e-05 28974 0.621421
2.96007 123.557 1.17545e-05 28920 0.626534
2.96818 123.543 1.1657e-05 29640 0.631698
2.97653 126.492 1.18351e-05 28884 0.637045
2.98472 126.831 1.17695e-05 30558 0.642317
2.99318 128.679 1.18399e-05 30776 0.647798
3.00137 126.691 1.15618e-05 29040 0.653128
3.00959 131.274 1.18822e-05 30984 0.658508
3.01806 128.404 1.15248e-05 30930 0.664087
3.02658 129.593 1.15336e-05 32712 0.669723
3.03503 130.742 1.1539e-05 30528 0.675349
3.04327 129.916 1.13731e-05 30326 0.680869
3.05173 130.402 1.1321e-05 33624 0.686558
3.06034 130.581 1.12411e-05 31824 0.692389
3.06872 133.018 1.13573e-05 31860 0.698092
3.07736 132.934 1.12548e-05 33942 0.704007
3.08588 134.443 1.12887e-05 31848 0.709867
3.09426 133.318 1.11034e-05 33624 0.715669
3.10297 136.011 1.12326e-05 33512 0.721726
3.11157 134.844 1.10442e-05 33594 0.727745
3.12023 135.13 1.09757e-05 34944 0.733836
3.12889 135.022 1.0876e-05 33624 0.739968
3.13752 136.507 1.09052e-05 34710 0.746104
3.14616 135.233 1.07148e-05 34704 0.752282
3.15488 134.318 1.05542e-05 35468 0.758558
3.1637 137.107 1.06835e-05 36096 0.764939
3.17266 139.112 1.07481e-05 35958 0.771458
3.18144 137.596 1.05432e-05 36576 0.777878
3.19023 139.033 1.05655e-05 35976 0.784346
3.19904 139.983 1.055e-05 36396 0.790863
3.20798 139.5 1.0426e-05 38030 0.797509
3.21678 138.739 1.02843e-05 35784 0.804089
3.22564 141.065 1.03708e-05 38712 0.810752
3.23477 141.864 1.03415e-05 38310 0.817657
3.24374 139.341 1.00735e-05 37596 0.824478
3.25254 140.583 1.00811e-05 39000 0.831202
3.26171 142.167 1.01089e-05 38552 0.838252
3.2708 144.331 1.01774e-05 40206 0.845284
3.27984 143.86 1.00606e-05 39072 0.852312
3.28909 144.747 1.00375e-05 41340 0.859539
3.2983 144.622 9.945e-06 39342 0.866782
3.30724 146.531 9.99474e-06 40176 0.873852
3.31644 146.209 9.89006e-06 41768 0.88116
3.32563 143.776 9.64507e-06 40206 0.888507
3.33487 147.071 9.78432e-06 42300 0.895935
3.34411 146.958 9.69591e-06 42360 0.903408
3.35331 146.825 9.60766e-06 40488 0.91088
3.3626 149.479 9.7005e-06 44406 0.918472
3.37211 149.572 9.6246e-06 43076 0.926289
3.38132 147.101 9.38846e-06 42600 0.933901
3.39087 149.797 9.48e-06 45486 0.941834
3.40043 149.573 9.38622e-06 43848 0.94982
3.40963 149.625 9.31374e-06 43248 0.95755
3.41901 151.109 9.32885e-06 44988 0.965479
3.42866 152.502 9.33559e-06 46454 0.973672
3.43818 151.238 9.18159e-06 44928 0.981803
3.4478 153.108 9.21744e-06 47256 0.990072
3.45736 153.756 9.17988e-06 45126 0.99833
3.46696 154.369 9.14016e-06 48084 1.00667
3.47654 153.137 8.99246e-06 46320 1.01504
3.48629 154.912 9.02059e-06 47894 1.0236
3.49578 153.57 8.8698e-06 47160 1.03199
3.50539 155.528 8.90921e-06 48228 1.04051
3.51537 156.569 8.89262e-06 50598 1.04943
3.52506 157.207 8.85549e-06 47328 1.05813
3.53475 157.633 8.80663e-06 50696 1.06688
3.54459 156.662 8.67973e-06 49344 1.07581
3.55459 158.498 8.70757e-06 51570 1.08494
3.56441 159.242 8.67629e-06 50832 1.09397
3.5743 158.308 8.554e-06 50424 1.1031
3.58421 161.065 8.63098e-06 52686 1.1123
3.59415 162.762 8.64973e-06 51092 1.12158
3.60407 160.449 8.45665e-06 53376 1.13089
3.61415 163.161 8.52782e-06 52374 1.1404
3.62404 161.933 8.39457e-06 52848 1.14979
3.63411 163.726 8.41711e-06 55488 1.15941
3.64445 163.184 8.31802e-06 54098 1.16933
3.65433 162.232 8.20263e-06 53688 1.17886
3.66443 164.92 8.2698e-06 55296 1.18866
3.67462 163.86 8.14845e-06 56358 1.19861
3.68502 165.582 8.16457e-06 57468 1.20882
3.69525 167.573 8.19434e-06 56000 1.21891
3.70559 165.702 8.03516e-06 57774 1.22917
3.71586 166.378 8.00126e-06 57648 1.23942
3.72609 169.289 8.07439e-06 57480 1.24968
3.73645 168.52 7.97105e-06 58122 1.26013
3.74669 168.663 7.91255e-06 59208 1.27053
3.75716 169.915 7.90483e-06 60032 1.2812
3.76768 170.249 7.85417e-06 60366 1.292
3.77814 171.673 7.85427e-06 60444 1.30279
3.78854 171.033 7.76075e-06 60912 1.31358
3.79912 172.182 7.74778e-06 61422 1.32462
3.80967 171.364 7.64708e-06 63032 1.33568
3.82029 172.278 7.62396e-06 62052 1.34688
3.83093 172.433 7.56742e-06 64038 1.35817
3.84147 174.103 7.578e-06 61632 1.36941
3.85195 172.808 7.46037e-06 64896 1.38065
3.86282 175.315 7.50491e-06 64874 1.39237
3.87338 174.561 7.41168e-06 64200 1.40381
3.88424 175.581 7.39265e-06 68016 1.41566
3.89516 176.177 7.35553e-06 65694 1.42763
3.90592 177.301 7.34143e-06 67212 1.4395
3.91674 178.065 7.31212e-06 67088 1.45149
3.92755 178.79 7.28145e-06 67182 1.46355
3.93842 178.596 7.21352e-06 69768 1.47572
3.94935 181.734 7.27948e-06 67524 1.48805
3.96027 181.876 7.22505e-06 70758 1.50043
3.97123 183.073 7.21255e-06 69488 1.51292
3.98223 180.366 7.04718e-06 71640 1.52552
3.99344 182.266 7.06161e-06 72042 1.53844
4.00456 184.425 7.08588e-06 72960 1.55133
4.01559 182.055 6.93734e-06 70422 1.56419
4.02684 184.64 6.97708e-06 76784 1.57737
4.0381 184.201 6.90238e-06 72348 1.59064
4.04921 185.974 6.91163e-06 74094 1.6038
4.06038 186.624 6.87872e-06 74976 1.61711
4.0716 184.689 6.75126e-06 76200 1.63056
4.08307 188.272 6.82443e-06 77114 1.64437
4.09436 187.017 6.72299e-06 76872 1.65805
4.10573 188.126 6.70684e-06 77784 1.67191
4.1172 188.119 6.65067e-06 78654 1.68596
4.12861 191.02 6.69741e-06 79380 1.70001
4.14006 189.874 6.60217e-06 79256 1.71419
4.15155 191.365 6.59889e-06 80094 1.72851
4.16295 192.186 6.57293e-06 80760 1.74278
4.17466 192.379 6.52428e-06 83034 1.75754
4.18631 192.727 6.4817e-06 82664 1.77229
4.19786 190.454 6.35252e-06 81864 1.787
4.20942 196.779 6.50954e-06 83334 1.80181
4.22115 194.058 6.36619e-06 85980 1.81691
4.23288 194.668 6.33327e-06 84144 1.83209
4.24467 195.979 6.32291e-06 86486 1.84745
4.25637 198.012 6.33598e-06 86016 1.86277
4.26828 199.238 6.322e-06 88290 1.87844
4.28011 197.338 6.2099e-06 87672 1.89411
4.29193 198.903 6.20762e-06 88608 1.90984
4.30383 199.952 6.18873e-06 88682 1.92577
4.31573 201.394 6.1819e-06 91200 1.9418
4.3279 199.172 6.06231e-06 92568 1.95826
4.33994 201.477 6.08152e-06 91014 1.97466
4.35196 203.881 6.10325e-06 92828 1.99111
4.36403 201.595 5.9849e-06 93054 2.00772
4.37602 203.235 5.98412e-06 92568 2.02432
4.38816 203.07 5.92977e-06 96768 2.04121
4.40051 205.519 5.95093e-06 95658 2.05849
4.41265 205.128 5.8907e-06 96368 2.07558
4.42502 206.422 5.87825e-06 98526 2.09309
4.43718 206.105 5.82111e-06 95436 2.11039
4.44945 204.824 5.73721e-06 101472 2.12794
4.46195 208.229 5.78371e-06 98582 2.14593
4.47415 208.397 5.74116e-06 99984 2.16357
4.48658 209.316 5.71867e-06 101298 2.18166
4.49915 209.256 5.66924e-06 104952 2.20005
4.51164 212.311 5.70439e-06 100568 2.21842
4.52414 212.627 5.66566e-06 105942 2.23691
4.5368 212.575 5.61696e-06 104892 2.25574
4.54929 211.65 5.5466e-06 103734 2.27443
4.56181 213.315 5.54433e-06 107160 2.29325
4.57457 213.982 5.51527e-06 108788 2.31255
4.58728 215.28 5.50272e-06 107070 2.33188
4.59999 215.727 5.46859e-06 110760 2.35131
4.6128 215.673 5.42179e-06 109182 2.37102
4.62563 216.571 5.39916e-06 112820 2.39086
4.63846 218.694 5.40699e-06 110280 2.4108
4.65132 217.946 5.34391e-06 114678 2.43091
4.66426 219.004 5.32529e-06 112668 2.45125
4.67718 221.453 5.34033e-06 116030 2.47169
4.69034 220.223 5.2661e-06 118032 2.49261
4.7033 222.115 5.26758e-06 113700 2.51332
4.71623 222.488 5.23313e-06 118566 2.53411
4.7294 223.912 5.22274e-06 119840 2.5554
4.74251 223.577 5.17182e-06 118278 2.5767
4.75558 223.955 5.13797e-06 120852 2.59807
4.76881 225.149 5.12248e-06 122166 2.61981
4.78209 226.725 5.11549e-06 123296 2.64176
4.79535 226.674 5.07201e-06 123300 2.6638
4.8087 227.886 5.05678e-06 126174 2.68611
4.82205 227.94 5.01608e-06 124800 2.70855
4.83537 230.154 5.02307e-06 126774 2.73104
4.8488 229.522 4.96775e-06 128900 2.75387
4.86226 229.735 4.93119e-06 127776 2.77687
4.87577 230.146 4.89905e-06 132246 2.80008
4.8893 231.468 4.88643e-06 129252 2.82345
4.90284 231.507 4.84686e-06 133118 2.84697
4.91643 231.325 4.803e-06 133272 2.87071
4.93013 234.405 4.82648e-06 134970 2.89479
4.94379 235.056 4.79989e-06 136128 2.91891
4.95761 235.364 4.7661e-06 137270 2.94345
4.97145 235.084 4.72077e-06 139620 2.96818
4.98526 235.494 4.68984e-06 138312 2.99297
4.99912 235.733 4.65564e-06 140694 3.01801
5.01292 238.704 4.67548e-06 140888 3.04308
5.02687 239.388 4.64997e-06 143034 3.06855
5.04082 240.017 4.62359e-06 143688 3.09416
5.05472 239.429 4.57431e-06 143510 3.11983
5.06873 240.849 4.56336e-06 147828 3.14586
5.08293 239.755 4.50468e-06 147918 3.17236
5.09703 240.964 4.48996e-06 148992 3.19883
5.11123 244.547 4.51882e-06 150356 3.22565
5.12527 245.619 4.50145e-06 147606 3.25229
5.13948 243.987 4.43454e-06 156624 3.27943
5.15396 244.803 4.41196e-06 153354 3.30723
5.16816 246.63 4.40837e-06 153968 3.33463
5.18246 248.257 4.40082e-06 155862 3.36239
5.19679 247.473 4.35073e-06 157524 3.39035
5.21123 247.779 4.32e-06 159126 3.41871
5.22579 249.521 4.31412e-06 162488 3.44743
5.24033 248.985 4.26912e-06 159570 3.47629
5.25479 251.007 4.26833e-06 164304 3.50516
5.26952 252.518 4.25813e-06 165720 3.5347
5.28409 251.036 4.19821e-06 162866 3.56411
5.29868 253.55 4.20533e-06 169056 3.59372
5.31346 254.573 4.18715e-06 167502 3.62388
5.32816 255.04 4.16024e-06 169964 3.65402
5.34291 256.112 4.1432e-06 170478 3.68446
5.35779 256.462 4.1144e-06 175200 3.71533
5.37276 258.55 4.11331e-06 173130 3.74656
5.38758 258.816 4.08366e-06 175712 3.77764
5.4026 260.543 4.07673e-06 177438 3.80932
5.41755 260.789 4.04687e-06 178092 3.84105
5.43256 261.551 4.02517e-06 179694 3.87305
5.44764 260.747 3.97954e-06 182504 3.9054
5.4628 262.098 3.96696e-06 182394 3.93809
5.47789 263.272 3.95188e-06 184464 3.97083
5.49311 262.337 3.9052e-06 186398 4.00402
5.50841 264.698 3.90761e-06 188844 4.03756
5.52365 264.745 3.87604e-06 187230 4.07118
5.53901 266.659 3.87168e-06 193776 4.10522
5.55452 267.889 3.85705e-06 192218 4.1398
5.56983 267.973 3.82653e-06 192408 4.17414
5.58522 267.917 3.79419e-06 195510 4.20884
5.60076 271.745 3.81646e-06 198404 4.24405
5.6164 270.425 3.76627e-06 200310 4.27971
5.63203 272.304 3.76096e-06 201216 4.31554
5.64768 272.376 3.73077e-06 201618 4.35162
5.66335 274.05 3.72263e-06 204680 4.38794
5.67898 274.675 3.70039e-06 202770 4.42437
5.69478 274.91 3.67281e-06 211800 4.46141
5.71065 275.036 3.64395e-06 205718 4.4988
5.72637 277.178 3.64217e-06 211452 4.53606
5.74229 279.694 3.64474e-06 213150 4.574
5.75836 278.365 3.59715e-06 217512 4.6125
5.77442 279.669 3.58392e-06 214754 4.65121
5.79027 281.217 3.57425e-06 215424 4.6896
5.80643 280.927 3.54084e-06 224574 4.72899
5.82259 282.478 3.53082e-06 218588 4.76858
5.83867 283.592 3.51554e-06 223902 4.8082
5.85483 285.521 3.51021e-06 224952 4.84824
5.87119 286.075 3.48771e-06 230258 4.88899
5.88752 286.467 3.46352e-06 227544 4.92989
5.90382 288.134 3.4549e-06 231018 4.97095
5.92021 288.383 3.42923e-06 234504 5.01248
5.93666 290.468 3.4254e-06 233102 5.05438
5.95305 289.723 3.38848e-06 236892 5.09635
5.96958 292.154 3.38859e-06 238830 5.13893
5.98612 291.96 3.35836e-06 241232 5.18175
6.00281 293.956 3.35319e-06 243906 5.22522
6.01948 294.502 3.33159e-06 244704 5.26888
6.03618 295.477 3.31495e-06 246698 5.31285
6.05287 297.545 3.31061e-06 248664 5.35704
6.06975 298.88 3.29779e-06 253494 5.40199
6.08663 300.35 3.28652e-06 251522 5.44718
6.10345 300.577 3.26189e-06 255336 5.49246
6.12039 302.398 3.25447e-06 257694 5.53833
6.13742 303.699 3.24135e-06 260988 5.58467
6.15452 304.773 3.22577e-06 261638 5.63148
6.17151 304.334 3.1946e-06 262356 5.67825
6.18861 304.615 3.17111e-06 266478 5.72559
6.20588 308.34 3.18316e-06 272048 5.77366
6.22322 307.083 3.14376e-06 269850 5.82219
6.24044 310.545 3.15297e-06 272544 5.87064
6.25776 310.995 3.13138e-06 275546 5.91967
6.27506 310.791 3.10352e-06 275334 5.96889
6.29257 310.739 3.07717e-06 285024 6.019
6.3102 313.874 3.08223e-06 282242 6.06974
6.32759 314.081 3.05891e-06 280800 6.12005
6.34509 315.877 3.05101e-06 288330 6.17097
6.36273 314.722 3.01464e-06 290024 6.2226
6.38041 319.179 3.03199e-06 290598 6.27461
6.39805 318.398 2.99962e-06 293748 6.3268
6.4159 320.971 2.9987e-06 299582 6.37989
6.43369 321.357 2.97747e-06 295914 6.4331
6.45145 322.737 2.96562e-06 302352 6.48653
6.46945 324.062 2.95302e-06 305342 6.54098
6.48737 324.32 2.93094e-06 305532 6.59549
6.50541 328.155 2.94099e-06 310806 6.65067
6.52346 328.446 2.91924e-06 310436 6.70617
6.54163 329.532 2.90455e-06 318006 6.76236
6.55978 330.374 2.88786e-06 312846 6.81881
6.57792 330.883 2.86846e-06 322508 6.87553
6.59626 333.222 2.8647e-06 321318 6.9332
6.61457 335.097 2.85697e-06 327204 6.9911
6.63294 337.065 2.84994e-06 325766 7.04949
6.65129 338.192 2.83586e-06 330246 7.10817
6.6698 338.576 2.81551e-06 335868 7.16768
6.68842 340.451 2.80752e-06 336710 7.22788
6.70692 341.238 2.79079e-06 336636 7.28801
6.72554 342.096 2.77463e-06 343542 7.34891
6.74416 344.349 2.76984e-06 342092 7.41011
6.76288 346.113 2.76097e-06 349446 7.47197
6.78171 346.011 2.73723e-06 350118 7.53457
6.80049 347.455 2.72595e-06 352628 7.59732
6.81946 350.031 2.72331e-06 359334 7.66107
6.83836 351.296 2.71055e-06 356364 7.72497
6.8573 353.265 2.70321e-06 362990 7.78933
6.87632 352.016 2.67137e-06 364062 7.85434
6.8954 356.457 2.68267e-06 369756 7.91989
6.91452 356.321 2.65946e-06 368726 7.98596
6.93369 358.2 2.65138e-06 375786 8.05255
6.95298 361.336 2.6524e-06 378600 8.11995
6.97229 361.102 2.62872e-06 379394 8.18777
6.99165 363.251 2.62245e-06 386568 8.25619
7.01113 364.094 2.60668e-06 386906 8.3254
7.03054 365.152 2.59267e-06 388950 8.39474
7.05003 368.887 2.59752e-06 394512 8.46475
7.06964 369.352 2.57922e-06 396818 8.53557
7.08927 372.254 2.57795e-06 401112 8.60686
7.109 372.728 2.5598e-06 404850 8.67894
7.12874 373.419 2.5433e-06 405566 8.75143
7.14845 376.433 2.54268e-06 409308 8.82422
7.16828 379.931 2.54507e-06 413766 8.89785
7.18818 380.574 2.52827e-06 417050 8.97215
7.2082 382.288 2.51854e-06 425232 9.04735
7.22829 384.624 2.51287e-06 421862 9.12321
7.24825 385.776 2.49962e-06 426402 9.199
7.26841 388.05 2.4935e-06 434688 9.27596
7.28872 389.974 2.48498e-06 436634 9.35391
7.30888 390.539 2.46803e-06 434784 9.43177
7.32907 394.576 2.473e-06 441018 9.51013
7.34941 397.479 2.47057e-06 447350 9.58953
7.36984 398.574 2.45683e-06 449868 9.66974
7.3903 399.228 2.44047e-06 453206 9.75049
7.4108 402.859 2.44229e-06 456570 9.83185
7.4314 404.863 2.43409e-06 463824 9.91407
7.45208 406.751 2.42514e-06 463718 9.99706
7.47272 409.447 2.42104e-06 468186 10.0804
7.49346 412.621 2.4196e-06 473448 10.1645
7.51434 415.717 2.41749e-06 479354 10.2497
7.5352 415.986 2.39902e-06 477702 10.3353
7.55605 421.128 2.40863e-06 485204 10.4214
7.5771 423.626 2.40277e-06 491454 10.5087
7.59817 426.332 2.39807e-06 491226 10.5966
7.61922 429.787 2.39751e-06 497648 10.685
7.64048 431.429 2.38664e-06 504930 10.7746
7.66167 433.904 2.38047e-06 500358 10.8645
7.6828 436.784 2.37655e-06 508652 10.9547
7.70418 439.494 2.37145e-06 516390 11.0464
7.72557 444.444 2.37829e-06 515642 11.1386
7.74695 446.882 2.37159e-06 521880 11.2314
7.76853 450.453 2.37068e-06 530850 11.3255
7.79012 452.859 2.36358e-06 527054 11.4202
7.8116 457.209 2.36665e-06 534156 11.5149
7.83338 460.79 2.36535e-06 545150 11.6115
7.85521 462.582 2.35481e-06 543474 11.7088
7.87691 467.274 2.35908e-06 545310 11.8062
7.89874 470.894 2.35771e-06 555788 11.9046
7.92074 476.088 2.3639e-06 559542 12.0043
7.94278 479.042 2.35883e-06 564146 12.1048
7.96481 482.662 2.35699e-06 566520 12.2058
7.98694 488.391 2.36519e-06 573594 12.3078
8.00914 489.407 2.35046e-06 577718 12.4108
8.03133 494.936 2.35737e-06 579300 12.5142
8.05362 497.713 2.35097e-06 586235 12.6187
8.07603 501.613 2.34971e-06 585156 12.7243
8.09843 503.84 2.34061e-06 582704 12.8305
8.12088 505.268 2.32784e-06 584544 12.9375
8.14345 507.418 2.31836e-06 585204 13.0456
8.16605 510.079 2.31122e-06 582812 13.1546
8.18871 512.478 2.30286e-06 584472 13.2644
8.21146 515.439 2.29697e-06 584132 13.3753
8.23424 518.956 2.2935e-06 582540 13.4869
8.25707 518.013 2.2704e-06 582096 13.5993
8.28004 521.967 2.26874e-06 586412 13.7132
8.30307 524.099 2.25911e-06 581640 13.8279
8.32613 526.501 2.25066e-06 583304 13.9434
8.34929 526.39 2.23151e-06 583536 14.0601
8.37244 530.324 2.22959e-06 578204 14.1774
8.39565 534.598 2.22897e-06 582180 14.2956
8.41901 536.441 2.21809e-06 582144 14.4153
8.44239 538.048 2.2063e-06 578780 14.5357
8.46576 542.169 2.20484e-06 577524 14.6568
8.48924 544.046 2.19417e-06 579584 14.779
8.51287 544.978 2.17967e-06 580752 14.9028
8.53655 548.083 2.1739e-06 576896 15.0275
8.5602 551.518 2.16944e-06 575412 15.1527
8.58391 554.202 2.16198e-06 575676 15.2791
8.60777 558.873 2.16213e-06 576392 15.4068
8.63167 557.289 2.13814e-06 574368 15.5355
8.6556 561.07 2.13484e-06 572624 15.6651
8.67964 564.748 2.13103e-06 574056 15.7959
8.70378 568.132 2.12601e-06 572864 15.9281
8.72791 570.834 2.11845e-06 568992 16.0609
8.75214 573.261 2.10984e-06 572024 16.1951
8.77648 574.585 2.09716e-06 569052 16.3306
8.80086 581.088 2.10333e-06 568236 16.467
8.82523 578.873 2.078e-06 563612 16.6042
8.84969 587.071 2.09e-06 567216 16.7427
8.8743 589.097 2.07981e-06 564740 16.8828
8.89896 589.827 2.06512e-06 563940 17.0239
8.92369 594.434 2.06401e-06 562172 17.1662
8.9485 597.678 2.05805e-06 561948 17.3097
8.97339 601.306 2.05336e-06 560084 17.4546
8.9983 604.247 2.04632e-06 556764 17.6004
9.02321 607.96 2.04189e-06 553976 17.7469
9.04824 610.24 2.03258e-06 556344 17.895
9.07338 616.998 2.03805e-06 552420 18.0446
9.09857 616.597 2.01986e-06 552200 18.1953
9.12381 622.647 2.0228e-06 548880 18.3472
9.14913 623.783 2.00971e-06 548696 18.5003
9.17454 627.322 2.00437e-06 546948 18.6549
9.20009 631.654 2.00144e-06 547364 18.8112
9.22565 635.183 1.99594e-06 540792 18.9684
9.2512 638.577 1.99003e-06 540320 19.1264
9.27686 640.382 1.97913e-06 538668 19.2861
9.30261 643.894 1.97351e-06 537260 19.4471
9.32845 648.162 1.97013e-06 534912 19.6096
9.35439 654.373 1.9725e-06 534812 19.7737
9.38034 656.75 1.96329e-06 527424 19.9386
9.40633 660.943 1.95949e-06 528968 20.1048
9.43243 666.2 1.95873e-06 525312 20.2727
9.45865 667.403 1.94599e-06 525968 20.4422
9.48493 671.101 1.94055e-06 520272 20.6131
9.51128 677.58 1.94305e-06 520256 20.7853
9.53767 681.944 1.93937e-06 514536 20.9589
9.56415 684.072 1.92931e-06 515732 21.1339
9.59074 690.476 1.93122e-06 510624 21.3106
9.61731 694.703 1.92698e-06 507288 21.4883
9.64399 699.901 1.92533e-06 505904 21.6676
9.67076 700.899 1.91211e-06 502608 21.8485
9.69767 711.65 1.92532e-06 502280 22.0314
9.72462 715.926 1.92083e-06 496404 22.2156
9.75161 720.133 1.91613e-06 494156 22.4011
9.77867 723.61 1.90944e-06 490572 22.5881
9.80581 728.252 1.90577e-06 487856 22.7767
9.83305 735.163 1.90791e-06 485592 22.9671
9.86033 740.812 1.90666e-06 479840 23.1587
9.88774 745.357 1.90245e-06 480792 23.3524
9.91523 751.9 1.90323e-06 473276 23.5477
9.94267 762.889 1.9151e-06 469716 23.7438
9.97028 765.151 1.90486e-06 469388 23.9421
9.99798 770.592 1.90251e-06 463164 24.1422
10.0257 775.029 1.89762e-06 460964 24.3438
10.0536 785.925 1.90835e-06 456404 24.5473
10.0815 793.163 1.90997e-06 453096 24.7523
10.1095 798.985 1.90806e-06 447944 24.9589
10.1375 805.276 1.90717e-06 445104 25.1672
10.1657 814.117 1.91213e-06 440876 25.3776
10.1939 821.398 1.91323e-06 438372 25.5898
10.2223 825.811 1.90756e-06 431156 25.8038
10.2506 833.49 1.90939e-06 426816 26.0187
10.279 840.783 1.91017e-06 424208 26.2357
10.3076 849.513 1.91399e-06 420060 26.4551
10.3362 860.424 1.92251e-06 414500 26.6762
10.3649 868.288 1.92403e-06 409044 26.8987
10.3936 879.051 1.93177e-06 406184 27.1231
10.4225 883.717 1.92589e-06 401808 27.3503
10.4515 895.233 1.93483e-06 394448 27.5787
10.4804 901.139 1.9315e-06 390564 27.8085
10.5095 913.701 1.94219e-06 386420 28.0409
10.5387 923.495 1.94675e-06 380148 28.2752
10.568 932.383 1.94922e-06 375116 28.5111
10.5973 945.281 1.95981e-06 371108 28.7494
10.6268 951.441 1.95623e-06 363588 28.9896
10.6563 963.631 1.96487e-06 360704 29.2318
10.6859 968.467 1.95837e-06 352920 29.4761
10.7155 981.615 1.96852e-06 347888 29.7223
10.7453 998.382 1.98555e-06 342564 29.9707
10.7751 1004.99 1.98214e-06 336104 30.221
10.805 1017.78 1.99074e-06 329616 30.4733
10.835 1028.19 1.99446e-06 324044 30.7274
10.865 1042.98 2.00642e-06 317940 30.9838
10.8952 1049.46 2.00215e-06 311516 31.2428
10.9255 1068.19 2.02098e-06 306920 31.5041
10.9559 1076.72 2.02022e-06 297936 31.7675
10.9864 1091.58 2.0311e-06 293684 32.0334
11.0169 1098.12 2.02635e-06 284568 32.3008
11.0473 1108.08 2.02789e-06 276704 32.5693
11.078 1130.65 2.05201e-06 274896 32.8418
11.1089 1131.57 2.03663e-06 263228 33.1168
11.1396 1157.53 2.06615e-06 257720 33.3927
11.1706 1159.74 2.05293e-06 250968 33.6716
11.2016 1161.2 2.0385e-06 242276 33.9529
11.2326 1176.47 2.04822e-06 236220 34.2362
11.2638 1183.49 2.04337e-06 227624 34.5222
11.2952 1193.52 2.04359e-06 221304 34.811
11.3265 1202.95 2.04265e-06 212204 35.1021
11.3579 1194.21 2.01109e-06 203168 35.394
11.3893 1207.21 2.01617e-06 197955 35.6892
11.4211 1212.03 2.00738e-06 190268 35.9884
11.4529 1211.81 1.99036e-06 184188 36.2897
11.4846 1229.24 2.00229e-06 176492 36.5924
11.5165 1237.34 1.99881e-06 172200 36.8977
11.5486 1243.67 1.99233e-06 166544 37.207
11.5807 1262.76 2.00613e-06 160160 37.518
11.6127 1266.49 1.99544e-06 155010 37.8307
11.6449 1280.85 2.00138e-06 149948 38.1461
11.6773 1292.18 2.00234e-06 145458 38.4648
11.7097 1303.86 2.00369e-06 140444 38.7866
11.7423 1310.12 1.99663e-06 135596 39.1106
11.7747 1316.12 1.98921e-06 130308 39.4362
11.8074 1341.23 2.0104e-06 126860 39.7648
11.8402 1354.45 2.01336e-06 122748 40.098
11.8732 1375.18 2.02719e-06 118076 40.4338
11.9062 1394.84 2.03914e-06 113774 40.7716
11.9391 1400.05 2.02984e-06 109236 41.1112
11.9722 1417.14 2.03767e-06 105638 41.4534
12.0054 1445.89 2.06178e-06 102174 41.7998
12.0389 1463.07 2.06892e-06 98708 42.1505
12.0724 1471.58 2.06367e-06 94310 42.5035
12.1059 1498.82 2.08449e-06 90414 42.8577
12.1394 1501.12 2.07042e-06 87398 43.2153
12.1731 1538.6 2.10456e-06 83462 43.5758
12.2067 1555.69 2.1104e-06 79902 43.9379
12.2406 1579.04 2.12432e-06 77558 44.3049
12.2748 1609.84 2.14773e-06 74094 44.6769
12.309 1643.78 2.17477e-06 71006 45.0516
12.3433 1660.07 2.17809e-06 67574 45.4289
12.3775 1671.75 2.17527e-06 64368 45.8078
12.4118 1713.37 2.211e-06 61502 46.1894
12.446 1731.17 2.21557e-06 58214 46.573
12.4804 1780.93 2.26049e-06 55872 46.9597
12.515 1796.15 2.26093e-06 53270 47.3516
12.5498 1826.44 2.27999e-06 50742 47.7479
12.5848 1850.31 2.2906e-06 48032 48.1477
12.6198 1881.36 2.30969e-06 45638 48.551
12.6549 1945.85 2.36902e-06 43008 48.9576
12.6901 1975.59 2.38528e-06 40694 49.3673
12.7255 2014.53 2.41207e-06 38408 49.781
12.7609 2073.85 2.4625e-06 35958 50.1975
12.7963 2093.55 2.46527e-06 33920 50.6172
12.8319 2152.98 2.51423e-06 31622 51.0405
12.8675 2153.33 2.49382e-06 29640 51.4665
12.9033 2276.42 2.61452e-06 27662 51.8966
12.939 2289.58 2.60791e-06 25568 52.3291
12.9748 2402.55 2.71397e-06 23904 52.7651
13.0109 2449.02 2.74352e-06 22118 53.2064
13.0469 2463.6 2.73708e-06 20168 53.6491
13.083 2526.33 2.78359e-06 18816 54.096
13.1194 2607.69 2.84938e-06 17126 54.5488
13.1559 2705.18 2.93138e-06 15680 55.0052
13.1925 2838.47 3.05027e-06 14184 55.4658
13.2293 2823.15 3.0086e-06 12854 55.9307
13.2663 2924.35 3.09042e-06 11600 56.4017
13.3038 3000.91 3.14463e-06 10428 56.8805
13.3412 3065.34 3.18518e-06 9032 57.362
13.3781 3155.56 3.25184e-06 7838 57.8399
13.4149 3388.94 3.46368e-06 6816 58.3184
13.4517 3370.03 3.4162e-06 5840 58.7992
13.4884 3557.53 3.57694e-06 4952 59.2812
13.5246 3735.9 3.72619e-06 4062 59.7599
13.5603 3864.76 3.82433e-06 3368 60.2348
13.596 3988.64 3.91587e-06 2744 60.7124
13.6318 4174.05 4.0657e-06 2184 61.1931
13.6739 4388.52 4.23527e-06 2192 61.7614
13.7179 4481.56 4.28356e-06 1238 62.3597
13.7573 4376.26 4.1471e-06 728 62.8983
13.7931 4291.9 4.03554e-06 456 63.391
13.8288 5020.56 4.68421e-06 248 63.8846
13.8642 5229.25 4.84171e-06 104 64.3755
13.8983 7777.51 7.14822e-06 24 64.852
13.93 4033.48 3.68186e-06 1 65.2968
1
1398
200
512
1
0.502655 12.5976 0.000244747 6 0.00306796
0.710861 10.1933 7.00166e-05 12 0.00867751
0.870624 22.2731 8.32777e-05 8 0.0159416
1.00531 3.85304 9.35716e-06 6 0.0245437
1.12397 18.9211 3.28792e-05 24 0.0343009
1.23125 35.4326 4.68389e-05 24 0.0450896
1.42172 17.7896 1.52743e-05 12 0.06942
1.50796 50.4465 3.62992e-05 30 0.082835
1.58953 50.6516 3.11188e-05 24 0.0970175
1.66712 40.1234 2.13668e-05 24 0.111928
1.74125 22.9796 1.07399e-05 8 0.127533
1.81235 55.6646 2.30725e-05 24 0.143802
1.88076 82.8518 3.07284e-05 48 0.16071
2.01062 68.0881 2.06691e-05 6 0.19635
2.0725 79.718 2.2096e-05 48 0.215042
2.13258 71.0168 1.80669e-05 36 0.234293
2.19102 102.12 2.39559e-05 24 0.254086
2.24794 60.1973 1.30756e-05 24 0.274407
2.30345 99.3917 2.00656e-05 48 0.295242
2.35766 70.5821 1.3289e-05 24 0.31658
2.4625 119.584 1.976e-05 24 0.360717
2.51327 85.1193 1.32296e-05 30 0.383495
2.56305 77.4371 1.1348e-05 72 0.406733
2.61187 72.8436 1.00873e-05 32 0.430423
2.70688 108.835 1.35395e-05 72 0.479123
2.75315 106.044 1.25381e-05 48 0.504118
2.84345 48.7254 5.22951e-06 12 0.55536
2.88753 150.774 1.5452e-05 48 0.581595
2.93096 110.156 1.07949e-05 48 0.608231
2.97375 112.511 1.05566e-05 48 0.635261
3.01593 176.604 1.58846e-05 30 0.66268
3.05753 87.2284 7.52983e-06 24 0.690482
3.09857 159.923 1.32637e-05 72 0.718663
3.17907 154.486 1.18639e-05 24 0.77614
3.21856 187.422 1.38699e-05 96 0.805426
3.25758 129.252 9.22559e-06 48 0.835072
3.29613 147.035 1.01309e-05 24 0.865073
3.33423 95.2333 6.33928e-06 24 0.895424
3.37191 216.722 1.39481e-05 72 0.926123
3.40917 110.951 6.90914e-06 48 0.957165
3.48249 202.256 1.1816e-05 8 1.02026
3.51858 153.382 8.6878e-06 54 1.05231
3.55431 113.489 6.23631e-06 84 1.08469
3.58967 146.515 7.81549e-06 48 1.11739
3.6247 181.897 9.42435e-06 24 1.15042
3.65938 143.864 7.24383e-06 72 1.18376
3.69374 182.835 8.95159e-06 96 1.21742
3.76152 121.769 5.64526e-06 48 1.28568
3.79496 169.566 7.65518e-06 48 1.32027
3.82811 207.751 9.13756e-06 24 1.35516
3.86096 142.388 6.10414e-06 72 1.39036
3.92586 163.501 6.6674e-06 72 1.46165
3.95791 174.932 6.96163e-06 96 1.49774
4.02124 403.873 1.53252e-05 6 1.5708
4.05253 188.82 7.00016e-06 96 1.60776
4.08359 179.393 6.5001e-06 96 1.645
4.11441 162.634 5.7614e-06 24 1.68253
4.145 214.584 7.43472e-06 48 1.72034
4.17536 199.171 6.75124e-06 96 1.75842
4.20551 193.562 6.421e-06 48 1.79679
4.26517 233.209 7.41611e-06 36 1.87434
4.29468 176.74 5.50529e-06 48 1.91353
4.324 222.189 6.78117e-06 120 1.95298
4.35312 254.729 7.61932e-06 56 1.9927
4.38204 237.056 6.95123e-06 24 2.03269
4.41078 192.809 5.54397e-06 96 2.07294
4.43933 339.078 9.56285e-06 48 2.11345
4.49588 244.624 6.64194e-06 24 2.19525
4.52389 249.899 6.6599e-06 102 2.23654
4.55173 223.344 5.84366e-06 48 2.27809
4.5794 207.077 5.32041e-06 72 2.31989
4.60691 178.985 4.51676e-06 48 2.36194
4.63425 153.426 3.80366e-06 48 2.40424
4.66143 186.41 4.54099e-06 120 2.4468
4.71532 160.034 3.76632e-06 24 2.53264
4.74204 198.509 4.59331e-06 144 2.57594
4.7686 248.552 5.65567e-06 120 2.61947
4.79502 239.752 5.36574e-06 48 2.66325
4.84743 229.651 4.97479e-06 48 2.75153
4.87342 261.916 5.58341e-06 96 2.79603
4.92499 400.168 8.26544e-06 24 2.88574
4.95058 229.09 4.65884e-06 48 2.93094
4.97603 258.433 5.17535e-06 108 2.97638
5.00135 171.446 3.38147e-06 72 3.02206
5.02655 312.412 6.06957e-06 30 3.06796
5.05162 234.683 4.49189e-06 168 3.1141
5.07656 209.824 3.95717e-06 48 3.16046
5.12609 208.884 3.82635e-06 72 3.25387
5.15068 186.099 3.36039e-06 96 3.30091
5.17515 313.574 5.58229e-06 72 3.34818
5.1995 267.945 4.70327e-06 72 3.39567
5.22374 203.64 3.52498e-06 32 3.44338
5.24787 262.757 4.48585e-06 72 3.49132
5.27189 270.992 4.5635e-06 144 3.53948
5.34329 228.094 3.68916e-06 96 3.68526
5.36688 245.749 3.92251e-06 96 3.73428
5.39037 311.077 4.90062e-06 48 3.78353
5.41376 276.195 4.29496e-06 72 3.83298
5.43704 254.685 3.9098e-06 120 3.88265
5.46023 242.813 3.68026e-06 72 3.93254
5.50631 180.307 2.66484e-06 48 4.03294
5.5292 264.006 3.85359e-06 78 4.08346
5.552 254.326 3.66675e-06 120 4.13418
5.57471 281.784 4.01318e-06 48 4.18512
5.61985 232.831 3.23673e-06 144 4.28761
5.64229 230.903 3.17179e-06 144 4.33916
5.68689 328.368 4.4053e-06 12 4.44288
5.70906 263.896 3.49927e-06 144 4.49505
5.73115 337.175 4.41947e-06 48 4.54742
5.75315 311.463 4.0358e-06 120 4.59999
5.77506 163.24 2.0912e-06 48 4.65276
5.7969 190.807 2.41683e-06 48 4.70573
5.81865 241.765 3.02808e-06 168 4.75891
5.86191 287.444 3.52108e-06 48 4.86585
5.88342 327.187 3.96411e-06 96 4.91961
5.90486 216.004 2.58865e-06 96 4.97357
5.92621 241.018 2.85731e-06 72 5.02773
5.94749 312.078 3.66017e-06 48 5.08209
5.9687 381.894 4.43143e-06 96 5.13663
5.98982 420.321 4.8259e-06 48 5.19138
6.03186 296.731 3.33618e-06 30 5.30144
6.05277 263.22 2.92885e-06 96 5.35676
6.0736 329.956 3.63377e-06 192 5.41227
6.09437 437.652 4.77071e-06 56 5.46797
6.11506 491.412 5.30253e-06 24 5.52386
6.13568 340.094 3.63287e-06 168 5.57994
6.15624 297.628 3.14751e-06 120 5.63621
6.19714 335.737 3.48068e-06 72 5.7493
6.2175 292.749 3.00531e-06 144 5.80613
6.23778 326.104 3.31517e-06 96 5.86315
6.258 425.679 4.28563e-06 96 5.92035
6.29825 357.63 3.53195e-06 72 6.03531
6.31827 245.015 2.39683e-06 96 6.09306
6.35814 256.689 2.46409e-06 24 6.20912
6.37797 296.246 2.81737e-06 192 6.26742
6.39775 236.969 2.2328e-06 108 6.3259
6.41747 198.78 1.85576e-06 24 6.38457
6.43712 269.237 2.49057e-06 96 6.44341
6.45672 317.835 2.91344e-06 96 6.50243
6.47625 337.176 3.06284e-06 120 6.56163
6.51515 300.467 2.68079e-06 48 6.68057
6.53451 284.442 2.51532e-06 78 6.74031
6.55382 311.613 2.73132e-06 144 6.80023
6.57306 317.353 2.75726e-06 120 6.86032
6.59226 329.111 2.83453e-06 24 6.92058
6.61139 319.041 2.72401e-06 168 6.98102
6.63047 293.853 2.48735e-06 144 7.04164
6.66847 278.024 2.31336e-06 24 7.1634
6.68739 415.94 3.43163e-06 48 7.22453
6.70625 349.028 2.85536e-06 96 7.28584
6.72506 251.397 2.03944e-06 120 7.34733
6.74382 404.033 3.25041e-06 72 7.40898
6.76253 324.286 2.58727e-06 120 7.47081
6.78118 297.5 2.35402e-06 144 7.53281
6.81834 311.274 2.42296e-06 48 7.65732
6.83684 310.082 2.39413e-06 192 7.71983
6.8553 343.177 2.62833e-06 144 7.7825
6.8737 277.631 2.10929e-06 48 7.84535
6.91036 332.959 2.48959e-06 192 7.97155
6.92862 413.807 3.06971e-06 48 8.0349
6.96499 520.141 3.79839e-06 8 8.1621
6.99816 350.446 2.52296e-06 288 8.27926
7.01919 352.801 2.51714e-06 96 8.35414
7.03717 303.254 2.1471e-06 54 8.41849
7.0551 401.028 2.81777e-06 120 8.483
7.07298 337.863 2.35599e-06 120 8.54767
7.10861 275.928 1.89531e-06 84 8.67751
7.12636 351.22 2.3945e-06 144 8.74267
7.14407 314.819 2.13041e-06 72 8.80799
7.16173 330.024 2.21683e-06 96 8.87348
7.19106 341.685 2.26718e-06 144 8.98295
7.21445 341.48 2.24385e-06 240 9.07091
7.24939 329.016 2.13085e-06 24 9.20333
7.2668 428.981 2.75835e-06 240 9.26978
7.28416 428.927 2.73832e-06 96 9.33639
7.31012 404.369 2.55414e-06 144 9.43656
7.33601 369.195 2.30737e-06 96 9.53717
7.35321 234.024 1.45234e-06 72 9.60441
7.38749 366.145 2.2408e-06 96 9.73936
7.40457 395.779 2.40544e-06 96 9.80708
7.42916 333.219 2.00516e-06 216 9.90512
7.4725 394.672 2.33388e-06 192 10.0795
7.48939 388.282 2.28059e-06 144 10.148
7.52305 274.198 1.589e-06 48 10.2854
7.53982 475.802 2.73894e-06 150 10.3544
7.55656 311.479 1.78113e-06 96 10.4235
7.57326 307.381 1.7461e-06 120 10.4927
7.60179 336.925 1.89245e-06 168 10.6118
7.62314 363.764 2.02609e-06 240 10.7014
7.65621 263.59 1.4492e-06 24 10.8413
7.68256 408.454 2.22262e-06 360 10.9536
7.70555 274.723 1.48157e-06 48 11.0523
7.72193 328.469 1.76018e-06 72 11.1229
7.74479 345.527 1.83524e-06 240 11.222
7.81103 376.07 1.94708e-06 276 11.5124
7.83561 393.129 2.01631e-06 104 11.6214
7.85172 337.207 1.71887e-06 72 11.6932
7.87519 354.012 1.78844e-06 312 11.7984
7.91582 432.399 2.15098e-06 96 11.9819
7.93971 401.166 1.97765e-06 288 12.0908
7.96355 405.618 1.9817e-06 168 12.2
7.99521 298.003 1.4387e-06 48 12.3461
8.011 405.006 1.94375e-06 192 12.4194
8.05769 357.095 1.68419e-06 198 12.6378
8.07383 361.449 1.69452e-06 96 12.7139
8.09726 393.311 1.82794e-06 192 12.8249
8.12064 417.162 1.92209e-06 216 12.9363
8.13618 399.537 1.83036e-06 72 13.0107
8.16717 327.987 1.48553e-06 96 13.16
8.19364 382.369 1.71511e-06 336 13.2884
8.21345 457.398 2.03684e-06 48 13.385
8.24287 441.457 1.94488e-06 288 13.5293
8.25946 400.05 1.75186e-06 192 13.6112
8.29 319.49 1.38368e-06 48 13.7627
8.30522 336.874 1.45096e-06 96 13.8387
8.32731 427.644 1.82729e-06 264 13.9494
8.35073 436.366 1.84892e-06 96 14.0674
8.3764 440.512 1.84938e-06 240 14.1975
8.42353 441.277 1.82167e-06 288 14.4385
8.44101 493.371 2.02409e-06 96 14.5286
8.45596 349.248 1.42523e-06 72 14.6059
8.49216 405.188 1.63245e-06 336 14.7943
8.54127 477.03 1.88894e-06 138 15.0525
8.5599 402.065 1.58172e-06 240 15.1512
8.57955 411.953 1.60951e-06 144 15.2558
8.61048 418.206 1.6164e-06 384 15.4214
8.65698 402.5 1.53076e-06 312 15.6725
8.67717 502.377 1.8973e-06 72 15.7824
8.69499 473.408 1.77692e-06 248 15.8799
8.72942 546.443 2.02688e-06 240 16.0693
8.76409 452.908 1.66008e-06 24 16.2615
8.77849 448.351 1.63531e-06 192 16.3418
8.79618 495.25 1.79549e-06 312 16.4408
8.83014 477.56 1.71145e-06 240 16.6319
8.85015 342.981 1.22084e-06 96 16.7453
8.87865 447.61 1.57797e-06 48 16.9076
8.90372 426.492 1.49085e-06 408 17.0512
8.92124 488.045 1.69599e-06 144 17.152
8.94951 395.045 1.35984e-06 120 17.3157
8.96362 468.764 1.60599e-06 144 17.3977
9.00452 440.956 1.49023e-06 264 17.6369
9.02681 389.528 1.3067e-06 192 17.7682
9.04779 366.885 1.2222e-06 102 17.8924
9.07025 428.729 1.41764e-06 432 18.0259
9.10347 478.104 1.56366e-06 48 18.2247
9.12079 418.815 1.36196e-06 384 18.329
9.1519 453.607 1.46011e-06 144 18.5172
9.18009 414.32 1.3214e-06 264 18.6888
9.22295 399.177 1.25544e-06 144 18.9518
9.24727 443.774 1.38472e-06 324 19.1021
9.28041 472.063 1.45726e-06 384 19.3082
9.29572 437.283 1.34324e-06 216 19.4039
9.32887 381.903 1.16066e-06 216 19.6123
9.35667 369.509 1.11302e-06 240 19.7881
9.39037 433.669 1.29226e-06 168 20.0027
9.40381 475.665 1.41133e-06 240 20.0887
9.44254 485.529 1.42295e-06 216 20.3379
9.46184 445.611 1.29798e-06 288 20.4629
9.48939 456.346 1.31771e-06 240 20.6422
9.51068 497.392 1.42661e-06 72 20.7814
9.54398 526.446 1.49419e-06 246 21.0005
9.56795 424.208 1.19498e-06 320 21.1591
9.60101 448.087 1.24926e-06 288 21.3792
9.61635 523.154 1.45157e-06 144 21.4818
9.65568 439.1 1.20352e-06 288 21.7465
9.67622 467.611 1.27353e-06 336 21.8855
9.70415 512.164 1.38285e-06 168 22.0756
9.72088 471.257 1.26585e-06 336 22.19
9.75547 494.544 1.31432e-06 288 22.4277
9.77625 484.577 1.27963e-06 264 22.5713
9.81143 462.629 1.20858e-06 240 22.8159
9.8243 380.712 9.90676e-07 96 22.9058
9.86024 461.891 1.18882e-06 120 23.1581
9.88236 462.438 1.18225e-06 408 23.3143
9.91926 428.206 1.08257e-06 456 23.5765
9.95206 446.354 1.11733e-06 108 23.8111
9.9705 450.628 1.12178e-06 264 23.9437
9.99351 536.24 1.3257e-06 264 24.1099
10.025 617.091 1.51124e-06 312 24.3386
10.0643 440.982 1.06737e-06 270 24.6255
10.0807 473.571 1.14065e-06 240 24.7464
10.1103 528.873 1.26271e-06 384 24.9648
10.1282 515.757 1.22486e-06 192 25.098
10.1697 482.733 1.13246e-06 432 25.4077
10.1904 596.906 1.39179e-06 144 25.563
10.2213 482.706 1.11532e-06 480 25.7966
10.2604 433.366 9.89926e-07 216 26.0935
10.2853 548.135 1.24301e-06 312 26.284
10.3082 436.587 9.83482e-07 216 26.4597
10.335 504.468 1.12756e-06 192 26.667
10.3681 494.271 1.09422e-06 624 26.924
10.3941 677.298 1.48817e-06 120 27.1273
10.4163 435.385 9.50533e-07 336 27.3015
10.4574 460.322 9.93193e-07 176 27.6254
10.4747 516.588 1.10909e-06 384 27.7625
10.5085 487.811 1.03722e-06 408 28.0323
10.5438 392.095 8.25358e-07 144 28.3158
10.564 561.371 1.17491e-06 486 28.4792
10.6035 569.38 1.1784e-06 96 28.7998
10.6154 535.915 1.10541e-06 384 28.897
10.6571 508.67 1.03694e-06 492 29.2389
10.6866 602.947 1.219e-06 384 29.482
10.7102 578.912 1.16268e-06 168 29.6779
10.7506 508.468 1.00974e-06 504 30.0147
10.7714 541.297 1.06872e-06 240 30.1893
10.7949 463.687 9.09509e-07 456 30.3877
10.836 523.472 1.01514e-06 264 30.736
10.8632 474.426 9.13139e-07 384 30.9679
10.8921 478.527 9.13706e-07 432 31.2162
10.9282 446.323 8.43815e-07 216 31.527
10.9474 475.459 8.94166e-07 360 31.6939
10.9817 491.112 9.14984e-07 312 31.9924
11.0218 502.408 9.25849e-07 240 32.3442
11.0425 552.136 1.01178e-06 414 32.5268
11.0763 509.933 9.25917e-07 552 32.8262
11.1116 521.971 9.38767e-07 360 33.1412
11.1349 531.034 9.49073e-07 432 33.3505
11.1687 581.379 1.02966e-06 480 33.6546
11.2059 546.334 9.57974e-07 288 33.9926
11.2302 561.517 9.78233e-07 312 34.2137
11.2562 519.022 8.97952e-07 360 34.4519
11.2995 552.257 9.44507e-07 576 34.8511
11.3354 625.949 1.06039e-06 464 35.1845
11.3515 570.59 9.62497e-07 192 35.335
11.3899 589.308 9.84057e-07 396 35.6946
11.4181 596.017 9.87904e-07 432 35.9603
11.4446 514.102 8.46218e-07 240 36.2115
11.4797 512.947 8.36616e-07 624 36.5449
11.5178 510.864 8.24969e-07 504 36.9103
11.5584 520.477 8.31662e-07 198 37.3022
11.5777 564.721 8.97867e-07 600 37.4888
11.6115 565.283 8.90927e-07 384 37.8185
11.6469 501.036 7.82479e-07 432 38.1659
11.6775 568.383 8.80696e-07 336 38.4676
11.7053 552.31 8.49712e-07 336 38.7429
11.7408 589.897 8.99329e-07 744 39.0965
11.7788 527.706 7.9676e-07 624 39.4771
11.8151 637.013 9.52972e-07 192 39.8426
11.837 550.86 8.19511e-07 432 40.0652
11.8692 538.169 7.94142e-07 504 40.3925
11.9071 553.732 8.09319e-07 336 40.7812
11.9357 567.117 8.22938e-07 456 41.0757
11.961 519.945 7.49709e-07 408 41.3376
11.9967 564.278 8.0639e-07 696 41.7088
12.0375 573.319 8.11012e-07 384 42.1357
12.0797 551.632 7.72185e-07 330 42.5803
12.1079 513.256 7.13451e-07 624 42.8796
12.1368 599.289 8.27113e-07 384 43.1869
12.1679 628.617 8.60959e-07 728 43.5194
12.2048 510.253 6.92515e-07 432 43.9174
12.2458 614.568 8.25753e-07 696 44.3608
12.2726 610.364 8.14744e-07 408 44.6527
12.3135 534.274 7.06081e-07 456 45.1014
12.336 682.799 8.97451e-07 408 45.3485
12.3706 639.033 8.3289e-07 528 45.7315
12.4155 567.313 7.31425e-07 576 46.231
12.4491 520.341 6.65442e-07 672 46.6077
12.4869 514.718 6.52289e-07 384 47.0337
12.5204 616.341 7.74823e-07 600 47.4132
12.5516 570.058 7.11319e-07 294 47.7677
12.5804 604.311 7.48882e-07 600 48.098
12.6134 555.432 6.82927e-07 768 48.4771
12.6565 691.127 8.41114e-07 648 48.976
12.6923 632.054 7.62736e-07 408 49.3924
12.7292 644.747 7.713e-07 552 49.8248
12.7636 616.43 7.31475e-07 648 50.2301
12.8023 672.543 7.90851e-07 348 50.688
12.8251 602.506 7.04728e-07 744 50.9589
12.8679 611.223 7.07806e-07 672 51.4713
12.9036 636.635 7.31127e-07 456 51.9012
12.9334 641.921 7.32126e-07 600 52.2607
12.9695 658.244 7.44489e-07 744 52.6997
13.006 568.19 6.37233e-07 288 53.1466
13.0495 613.463 6.81164e-07 704 53.6806
13.081 612.262 6.74924e-07 678 54.0708
13.1208 647.795 7.07609e-07 648 54.5662
13.1596 654.499 7.08625e-07 648 55.0519
13.1964 648.421 6.96194e-07 696 55.5145
13.2284 616.507 6.57141e-07 696 55.9191
13.2734 640.648 6.75953e-07 552 56.4915
13.3052 598.765 6.27233e-07 840 56.8994
13.3506 633.42 6.56798e-07 600 57.4831
13.3849 661.417 6.80571e-07 696 57.9271
13.4246 690.218 7.03917e-07 672 58.4447
13.4567 669.734 6.78159e-07 552 58.8642
13.5 685.768 6.8773e-07 492 59.4345
13.5339 625.765 6.22854e-07 840 59.8832
13.5717 655.077 6.46594e-07 606 60.3866
13.6079 598.342 5.8589e-07 936 60.8715
13.6493 611.577 5.93416e-07 528 61.4288
13.6785 693.536 6.68647e-07 696 61.8233
13.7222 596.489 5.69603e-07 648 62.4181
13.7547 645.313 6.11867e-07 936 62.8628
13.799 663.553 6.23122e-07 384 63.4721
13.8245 690.893 6.45208e-07 864 63.825
13.8698 635.584 5.87767e-07 768 64.4536
13.9077 614.692 5.63808e-07 528 64.984
13.9468 714.565 6.49918e-07 776 65.5335
13.985 704.297 6.35349e-07 960 66.0729
14.0235 664.996 5.94966e-07 696 66.6204
14.0543 714.568 6.35115e-07 582 67.0611
14.104 708.847 6.23398e-07 1008 67.7746
14.1396 620.43 5.41523e-07 408 68.2898
14.1747 702.518 6.0863e-07 960 68.7993
14.2207 661.665 5.67693e-07 852 69.4712
14.2588 639.328 5.44147e-07 912 70.0305
14.3027 708.011 5.97068e-07 1032 70.68
14.3334 668.618 5.60238e-07 384 71.1354
14.3782 682.658 5.66666e-07 864 71.8053
14.4126 676.212 5.57305e-07 840 72.3219
14.4524 695.487 5.68474e-07 912 72.9219
14.5014 667.887 5.40396e-07 792 73.6667
14.5381 698.529 5.60924e-07 744 74.2268
14.583 662.177 5.26834e-07 726 74.9171
14.6171 695.423 5.49422e-07 984 75.4438
14.6557 697.641 5.46831e-07 912 76.0429
14.6984 701.423 5.4502e-07 1104 76.7092
14.7399 664.373 5.1188e-07 744 77.3612
14.79 639.947 4.88065e-07 968 78.1531
14.8189 695.811 5.27576e-07 672 78.6116
14.8602 691.778 5.20152e-07 984 79.2714
14.9075 678.276 5.05162e-07 840 80.0305
14.945 677.596 5.00868e-07 1092 80.6357
14.993 652.178 4.77465e-07 840 81.415
15.0265 705.989 5.13411e-07 720 81.9621
15.0728 665.623 4.79612e-07 1110 82.7214
15.1154 718.77 5.13537e-07 1056 83.4253
15.1542 703.53 4.98798e-07 888 84.0693
15.1982 709.059 4.98365e-07 936 84.8037
15.2384 772.216 5.38467e-07 912 85.479
15.2828 691.817 4.78215e-07 1104 86.2279
15.3261 714.469 4.89699e-07 912 86.963
15.3668 698.811 4.75167e-07 1104 87.6584
15.413 758.447 5.11096e-07 1128 88.4511
15.4559 711.083 4.75204e-07 768 89.1909
15.4907 733.956 4.87192e-07 888 89.7945
15.5324 738.035 4.85956e-07 1224 90.5232
15.5906 668.82 4.35472e-07 750 91.5437
15.6187 699.98 4.53306e-07 1092 92.0395
15.6685 706.46 4.53158e-07 1472 92.922
15.7176 709.537 4.50878e-07 792 93.7986
15.755 775.139 4.89062e-07 1080 94.4704
15.7999 759.035 4.74829e-07 1584 95.2806
15.8457 700.074 4.34156e-07 624 96.1121
15.8875 743.693 4.57577e-07 1248 96.8745
15.9288 743.371 4.53833e-07 888 97.6315
15.9759 762.108 4.61172e-07 912 98.4994
16.0166 769.991 4.62397e-07 1368 99.2546
16.0594 755.53 4.50094e-07 960 100.053
16.1064 740.138 4.37072e-07 1542 100.934
16.1587 716.444 4.18986e-07 1152 101.921
16.2027 722.653 4.19187e-07 1008 102.755
16.2458 745.095 4.28777e-07 1248 103.576
16.2838 732.177 4.18396e-07 1056 104.306
16.329 753.444 4.26983e-07 1188 105.177
16.3776 743.196 4.17437e-07 1152 106.119
16.4263 725.792 4.04049e-07 1560 107.068
16.4754 745.585 4.11365e-07 1128 108.031
16.5151 723.848 3.96501e-07 1152 108.814
16.5586 775.53 4.21473e-07 920 109.675
16.6046 787.844 4.24613e-07 1470 110.593
16.6539 778.195 4.15701e-07 1200 111.58
16.7007 761.654 4.03454e-07 1440 112.524
16.7407 765.498 4.02589e-07 1224 113.334
16.7902 739.604 3.85545e-07 1296 114.342
16.8432 785.581 4.05657e-07 1560 115.428
16.8896 762.252 3.90371e-07 1272 116.386
16.9285 754.423 3.83706e-07 1080 117.192
16.975 758.961 3.82853e-07 1368 118.159
17.0245 764.654 3.82372e-07 1248 119.195
17.0763 787.035 3.8999e-07 1194 120.288
17.1189 822.638 4.04597e-07 1752 121.19
17.1714 753.079 3.66999e-07 1392 122.308
17.2134 786.053 3.80271e-07 1440 123.208
17.266 832.266 3.98955e-07 1488 124.342
17.3158 703.524 3.34343e-07 1248 125.42
17.3578 752.986 3.55258e-07 1512 126.335
17.4059 787.268 3.68362e-07 1112 127.388
17.4584 839.636 3.89331e-07 1848 128.544
17.5012 843.485 3.88255e-07 1224 129.491
17.5513 810.372 3.69822e-07 1536 130.609
17.6038 802.001 3.62737e-07 1638 131.784
17.652 793.927 3.56155e-07 1392 132.868
17.7 834.16 3.71168e-07 1632 133.955
17.756 782.287 3.44803e-07 1452 135.231
17.7986 808.013 3.5359e-07 1680 136.207
17.8449 848.448 3.68401e-07 1320 137.273
17.893 774.86 3.33743e-07 1752 138.386
17.9488 863.316 3.68384e-07 1776 139.685
18.0029 766.616 3.24183e-07 1104 140.951
18.0415 828.365 3.48053e-07 1728 141.859
18.0953 812.273 3.38253e-07 1446 143.133
18.1443 831.258 3.43365e-07 1920 144.298
18.201 862.567 3.52976e-07 1896 145.656
18.2474 841.676 3.41809e-07 1176 146.771
18.2919 821.451 3.31163e-07 1856 147.849
18.3431 782.636 3.12884e-07 1896 149.093
18.3976 770.161 3.05168e-07 1464 150.426
18.4552 815.254 3.2002e-07 1968 151.843
18.5038 842.286 3.28033e-07 1548 153.046
18.5557 836.471 3.23044e-07 1944 154.337
18.6063 835.107 3.1989e-07 1470 155.604
18.6575 830.731 3.15603e-07 1920 156.891
18.7093 820.284 3.09051e-07 2184 158.203
18.7648 842.116 3.14468e-07 1464 159.615
18.809 809.702 3.00239e-07 1608 160.745
18.8624 879.438 3.23335e-07 1944 162.119
18.9166 872.966 3.18207e-07 1872 163.519
18.9683 841.228 3.04138e-07 2256 164.863
19.021 874.634 3.1359e-07 1632 166.243
19.0776 880.237 3.12801e-07 1542 167.73
19.1277 873.009 3.07802e-07 2216 169.055
19.1825 873.791 3.05446e-07 2052 170.511
19.2349 903.406 3.13225e-07 1680 171.912
19.2854 829.511 2.8535e-07 2280 173.27
19.3414 854.513 2.91403e-07 1968 174.785
19.3966 859.193 2.90505e-07 2016 176.286
19.4477 903.125 3.02959e-07 1968 177.682
19.5069 875.969 2.9118e-07 1920 179.312
19.5637 893.804 2.94531e-07 2400 180.88
19.6219 861.823 2.81474e-07 1974 182.499
19.6656 827.624 2.68502e-07 1944 183.724
19.7215 927.485 2.9835e-07 1920 185.294
19.7735 885.834 2.82712e-07 2280 186.762
19.826 886.026 2.80531e-07 1968 188.255
19.8834 868.005 2.72453e-07 2220 189.894
19.9402 872.706 2.71593e-07 2352 191.527
19.9979 930.111 2.86959e-07 1968 193.195
20.0514 918.898 2.81237e-07 2504 194.749
20.1114 916.866 2.78112e-07 2118 196.502
20.1661 934.434 2.8114e-07 2352 198.11
20.2215 882.23 2.63258e-07 2136 199.747
20.2758 937.609 2.7754e-07 2112 201.361
20.3301 961.848 2.82441e-07 2472 202.983
20.3859 926.965 2.69969e-07 2376 204.658
20.4424 878.507 2.5374e-07 2304 206.365
20.5033 907.244 2.59711e-07 2448 208.216
20.5597 921.854 2.6173e-07 2280 209.937
20.6226 920.143 2.58861e-07 2466 211.87
20.6734 915.012 2.55525e-07 2256 213.439
20.7288 916.606 2.53921e-07 2472 215.161
20.7863 932.829 2.56277e-07 2856 216.956
20.844 890.731 2.42685e-07 2112 218.768
20.9062 941.416 2.54212e-07 2720 220.732
20.9635 931.4 2.4945e-07 2136 222.553
21.0141 973.878 2.58948e-07 2736 224.168
21.0763 915.771 2.41349e-07 2376 226.163
21.1384 936.18 2.44557e-07 3126 228.17
21.2027 929.434 2.40595e-07 2568 230.257
21.2496 891.48 2.29244e-07 2112 231.79
21.3097 925.668 2.36029e-07 2748 233.76
21.3717 940.732 2.37787e-07 2928 235.808
21.4282 1019.91 2.55768e-07 2640 237.682
21.4925 984.251 2.44615e-07 2856 239.83
21.5495 957.183 2.36006e-07 2352 241.742
21.6105 974.275 2.38193e-07 2910 243.8
21.6685 989.224 2.3991e-07 2784 245.769
21.731 983.565 2.36485e-07 2952 247.902
21.7905 1020.19 2.43286e-07 2696 249.944
21.8483 984.694 2.32963e-07 3264 251.938
21.9108 951.018 2.23077e-07 2472 254.105
21.9713 1002.09 2.3312e-07 3024 256.217
22.0383 962.438 2.21861e-07 2964 258.567
22.0973 1001.47 2.29013e-07 2910 260.65
22.1561 976.723 2.21581e-07 2880 262.736
22.2134 1014.48 2.2837e-07 3216 264.78
22.2831 979.54 2.18441e-07 3096 267.281
22.3394 980.767 2.17066e-07 2880 269.312
22.4021 984.139 2.15988e-07 2904 271.586
22.465 1002.08 2.18085e-07 3504 273.879
22.5286 952.226 2.05484e-07 3168 276.212
22.5974 1043.12 2.23048e-07 3054 278.751
22.6529 966.044 2.05053e-07 3032 280.809
22.7152 1074.14 2.26126e-07 3000 283.134
22.7794 1053.17 2.19843e-07 3780 285.539
22.8468 1048.18 2.1687e-07 3504 288.084
22.9105 1072.16 2.19986e-07 2904 290.498
22.9708 1015.46 2.06716e-07 3336 292.798
23.0336 1011.22 2.04172e-07 3144 295.208
23.0969 1033.23 2.06906e-07 3414 297.648
23.1662 1040.78 2.06554e-07 3552 300.335
23.2215 1018.06 2.00603e-07 2928 302.492
23.2818 1003.87 1.96276e-07 3840 304.853
23.3508 1009.12 1.95557e-07 3312 307.573
23.4144 1048.37 2.01515e-07 3432 310.09
23.4796 1038.69 1.97994e-07 3596 312.69
23.5507 1065.44 2.01258e-07 4224 315.54
23.6216 1038.22 1.94357e-07 3294 318.398
23.6816 1043.19 1.93809e-07 3792 320.828
23.7459 1070.41 1.97252e-07 3528 323.451
23.8201 1062.53 1.93976e-07 3984 326.491
23.8821 1055.81 1.91253e-07 3768 329.048
23.9469 1022.03 1.83634e-07 3672 331.734
24.0113 1085.58 1.93488e-07 3384 334.415
24.0749 1059.91 1.87419e-07 3648 337.082
24.145 1096.27 1.92166e-07 4098 340.033
24.211 1101.74 1.91548e-07 4008 342.832
24.2803 1072.58 1.84887e-07 4032 345.784
24.3436 1092.01 1.86771e-07 3800 348.494
24.4106 1058.84 1.79612e-07 3816 351.378
24.4813 1084 1.82292e-07 4248 354.439
24.548 1091.63 1.82081e-07 3720 357.347
24.616 1067.65 1.76611e-07 4254 360.322
24.6841 1108.58 1.81867e-07 4224 363.321
24.7539 1098.84 1.78748e-07 4368 366.413
24.8247 1129.66 1.82195e-07 4104 369.566
24.8945 1116.94 1.78633e-07 4500 372.69
24.9619 1141.07 1.81017e-07 3480 375.728
25.03 1108.78 1.74462e-07 5328 378.813
25.1021 1161.82 1.81236e-07 3342 382.096
25.1673 1124.65 1.74079e-07 4800 385.081
25.2417 1109.82 1.70269e-07 4184 388.506
25.3083 1130.7 1.72106e-07 5064 391.59
25.3801 1168.29 1.76323e-07 4032 394.932
25.4501 1131.83 1.69416e-07 4632 398.205
25.522 1169.67 1.73605e-07 4680 401.59
25.5928 1156.56 1.70238e-07 3924 404.941
25.6619 1177.58 1.71935e-07 5166 408.231
25.7329 1149.66 1.66473e-07 4800 411.629
25.8063 1151.27 1.65287e-07 4560 415.163
25.8751 1160.21 1.65246e-07 4584 418.491
25.947 1169.93 1.6525e-07 4848 421.987
26.0156 1156.84 1.62112e-07 4560 425.344
26.0959 1161.4 1.61251e-07 5600 429.297
26.1678 1130.94 1.55731e-07 4686 432.857
26.2409 1204.49 1.64477e-07 5016 436.494
26.3159 1215.99 1.64632e-07 4956 440.244
26.3821 1181.96 1.58824e-07 4872 443.574
26.458 1201.66 1.60085e-07 5376 447.415
26.5341 1194.18 1.57724e-07 5088 451.286
26.6057 1200.93 1.57339e-07 4710 454.948
26.6772 1205.83 1.56713e-07 4848 458.627
26.7491 1224.04 1.57801e-07 5976 462.345
26.825 1212.91 1.55043e-07 5208 466.292
26.9003 1180.83 1.49677e-07 5352 470.232
26.975 1223.46 1.53795e-07 4820 474.16
27.0465 1215.73 1.51616e-07 5760 477.938
27.1221 1234.24 1.52639e-07 5166 481.962
27.1993 1239.5 1.5199e-07 6168 486.084
27.2764 1241.62 1.50963e-07 5136 490.23
27.3523 1212.14 1.46154e-07 6240 494.337
27.4326 1243.27 1.48594e-07 5568 498.705
27.507 1215.85 1.44142e-07 5712 502.77
27.5818 1253.81 1.47437e-07 5520 506.881
27.6605 1261.4 1.47066e-07 5670 511.235
27.7351 1243.59 1.43823e-07 6036 515.381
27.8136 1252.34 1.43612e-07 6264 519.77
27.8936 1293.08 1.47012e-07 5912 524.266
27.967 1253.65 1.41409e-07 5736 528.419
28.0414 1225.52 1.3714e-07 5400 532.644
28.1205 1295.82 1.43785e-07 6342 537.17
28.2012 1291.19 1.42045e-07 7032 541.806
28.2802 1268.78 1.38414e-07 5448 546.369
28.3553 1259.22 1.36281e-07 6528 550.738
28.4381 1306.43 1.4016e-07 6468 555.575
28.5189 1251.16 1.33093e-07 6528 560.32
28.5929 1356.65 1.43197e-07 5568 564.698
28.6695 1322.45 1.38472e-07 6798 569.246
28.7556 1292.22 1.34094e-07 6560 574.393
28.8326 1321.75 1.36063e-07 6888 579.015
28.9133 1384.34 1.41315e-07 6624 583.894
28.9929 1344.62 1.36133e-07 6288 588.726
29.0725 1329.76 1.33525e-07 6960 593.594
29.1573 1341.61 1.33544e-07 6570 598.802
29.2314 1314.94 1.29896e-07 6600 603.378
29.315 1351.9 1.32408e-07 7776 608.57
29.4037 1378.59 1.33804e-07 7248 614.109
29.4863 1314.31 1.26497e-07 6672 619.297
29.5638 1408.67 1.34515e-07 6704 624.194
29.6425 1325.71 1.25587e-07 6942 629.192
29.7261 1384.14 1.30018e-07 7656 634.535
29.8087 1419.48 1.32233e-07 7128 639.837
29.8956 1392.77 1.28616e-07 7908 645.45
29.977 1371.6 1.25632e-07 6648 650.735
30.0528 1428.18 1.29828e-07 7320 655.686
30.1423 1401.68 1.26287e-07 7638 661.561
30.2243 1366.49 1.22117e-07 7416 666.975
30.3042 1420.87 1.25976e-07 7752 672.278
30.3935 1423.87 1.25133e-07 8448 678.237
30.4801 1433.25 1.24885e-07 7280 684.056
30.5639 1402.93 1.21242e-07 7668 689.707
30.6478 1417.84 1.21525e-07 8094 695.409
30.7311 1420.41 1.20759e-07 7656 701.094
30.8164 1435.15 1.21002e-07 8160 706.945
30.9021 1429.72 1.19543e-07 8472 712.863
30.9914 1459.35 1.20969e-07 7896 719.06
31.0735 1459.18 1.19998e-07 8088 724.791
31.1605 1476.23 1.20387e-07 8286 730.892
31.2495 1523.1 1.23152e-07 8676 737.172
31.3345 1464.67 1.17466e-07 8120 743.208
31.4202 1452.59 1.15546e-07 9024 749.323
31.5091 1424.24 1.12335e-07 8160 755.701
31.5932 1458.42 1.14114e-07 7944 761.768
31.6802 1521.77 1.18094e-07 8982 768.076
31.7688 1547.29 1.19072e-07 9528 774.541
31.8602 1542 1.17647e-07 8832 781.241
31.9516 1509.85 1.14209e-07 8916 787.982
32.039 1554.18 1.16601e-07 9240 794.471
32.1273 1540.28 1.14609e-07 8496 801.054
32.2155 1560.7 1.15178e-07 9422 807.669
32.303 1545.23 1.13111e-07 8976 814.273
32.3931 1543.46 1.12041e-07 9432 821.104
32.4832 1568.55 1.12918e-07 9864 827.97
32.5757 1555.03 1.10993e-07 9024 835.068
32.6663 1572.68 1.11322e-07 9762 842.056
32.7552 1570.56 1.10269e-07 9264 848.95
32.8445 1552.44 1.08111e-07 10056 855.908
32.9357 1611.21 1.11273e-07 9936 863.059
33.0325 1614.75 1.1054e-07 9624 870.695
33.1183 1553.82 1.05544e-07 9752 877.498
33.2122 1583.06 1.06622e-07 10446 884.978
33.3054 1617.37 1.08021e-07 10056 892.448
33.3956 1646.31 1.09065e-07 9876 899.722
33.491 1634.61 1.07367e-07 11160 907.454
33.5844 1619.48 1.05488e-07 10128 915.069
33.6785 1663.78 1.07467e-07 9726 922.784
33.7682 1651.04 1.05797e-07 11112 930.175
33.8643 1696.14 1.07765e-07 10776 938.136
33.9552 1679.38 1.05845e-07 10232 945.711
34.0498 1696.04 1.06006e-07 11184 953.639
34.1497 1693.3 1.04909e-07 11058 962.058
34.2449 1670.28 1.02622e-07 11472 970.123
34.3371 1695.66 1.03345e-07 10464 977.982
34.4285 1673.38 1.01176e-07 10584 985.815
34.5273 1684.04 1.00949e-07 12504 994.328
34.6247 1756.15 1.04387e-07 10560 1002.76
34.7179 1702.87 1.00406e-07 11694 1010.88
34.8164 1788.57 1.04567e-07 11420 1019.51
34.9125 1769.98 1.02628e-07 12504 1027.98
35.0084 1742.34 1.00198e-07 10800 1036.47
35.1074 1775.21 1.01226e-07 12456 1045.29
35.2074 1771.36 1.00149e-07 12030 1054.24
35.3017 1782.64 9.99812e-08 11232 1062.74
35.397 1762.93 9.80791e-08 13176 1071.37
35.4985 1832.05 1.01052e-07 11196 1080.62
35.593 1830.98 1.00191e-07 12720 1089.27
35.6922 1820.58 9.87933e-08 11918 1098.4
35.7902 1816.57 9.77684e-08 13392 1107.48
35.8939 1791.01 9.55603e-08 12600 1117.13
35.9941 1773.76 9.38511e-08 13200 1126.51
36.095 1844.5 9.67783e-08 12864 1136.01
36.1944 1832.37 9.53514e-08 12270 1145.42
36.2935 1861.03 9.60521e-08 13668 1154.85
36.3944 1874.39 9.59394e-08 13200 1164.51
36.4956 1859.64 9.43948e-08 13416 1174.25
36.5974 1929.02 9.71018e-08 12992 1184.1
36.6991 1936.11 9.66499e-08 13806 1194.01
36.7995 1903.03 9.42239e-08 13800 1203.83
36.901 1906.52 9.36196e-08 13056 1213.82
37.0014 1962.61 9.55916e-08 14364 1223.75
37.1043 1922.65 9.28686e-08 13248 1233.99
37.2078 1968.48 9.42907e-08 15054 1244.35
37.3141 1944.12 9.23303e-08 13680 1255.04
37.4145 1955.92 9.21443e-08 15152 1265.21
37.5223 1947.82 9.09749e-08 14376 1276.17
37.6238 1963 9.09435e-08 13932 1286.56
37.7292 1940.75 8.91612e-08 14910 1297.4
37.833 1988.67 9.06127e-08 15648 1308.14
37.937 2032.22 9.1838e-08 13680 1318.95
38.0425 2043.04 9.15602e-08 15816 1329.99
38.1491 2053.1 9.12429e-08 15030 1341.2
38.253 2054.11 9.05456e-08 15104 1352.19
38.3629 2034.01 8.88914e-08 16548 1363.87
38.4701 2081.43 9.02052e-08 15360 1375.34
38.5768 2077.29 8.92811e-08 15768 1386.81
38.6815 2082.57 8.87824e-08 14622 1398.14
38.7893 2097.51 8.86763e-08 17568 1409.86
38.9018 2089.11 8.7557e-08 16368 1422.16
39.0083 2114.02 8.78773e-08 15960 1433.88
39.1164 2104.62 8.67634e-08 15732 1445.83
39.2236 2168.37 8.86607e-08 17006 1457.75
39.332 2179.95 8.83989e-08 16680 1469.87
39.4453 2174.68 8.74276e-08 17712 1482.61
39.5528 2161.76 8.62018e-08 15576 1494.76
39.6569 2194.78 8.68307e-08 16974 1506.6
39.7703 2185.92 8.5743e-08 17436 1519.56
39.8799 2219.46 8.63423e-08 17952 1532.16
39.9925 2221.61 8.56983e-08 17448 1545.17
40.1016 2300.8 8.80305e-08 17336 1557.85
40.2155 2269.9 8.61126e-08 17958 1571.16
40.3272 2259.78 8.5018e-08 19056 1584.29
40.441 2247.04 8.38272e-08 17304 1597.74
40.5506 2271.78 8.40646e-08 18276 1610.77
40.6624 2335.5 8.57114e-08 17838 1624.13
40.7728 2287.5 8.32701e-08 18984 1637.39
40.8917 2340.46 8.44573e-08 19616 1651.75
41.0031 2341.51 8.3808e-08 18168 1665.29
41.1166 2319.94 8.23504e-08 19320 1679.16
41.2339 2355.63 8.29055e-08 19170 1693.57
41.3443 2386 8.33038e-08 19008 1707.21
41.4599 2416.93 8.36796e-08 20472 1721.57
41.5775 2395 8.22183e-08 19128 1736.27
41.6919 2434.41 8.28857e-08 19998 1750.63
41.807 2385.8 8.05612e-08 19808 1765.17
41.9229 2444.65 8.18662e-08 20724 1779.89
42.0406 2483.77 8.24789e-08 19896 1794.93
42.1535 2446.89 8.06033e-08 20304 1809.43
42.2743 2467.41 8.05849e-08 21030 1825.02
42.3896 2446.18 7.92411e-08 21168 1840
42.5074 2489.16 7.99648e-08 20736 1855.39
42.6266 2537.56 8.08379e-08 21356 1871.03
42.7476 2554.49 8.06879e-08 22206 1887.02
42.8656 2513.97 7.87541e-08 21360 1902.69
42.9842 2544.94 7.90663e-08 21456 1918.52
43.1015 2644.44 8.14885e-08 21648 1934.27
43.2214 2620.09 8.00678e-08 22326 1950.46
43.3419 2606.05 7.89765e-08 22212 1966.82
43.4591 2617.68 7.86893e-08 22128 1982.81
43.5787 2581.44 7.69627e-08 22640 1999.23
43.702 2631.89 7.78043e-08 23022 2016.25
43.8256 2670.98 7.82936e-08 24168 2033.41
43.9456 2747.16 7.98689e-08 22416 2050.16
44.069 2745.65 7.91565e-08 23700 2067.47
44.1919 2742.1 7.83963e-08 24222 2084.82
44.3139 2726.35 7.73041e-08 22776 2102.13
44.4338 2734.68 7.69143e-08 24296 2119.24
44.5585 2771.79 7.73049e-08 24648 2137.14
44.6804 2759.52 7.63348e-08 22926 2154.72
44.8026 2781.62 7.63182e-08 25476 2172.45
44.9299 2856.23 7.77011e-08 25608 2191.02
45.0543 2841.08 7.66505e-08 24576 2209.27
45.1805 2856.5 7.64226e-08 25134 2227.89
45.3051 2841.78 7.54033e-08 25928 2246.37
45.4322 2845.88 7.48799e-08 26136 2265.33
45.5594 2933.21 7.65331e-08 25644 2284.41
45.684 2904.34 7.51614e-08 25926 2303.2
45.8119 2947.07 7.56301e-08 26232 2322.6
45.9378 2980.39 7.58582e-08 27216 2341.81
46.0667 2989.76 7.54595e-08 26736 2361.58
46.1982 2958.62 7.4038e-08 27698 2381.85
46.3248 3034.13 7.53069e-08 26640 2401.49
46.4497 3039.78 7.48398e-08 26880 2420.97
46.5822 3052.03 7.45019e-08 29160 2441.75
46.7132 3081.99 7.46022e-08 27318 2462.4
46.8402 3142.91 7.54595e-08 27984 2482.55
46.9703 3087.67 7.35191e-08 28364 2503.29
47.0985 3146.15 7.43018e-08 28464 2523.83
47.2319 3168.19 7.41899e-08 28974 2545.34
47.3611 3161.46 7.34282e-08 28920 2566.28
47.4908 3242.27 7.46895e-08 29640 2587.44
47.6245 3238.15 7.39685e-08 28884 2609.34
47.7555 3250.07 7.36313e-08 30558 2630.93
47.8909 3269.81 7.34519e-08 30776 2653.38
48.0219 3278.48 7.30456e-08 29040 2675.21
48.1534 3297.56 7.28706e-08 30984 2697.25
48.289 3318.32 7.27132e-08 30930 2720.1
48.4252 3335.69 7.24788e-08 32712 2743.19
48.5604 3401.58 7.32947e-08 30528 2766.23
48.6924 3396.74 7.25971e-08 30326 2788.84
48.8276 3476.74 7.36911e-08 33624 2812.14
48.9655 3445.3 7.24097e-08 31824 2836.02
49.0996 3467.38 7.22784e-08 31860 2859.39
49.2378 3465.33 7.16288e-08 33942 2883.61
49.3741 3485.24 7.14457e-08 31848 2907.62
49.5082 3518.98 7.15525e-08 33624 2931.38
49.6475 3541.44 7.14047e-08 33512 2956.19
49.7851 3572.99 7.14452e-08 33594 2980.84
49.9236 3566.96 7.07325e-08 34944 3005.79
50.0623 3622.65 7.12416e-08 33624 3030.91
50.2003 3656.69 7.13195e-08 34710 3056.04
50.3385 3683.41 7.12507e-08 34704 3081.35
50.4781 3700.58 7.09906e-08 35468 3107.06
50.6192 3692.88 7.0252e-08 36096 3133.19
50.7626 3712.66 7.00314e-08 35958 3159.89
50.903 3791.83 7.09345e-08 36576 3186.19
51.0437 3783.32 7.01917e-08 35976 3212.68
51.1847 3810.45 7.01125e-08 36396 3239.37
51.3277 3881.34 7.08216e-08 38030 3266.6
51.4685 3861.85 6.98894e-08 35784 3293.55
51.6102 3922.44 7.04026e-08 38712 3320.84
51.7563 3937.61 7.0078e-08 38310 3349.12
51.8999 4003.26 7.06569e-08 37596 3377.06
52.0406 3924.7 6.87099e-08 39000 3404.6
52.1873 4003.83 6.95058e-08 38552 3433.48
52.3328 4079.78 7.02352e-08 40206 3462.28
52.4775 4070.97 6.95055e-08 39072 3491.07
52.6254 4046.47 6.85063e-08 41340 3520.67
52.7728 4095.6 6.87587e-08 39342 3550.34
52.9159 4119.5 6.86004e-08 40176 3579.3
53.063 4202.67 6.9405e-08 41768 3609.23
53.21 4182.31 6.84976e-08 40206 3639.33
53.3579 4234.59 6.87788e-08 42300 3669.75
53.5058 4265.73 6.87115e-08 42360 3700.36
53.6529 4326.83 6.9124e-08 40488 3730.96
53.8016 4339.18 6.87484e-08 44406 3762.06
53.9538 4362.54 6.85351e-08 43076 3794.08
54.1012 4376.45 6.81932e-08 42600 3825.26
54.2539 4386.56 6.77751e-08 45486 3857.75
54.4068 4501.83 6.89712e-08 43848 3890.46
54.554 4507.72 6.85039e-08 43248 3922.12
54.7042 4491.46 6.76963e-08 44988 3954.6
54.8585 4534.24 6.77661e-08 46454 3988.16
55.0108 4557.36 6.75475e-08 44928 4021.46
55.1648 4602.57 6.76478e-08 47256 4055.34
55.3178 4655.75 6.78634e-08 45126 4089.16
55.4713 4696.67 6.78929e-08 48084 4123.31
55.6247 4699.56 6.73744e-08 46320 4157.6
55.7806 4759.53 6.76634e-08 47894 4192.67
55.9325 4819.47 6.79588e-08 47160 4227.02
56.0862 4855.82 6.79101e-08 48228 4261.95
56.246 4860.42 6.73968e-08 50598 4298.48
56.4009 4897.28 6.73497e-08 47328 4334.1
56.556 4928.45 6.72223e-08 50696 4369.95
56.7134 4956.23 6.70401e-08 49344 4406.53
56.8734 4985.28 6.68655e-08 51570 4443.93
57.0306 5016.35 6.67274e-08 50832 4480.89
57.1888 5098.25 6.72556e-08 50424 4518.28
57.3474 5089.85 6.65892e-08 52686 4555.98
57.5064 5167.12 6.70407e-08 51092 4593.99
57.6651 5177.92 6.66278e-08 53376 4632.12
57.8263 5267.34 6.72131e-08 52374 4671.08
57.9846 5207.37 6.59054e-08 52848 4709.53
58.1458 5310.85 6.66573e-08 55488 4748.93
58.3113 5319.59 6.62004e-08 54098 4789.58
58.4692 5340.72 6.59261e-08 53688 4828.61
58.6308 5427.98 6.64508e-08 55296 4868.76
58.7939 5452.82 6.6201e-08 56358 4909.5
58.9603 5523.25 6.64897e-08 57468 4951.31
59.1239 5503.15 6.56994e-08 56000 4992.64
59.2895 5606.02 6.63684e-08 57774 5034.69
59.4537 5611.71 6.58867e-08 57648 5076.65
59.6174 5639.33 6.56671e-08 57480 5118.7
59.7831 5667.1 6.54432e-08 58122 5161.51
59.9471 5730.6 6.56352e-08 59208 5204.08
60.1145 5743.04 6.52295e-08 60032 5247.81
60.2829 5793.31 6.52504e-08 60366 5292.05
60.4503 5871.96 6.55885e-08 60444 5336.25
60.6167 5886.73 6.52136e-08 60912 5380.43
60.786 5943.15 6.529e-08 61422 5425.63
60.9547 6002.52 6.5396e-08 63032 5470.95
61.1246 6084.71 6.57402e-08 62052 5516.82
61.2949 6086.25 6.52104e-08 64038 5563.05
61.4635 6085.19 6.46639e-08 61632 5609.09
61.6312 6198.43 6.5331e-08 64896 5655.13
61.8052 6227.73 6.50871e-08 64874 5703.15
61.974 6317.54 6.54876e-08 64200 5750.02
62.1478 6304.46 6.48051e-08 68016 5798.54
62.3225 6368.24 6.49118e-08 65694 5847.57
62.4947 6416.5 6.48647e-08 67212 5896.17
62.6679 6492.53 6.50907e-08 67088 5945.32
62.8408 6539.33 6.502e-08 67182 5994.68
63.0147 6571.85 6.48041e-08 69768 6044.56
63.1896 6514.72 6.37088e-08 67524 6095.04
63.3643 6584.2 6.38569e-08 70758 6145.75
63.5397 6681.48 6.42655e-08 69488 6196.91
63.7157 6784.07 6.4713e-08 71640 6248.55
63.895 6788.69 6.42132e-08 72042 6301.47
64.073 6822.78 6.39994e-08 72960 6354.27
64.2495 6873.48 6.39451e-08 70416 6406.93
64.4294 6980.68 6.43999e-08 76790 6460.9
64.6097 7050.3 6.44994e-08 72348 6515.27
64.7874 7056.93 6.40302e-08 74094 6569.18
64.966 7129.94 6.41604e-08 74976 6623.68
65.1456 7174.34 6.40274e-08 76200 6678.77
65.3291 7235.81 6.40335e-08 77114 6735.34
65.5098 7318.06 6.4227e-08 76872 6791.39
65.6917 7385.55 6.42823e-08 77784 6848.13
65.8753 7346.32 6.34078e-08 78654 6905.69
66.0578 7495.2 6.41581e-08 79380 6963.25
66.2409 7511.23 6.37635e-08 79256 7021.32
66.4249 7590.7 6.39042e-08 80094 7079.99
66.6071 7640.31 6.37953e-08 80760 7138.43
66.7946 7706.45 6.38072e-08 83034 7198.88
66.9809 7769.57 6.37945e-08 82664 7259.29
67.1658 7788.71 6.34252e-08 81864 7319.54
67.3508 7870.45 6.3564e-08 83334 7380.2
67.5384 8016.02 6.42015e-08 85980 7442.06
67.726 7960 6.32247e-08 84144 7504.24
67.9148 8053.5 6.34354e-08 86486 7567.17
68.1019 8151.01 6.36756e-08 86016 7629.89
68.2924 8230.48 6.37599e-08 88290 7694.1
68.4818 8253.33 6.3408e-08 87672 7758.27
68.6708 8337.35 6.35259e-08 88608 7822.71
68.8613 8418.43 6.3613e-08 88682 7887.97
69.0517 8484.82 6.35856e-08 91200 7953.6
69.2463 8528.23 6.33736e-08 92568 8021.04
69.4391 8562.94 6.31031e-08 91014 8088.21
69.6314 8677.06 6.34159e-08 92828 8155.58
69.8244 8723.05 6.32245e-08 93054 8223.62
70.0163 8745.03 6.28641e-08 92568 8291.6
70.2106 8905.41 6.34873e-08 96768 8360.8
70.4081 9028.93 6.38276e-08 95658 8431.57
70.6024 9022.47 6.32568e-08 96368 8501.56
70.8004 9138.27 6.35326e-08 98526 8573.28
70.9949 9150.62 6.3097e-08 95436 8644.15
71.1912 9278.57 6.34514e-08 101472 8716.05
71.3912 9327.34 6.32504e-08 98582 8789.72
71.5863 9290.1 6.24841e-08 99984 8861.98
71.7853 9444.73 6.29973e-08 101298 8936.09
71.9865 9523.53 6.2992e-08 104952 9011.41
72.1863 9604.14 6.29991e-08 100568 9086.66
72.3863 9707.21 6.31489e-08 105942 9162.39
72.5888 9768.87 6.30194e-08 104892 9239.53
72.7887 9807.4 6.27483e-08 103734 9316.05
72.9889 9884.6 6.27231e-08 107160 9393.16
73.1931 10067.8 6.33525e-08 108788 9472.2
73.3965 10030.4 6.2594e-08 107070 9551.38
73.5998 10132.8 6.27105e-08 110760 9630.97
73.8048 10302.5 6.32309e-08 109182 9711.68
74.0101 10410.3 6.33622e-08 112820 9792.95
74.2153 10373.9 6.26181e-08 110280 9874.65
74.4211 10399.5 6.22533e-08 114678 9957.01
74.6281 10598.5 6.2918e-08 112668 10040.3
74.835 10703.9 6.30187e-08 116030 10124
75.0455 10730.5 6.2645e-08 118032 10209.7
75.2528 10843.8 6.27848e-08 113700 10294.6
75.4597 10909.7 6.2648e-08 118566 10379.7
75.6704 11124.1 6.33468e-08 119840 10466.9
75.8801 11072.5 6.25317e-08 118278 10554.2
76.0893 11172.4 6.25773e-08 120852 10641.7
76.3009 11294.3 6.27349e-08 122166 10730.7
76.5134 11401.3 6.2803e-08 123296 10820.6
76.7256 11416.1 6.23646e-08 123300 10910.9
76.9392 11535.2 6.24916e-08 126174 11002.3
77.1528 11666.7 6.26805e-08 124800 11094.2
77.3659 11820.7 6.29847e-08 126774 11186.4
77.5809 11786 6.22793e-08 128900 11279.9
77.7962 11875.4 6.22319e-08 127776 11374.1
78.0124 12048.5 6.26157e-08 132246 11469.1
78.2288 12147.9 6.26096e-08 129252 11564.9
78.4454 12293.9 6.28388e-08 133118 11661.2
78.6629 12322.7 6.2465e-08 133272 11758.4
78.8821 12510.2 6.28878e-08 134970 11857
79.1006 12620.6 6.29188e-08 136128 11955.8
79.3217 12638.2 6.24812e-08 137270 12056.4
79.5433 12783.4 6.26724e-08 139620 12157.7
79.7641 12821.7 6.23394e-08 138312 12259.2
79.9859 12991.7 6.26418e-08 140694 12361.8
80.2068 13101.1 6.26488e-08 140888 12464.5
80.4299 13121.1 6.22242e-08 143034 12568.8
80.6531 13348.6 6.27786e-08 143688 12673.7
80.8755 13390.7 6.24588e-08 143510 12778.8
81.0998 13606.6 6.29408e-08 147828 12885.4
81.3269 13675.5 6.27306e-08 147918 12994
81.5524 13776.7 6.26723e-08 148992 13102.4
81.7797 13832.7 6.24036e-08 150356 13212.3
82.0043 13999.1 6.26369e-08 147606 13321.4
82.2317 14104 6.2584e-08 156624 13432.5
82.4634 14308 6.29557e-08 153354 13546.4
82.6905 14343.5 6.25931e-08 153968 13658.6
82.9194 14598.6 6.31804e-08 155862 13772.3
83.1486 14700.4 6.30963e-08 157524 13886.9
83.3797 14739.5 6.27394e-08 159126 14003
83.6126 14909.4 6.2934e-08 162488 14120.7
83.8452 14933.2 6.25113e-08 159570 14238.9
84.0767 15167.3 6.29683e-08 164304 14357.1
84.3123 15173 6.24652e-08 165720 14478.1
84.5455 15303.8 6.24838e-08 162866 14598.6
84.7789 15550.5 6.29681e-08 169056 14719.9
85.0154 15623.9 6.27389e-08 167502 14843.4
85.2505 15708.8 6.25595e-08 169964 14966.9
85.4866 15930 6.2916e-08 170478 15091.6
85.7246 16075.6 6.29637e-08 175200 15218
85.9642 16245.5 6.30988e-08 173130 15345.9
86.2012 16225.3 6.25016e-08 175712 15473.2
86.4415 16468.5 6.29109e-08 177438 15603
86.6808 16543.8 6.26767e-08 178092 15732.9
86.9209 16704.8 6.27638e-08 179694 15864
87.1623 16878.6 6.28913e-08 182504 15996.5
87.4047 17091.4 6.31556e-08 182394 16130.4
87.6463 17138.6 6.2808e-08 184464 16264.5
87.8898 17336.9 6.30079e-08 186398 16400.5
88.1346 17455.9 6.29135e-08 188844 16537.9
88.3785 17631.3 6.30207e-08 187230 16675.5
88.6241 17805.9 6.31174e-08 193776 16815
88.8723 18013.8 6.33207e-08 192218 16956.6
89.1173 18135.6 6.32244e-08 192408 17097.3
89.3636 18250.1 6.3099e-08 195510 17239.4
89.6121 18376 6.30072e-08 198404 17383.6
89.8624 18543.4 6.30514e-08 200310 17529.7
90.1125 18673.8 6.29676e-08 201216 17676.4
90.3629 18881.6 6.31403e-08 201618 17824.3
90.6136 19079.1 6.32729e-08 204680 17973
90.8637 19244.5 6.32959e-08 202758 18122.2
91.1165 19419.7 6.33419e-08 211812 18273.9
91.3704 19592.7 6.33748e-08 205718 18427.1
91.6219 19628.9 6.29704e-08 211452 18579.7
91.8766 19823.6 6.30677e-08 213150 18735.1
92.1337 20083.8 6.33622e-08 217512 18892.8
92.3907 20245.4 6.33406e-08 214754 19051.3
92.6443 20449.9 6.34563e-08 215424 19208.6
92.9029 20663 6.35836e-08 224574 19369.9
93.1615 20800 6.34737e-08 218588 19532.1
93.4187 21015.7 6.36037e-08 223902 19694.4
93.6773 21136.4 6.34405e-08 224952 19858.4
93.9391 21382.1 6.3643e-08 230258 20025.3
94.2003 21677.4 6.39867e-08 227544 20192.8
94.4611 21799.4 6.38153e-08 231018 20361
94.7234 21998.3 6.38641e-08 234504 20531.1
94.9866 22077.9 6.35639e-08 233102 20702.7
95.2488 22288.8 6.36427e-08 236892 20874.6
95.5133 22574.8 6.39251e-08 238830 21049
95.7779 22686.2 6.37098e-08 241232 21224.4
96.045 23063.8 6.42314e-08 243906 21402.5
96.3117 23223.9 6.41413e-08 244704 21581.3
96.5789 23340.5 6.39298e-08 246698 21761.4
96.8459 23658 6.42648e-08 248664 21942.4
97.1161 23834.6 6.42058e-08 253494 22126.5
97.3861 24071.8 6.43069e-08 251522 22311.6
97.6552 24164.3 6.40219e-08 255336 22497.1
97.9263 24412.5 6.41437e-08 257694 22685
98.1987 24656.5 6.42473e-08 260988 22874.8
98.4723 24913.6 6.43775e-08 261638 23066.6
98.7442 25222.7 6.46394e-08 262356 23258.1
99.0178 25404 6.45657e-08 266478 23452
99.2941 25589.1 6.44947e-08 272048 23648.9
99.5716 25898.3 6.473e-08 269850 23847.7
99.847 26158.4 6.48405e-08 272544 24046.2
100.124 26363.6 6.48077e-08 275546 24247
100.401 26602.1 6.48549e-08 275334 24448.6
100.681 26978.7 6.52254e-08 285024 24653.8
100.963 27159.1 6.51125e-08 282242 24861.7
101.241 27318.5 6.49565e-08 280800 25067.7
101.521 27668.1 6.52448e-08 288330 25276.3
101.804 28042.3 6.55786e-08 290024 25487.8
102.087 28206.1 6.54149e-08 290598 25700.8
102.369 28370.1 6.52525e-08 293748 25914.6
102.654 28726.4 6.55222e-08 299582 26132
102.939 28962 6.5513e-08 295914 26350
103.223 29279.8 6.56864e-08 302352 26568.8
103.511 29448.2 6.55143e-08 305342 26791.8
103.798 30044.7 6.62888e-08 305532 27015.1
104.087 30161.1 6.59937e-08 310806 27241.1
104.375 30332.1 6.58184e-08 310436 27468.5
104.666 30775.9 6.62265e-08 318006 27698.6
104.957 30978.7 6.61111e-08 312846 27929.8
105.247 31390.6 6.64375e-08 322508 28162.2
105.54 31602.7 6.63301e-08 321318 28398.4
105.833 31929.9 6.64618e-08 327204 28635.5
106.127 32241.1 6.65536e-08 325766 28874.7
106.421 32589.2 6.67169e-08 330246 29115.1
106.717 33092.2 6.71843e-08 335868 29358.8
107.015 33249.5 6.69412e-08 336710 29605.4
107.311 33663.6 6.72159e-08 336636 29851.7
107.609 33896.6 6.71203e-08 343542 30101.1
107.907 34289.4 6.73372e-08 342092 30351.8
108.206 34544.5 6.72766e-08 349446 30605.2
108.507 34815.8 6.72416e-08 350118 30861.6
108.808 35326.9 6.76651e-08 352628 31118.6
109.111 35721.7 6.7852e-08 359334 31379.7
109.414 36005.6 6.78255e-08 356364 31641.5
109.717 36271.7 6.77623e-08 362990 31905.1
110.021 36728.3 6.80474e-08 364062 32171.4
110.326 37089.8 6.81484e-08 369756 32439.9
110.632 37526.6 6.83805e-08 368726 32710.5
110.939 37920.7 6.85272e-08 375786 32983.3
111.248 38348.3 6.87247e-08 378600 33259.3
111.557 38678 6.87415e-08 379394 33537.1
111.866 39171.3 6.90413e-08 386568 33817.4
112.178 39370.9 6.88161e-08 386906 34100.8
112.489 39895.9 6.91578e-08 388950 34384.8
112.801 40543.4 6.96989e-08 394512 34671.6
113.114 40747.7 6.94689e-08 396818 34961.7
113.428 41251.8 6.97459e-08 401112 35253.7
113.744 41977.5 7.03834e-08 404850 35548.9
114.06 42302.4 7.03405e-08 405566 35845.9
114.375 42509 7.01012e-08 409308 36144
114.692 43020 7.03567e-08 413766 36445.6
115.011 43585.7 7.06916e-08 417050 36749.9
115.331 43969.7 7.07217e-08 425232 37057.9
115.653 44725 7.13384e-08 421862 37368.7
115.972 45069.1 7.12949e-08 426402 37679.1
116.295 45526.8 7.14213e-08 434688 37994.4
116.619 46039.5 7.16239e-08 436634 38313.6
116.942 46487.9 7.17244e-08 434784 38632.5
117.265 47265.1 7.23226e-08 441018 38953.5
117.591 47549.9 7.2156e-08 447350 39278.7
117.917 48001.1 7.22365e-08 449868 39607.2
118.245 48682.2 7.26547e-08 453206 39938
118.573 49437.5 7.31714e-08 456570 40271.3
118.902 49800.3 7.30971e-08 463824 40608
119.233 50402 7.33661e-08 463718 40948
119.564 50961.6 7.35677e-08 468186 41289.2
119.895 51670.1 7.39729e-08 473448 41633.9
120.229 52441.9 7.44537e-08 479354 41982.9
120.563 52949.4 7.45514e-08 477702 42333.6
120.897 53759.1 7.50668e-08 485204 42685.9
121.234 54060.8 7.48604e-08 491454 43043.7
121.571 54791.9 7.52436e-08 491226 43403.7
121.908 55585.4 7.57022e-08 497648 43765.6
122.248 56172 7.58643e-08 504930 44132.9
122.587 56814 7.60965e-08 500358 44501.1
122.925 57763.8 7.67319e-08 508652 44870.3
123.267 58410 7.69463e-08 516390 45246
123.609 58934.8 7.69945e-08 515642 45623.9
123.951 59805.5 7.7487e-08 521880 46003.7
124.297 60535.1 7.77804e-08 530850 46389.2
124.642 61428.5 7.82741e-08 527054 46777
124.986 61844 7.8155e-08 534156 47165.1
125.334 63112.5 7.90947e-08 545150 47560.6
125.683 63959.8 7.94904e-08 543474 47959.3
126.031 64611 7.96376e-08 545310 48358
126.38 65466.2 8.00247e-08 555788 48761.1
126.732 66540.4 8.06617e-08 559542 49169.8
127.084 67340.7 8.09544e-08 564146 49581.2
127.437 68429.7 8.15828e-08 566520 49995
127.791 69197.5 8.18143e-08 573594 50412.9
128.146 69791.9 8.18327e-08 577718 50834.5
128.501 71104.3 8.26825e-08 579303 51258.1
128.858 71771.3 8.27672e-08 586232 51686
129.216 72637.1 8.30702e-08 585156 52118.7
129.575 73116.6 8.29265e-08 582704 52553.7
129.934 73936.8 8.31634e-08 584544 52991.8
130.295 74979.3 8.36366e-08 585204 53434.9
130.657 75431.8 8.34445e-08 582812 53881.1
131.019 76522 8.39497e-08 584472 54331
131.383 76909.1 8.3675e-08 584132 54785
131.748 77775.9 8.39178e-08 582540 55242.2
132.113 78763.2 8.42803e-08 582096 55702.9
132.481 79687.5 8.45615e-08 586412 56169.1
132.849 80253.9 8.44558e-08 581640 56639.1
133.218 81111.6 8.46513e-08 583304 57112.3
133.589 81737.7 8.45967e-08 583536 57590.3
133.959 83022.9 8.5216e-08 578204 58070.6
134.33 83716.2 8.52172e-08 582180 58554.8
134.704 84410.5 8.52107e-08 582144 59045
135.078 85220.7 8.53157e-08 578780 59538.3
135.452 86215.8 8.5599e-08 577524 60034.1
135.828 86964.9 8.56284e-08 579584 60534.9
136.206 88162.7 8.60868e-08 580752 61042
136.585 89077.1 8.62579e-08 576896 61552.7
136.963 89988.2 8.642e-08 575412 62065.7
137.343 91055.1 8.67217e-08 575676 62583
137.724 91487.8 8.64115e-08 576392 63106.2
138.107 92655.8 8.67896e-08 574368 63633.4
138.49 93972.7 8.72951e-08 572624 64164.1
138.874 94865.1 8.73941e-08 574056 64700.1
139.26 96051.1 8.77524e-08 572864 65241.4
139.647 96805.2 8.77098e-08 568992 65785.6
140.034 97973.4 8.80329e-08 572024 66335
140.424 99003.1 8.82201e-08 569052 66890.1
140.814 100224 8.85676e-08 568236 67448.9
141.204 101345 8.88189e-08 563612 68010.8
141.595 102444 8.90398e-08 567216 68577.9
141.989 103592 8.92901e-08 564740 69151.8
142.383 104860 8.96338e-08 563940 69729.9
142.779 106248 9.00676e-08 562172 70312.6
143.176 107315 9.02175e-08 561948 70900.7
143.574 108023 9.00585e-08 560084 71494.1
143.973 109466 9.05058e-08 556764 72091.1
144.371 110629 9.07122e-08 553976 72691.4
144.772 111927 9.10169e-08 556344 73298.1
145.174 113669 9.16675e-08 552420 73910.8
145.577 114703 9.17352e-08 552200 74528
145.981 115956 9.19694e-08 548880 75149.9
146.386 117513 9.24329e-08 548696 75777.4
146.793 119123 9.29227e-08 546948 76410.6
147.201 120639 9.33236e-08 547364 77050.6
147.61 121766 9.34149e-08 540792 77694.7
148.019 122815 9.3441e-08 540320 78341.9
148.43 124836 9.41922e-08 538668 78995.8
148.842 126068 9.43345e-08 537260 79655.3
149.255 127885 9.49008e-08 534912 80320.9
149.67 129151 9.50457e-08 534812 80992.9
150.085 130908 9.5541e-08 527424 81668.7
150.501 133184 9.63992e-08 528968 82349.4
150.919 134147 9.62921e-08 525312 83036.8
151.338 135806 9.66745e-08 525968 83731.3
151.759 138070 9.7471e-08 520272 84431.2
152.18 139214 9.74643e-08 520256 85136.6
152.603 141418 9.81878e-08 514536 85847.5
153.026 142934 9.84184e-08 515732 86564.5
153.452 144758 9.88476e-08 510624 87288.4
153.877 146647 9.93097e-08 507288 88016
154.304 148469 9.97113e-08 505904 88750.6
154.732 150889 1.00498e-07 502608 89491.6
155.163 152622 1.00808e-07 502280 90240.8
155.594 154568 1.01247e-07 496404 90995.1
156.026 156266 1.01512e-07 494156 91754.8
156.459 159187 1.02553e-07 490572 92520.7
156.893 160520 1.02555e-07 487856 93293.3
157.329 163427 1.03547e-07 485592 94073.1
157.765 165252 1.03837e-07 479840 94858.1
158.204 167325 1.04268e-07 480792 95651.3
158.644 169788 1.04925e-07 473276 96451.5
159.083 171832 1.05311e-07 469716 97254.5
159.525 175374 1.06591e-07 469388 98067
159.968 177560 1.07026e-07 463164 98886.5
160.412 179765 1.07457e-07 460964 99712.4
160.858 182855 1.08398e-07 456404 100546
161.304 185752 1.09204e-07 453096 101385
161.752 188149 1.09697e-07 447944 102232
162.2 190781 1.10311e-07 445104 103085
162.651 193978 1.1123e-07 440876 103947
163.103 197179 1.12128e-07 438372 104816
163.556 199870 1.12716e-07 431156 105692
164.009 203558 1.13847e-07 426816 106572
164.464 205680 1.14083e-07 424208 107461
164.921 208675 1.14784e-07 420060 108360
165.379 212521 1.15931e-07 414500 109266
165.838 215768 1.16728e-07 409044 110177
166.298 219204 1.17606e-07 406184 111096
166.761 222992 1.18645e-07 401808 112027
167.224 227071 1.19814e-07 394448 112962
167.687 228968 1.19817e-07 390564 113904
168.153 232605 1.20711e-07 386420 114855
168.62 236068 1.21493e-07 380148 115815
169.087 240316 1.22656e-07 375116 116781
169.557 245756 1.24393e-07 371108 117757
170.028 248888 1.24935e-07 363588 118741
170.5 253805 1.26347e-07 360704 119734
170.974 258139 1.27439e-07 352920 120734
171.449 261130 1.27848e-07 347888 121742
171.925 266412 1.29353e-07 342564 122760
172.402 270032 1.30025e-07 336104 123785
172.881 277813 1.32664e-07 329616 124819
173.36 279580 1.32404e-07 324044 125860
173.841 283584 1.33189e-07 317940 126910
174.324 287709 1.34006e-07 311516 127971
174.808 294408 1.35989e-07 306920 129041
175.294 297176 1.36129e-07 297936 130120
175.782 304593 1.38369e-07 293684 131209
176.27 309260 1.39325e-07 284568 132304
176.757 313833 1.4022e-07 276704 133404
177.248 320683 1.42092e-07 274896 134520
177.742 325291 1.42937e-07 263228 135646
178.234 329518 1.43598e-07 257720 136777
178.729 335153 1.44843e-07 250968 137919
179.225 337257 1.44545e-07 242276 139071
179.722 343362 1.45944e-07 236220 140232
180.221 348646 1.46963e-07 227624 141403
180.722 351391 1.46891e-07 221304 142586
181.225 356639 1.47848e-07 212204 143778
181.726 359195 1.4768e-07 203168 144974
182.23 362812 1.47933e-07 197955 146183
182.737 369017 1.49212e-07 190268 147408
183.246 372997 1.49569e-07 184188 148643
183.754 376963 1.49909e-07 176492 149882
184.264 383954 1.51426e-07 172200 151133
184.777 386652 1.51222e-07 166544 152400
185.291 391226 1.51743e-07 160160 153674
185.804 400070 1.5389e-07 155010 154955
186.319 408410 1.558e-07 149948 156246
186.836 408496 1.54541e-07 145458 157552
187.356 417771 1.56739e-07 140444 158870
187.876 426735 1.58776e-07 135596 160197
188.396 429533 1.58497e-07 130308 161531
188.918 437701 1.60176e-07 126860 162877
189.444 445502 1.61677e-07 122748 164241
189.971 451089 1.62345e-07 118076 165617
190.499 463066 1.65274e-07 113774 167000
191.026 471280 1.66817e-07 109236 168391
191.555 483509 1.69732e-07 105638 169793
192.087 487980 1.69882e-07 102174 171212
192.623 497984 1.71923e-07 98708 172648
193.159 501280 1.71623e-07 94310 174095
193.694 514666 1.7475e-07 90414 175545
194.231 525925 1.77095e-07 87398 177010
194.77 533390 1.78123e-07 83462 178487
195.308 545345 1.80614e-07 79902 179970
195.85 559311 1.83705e-07 77558 181473
196.397 568181 1.85065e-07 74094 182996
196.944 585376 1.8908e-07 71006 184531
197.492 595729 1.90826e-07 67574 186077
198.04 611659 1.94308e-07 64368 187629
198.588 617689 1.94602e-07 61502 189192
199.137 632498 1.97626e-07 58214 190763
199.686 649914 2.01396e-07 55872 192347
200.24 669538 2.0576e-07 53270 193952
200.797 682448 2.07987e-07 50742 195575
201.356 696855 2.10614e-07 48032 197213
201.917 708115 2.12239e-07 45638 198865
202.479 724926 2.15474e-07 43008 200530
203.042 740759 2.18352e-07 40694 202208
203.608 759909 2.22136e-07 38408 203903
204.174 787668 2.2834e-07 35958 205609
204.742 799123 2.29739e-07 33920 207328
205.311 825905 2.3547e-07 31622 209062
205.88 843651 2.38538e-07 29640 210807
206.452 876986 2.45908e-07 27662 212569
207.024 891981 2.48046e-07 25568 214340
207.598 922367 2.54377e-07 23904 216126
208.175 942586 2.57796e-07 22118 217934
208.75 978354 2.65371e-07 20168 219747
209.328 1.01297e+06 2.72492e-07 18816 221577
209.911 1.04212e+06 2.78004e-07 17126 223432
210.495 1.04738e+06 2.77089e-07 15680 225301
211.081 1.0785e+06 2.82954e-07 14184 227188
211.669 1.13339e+06 2.94883e-07 12854 229092
212.261 1.1738e+06 3.02846e-07 11600 231021
212.86 1.20666e+06 3.08703e-07 10428 232982
213.459 1.26758e+06 3.21567e-07 9032 234955
214.05 1.27183e+06 3.1998e-07 7838 236912
214.639 1.32802e+06 3.31375e-07 6816 238872
215.227 1.37536e+06 3.40381e-07 5840 240841
215.814 1.4251e+06 3.49824e-07 4952 242816
216.393 1.43476e+06 3.49374e-07 4062 244776
216.965 1.51161e+06 3.65185e-07 3368 246722
217.537 1.57779e+06 3.78174e-07 2744 248678
218.109 1.62225e+06 3.85776e-07 2184 250647
218.782 1.72597e+06 4.06664e-07 2192 252975
219.487 1.87261e+06 4.36981e-07 1238 255425
220.117 1.93402e+06 4.47446e-07 728 257632
220.69 2.12586e+06 4.88009e-07 456 259650
221.261 1.95842e+06 4.46098e-07 248 261671
221.827 2.046e+06 4.62493e-07 104 263682
222.372 2.85286e+06 6.40143e-07 24 265634
222.88 1.67983e+06 3.74363e-07 1 267456
1
1200
200
512
1
8.04248 618.078 2.93166e-06 6 12.5664
11.3738 507.943 8.51805e-07 12 35.5431
13.93 1142.64 1.04303e-06 8 65.2968
16.085 387.397 2.29687e-07 6 100.531
17.9835 925.03 3.92438e-07 24 140.496
19.7 758.505 2.44794e-07 24 184.687
22.7476 1021.04 2.14032e-07 12 284.345
24.1274 1478.17 2.59675e-07 30 339.292
25.4325 1456.44 2.18456e-07 24 397.384
26.6739 1567.05 2.03735e-07 24 458.457
27.86 1529.96 1.74574e-07 8 522.374
28.9976 1558.32 1.57693e-07 24 589.013
30.0922 1171.82 1.06106e-07 48 658.267
32.1699 1684 1.24805e-07 6 804.248
33.16 1323.87 8.95865e-08 48 880.812
34.1213 1288.81 8.00478e-08 36 959.663
35.0563 921.138 5.27551e-08 24 1040.74
35.9671 1282.23 6.79973e-08 24 1123.97
36.8553 2207.53 1.08805e-07 48 1209.31
37.7226 2545.27 1.16996e-07 24 1296.71
39.3999 1744.94 7.03936e-08 24 1477.5
40.2124 1331.24 5.05146e-08 30 1570.8
41.0087 2172.63 7.77312e-08 72 1665.98
41.7899 2234.58 7.55477e-08 32 1763.01
43.3101 2011.7 6.10993e-08 72 1962.49
44.0505 4086.13 1.17951e-07 48 2064.87
45.4951 2205.82 5.77983e-08 12 2274.76
46.2005 2115.39 5.29284e-08 48 2382.21
46.8953 3035.38 7.26215e-08 48 2491.31
47.5799 3161.42 7.24186e-08 48 2602.03
48.2549 5601.95 1.23014e-07 30 2714.34
48.9205 2455.83 5.17565e-08 24 2828.22
49.5772 3909.47 7.91612e-08 72 2943.64
50.8651 3261.79 6.11556e-08 24 3179.07
51.497 3238.27 5.8507e-08 96 3299.03
52.1212 3418.63 5.95729e-08 48 3420.45
52.738 4428.28 7.44909e-08 24 3543.34
53.3478 5018.82 8.1563e-08 24 3667.66
53.9506 4098.46 6.4398e-08 72 3793.4
54.5467 4004.78 6.08853e-08 48 3920.55
55.7199 2360.9 3.36733e-08 8 4178.99
56.2973 5331.35 7.37248e-08 54 4310.27
56.8689 3926.47 5.26765e-08 84 4442.88
57.4348 5071.68 6.60491e-08 48 4576.83
57.9951 5450.07 6.89393e-08 24 4712.1
58.5501 5100.48 6.27e-08 72 4848.68
59.0999 5465.2 6.5326e-08 96 4986.55
60.1844 5428.11 6.1438e-08 48 5266.13
60.7194 7217.33 7.9549e-08 48 5407.82
61.2497 5477.46 5.88176e-08 24 5550.75
61.7754 7462.21 7.81016e-08 72 5694.92
62.8138 6688.16 6.65859e-08 72 5986.94
63.3265 7245.49 7.03964e-08 96 6134.76
64.3398 9884.34 9.15689e-08 6 6433.98
64.8405 6803.96 6.15832e-08 96 6585.37
65.3374 6795.21 6.01114e-08 96 6737.92
65.8305 5157.72 4.46083e-08 24 6891.63
66.32 7978.23 6.74859e-08 48 7046.5
66.8058 6323.62 5.23314e-08 96 7202.5
67.2882 5301.99 4.294e-08 48 7359.65
68.2427 9534.25 7.40215e-08 36 7677.3
68.715 10768.1 8.18891e-08 48 7837.8
69.184 8972.95 6.68587e-08 120 7999.4
69.6499 6237.55 4.55504e-08 56 8162.1
70.1127 11170.2 7.99673e-08 24 8325.88
70.5725 7384.49 5.18387e-08 96 8490.75
71.0292 10690.8 7.36102e-08 48 8656.69
71.9341 8441.38 5.59563e-08 24 8991.76
72.3823 10573.4 6.87948e-08 102 9160.88
72.8277 6763.15 4.32015e-08 48 9331.05
73.2705 7781.75 4.88124e-08 72 9502.26
73.7105 10083 6.21216e-08 48 9674.51
74.148 12091.8 7.31865e-08 48 9847.78
74.5829 13672 8.13121e-08 120 10022.1
75.4451 8938.88 5.13605e-08 24 10373.7
75.8726 11621.7 6.56532e-08 144 10551
76.2976 12660.2 7.03309e-08 120 10729.4
76.7203 15104.9 8.25329e-08 48 10908.7
77.5588 12581.7 6.65401e-08 48 11270.3
77.9747 12820.9 6.67261e-08 96 11452.5
78.7999 13999.1 7.05933e-08 24 11820
79.2092 11820.9 5.86898e-08 48 12005.1
79.6165 13430 6.56611e-08 108 12191.3
80.0216 13386.1 6.44573e-08 72 12378.3
80.4248 8763.1 4.1565e-08 30 12566.4
80.8259 15315.9 7.157e-08 168 12755.3
81.225 10782.8 4.96479e-08 48 12945.2
82.0175 16432.1 7.34877e-08 72 13327.8
82.4109 15273.5 6.73323e-08 96 13520.5
82.8024 13150.5 5.7155e-08 72 13714.1
83.192 10175.8 4.36076e-08 72 13908.7
83.5799 9101.09 3.84616e-08 32 14104.1
83.9659 13046 5.43759e-08 72 14300.4
84.3502 14841.7 6.10191e-08 144 14497.7
85.4927 13693.4 5.40708e-08 96 15094.8
85.8702 16007.7 6.23794e-08 96 15295.6
86.246 20117.8 7.73755e-08 48 15497.3
86.6201 18381.6 6.97857e-08 72 15699.9
86.9927 13350.3 5.00359e-08 120 15903.4
87.3637 13276.3 4.91276e-08 72 16107.7
88.1009 12943.3 4.67029e-08 48 16518.9
88.4672 15557 5.54392e-08 78 16725.8
88.8321 17728.3 6.24017e-08 120 16933.6
89.1954 23162.3 8.05367e-08 48 17142.2
89.9176 19844 6.73496e-08 144 17562
90.2766 15284.6 5.12588e-08 144 17773.2
90.9902 46565 1.52516e-07 12 18198
91.345 18875.8 6.11071e-08 144 18411.7
91.6983 22887.2 7.324e-08 48 18626.2
92.0504 17404.8 5.50597e-08 120 18841.6
92.401 25247.8 7.89647e-08 48 19057.7
92.7504 19721.1 6.09852e-08 48 19274.7
93.0984 19546.7 5.97704e-08 168 19492.5
93.7906 14530.9 4.34564e-08 48 19930.5
94.1348 20491.7 6.06134e-08 96 20150.7
94.4777 19542 5.7177e-08 96 20371.8
94.8194 23012.9 6.66068e-08 72 20593.6
95.1599 12921.3 3.69984e-08 48 20816.2
95.4991 21997.2 6.23174e-08 96 21039.7
95.8372 15812.7 4.43246e-08 48 21263.9
96.5097 25370.6 6.96396e-08 30 21714.7
96.8442 28000.7 7.60653e-08 96 21941.3
97.1776 22502.5 6.05022e-08 192 22168.6
97.5099 19409.3 5.16539e-08 56 22396.8
97.841 27675.5 7.29076e-08 24 22625.7
98.1709 25554 6.66422e-08 168 22855.4
98.4998 21290.4 5.49689e-08 120 23085.9
99.1543 26586.6 6.72927e-08 72 23549.2
99.4799 26546.6 6.65338e-08 144 23781.9
99.8045 22353.3 5.54792e-08 96 24015.5
100.128 26157.4 6.42935e-08 96 24249.8
100.772 21863.3 5.27153e-08 72 24720.6
101.092 25646.7 6.12514e-08 96 24957.2
101.73 22595.6 5.29559e-08 24 25432.5
102.048 24195 5.61768e-08 192 25671.3
102.364 24560.2 5.64975e-08 108 25910.9
102.679 26080 5.94424e-08 24 26151.2
102.994 26013.4 5.87492e-08 96 26392.2
103.307 32055.9 7.17386e-08 96 26634
103.62 21703.2 4.81317e-08 120 26876.5
104.242 25283.9 5.50746e-08 48 27363.6
104.552 29043 6.27021e-08 78 27608.3
104.861 31836.8 6.81282e-08 144 27853.7
105.169 26175.1 5.55218e-08 120 28099.9
105.476 23370.8 4.91417e-08 24 28346.7
105.782 36230.5 7.55223e-08 168 28594.3
106.088 26187.4 5.41175e-08 144 28842.6
106.696 18628.4 3.78423e-08 24 29341.3
106.998 19514 3.93058e-08 48 29591.7
107.3 30291.7 6.05011e-08 96 29842.8
107.601 28900.9 5.72403e-08 120 30094.7
107.901 28063.4 5.5119e-08 72 30347.2
108.2 33156.8 6.4584e-08 120 30600.4
108.499 30580.3 5.90752e-08 144 30854.4
109.093 28228.2 5.36447e-08 48 31364.4
109.39 33317.6 6.28038e-08 192 31620.4
109.685 38717.6 7.23951e-08 144 31877.1
109.979 29457.3 5.46387e-08 48 32134.6
110.566 36423.4 6.64903e-08 192 32651.5
110.858 31953.8 5.78711e-08 48 32910.9
111.44 31688.4 5.64961e-08 8 33431.9
111.971 26994 4.74456e-08 288 33911.8
112.307 34120.5 5.94339e-08 96 34218.6
112.595 38432.3 6.64328e-08 54 34482.1
112.882 33073.5 5.6735e-08 120 34746.4
113.168 38359.3 6.53046e-08 120 35011.3
113.738 35055.8 5.87876e-08 84 35543.1
114.022 35760.2 5.95218e-08 144 35810
114.305 37289.7 6.16074e-08 72 36077.5
114.588 27911.2 4.57726e-08 96 36345.8
115.057 39153.2 6.34263e-08 144 36794.2
115.431 40833 6.5506e-08 240 37154.4
115.99 46850.2 7.40776e-08 24 37696.8
116.269 44669.9 7.01239e-08 240 37969
116.547 34548.8 5.38486e-08 96 38241.8
116.962 39725.2 6.12594e-08 144 38652.1
117.376 32527.1 4.96301e-08 96 39064.2
117.651 32406.8 4.91005e-08 72 39339.7
118.2 42237.3 6.31081e-08 96 39892.4
118.473 44200.9 6.55861e-08 96 40169.8
118.867 35060.4 5.15083e-08 216 40571.4
119.56 45410.8 6.55603e-08 192 41285.6
119.83 49071.4 7.0367e-08 144 41566.1
120.369 35290 4.99287e-08 48 42129.1
120.637 48218.4 6.77656e-08 150 42411.5
120.905 49361.3 6.89119e-08 96 42694.6
121.172 49115.6 6.81163e-08 120 42978.2
121.629 40624.4 5.57081e-08 168 43465.9
121.97 44485 6.04912e-08 240 43833
122.499 61016.6 8.19004e-08 24 44406
122.921 43998.1 5.84516e-08 360 44866
123.289 48985.2 6.44961e-08 48 45270.1
123.551 46551.4 6.09025e-08 72 45559.4
123.917 43025.4 5.57925e-08 240 45965.2
124.977 50469.7 6.37948e-08 276 47154.8
125.37 52096.1 6.52328e-08 104 47601.4
125.628 59936.4 7.45892e-08 72 47895.5
126.003 55129.3 6.79953e-08 312 48326.3
126.653 44841.6 5.44595e-08 96 49078.1
127.035 51235.2 6.16644e-08 288 49523.8
127.417 47583.7 5.67568e-08 168 49971.3
127.923 45573.7 5.3716e-08 48 50569.7
128.176 57995.5 6.79538e-08 192 50869.8
128.68 34755.3 4.02468e-08 6 51471.9
128.931 51715.4 5.95375e-08 192 51773.7
129.181 50140.2 5.73887e-08 96 52076.2
129.556 62770.1 7.12227e-08 192 52530.9
129.93 46864.2 5.2717e-08 216 52987.2
130.179 46543.4 5.20566e-08 72 53292
130.675 43161.8 4.77269e-08 96 53903.3
131.098 56125.4 6.14622e-08 336 54429.1
131.415 53531.5 5.81987e-08 48 54824.8
131.886 54768.6 5.89082e-08 288 55416.1
132.151 62622.2 6.69504e-08 192 55751.4
132.64 68417.7 7.23411e-08 48 56372
132.884 60200.9 6.33037e-08 96 56683.1
133.237 54845.9 5.7215e-08 264 57136.6
133.612 52275.5 5.4076e-08 96 57620
134.022 63341.6 6.49226e-08 240 58153.1
134.776 61630.1 6.21142e-08 288 59140.1
135.056 52544.5 5.26288e-08 96 59509.1
135.295 62516.2 6.2285e-08 72 59825.9
135.875 52145.9 5.12915e-08 336 60597.5
136.66 41410.2 4.00332e-08 138 61654.9
136.958 50894.8 4.88818e-08 240 62059.3
137.273 44348.3 4.23022e-08 144 62487.7
137.768 59796.9 5.64256e-08 384 63165.9
138.512 70236.3 6.52142e-08 312 64194.7
138.835 59756 5.50969e-08 72 64644.9
139.12 65969 6.04522e-08 248 65044.1
139.671 66222.8 5.99697e-08 240 65819.7
140.225 88906.6 7.95598e-08 24 66607.1
140.456 84767.5 7.54831e-08 192 66936
140.739 74172.6 6.5651e-08 312 67341.5
141.282 59974.2 5.24737e-08 240 68124.4
141.602 71602.5 6.22237e-08 96 68588.7
142.058 84536.7 7.27585e-08 48 69253.5
142.46 73242 6.25065e-08 408 69841.8
142.74 70335.7 5.96733e-08 144 70254.8
143.192 78237.5 6.57501e-08 120 70924.9
143.418 66314.7 5.54676e-08 144 71260.8
144.072 72092.1 5.94819e-08 264 72240.8
144.429 73273.9 6.00103e-08 192 72778.6
144.765 51117.3 4.15739e-08 102 73287.1
145.124 75879.8 6.1256e-08 432 73834.3
145.655 61933.2 4.94519e-08 48 74648.4
145.933 67705.6 5.37535e-08 384 75075.5
146.43 68908.1 5.41522e-08 144 75846.3
146.882 61455.1 4.78516e-08 264 76549.4
147.567 78990.5 6.06521e-08 144 77626.4
147.956 92050.3 7.01238e-08 324 78242.1
148.487 68751.8 5.18158e-08 384 79086.5
148.731 73867.2 5.53966e-08 216 79478.4
149.262 81320.1 6.03379e-08 216 80331.9
149.707 89936.4 6.61381e-08 240 81052.1
150.246 75376.9 5.48366e-08 168 81931
150.461 80084.5 5.80118e-08 240 82283.3
151.081 80814.8 5.78235e-08 216 83304.1
151.389 90040 6.40307e-08 288 83816.1
151.83 72857.5 5.13616e-08 240 84550.4
152.171 89741.8 6.28406e-08 72 85120.5
152.704 90974.9 6.30395e-08 246 86018
153.087 80022.9 5.50348e-08 320 86667.6
153.616 91109.5 6.20144e-08 288 87569.2
153.862 81041.3 5.48978e-08 144 87989.6
154.491 77278.8 5.17119e-08 288 89073.7
154.819 103121 6.85665e-08 336 89643.2
155.266 72743.6 4.79514e-08 168 90421.9
155.534 103206 6.76815e-08 336 90890.2
156.088 91618.4 5.94453e-08 288 91864
156.42 90910.7 5.86109e-08 264 92452.1
156.983 80374.1 5.12624e-08 240 93453.9
157.189 102002 6.48011e-08 96 93822
157.764 82093.7 5.15855e-08 120 94855.4
158.118 95546.5 5.96365e-08 408 95495.4
158.708 97842.9 6.03908e-08 456 96569.2
159.233 87613.8 5.35443e-08 108 97530.2
159.528 85780.5 5.21336e-08 264 98073.4
159.896 97130.1 5.86245e-08 264 98754
160.4 104900 6.27188e-08 312 99691.1
161.028 100789 5.95591e-08 270 100866
161.291 98660.7 5.80165e-08 240 101361
161.764 106525 6.2093e-08 384 102256
162.051 113415 6.57583e-08 192 102801
162.715 101105 5.79067e-08 432 104070
163.046 118513 6.74642e-08 144 104706
163.541 100463 5.66712e-08 480 105663
164.166 130829 7.29611e-08 216 106879
164.565 103987 5.75713e-08 312 107659
164.931 112749 6.20083e-08 216 108379
165.36 100288 5.47263e-08 192 109228
165.89 102798 5.55605e-08 624 110281
166.306 107492 5.76622e-08 120 111113
166.661 106110 5.65577e-08 336 111827
167.318 111291 5.86238e-08 176 113153
167.594 113776 5.96365e-08 384 113715
168.136 126218 6.55215e-08 408 114820
168.7 89157.6 4.58194e-08 144 115982
169.024 101812 5.20228e-08 486 116651
169.656 129625 6.54966e-08 96 117964
169.847 121466 6.11677e-08 384 118362
170.514 116494 5.7978e-08 492 119763
170.985 135440 6.68515e-08 384 120758
171.363 127301 6.2419e-08 168 121561
172.009 120725 5.85306e-08 504 122940
172.342 129052 6.2206e-08 240 123655
172.719 123185 5.89902e-08 456 124468
173.376 99880.4 4.72883e-08 264 125895
173.811 134865 6.33734e-08 384 126844
174.274 113758 5.30302e-08 432 127862
174.851 151533 6.99434e-08 216 129134
175.159 115032 5.28157e-08 360 129818
175.707 122648 5.57872e-08 312 131041
176.349 128765 5.79324e-08 240 132482
176.68 133424 5.96915e-08 414 133230
177.22 152074 6.74147e-08 552 134456
177.785 124289 5.45737e-08 360 135746
178.159 143486 6.26076e-08 432 136604
178.699 145998 6.31279e-08 480 137849
179.295 149243 6.38893e-08 288 139234
179.683 128209 5.45304e-08 312 140139
180.099 138610 5.85465e-08 360 141115
180.792 127570 5.32662e-08 576 142750
181.367 150242 6.21384e-08 464 144116
181.625 164774 6.78585e-08 192 144732
182.239 141798 5.78078e-08 396 146205
182.69 157382 6.36872e-08 432 147294
183.114 144683 5.8142e-08 240 148322
183.674 145622 5.79857e-08 624 149688
184.285 153369 6.04658e-08 504 151185
184.935 127994 4.99317e-08 198 152790
185.242 151637 5.88605e-08 600 153554
185.784 154403 5.94117e-08 384 154904
186.351 162126 6.18155e-08 432 156328
186.841 157172 5.94566e-08 336 157563
187.285 157968 5.93332e-08 336 158691
187.853 161268 6.00249e-08 744 160139
188.461 151918 5.59997e-08 624 161698
189.041 164591 6.01145e-08 192 163195
189.392 150156 5.45377e-08 432 164107
189.907 162650 5.85967e-08 504 165448
190.514 173867 6.20408e-08 336 167040
190.971 143293 5.07645e-08 456 168246
191.376 171478 6.03647e-08 408 169319
191.948 175037 6.10692e-08 696 170839
192.6 181125 6.2553e-08 384 172588
193.275 188937 6.45696e-08 330 174409
193.727 187019 6.3468e-08 624 175635
194.189 195813 6.59795e-08 384 176893
194.686 194105 6.49044e-08 728 178256
195.277 201178 6.66598e-08 432 179886
195.932 166622 5.46578e-08 696 181702
196.361 171832 5.59984e-08 408 182897
197.017 181656 5.86112e-08 456 184735
197.376 181184 5.81403e-08 408 185747
197.93 199462 6.34693e-08 528 187316
198.648 194565 6.12423e-08 576 189362
199.186 200089 6.24722e-08 672 190905
199.791 189965 5.87739e-08 384 192650
200.327 206909 6.35038e-08 600 194204
200.825 184232 5.61243e-08 294 195657
201.287 195892 5.92666e-08 600 197009
201.814 199570 5.99071e-08 768 198562
202.504 199104 5.91585e-08 648 200606
203.077 185926 5.47772e-08 408 202311
203.668 197566 5.77014e-08 552 204083
204.218 187395 5.42892e-08 648 205743
204.837 189882 5.45129e-08 348 207618
205.201 198791 5.67669e-08 744 208728
205.887 198938 5.62435e-08 672 210827
206.458 217316 6.09305e-08 456 212587
206.934 203744 5.67322e-08 600 214060
207.512 222412 6.14143e-08 744 215858
208.097 203384 5.56878e-08 288 217689
208.791 223339 6.05434e-08 704 219876
209.296 241298 6.49398e-08 678 221474
209.933 254800 6.79509e-08 648 223503
210.554 235499 6.22496e-08 648 225493
211.142 230865 6.05162e-08 696 227388
211.654 237384 6.17749e-08 696 229045
212.374 242675 6.25119e-08 552 231389
212.884 262462 6.71241e-08 840 233060
213.609 229458 5.80875e-08 600 235451
214.158 219777 5.52104e-08 696 237269
214.794 241569 6.01473e-08 672 239389
215.306 225428 5.57285e-08 552 241108
216 256431 6.27844e-08 492 243444
216.542 240834 5.85238e-08 840 245282
217.147 251429 6.0589e-08 606 247344
217.726 248468 5.93986e-08 936 249329
218.389 240749 5.70313e-08 528 251612
218.855 257318 6.05673e-08 696 253228
219.555 265421 6.18793e-08 648 255665
220.075 228642 5.29277e-08 936 257486
220.784 254444 5.83351e-08 384 259982
221.192 260380 5.9366e-08 864 261427
221.916 248808 5.61743e-08 768 264002
222.523 254649 5.70238e-08 528 266174
223.149 259041 5.75209e-08 776 268425
223.759 272720 6.00639e-08 960 270635
224.376 249544 5.4508e-08 696 272877
224.869 287803 6.24517e-08 582 274682
225.664 264613 5.68151e-08 1008 277605
226.234 297196 6.33296e-08 408 279715
226.796 311903 6.59714e-08 960 281802
227.531 271952 5.69649e-08 852 284554
228.14 279019 5.79785e-08 912 286845
228.844 304172 6.26243e-08 1032 289505
229.334 256053 5.23799e-08 384 291370
230.052 296624 6.01132e-08 864 294114
230.602 290545 5.84606e-08 840 296231
231.238 290023 5.78754e-08 912 298688
232.023 288469 5.69833e-08 792 301739
232.609 325104 6.37354e-08 744 304033
233.328 304360 5.9119e-08 726 306860
233.873 320650 6.18483e-08 984 309018
234.491 325672 6.23221e-08 912 311472
235.174 323507 6.137e-08 1104 314201
235.838 333738 6.27773e-08 744 316872
236.64 330975 6.16268e-08 968 320115
237.102 338941 6.27419e-08 672 321993
237.764 311784 5.72345e-08 984 324696
238.52 335447 6.09943e-08 840 327805
239.12 333988 6.02731e-08 1092 330284
239.888 375712 6.71538e-08 840 333476
240.424 336831 5.98025e-08 720 335717
241.164 344398 6.05847e-08 1110 338827
241.846 334924 5.8421e-08 1056 341710
242.467 335946 5.81503e-08 888 344348
243.171 370990 6.36601e-08 936 347356
243.815 377460 6.42586e-08 912 350122
244.525 369415 6.23429e-08 1104 353190
245.217 358100 5.99225e-08 912 356200
245.869 355644 5.90394e-08 1104 359049
246.608 371398 6.11021e-08 1128 362296
247.294 352239 5.74695e-08 768 365326
247.85 361609 5.86017e-08 888 367798
248.519 392335 6.30692e-08 1224 370783
249.45 396006 6.29497e-08 750 374963
249.899 389723 6.16173e-08 1092 376994
250.695 387252 6.06451e-08 1472 380609
251.481 406660 6.30892e-08 792 384199
252.08 374337 5.76616e-08 1080 386951
252.799 371026 5.66656e-08 1584 390269
253.532 359547 5.44375e-08 624 393675
254.2 413651 6.21362e-08 1248 396798
254.861 400446 5.96863e-08 888 399899
255.614 391004 5.77654e-08 912 403454
256.265 435529 6.38538e-08 1368 406547
256.953 401762 5.84316e-08 966 409828
257.704 418864 6.03875e-08 1536 413434
258.54 432954 6.18158e-08 1152 417467
259.243 409362 5.79731e-08 1008 420884
259.932 421456 5.92124e-08 1248 424248
260.541 413635 5.77069e-08 1056 427237
261.264 429881 5.94769e-08 1188 430805
262.042 425866 5.83983e-08 1152 434663
262.821 452101 6.14465e-08 1560 438550
263.607 433766 5.84287e-08 1128 442496
264.241 462663 6.18731e-08 1152 445700
264.937 471238 6.25247e-08 920 449230
265.674 474494 6.24343e-08 1470 452989
266.462 472418 6.16112e-08 1200 457032
267.211 443985 5.74176e-08 1440 460896
267.851 507695 6.5187e-08 1224 464218
268.643 468791 5.96616e-08 1296 468344
269.491 488452 6.15787e-08 1560 472794
270.234 488164 6.10358e-08 1272 476717
270.856 503623 6.25359e-08 1080 480017
271.599 492568 6.06624e-08 1368 483980
272.391 487746 5.95462e-08 1248 488225
273.221 484089 5.85631e-08 1194 492698
273.902 498299 5.98333e-08 1752 496394
274.742 483993 5.75842e-08 1392 500974
275.414 494706 5.8429e-08 1440 504660
276.257 510727 5.9771e-08 1488 509306
277.053 504666 5.85541e-08 1248 513721
277.725 558431 6.43229e-08 1512 517468
278.494 498789 5.69782e-08 1112 521781
279.334 548708 6.21167e-08 1848 526517
280.018 538579 6.05243e-08 1224 530396
280.822 529700 5.90172e-08 1536 534973
281.662 513514 5.67034e-08 1638 539788
282.432 562741 6.16322e-08 1392 544228
283.2 512360 5.56592e-08 1632 548679
284.096 543583 5.84938e-08 1452 553906
284.778 510514 5.45417e-08 1680 557903
285.519 596007 6.31811e-08 1320 562269
286.288 578758 6.08591e-08 1752 566828
287.181 615780 6.415e-08 1776 572149
288.046 586047 6.0504e-08 1104 577335
288.664 605412 6.21033e-08 1728 581054
289.525 606823 6.1694e-08 1446 586273
290.308 588282 5.93261e-08 1920 591043
291.216 590936 5.90381e-08 1896 596607
291.958 597074 5.9198e-08 1176 601176
292.671 619997 6.10226e-08 1856 605591
293.489 623155 6.08218e-08 1896 610684
294.361 591734 5.72431e-08 1464 616145
295.283 609495 5.8411e-08 1968 621951
296.06 639075 6.07646e-08 1548 626876
296.89 645375 6.08503e-08 1944 632163
297.701 637412 5.961e-08 1470 637355
298.52 655355 6.07852e-08 1920 642627
299.349 661238 6.08223e-08 2184 648000
300.237 658702 6.0053e-08 1464 653785
300.944 643381 5.82438e-08 1608 658413
301.799 621371 5.57748e-08 1944 664038
302.665 725959 6.46048e-08 1872 669773
303.492 699477 6.17405e-08 2256 675280
304.337 687066 6.01416e-08 1632 680932
305.241 636866 5.52532e-08 1542 687023
306.043 691435 5.95174e-08 2216 692449
306.919 701163 5.98392e-08 2052 698414
307.758 696628 5.89677e-08 1680 704153
308.566 693582 5.82497e-08 2280 709716
309.463 732057 6.09481e-08 1968 715920
310.346 724977 5.9845e-08 2016 722066
311.163 736556 6.03228e-08 1968 727787
312.111 743617 6.03478e-08 1920 734460
313.019 729495 5.86883e-08 2400 740885
313.95 747859 5.9632e-08 1974 747516
314.65 765095 6.05997e-08 1944 752532
315.544 776960 6.1018e-08 1920 758963
316.375 742180 5.78283e-08 2280 764977
317.216 742041 5.7359e-08 1968 771092
318.134 802734 6.15151e-08 2220 777804
319.043 773391 5.87611e-08 2352 784494
319.967 772360 5.81761e-08 1968 791325
320.822 799361 5.97295e-08 2504 797691
321.782 823301 6.09695e-08 2118 804870
322.658 797730 5.85963e-08 2352 811458
323.544 822368 5.9911e-08 2136 818163
324.413 825558 5.96611e-08 2112 824776
325.282 836328 5.99568e-08 2472 831416
326.174 885358 6.2952e-08 2376 838281
327.078 827137 5.83259e-08 2304 845270
328.053 867278 6.06128e-08 2448 852852
328.955 869616 6.0278e-08 2280 859902
329.961 842731 5.78815e-08 2466 867820
330.774 844352 5.75665e-08 2256 874246
331.661 881986 5.9651e-08 2472 881301
332.581 872049 5.84911e-08 2856 888652
333.504 907429 6.03601e-08 2112 896072
334.499 912148 6.01339e-08 2720 904119
335.416 909456 5.94659e-08 2136 911577
336.226 916768 5.95123e-08 2736 918191
337.22 944479 6.07702e-08 2376 926365
338.215 944317 6.02253e-08 3126 934586
339.243 929583 5.87484e-08 2568 943132
339.994 895989 5.62508e-08 2112 949411
340.955 968451 6.02875e-08 2748 957482
341.947 945414 5.83424e-08 2928 965869
342.851 941401 5.76367e-08 2640 973544
343.881 966618 5.86505e-08 2856 982343
344.792 914111 5.50258e-08 2352 990177
345.768 999641 5.96665e-08 2910 998604
346.696 1.04427e+06 6.1831e-08 2784 1.00667e+06
347.696 992554 5.82632e-08 2952 1.01541e+06
348.648 1.03295e+06 6.0139e-08 2696 1.02377e+06
349.573 1.03996e+06 6.00683e-08 3264 1.03194e+06
350.572 1.04237e+06 5.9694e-08 2472 1.04081e+06
351.541 1.04924e+06 5.95918e-08 3024 1.04946e+06
352.612 1.07439e+06 6.04657e-08 2964 1.05909e+06
353.557 1.0698e+06 5.97264e-08 2910 1.06762e+06
354.497 1.06614e+06 5.90493e-08 2880 1.07617e+06
355.414 1.0643e+06 5.84926e-08 3216 1.08454e+06
356.53 1.06611e+06 5.80438e-08 3096 1.09478e+06
357.43 1.08583e+06 5.86713e-08 2880 1.1031e+06
358.434 1.09205e+06 5.85132e-08 2904 1.11242e+06
359.44 1.09704e+06 5.82887e-08 3504 1.12181e+06
360.458 1.15057e+06 6.06162e-08 3168 1.13137e+06
361.559 1.12587e+06 5.87746e-08 3054 1.14176e+06
362.446 1.16777e+06 6.05152e-08 3032 1.15019e+06
363.444 1.15965e+06 5.9601e-08 3000 1.15972e+06
364.47 1.19536e+06 6.09189e-08 3780 1.16957e+06
365.549 1.15585e+06 5.83852e-08 3504 1.17999e+06
366.568 1.20461e+06 6.03425e-08 2904 1.18988e+06
367.533 1.15443e+06 5.73747e-08 3336 1.1993e+06
368.538 1.19539e+06 5.89255e-08 3144 1.20917e+06
369.551 1.25047e+06 6.1135e-08 3414 1.21917e+06
370.659 1.22785e+06 5.94921e-08 3552 1.23017e+06
371.545 1.23354e+06 5.93419e-08 2928 1.23901e+06
372.509 1.21717e+06 5.81004e-08 3840 1.24868e+06
373.613 1.24939e+06 5.91112e-08 3312 1.25982e+06
374.63 1.27533e+06 5.98488e-08 3432 1.27013e+06
375.674 1.31548e+06 6.12195e-08 3596 1.28078e+06
376.812 1.31454e+06 6.06231e-08 4224 1.29245e+06
377.946 1.31449e+06 6.00768e-08 3294 1.30416e+06
378.905 1.33549e+06 6.05742e-08 3792 1.31411e+06
379.935 1.38189e+06 6.21706e-08 3528 1.32486e+06
381.122 1.35181e+06 6.0251e-08 3984 1.33731e+06
382.114 1.32215e+06 5.84712e-08 3768 1.34778e+06
383.151 1.35118e+06 5.92711e-08 3672 1.35878e+06
384.18 1.41454e+06 6.15531e-08 3384 1.36977e+06
385.199 1.37157e+06 5.9211e-08 3648 1.38069e+06
386.32 1.37993e+06 5.90549e-08 4098 1.39277e+06
387.377 1.40544e+06 5.96556e-08 4008 1.40424e+06
388.485 1.40861e+06 5.92799e-08 4032 1.41633e+06
389.498 1.42575e+06 5.95343e-08 3800 1.42743e+06
390.569 1.42621e+06 5.90648e-08 3816 1.43924e+06
391.7 1.45387e+06 5.96906e-08 4248 1.45178e+06
392.769 1.47868e+06 6.02148e-08 3720 1.46369e+06
393.856 1.51326e+06 6.11141e-08 4254 1.47588e+06
394.945 1.46379e+06 5.86284e-08 4224 1.48816e+06
396.062 1.49633e+06 5.94261e-08 4368 1.50083e+06
397.195 1.48035e+06 5.82897e-08 4104 1.51374e+06
398.311 1.5094e+06 5.89353e-08 4500 1.52654e+06
399.391 1.56609e+06 6.06545e-08 3480 1.53898e+06
400.481 1.49887e+06 5.75785e-08 5328 1.55162e+06
401.634 1.55513e+06 5.92264e-08 3342 1.56506e+06
402.677 1.58824e+06 6.00183e-08 4800 1.57729e+06
403.868 1.60775e+06 6.02202e-08 4184 1.59132e+06
404.934 1.6482e+06 6.12491e-08 5064 1.60395e+06
406.082 1.60454e+06 5.91217e-08 4032 1.61764e+06
407.201 1.59496e+06 5.8286e-08 4632 1.63105e+06
408.351 1.65055e+06 5.98091e-08 4680 1.64491e+06
409.484 1.61492e+06 5.80334e-08 3924 1.65864e+06
410.59 1.63802e+06 5.83895e-08 5166 1.67211e+06
411.726 1.72674e+06 6.10437e-08 4800 1.68603e+06
412.901 1.70382e+06 5.97206e-08 4560 1.70051e+06
414.001 1.72927e+06 6.01308e-08 4584 1.71414e+06
415.151 1.70845e+06 5.89146e-08 4848 1.72846e+06
416.249 1.79725e+06 6.14878e-08 4560 1.74221e+06
417.535 1.75101e+06 5.93541e-08 5600 1.7584e+06
418.686 1.76976e+06 5.94964e-08 4686 1.77298e+06
419.855 1.81074e+06 6.03668e-08 5016 1.78788e+06
421.054 1.77763e+06 5.87582e-08 4956 1.80324e+06
422.113 1.84598e+06 6.05592e-08 4872 1.81688e+06
423.328 1.83635e+06 5.97263e-08 5376 1.83261e+06
424.545 1.82809e+06 5.89474e-08 5088 1.84847e+06
425.69 1.89271e+06 6.05401e-08 4710 1.86347e+06
426.835 1.90039e+06 6.0298e-08 4848 1.87854e+06
427.985 1.93646e+06 6.09486e-08 5976 1.89376e+06
429.2 1.92357e+06 6.00302e-08 5208 1.90993e+06
430.405 1.99842e+06 6.18437e-08 5352 1.92607e+06
431.6 1.95843e+06 6.0104e-08 4820 1.94216e+06
432.743 1.92437e+06 5.85918e-08 5760 1.95763e+06
433.954 2.02789e+06 6.12284e-08 5166 1.97412e+06
435.188 2.01841e+06 6.04253e-08 6168 1.991e+06
436.422 1.99277e+06 5.91531e-08 5136 2.00798e+06
437.637 2.04834e+06 6.02973e-08 6240 2.02481e+06
438.922 2.11052e+06 6.15836e-08 5568 2.0427e+06
440.112 2.05918e+06 5.95998e-08 5712 2.05935e+06
441.308 2.11858e+06 6.08218e-08 5520 2.07618e+06
442.568 1.99141e+06 5.6684e-08 5670 2.09402e+06
443.761 2.11845e+06 5.98149e-08 6036 2.111e+06
445.017 2.10122e+06 5.88274e-08 6264 2.12898e+06
446.297 2.07419e+06 5.75727e-08 5912 2.14739e+06
447.472 2.14799e+06 5.91527e-08 5736 2.1644e+06
448.662 2.21289e+06 6.04564e-08 5400 2.18171e+06
449.929 2.22197e+06 6.01932e-08 6342 2.20025e+06
451.219 2.17215e+06 5.83399e-08 7032 2.21924e+06
452.483 2.17543e+06 5.79402e-08 5448 2.23793e+06
453.686 2.275e+06 6.01113e-08 6528 2.25582e+06
455.01 2.32371e+06 6.08639e-08 6468 2.27563e+06
456.302 2.28453e+06 5.93309e-08 6528 2.29507e+06
457.487 2.26795e+06 5.84436e-08 5568 2.313e+06
458.712 2.29837e+06 5.87545e-08 6798 2.33163e+06
460.09 2.33279e+06 5.90998e-08 6560 2.35271e+06
461.321 2.40297e+06 6.0392e-08 6888 2.37165e+06
462.613 2.37911e+06 5.92926e-08 6624 2.39163e+06
463.886 2.44763e+06 6.04997e-08 6288 2.41142e+06
465.161 2.41804e+06 5.9278e-08 6960 2.43136e+06
466.517 2.45081e+06 5.9559e-08 6570 2.45269e+06
467.702 2.42404e+06 5.84616e-08 6600 2.47144e+06
469.04 2.5056e+06 5.99131e-08 7776 2.4927e+06
470.459 2.54338e+06 6.02679e-08 7248 2.51539e+06
471.78 2.60645e+06 6.12451e-08 6672 2.53664e+06
473.02 2.53917e+06 5.9196e-08 6704 2.5567e+06
474.279 2.56009e+06 5.92096e-08 6942 2.57717e+06
475.618 2.60899e+06 5.98325e-08 7656 2.59905e+06
476.939 2.65421e+06 6.03651e-08 7128 2.62077e+06
478.33 2.60781e+06 5.87941e-08 7908 2.64376e+06
479.632 2.72422e+06 6.09198e-08 6648 2.66541e+06
480.845 2.64111e+06 5.86153e-08 7320 2.68569e+06
482.277 2.78595e+06 6.12808e-08 7638 2.70975e+06
483.589 2.75005e+06 6e-08 7416 2.73193e+06
484.867 2.82001e+06 6.10411e-08 7752 2.75365e+06
486.296 2.82393e+06 6.0589e-08 8448 2.77806e+06
487.682 2.91916e+06 6.20993e-08 7280 2.80189e+06
489.022 2.80961e+06 5.92792e-08 7668 2.82504e+06
490.366 2.8753e+06 6.01677e-08 8094 2.8484e+06
491.698 2.93629e+06 6.09457e-08 7656 2.87168e+06
493.062 2.857e+06 5.88092e-08 8160 2.89565e+06
494.434 2.88146e+06 5.88202e-08 8472 2.91989e+06
495.863 2.96103e+06 5.99235e-08 7896 2.94527e+06
497.177 2.96763e+06 5.95822e-08 8088 2.96874e+06
498.568 3.05947e+06 6.09134e-08 8286 2.99373e+06
499.992 3.02984e+06 5.98096e-08 8676 3.01946e+06
501.353 2.99163e+06 5.85758e-08 8120 3.04418e+06
502.724 3.06535e+06 5.95294e-08 9024 3.06923e+06
504.146 3.11424e+06 5.99684e-08 8160 3.09535e+06
505.492 3.11211e+06 5.945e-08 7944 3.1202e+06
506.883 3.11571e+06 5.90301e-08 8982 3.14604e+06
508.301 3.16873e+06 5.95334e-08 9528 3.17252e+06
509.763 3.20703e+06 5.97362e-08 8832 3.19996e+06
511.225 3.27912e+06 6.05565e-08 8916 3.22757e+06
512.624 3.23261e+06 5.921e-08 9240 3.25415e+06
514.037 3.24442e+06 5.89378e-08 8502 3.28113e+06
515.448 3.31717e+06 5.9766e-08 9416 3.30822e+06
516.848 3.30169e+06 5.90047e-08 8976 3.33526e+06
518.29 3.31491e+06 5.87482e-08 9432 3.36324e+06
519.73 3.37511e+06 5.93189e-08 9864 3.39137e+06
521.211 3.45656e+06 6.02341e-08 9024 3.42044e+06
522.661 3.44057e+06 5.9458e-08 9762 3.44906e+06
524.084 3.48622e+06 5.97575e-08 9264 3.4773e+06
525.512 3.523e+06 5.9897e-08 10056 3.5058e+06
526.971 3.49269e+06 5.88898e-08 9936 3.53509e+06
528.52 3.6525e+06 6.10442e-08 9624 3.56636e+06
529.893 3.61043e+06 5.98733e-08 9752 3.59423e+06
531.395 3.7177e+06 6.1131e-08 10446 3.62487e+06
532.886 3.77669e+06 6.15813e-08 10056 3.65547e+06
534.33 3.67505e+06 5.94396e-08 9876 3.68526e+06
535.856 3.7478e+06 6.00997e-08 11160 3.71693e+06
537.351 3.78553e+06 6.01995e-08 10128 3.74812e+06
538.857 3.88917e+06 6.13306e-08 9726 3.77972e+06
540.292 3.78374e+06 5.91938e-08 11112 3.81e+06
541.829 3.82421e+06 5.93192e-08 10776 3.84261e+06
543.283 3.80141e+06 5.84933e-08 10232 3.87363e+06
544.797 3.8712e+06 5.90721e-08 11184 3.90611e+06
546.395 3.9837e+06 6.02568e-08 11058 3.94059e+06
547.918 4.00165e+06 6.00251e-08 11472 3.97362e+06
549.394 3.97507e+06 5.91471e-08 10464 4.00582e+06
550.856 3.99945e+06 5.9037e-08 10584 4.0379e+06
552.438 4.12477e+06 6.03656e-08 12504 4.07277e+06
553.995 4.13913e+06 6.00663e-08 10560 4.10732e+06
555.487 4.15883e+06 5.98673e-08 11694 4.14058e+06
557.062 4.18192e+06 5.96905e-08 11420 4.17591e+06
558.601 4.18869e+06 5.92944e-08 12504 4.21061e+06
560.134 4.25115e+06 5.96857e-08 10800 4.24538e+06
561.718 4.28852e+06 5.97025e-08 12456 4.28149e+06
563.318 4.33241e+06 5.98011e-08 12030 4.31818e+06
564.827 4.39076e+06 6.01221e-08 11232 4.35297e+06
566.351 4.36876e+06 5.9339e-08 13176 4.38832e+06
567.977 4.43287e+06 5.96943e-08 11196 4.42621e+06
569.488 4.52727e+06 6.04816e-08 12720 4.46163e+06
571.076 4.53152e+06 6.00347e-08 11918 4.49906e+06
572.644 4.48272e+06 5.89016e-08 13392 4.53622e+06
574.302 4.68115e+06 6.09776e-08 12600 4.57575e+06
575.906 4.70741e+06 6.08087e-08 13200 4.61419e+06
577.52 4.63195e+06 5.93338e-08 12864 4.65309e+06
579.111 4.71742e+06 5.99319e-08 12270 4.69165e+06
580.695 4.69625e+06 5.91761e-08 13668 4.73027e+06
582.31 4.79678e+06 5.99415e-08 13200 4.76983e+06
583.929 4.7626e+06 5.90205e-08 13416 4.80973e+06
585.558 4.76336e+06 5.85388e-08 12992 4.85009e+06
587.186 4.87606e+06 5.94267e-08 13806 4.89067e+06
588.791 4.98924e+06 6.03101e-08 13800 4.93088e+06
590.416 5.05997e+06 6.06617e-08 13056 4.9718e+06
592.022 4.96431e+06 5.90317e-08 14364 5.0125e+06
593.668 5.14559e+06 6.06797e-08 13248 5.05442e+06
595.325 5.07149e+06 5.93079e-08 15054 5.09686e+06
597.026 5.08235e+06 5.89285e-08 13680 5.14066e+06
598.633 5.11491e+06 5.88297e-08 15152 5.18229e+06
600.356 5.25729e+06 5.9948e-08 14376 5.22718e+06
601.981 5.09897e+06 5.76731e-08 13932 5.26974e+06
603.668 5.39252e+06 6.04835e-08 14910 5.31416e+06
605.328 5.31596e+06 5.91355e-08 15648 5.35813e+06
606.992 5.4545e+06 6.01792e-08 13680 5.40243e+06
608.681 5.38401e+06 5.89083e-08 15816 5.44765e+06
610.385 5.57437e+06 6.04817e-08 15030 5.49353e+06
612.048 5.5879e+06 6.01357e-08 15104 5.53856e+06
613.806 5.55396e+06 5.92583e-08 16548 5.58642e+06
615.522 5.59655e+06 5.92147e-08 15360 5.63341e+06
617.228 5.66048e+06 5.93958e-08 15768 5.68038e+06
618.905 5.71399e+06 5.94714e-08 14622 5.72679e+06
620.629 5.8141e+06 6.00104e-08 17568 5.77478e+06
622.429 5.75127e+06 5.88484e-08 16368 5.82518e+06
624.133 5.7585e+06 5.8441e-08 15960 5.87316e+06
625.863 5.88672e+06 5.92484e-08 15732 5.92212e+06
627.578 5.95218e+06 5.94173e-08 17006 5.97094e+06
629.313 6.02272e+06 5.96256e-08 16680 6.0206e+06
631.126 6.07144e+06 5.95915e-08 17712 6.07278e+06
632.844 6.10273e+06 5.94119e-08 15576 6.12253e+06
634.511 6.13945e+06 5.92997e-08 16974 6.17102e+06
636.325 6.24307e+06 5.97863e-08 17436 6.2241e+06
638.079 6.41867e+06 6.09624e-08 17952 6.27571e+06
639.88 6.37627e+06 6.00498e-08 17448 6.329e+06
641.626 6.44256e+06 6.01801e-08 17336 6.38095e+06
643.448 6.4817e+06 6.00329e-08 17958 6.43546e+06
645.236 6.46884e+06 5.9417e-08 19056 6.48927e+06
647.056 6.53807e+06 5.95475e-08 17304 6.54434e+06
648.81 6.58465e+06 5.94866e-08 18276 6.59772e+06
650.599 6.62739e+06 5.93803e-08 17838 6.65243e+06
652.365 6.7343e+06 5.98495e-08 18984 6.70676e+06
654.267 6.82196e+06 6.01015e-08 19616 6.76557e+06
656.049 6.74873e+06 5.89728e-08 18168 6.82103e+06
657.865 6.91075e+06 5.989e-08 19320 6.87782e+06
659.743 6.97887e+06 5.99655e-08 19170 6.93687e+06
661.508 6.93709e+06 5.91305e-08 19008 6.99272e+06
663.358 7.08788e+06 5.99117e-08 20472 7.05156e+06
665.241 7.22614e+06 6.05633e-08 19128 7.11176e+06
667.07 7.1921e+06 5.97836e-08 19998 7.17057e+06
668.912 7.34722e+06 6.05698e-08 19808 7.23015e+06
670.766 7.20708e+06 5.89233e-08 20724 7.29042e+06
672.65 7.27832e+06 5.9007e-08 19896 7.35204e+06
674.456 7.56034e+06 6.08022e-08 20304 7.41143e+06
676.388 7.53675e+06 6.00947e-08 21030 7.4753e+06
678.233 7.50197e+06 5.93304e-08 21168 7.53664e+06
680.119 7.58626e+06 5.94995e-08 20736 7.59966e+06
682.025 7.66531e+06 5.96168e-08 21356 7.66375e+06
683.962 7.75945e+06 5.98376e-08 22206 7.72924e+06
685.85 7.67996e+06 5.8737e-08 21360 7.79341e+06
687.747 7.95787e+06 6.03602e-08 21456 7.85826e+06
689.624 8.03059e+06 6.04157e-08 21648 7.92278e+06
691.543 7.99412e+06 5.96422e-08 22326 7.98909e+06
693.471 8.10121e+06 5.99384e-08 22212 8.0561e+06
695.345 8.09098e+06 5.938e-08 22128 8.1216e+06
697.259 8.24076e+06 5.99826e-08 22640 8.18884e+06
699.232 8.28181e+06 5.97725e-08 23022 8.25855e+06
701.21 8.35237e+06 5.97729e-08 24168 8.32885e+06
703.13 8.44888e+06 5.99698e-08 22416 8.39744e+06
705.104 8.51515e+06 5.9934e-08 23700 8.46836e+06
707.07 8.63107e+06 6.02444e-08 24222 8.53941e+06
709.022 8.62611e+06 5.9714e-08 22776 8.61032e+06
710.94 8.74135e+06 6.00232e-08 24296 8.68039e+06
712.937 8.80347e+06 5.99433e-08 24648 8.75373e+06
714.886 8.85644e+06 5.9812e-08 22926 8.82573e+06
716.842 9.06251e+06 6.07042e-08 25476 8.89836e+06
718.878 8.96285e+06 5.95279e-08 25608 8.9744e+06
720.869 9.12496e+06 6.01038e-08 24576 9.04918e+06
722.888 9.1247e+06 5.95999e-08 25134 9.12542e+06
724.881 9.30048e+06 6.02483e-08 25928 9.20111e+06
726.915 9.37487e+06 6.02219e-08 26136 9.27878e+06
728.95 9.24352e+06 5.88822e-08 25644 9.35694e+06
730.944 9.60177e+06 6.06651e-08 25926 9.43392e+06
732.99 9.3388e+06 5.85108e-08 26232 9.51339e+06
735.005 9.65441e+06 5.99922e-08 27216 9.59204e+06
737.068 9.8744e+06 6.08455e-08 26736 9.67303e+06
739.171 9.81562e+06 5.99684e-08 27698 9.75607e+06
741.196 9.8328e+06 5.95823e-08 26640 9.83649e+06
743.196 1.00486e+07 6.03996e-08 26880 9.9163e+06
745.316 1.01795e+07 6.0666e-08 29160 1.00014e+07
747.411 1.01024e+07 5.97014e-08 27318 1.0086e+07
749.444 1.02503e+07 6.00838e-08 27984 1.01685e+07
751.526 1.03224e+07 6.00053e-08 28364 1.02535e+07
753.575 1.03767e+07 5.98299e-08 28464 1.03376e+07
755.71 1.02867e+07 5.88099e-08 28974 1.04257e+07
757.777 1.05246e+07 5.96788e-08 28920 1.05115e+07
759.853 1.0619e+07 5.97217e-08 29640 1.05981e+07
761.991 1.05463e+07 5.88151e-08 28884 1.06878e+07
764.087 1.07958e+07 5.97128e-08 30558 1.07763e+07
766.255 1.07412e+07 5.89081e-08 30776 1.08683e+07
768.35 1.08643e+07 5.90969e-08 29040 1.09577e+07
770.454 1.10924e+07 5.98445e-08 30984 1.10479e+07
772.624 1.11921e+07 5.98751e-08 30930 1.11415e+07
774.804 1.13288e+07 6.00967e-08 32712 1.12361e+07
776.967 1.12592e+07 5.92299e-08 30528 1.13305e+07
779.078 1.141e+07 5.95363e-08 30326 1.14231e+07
781.242 1.14889e+07 5.9451e-08 33624 1.15185e+07
783.447 1.16303e+07 5.96764e-08 31824 1.16164e+07
785.593 1.18875e+07 6.04975e-08 31860 1.1712e+07
787.805 1.18486e+07 5.9793e-08 33942 1.18113e+07
789.985 1.19435e+07 5.97742e-08 31848 1.19096e+07
792.132 1.20691e+07 5.99131e-08 33624 1.20069e+07
794.36 1.21569e+07 5.98426e-08 33512 1.21086e+07
796.562 1.22731e+07 5.99147e-08 33594 1.22095e+07
798.778 1.22856e+07 5.94781e-08 34944 1.23117e+07
800.997 1.24817e+07 5.99268e-08 33624 1.24146e+07
803.205 1.25318e+07 5.96724e-08 34710 1.25176e+07
805.416 1.26749e+07 5.98582e-08 34704 1.26212e+07
807.649 1.27514e+07 5.97214e-08 35468 1.27265e+07
809.907 1.28349e+07 5.96109e-08 36096 1.28335e+07
812.202 1.29846e+07 5.97968e-08 35958 1.29429e+07
814.448 1.31974e+07 6.0275e-08 36576 1.30506e+07
816.7 1.32377e+07 5.99605e-08 35976 1.31591e+07
818.955 1.32099e+07 5.93414e-08 36396 1.32685e+07
821.243 1.35211e+07 6.02332e-08 38030 1.338e+07
823.495 1.3377e+07 5.91039e-08 35784 1.34904e+07
825.764 1.3567e+07 5.94506e-08 38712 1.36022e+07
828.102 1.38839e+07 6.03252e-08 38310 1.3718e+07
830.398 1.38253e+07 5.9574e-08 37596 1.38324e+07
832.649 1.40568e+07 6.00816e-08 39000 1.39453e+07
834.997 1.39746e+07 5.92277e-08 38552 1.40635e+07
837.325 1.42882e+07 6.0053e-08 40206 1.41815e+07
839.639 1.44331e+07 6.0162e-08 39072 1.42994e+07
842.006 1.44009e+07 5.95229e-08 41340 1.44207e+07
844.364 1.46501e+07 6.00468e-08 39342 1.45422e+07
846.654 1.44753e+07 5.88505e-08 40176 1.46608e+07
849.007 1.50684e+07 6.07535e-08 41768 1.47834e+07
851.36 1.48299e+07 5.92975e-08 40206 1.49067e+07
853.726 1.51238e+07 5.99716e-08 42300 1.50313e+07
856.093 1.52159e+07 5.98375e-08 42360 1.51567e+07
858.447 1.54538e+07 6.02747e-08 40488 1.5282e+07
860.825 1.53996e+07 5.95666e-08 44406 1.54094e+07
863.261 1.55855e+07 5.97769e-08 43076 1.55405e+07
865.619 1.59197e+07 6.05613e-08 42600 1.56683e+07
868.063 1.59097e+07 6.00135e-08 45486 1.58014e+07
870.51 1.59547e+07 5.96773e-08 43848 1.59353e+07
872.865 1.62287e+07 6.02121e-08 43248 1.6065e+07
875.268 1.62632e+07 5.98443e-08 44988 1.61981e+07
877.736 1.6327e+07 5.95734e-08 46454 1.63355e+07
880.173 1.64446e+07 5.95058e-08 44928 1.64719e+07
882.637 1.66225e+07 5.96471e-08 47256 1.66107e+07
885.084 1.69435e+07 6.02962e-08 45126 1.67492e+07
887.541 1.69744e+07 5.99057e-08 48084 1.68891e+07
889.995 1.67771e+07 5.87213e-08 46320 1.70295e+07
892.49 1.72176e+07 5.97587e-08 47894 1.71732e+07
894.921 1.73242e+07 5.96404e-08 47160 1.73139e+07
897.379 1.75895e+07 6.00571e-08 48228 1.74569e+07
899.935 1.78611e+07 6.04662e-08 50598 1.76066e+07
902.415 1.77328e+07 5.95387e-08 47328 1.77525e+07
904.896 1.79119e+07 5.96467e-08 50696 1.78993e+07
907.414 1.81067e+07 5.97948e-08 49344 1.80492e+07
909.974 1.82127e+07 5.96384e-08 51570 1.82023e+07
912.489 1.84028e+07 5.97641e-08 50832 1.83537e+07
915.021 1.84164e+07 5.93132e-08 50424 1.85069e+07
917.558 1.84684e+07 5.89886e-08 52686 1.86613e+07
920.103 1.90713e+07 6.04104e-08 51092 1.8817e+07
922.642 1.90224e+07 5.97592e-08 53376 1.89732e+07
925.222 1.93271e+07 6.02102e-08 52374 1.91328e+07
927.753 1.93646e+07 5.98346e-08 52848 1.92902e+07
930.333 1.93491e+07 5.92905e-08 55488 1.94516e+07
932.98 1.9705e+07 5.98685e-08 54098 1.96181e+07
935.507 1.98828e+07 5.99206e-08 53688 1.9778e+07
938.093 2.00974e+07 6.00679e-08 55296 1.99424e+07
940.702 2.01448e+07 5.97099e-08 56358 2.01093e+07
943.366 2.04746e+07 6.01748e-08 57468 2.02806e+07
945.983 2.07114e+07 6.0367e-08 56000 2.04499e+07
948.631 2.07233e+07 5.98972e-08 57774 2.06221e+07
951.26 2.08289e+07 5.97047e-08 57648 2.0794e+07
953.878 2.11759e+07 6.02008e-08 57480 2.09662e+07
956.53 2.11198e+07 5.95434e-08 58122 2.11415e+07
959.153 2.14206e+07 5.98974e-08 59208 2.13159e+07
961.832 2.13271e+07 5.91388e-08 60032 2.1495e+07
964.527 2.17599e+07 5.98346e-08 60366 2.16762e+07
967.205 2.18683e+07 5.96346e-08 60444 2.18573e+07
969.867 2.22456e+07 6.01656e-08 60912 2.20382e+07
972.575 2.22737e+07 5.97396e-08 61422 2.22234e+07
975.276 2.25865e+07 6.00767e-08 63032 2.2409e+07
977.994 2.25573e+07 5.95001e-08 62052 2.25969e+07
980.718 2.30119e+07 6.0195e-08 64038 2.27863e+07
983.416 2.34144e+07 6.07451e-08 61632 2.29748e+07
986.1 2.3259e+07 5.98506e-08 64896 2.31634e+07
988.883 2.34276e+07 5.97769e-08 64874 2.33601e+07
991.584 2.37454e+07 6.00938e-08 64200 2.35521e+07
994.365 2.41e+07 6.04811e-08 68016 2.37508e+07
997.161 2.42368e+07 6.03143e-08 65694 2.39517e+07
999.915 2.44821e+07 6.04225e-08 67212 2.41507e+07
1002.69 2.44569e+07 5.98613e-08 67088 2.4352e+07
1005.45 2.45725e+07 5.96491e-08 67182 2.45542e+07
1008.23 2.4797e+07 5.96973e-08 69768 2.47585e+07
1011.03 2.50373e+07 5.97765e-08 67524 2.49653e+07
1013.83 2.57099e+07 6.0876e-08 70758 2.5173e+07
1016.63 2.55795e+07 6.00672e-08 69488 2.53825e+07
1019.45 2.58775e+07 6.02649e-08 71640 2.5594e+07
1022.32 2.58514e+07 5.96982e-08 72042 2.58108e+07
1025.17 2.63874e+07 6.04299e-08 72960 2.60271e+07
1027.99 2.67984e+07 6.08665e-08 70422 2.62428e+07
1030.87 2.67638e+07 6.02803e-08 76784 2.64638e+07
1033.75 2.68445e+07 5.99574e-08 72348 2.66866e+07
1036.6 2.71133e+07 6.00607e-08 74094 2.69074e+07
1039.46 2.72305e+07 5.98242e-08 74976 2.71306e+07
1042.33 2.77692e+07 6.05044e-08 76200 2.73562e+07
1045.27 2.78887e+07 6.02544e-08 77114 2.7588e+07
1048.16 2.79164e+07 5.98165e-08 76872 2.78175e+07
1051.07 2.81684e+07 5.98563e-08 77784 2.80499e+07
1054 2.88082e+07 6.07056e-08 78654 2.82857e+07
1056.92 2.85634e+07 5.96924e-08 79380 2.85215e+07
1059.85 2.9115e+07 6.03418e-08 79256 2.87593e+07
1062.8 2.92835e+07 6.01881e-08 80094 2.89996e+07
1065.71 2.97632e+07 6.06732e-08 80760 2.9239e+07
1068.71 2.99065e+07 6.04534e-08 83034 2.94866e+07
1071.7 2.99162e+07 5.99698e-08 82664 2.9734e+07
1074.65 3.04935e+07 6.06238e-08 81864 2.99808e+07
1077.61 3.05366e+07 6.02105e-08 83334 3.02293e+07
1080.61 3.06679e+07 5.99668e-08 85980 3.04827e+07
1083.62 3.12627e+07 6.06233e-08 84144 3.07374e+07
1086.64 3.1144e+07 5.98909e-08 86486 3.09951e+07
1089.63 3.16394e+07 6.03433e-08 86016 3.1252e+07
1092.68 3.15492e+07 5.96692e-08 88290 3.1515e+07
1095.71 3.21861e+07 6.03704e-08 87672 3.17779e+07
1098.73 3.2455e+07 6.03733e-08 88608 3.20418e+07
1101.78 3.24258e+07 5.982e-08 88682 3.23091e+07
1104.83 3.28684e+07 6.01361e-08 91200 3.2578e+07
1107.94 3.31878e+07 6.02099e-08 92568 3.28542e+07
1111.03 3.36316e+07 6.05083e-08 91014 3.31293e+07
1114.1 3.38712e+07 6.0436e-08 92828 3.34053e+07
1117.19 3.41357e+07 6.04041e-08 93054 3.36839e+07
1120.26 3.43083e+07 6.02118e-08 92568 3.39624e+07
1123.37 3.46586e+07 6.03231e-08 96768 3.42458e+07
1126.53 3.50534e+07 6.0498e-08 95658 3.45357e+07
1129.64 3.52818e+07 6.03909e-08 96368 3.48224e+07
1132.81 3.52245e+07 5.97885e-08 98526 3.51162e+07
1135.92 3.56798e+07 6.00648e-08 95436 3.54064e+07
1139.06 3.57781e+07 5.97335e-08 101472 3.57009e+07
1142.26 3.63687e+07 6.02107e-08 98582 3.60027e+07
1145.38 3.67024e+07 6.02677e-08 99984 3.62987e+07
1148.57 3.72058e+07 6.05876e-08 101298 3.66022e+07
1151.78 3.72244e+07 6.01112e-08 104952 3.69107e+07
1154.98 3.74634e+07 5.9996e-08 100568 3.7219e+07
1158.18 3.78487e+07 6.01121e-08 105942 3.75291e+07
1161.42 3.82434e+07 6.02319e-08 104892 3.78451e+07
1164.62 3.87379e+07 6.05096e-08 103734 3.81585e+07
1167.82 3.8837e+07 6.01664e-08 107160 3.84744e+07
1171.09 3.94293e+07 6.05742e-08 108788 3.87982e+07
1174.34 3.99058e+07 6.07981e-08 107070 3.91224e+07
1177.6 4.02926e+07 6.08801e-08 110760 3.94484e+07
1180.88 4.01113e+07 6.01025e-08 109182 3.9779e+07
1184.16 4.05378e+07 6.02375e-08 112820 4.01119e+07
1187.45 4.08431e+07 6.0189e-08 110280 4.04466e+07
1190.74 4.12907e+07 6.03454e-08 114678 4.07839e+07
1194.05 4.19446e+07 6.07922e-08 112668 4.11252e+07
1197.36 4.22019e+07 6.06594e-08 116030 4.14681e+07
1200.73 4.23944e+07 6.04247e-08 118032 4.1819e+07
1204.04 4.27563e+07 6.04384e-08 113700 4.21665e+07
1207.36 4.32287e+07 6.06047e-08 118566 4.25154e+07
1210.73 4.37372e+07 6.08068e-08 119840 4.28725e+07
1214.08 4.39895e+07 6.06519e-08 118278 4.32299e+07
1217.43 4.43615e+07 6.06619e-08 120852 4.35883e+07
1220.81 4.46062e+07 6.04903e-08 122166 4.39531e+07
1224.21 4.52496e+07 6.0853e-08 123296 4.43213e+07
1227.61 4.55287e+07 6.07217e-08 123300 4.46911e+07
1231.03 4.57298e+07 6.04834e-08 126174 4.50654e+07
1234.45 4.64016e+07 6.08635e-08 124800 4.54419e+07
1237.85 4.62725e+07 6.01942e-08 126774 4.58193e+07
1241.29 4.74376e+07 6.11982e-08 128900 4.62023e+07
1244.74 4.74841e+07 6.07509e-08 127776 4.65882e+07
1248.2 4.80889e+07 6.10146e-08 132246 4.69776e+07
1251.66 4.82711e+07 6.0739e-08 129252 4.73696e+07
1255.13 4.86303e+07 6.06855e-08 133118 4.77642e+07
1258.61 4.89225e+07 6.05451e-08 133272 4.81626e+07
1262.11 4.9523e+07 6.07785e-08 134970 4.85665e+07
1265.61 4.96885e+07 6.04777e-08 136128 4.89711e+07
1269.15 5.05922e+07 6.10642e-08 137270 4.93829e+07
1272.69 5.10408e+07 6.10923e-08 139620 4.97979e+07
1276.23 5.12021e+07 6.07778e-08 138312 5.02137e+07
1279.77 5.16467e+07 6.0797e-08 140694 5.06338e+07
1283.31 5.21082e+07 6.08348e-08 140888 5.10545e+07
1286.88 5.26332e+07 6.09378e-08 143034 5.14817e+07
1290.45 5.31349e+07 6.10094e-08 143688 5.19114e+07
1294.01 5.35603e+07 6.0992e-08 143510 5.23421e+07
1297.6 5.4001e+07 6.0985e-08 147828 5.27787e+07
1301.23 5.434e+07 6.0855e-08 147918 5.32234e+07
1304.84 5.46501e+07 6.06961e-08 148992 5.36674e+07
1308.48 5.53439e+07 6.09555e-08 150356 5.41174e+07
1312.07 5.58241e+07 6.09807e-08 147606 5.45644e+07
1315.71 5.58227e+07 6.04746e-08 156624 5.50196e+07
1319.41 5.70515e+07 6.12862e-08 153354 5.54861e+07
1323.05 5.75215e+07 6.12834e-08 153968 5.59458e+07
1326.71 5.79007e+07 6.11781e-08 155862 5.64115e+07
1330.38 5.85971e+07 6.14033e-08 157524 5.68807e+07
1334.08 5.88086e+07 6.11137e-08 159126 5.73564e+07
1337.8 5.97965e+07 6.16227e-08 162488 5.78383e+07
1341.52 5.98234e+07 6.11387e-08 159570 5.83224e+07
1345.23 6.07076e+07 6.15312e-08 164304 5.88068e+07
1349 6.10307e+07 6.13418e-08 165720 5.93024e+07
1352.73 6.15853e+07 6.13883e-08 162866 5.97959e+07
1356.46 6.22902e+07 6.15795e-08 169056 6.02925e+07
1360.25 6.26863e+07 6.14553e-08 167502 6.07986e+07
1364.01 6.31718e+07 6.14204e-08 169964 6.13043e+07
1367.79 6.35589e+07 6.12861e-08 170478 6.1815e+07
1371.59 6.42468e+07 6.14348e-08 175200 6.23329e+07
1375.43 6.4498e+07 6.11609e-08 173130 6.28568e+07
1379.22 6.57133e+07 6.18006e-08 175712 6.33784e+07
1383.06 6.63446e+07 6.18754e-08 177438 6.39098e+07
1386.89 6.67988e+07 6.17844e-08 178092 6.44421e+07
1390.73 6.66705e+07 6.11563e-08 179694 6.4979e+07
1394.6 6.78062e+07 6.16827e-08 182504 6.55218e+07
1398.48 6.88193e+07 6.20847e-08 182394 6.60701e+07
1402.34 6.86128e+07 6.13881e-08 184464 6.66194e+07
1406.24 6.98561e+07 6.19824e-08 186398 6.71763e+07
1410.15 7.03842e+07 6.19321e-08 188844 6.77391e+07
1414.06 7.11031e+07 6.20481e-08 187230 6.8303e+07
1417.99 7.18032e+07 6.21395e-08 193776 6.88741e+07
1421.96 7.16912e+07 6.15243e-08 192218 6.94543e+07
1425.88 7.2759e+07 6.19271e-08 192408 7.00304e+07
1429.82 7.31108e+07 6.17135e-08 195510 7.06125e+07
1433.79 7.40324e+07 6.19728e-08 198404 7.12034e+07
1437.8 7.48165e+07 6.21073e-08 200310 7.18017e+07
1441.8 7.54096e+07 6.20801e-08 201216 7.24027e+07
1445.81 7.60966e+07 6.21261e-08 201618 7.30081e+07
1449.82 7.6959e+07 6.23102e-08 204680 7.36174e+07
1453.82 7.75885e+07 6.23027e-08 202758 7.42285e+07
1457.86 7.81869e+07 6.22619e-08 211812 7.485e+07
1461.93 7.83816e+07 6.18981e-08 205718 7.54774e+07
1465.95 7.97418e+07 6.24551e-08 211452 7.61024e+07
1470.03 8.03481e+07 6.24079e-08 213150 7.67389e+07
1474.14 8.13399e+07 6.26509e-08 217512 7.73849e+07
1478.25 8.162e+07 6.23435e-08 214754 7.80343e+07
1482.31 8.27971e+07 6.27248e-08 215424 7.86785e+07
1486.45 8.27188e+07 6.21436e-08 224574 7.93393e+07
1490.58 8.4017e+07 6.25947e-08 218588 8.00036e+07
1494.7 8.50783e+07 6.28632e-08 223902 8.06682e+07
1498.84 8.58486e+07 6.29085e-08 224952 8.134e+07
1503.03 8.61776e+07 6.26232e-08 230258 8.20237e+07
1507.2 8.73835e+07 6.29728e-08 227544 8.27098e+07
1511.38 8.80635e+07 6.29386e-08 231018 8.33987e+07
1515.57 8.91899e+07 6.32155e-08 234504 8.40954e+07
1519.79 8.96698e+07 6.30288e-08 233102 8.47984e+07
1523.98 9.01962e+07 6.28767e-08 236892 8.55025e+07
1528.21 9.12465e+07 6.30818e-08 238830 8.62169e+07
1532.45 9.1786e+07 6.29304e-08 241232 8.69353e+07
1536.72 9.29742e+07 6.32147e-08 243906 8.76646e+07
1540.99 9.35212e+07 6.30598e-08 244704 8.83971e+07
1545.26 9.48981e+07 6.34585e-08 246698 8.91349e+07
1549.54 9.56469e+07 6.34317e-08 248664 8.98762e+07
1553.86 9.60663e+07 6.31797e-08 253494 9.06303e+07
1558.18 9.71426e+07 6.33575e-08 251522 9.13885e+07
1562.48 9.90054e+07 6.40402e-08 255336 9.21481e+07
1566.82 9.91385e+07 6.35951e-08 257694 9.29177e+07
1571.18 1.00443e+08 6.38974e-08 260988 9.36952e+07
1575.56 1.0166e+08 6.41339e-08 261638 9.44806e+07
1579.91 1.02744e+08 6.42841e-08 262356 9.52652e+07
1584.28 1.02821e+08 6.38003e-08 266478 9.60595e+07
1588.71 1.04018e+08 6.40055e-08 272048 9.68659e+07
1593.14 1.05043e+08 6.40974e-08 269850 9.76801e+07
1597.55 1.05838e+08 6.40498e-08 272544 9.84931e+07
1601.99 1.0685e+08 6.41267e-08 275546 9.93156e+07
1606.41 1.08603e+08 6.46412e-08 275334 1.00141e+08
1610.9 1.09117e+08 6.44064e-08 285024 1.00982e+08
1615.41 1.09476e+08 6.40778e-08 282242 1.01833e+08
1619.86 1.11409e+08 6.46732e-08 280800 1.02677e+08
1624.34 1.12419e+08 6.47209e-08 288330 1.03532e+08
1628.86 1.13247e+08 6.46569e-08 290024 1.04398e+08
1633.39 1.14772e+08 6.49845e-08 290598 1.0527e+08
1637.9 1.15033e+08 6.45947e-08 293748 1.06146e+08
1642.47 1.16573e+08 6.49149e-08 299582 1.07037e+08
1647.02 1.17537e+08 6.49104e-08 295914 1.0793e+08
1651.57 1.19072e+08 6.52167e-08 302352 1.08826e+08
1656.18 1.1977e+08 6.50526e-08 305342 1.09739e+08
1660.77 1.20898e+08 6.51225e-08 305532 1.10654e+08
1665.39 1.22343e+08 6.53544e-08 310806 1.1158e+08
1670.01 1.23575e+08 6.5466e-08 310436 1.12511e+08
1674.66 1.24828e+08 6.55804e-08 318006 1.13454e+08
1679.3 1.26031e+08 6.56642e-08 312846 1.14401e+08
1683.95 1.27435e+08 6.58478e-08 322508 1.15352e+08
1688.64 1.28128e+08 6.56556e-08 321318 1.1632e+08
1693.33 1.29566e+08 6.58426e-08 327204 1.17291e+08
1698.03 1.31717e+08 6.63808e-08 325766 1.18271e+08
1702.73 1.327e+08 6.63242e-08 330246 1.19255e+08
1707.47 1.3407e+08 6.64529e-08 335868 1.20254e+08
1712.24 1.35165e+08 6.64375e-08 336710 1.21264e+08
1716.97 1.37089e+08 6.68272e-08 336636 1.22273e+08
1721.74 1.37683e+08 6.65607e-08 343542 1.23294e+08
1726.51 1.39696e+08 6.69759e-08 342092 1.24321e+08
1731.3 1.40569e+08 6.68365e-08 349446 1.25359e+08
1736.12 1.42157e+08 6.70301e-08 350118 1.26409e+08
1740.93 1.43836e+08 6.72617e-08 352628 1.27462e+08
1745.78 1.45409e+08 6.74312e-08 359334 1.28531e+08
1750.62 1.46579e+08 6.74115e-08 356364 1.29603e+08
1755.47 1.482e+08 6.75939e-08 362990 1.30683e+08
1760.34 1.50226e+08 6.79512e-08 364062 1.31774e+08
1765.22 1.51068e+08 6.77662e-08 369756 1.32874e+08
1770.12 1.52188e+08 6.77038e-08 368726 1.33982e+08
1775.02 1.53877e+08 6.78891e-08 375786 1.35099e+08
1779.96 1.55594e+08 6.8077e-08 378600 1.3623e+08
1784.91 1.58032e+08 6.8571e-08 379394 1.37368e+08
1789.86 1.59726e+08 6.87314e-08 386568 1.38516e+08
1794.85 1.61424e+08 6.88846e-08 386906 1.39677e+08
1799.82 1.6345e+08 6.91732e-08 388950 1.4084e+08
1804.81 1.6413e+08 6.88866e-08 394512 1.42015e+08
1809.83 1.65695e+08 6.89665e-08 396818 1.43203e+08
1814.85 1.67392e+08 6.90954e-08 401112 1.44399e+08
1819.91 1.70278e+08 6.97031e-08 404850 1.45608e+08
1824.96 1.71875e+08 6.9774e-08 405566 1.46825e+08
1830 1.73721e+08 6.99417e-08 409308 1.48046e+08
1835.08 1.75147e+08 6.99322e-08 413766 1.49281e+08
1840.17 1.77299e+08 7.02055e-08 417050 1.50528e+08
1845.3 1.79584e+08 7.05191e-08 425232 1.51789e+08
1850.44 1.82033e+08 7.08866e-08 421862 1.53062e+08
1855.55 1.84125e+08 7.11104e-08 426402 1.54334e+08
1860.71 1.85356e+08 7.09917e-08 434688 1.55625e+08
1865.91 1.87609e+08 7.12558e-08 436634 1.56933e+08
1871.07 1.89664e+08 7.14418e-08 434784 1.58239e+08
1876.24 1.92254e+08 7.18208e-08 441018 1.59553e+08
1881.45 1.94296e+08 7.19826e-08 447350 1.60886e+08
1886.68 1.9601e+08 7.2015e-08 449868 1.62231e+08
1891.92 1.99542e+08 7.27058e-08 453206 1.63586e+08
1897.16 2.01598e+08 7.2847e-08 456570 1.64951e+08
1902.44 2.02788e+08 7.26693e-08 463824 1.6633e+08
1907.73 2.06281e+08 7.33073e-08 463718 1.67723e+08
1913.02 2.08862e+08 7.36112e-08 468186 1.69121e+08
1918.32 2.11275e+08 7.38449e-08 473448 1.70532e+08
1923.67 2.13798e+08 7.41058e-08 479354 1.71962e+08
1929.01 2.16018e+08 7.42549e-08 477702 1.73398e+08
1934.35 2.19472e+08 7.48195e-08 485204 1.74841e+08
1939.74 2.21181e+08 7.47753e-08 491454 1.76307e+08
1945.13 2.24994e+08 7.54333e-08 491226 1.77782e+08
1950.52 2.26442e+08 7.52912e-08 497648 1.79264e+08
1955.96 2.2851e+08 7.53465e-08 504930 1.80768e+08
1961.39 2.32699e+08 7.60929e-08 500358 1.82277e+08
1966.8 2.35453e+08 7.63598e-08 508652 1.83789e+08
1972.27 2.3737e+08 7.63426e-08 516390 1.85327e+08
1977.75 2.41414e+08 7.69998e-08 515642 1.86875e+08
1983.22 2.45094e+08 7.75285e-08 521880 1.88431e+08
1988.74 2.48266e+08 7.78791e-08 530850 1.9001e+08
1994.27 2.51251e+08 7.81622e-08 527054 1.91599e+08
1999.77 2.5349e+08 7.82095e-08 534156 1.93188e+08
2005.35 2.57334e+08 7.87353e-08 545150 1.94808e+08
2010.93 2.61178e+08 7.92473e-08 543474 1.96441e+08
2016.49 2.64159e+08 7.94908e-08 545310 1.98074e+08
2022.08 2.67525e+08 7.98384e-08 555788 1.99725e+08
2027.71 2.70726e+08 8.01221e-08 559542 2.01399e+08
2033.35 2.75394e+08 8.08271e-08 564146 2.03085e+08
2038.99 2.7901e+08 8.12107e-08 566520 2.04779e+08
2044.66 2.83648e+08 8.18763e-08 573594 2.06491e+08
2050.34 2.86153e+08 8.19144e-08 577718 2.08218e+08
2056.02 2.89479e+08 8.21818e-08 579300 2.09953e+08
6.9058e+07
1.67772e+07
1.67772e+07
