0.015625
1398
200
512
50.2756
0.0314159 5.33092e-06 4.24221e-07 6 7.49014e-07
0.0444288 2.67548e-05 7.52744e-07 12 2.11853e-06
0.054414 9.37209e-05 1.43531e-06 8 3.89199e-06
0.0628319 3.16173e-05 3.14503e-07 6 5.99211e-06
0.0702481 6.07633e-05 4.32491e-07 24 8.37423e-06
0.076953 5.79364e-05 3.137e-07 24 1.10082e-05
0.0888577 0.00010389 3.65368e-07 12 1.69483e-05
0.0942478 0.000113756 3.35273e-07 30 2.02234e-05
0.0993459 8.73511e-05 2.19816e-07 24 2.36859e-05
0.104195 0.000112643 2.45701e-07 24 2.73262e-05
0.108828 0.000191644 3.6687e-07 8 3.11359e-05
0.113272 0.000151438 2.57104e-07 24 3.51079e-05
0.117548 0.00016854 2.56036e-07 48 3.92358e-05
0.125664 0.000296506 3.68675e-07 6 4.79369e-05
0.129531 0.000204596 2.32281e-07 48 5.25005e-05
0.133286 0.000163706 1.70587e-07 36 5.72004e-05
0.136939 0.000155535 1.49447e-07 24 6.20327e-05
0.140496 0.000140009 1.24566e-07 24 6.69939e-05
0.143966 0.000173713 1.43646e-07 48 7.20807e-05
0.147354 0.00024934 1.92286e-07 24 7.72901e-05
0.153906 0.000193805 1.31171e-07 24 8.80657e-05
0.15708 0.000237617 1.51272e-07 30 9.36268e-05
0.16019 0.00023993 1.44018e-07 72 9.93002e-05
0.163242 0.000154742 8.77715e-08 32 0.000105084
0.16918 0.000238793 1.21679e-07 72 0.000116973
0.172072 0.000188279 9.11823e-08 48 0.000123076
0.177715 0.000431672 1.89766e-07 12 0.000135586
0.180471 0.000231563 9.72052e-08 48 0.000141991
0.183185 0.000277371 1.11335e-07 48 0.000148494
0.185859 0.000233399 8.96988e-08 48 0.000155093
0.188496 0.000292901 1.07909e-07 30 0.000161787
0.191096 0.000302281 1.0688e-07 24 0.000168575
0.193661 0.000375983 1.27727e-07 72 0.000175455
0.198692 0.000226379 7.12092e-08 24 0.000189487
0.20116 0.000309387 9.37814e-08 96 0.000196637
0.203598 0.000343449 1.0041e-07 48 0.000203875
0.206008 0.000158931 4.48536e-08 24 0.000211199
0.20839 0.000257316 7.0158e-08 24 0.000218609
0.210744 0.000244363 6.44181e-08 72 0.000226104
0.213073 0.000326994 8.34053e-08 48 0.000233683
0.217656 0.000379618 9.08395e-08 8 0.000249087
0.219911 0.000297273 6.89685e-08 54 0.000256912
0.222144 0.000322148 7.25087e-08 84 0.000264816
0.224355 0.000454318 9.92646e-08 48 0.000272801
0.226543 0.000392885 8.33779e-08 24 0.000280863
0.228711 0.000317724 6.55279e-08 72 0.000289004
0.230859 0.000397729 7.97604e-08 96 0.000297222
0.235095 0.000254904 4.84044e-08 48 0.000313886
0.237185 0.000299184 5.53243e-08 48 0.000322331
0.239257 0.000262693 4.73257e-08 24 0.000330851
0.24131 0.000408172 7.16729e-08 72 0.000339444
0.245366 0.000465052 7.76778e-08 72 0.000356849
0.247369 0.000335258 5.4649e-08 96 0.00036566
0.251327 0.000105252 1.63588e-08 6 0.000383495
0.253283 0.000351109 5.33165e-08 96 0.000392518
0.255224 0.000405776 6.02227e-08 96 0.000401611
0.25715 0.000305126 4.42748e-08 24 0.000410773
0.259062 0.000240735 3.41638e-08 48 0.000420004
0.26096 0.000365387 5.07305e-08 96 0.000429303
0.262844 0.000465936 6.33096e-08 48 0.000438669
0.266573 0.000285141 3.71408e-08 36 0.000457603
0.268418 0.000337315 4.30369e-08 48 0.000467169
0.27025 0.000481756 6.02241e-08 120 0.000476801
0.27207 0.00046294 5.67182e-08 56 0.000486499
0.273878 0.000349175 4.19385e-08 24 0.000496261
0.275674 0.000372856 4.39132e-08 96 0.000506088
0.277458 0.000607934 7.02271e-08 48 0.000515979
0.280993 0.000419556 4.66601e-08 24 0.000535951
0.282743 0.000541741 5.91363e-08 102 0.000546031
0.284483 0.000568285 6.09026e-08 48 0.000556174
0.286213 0.000480917 5.06108e-08 72 0.000566379
0.287932 0.000521293 5.38832e-08 48 0.000576645
0.289641 0.000528005 5.36166e-08 48 0.000586973
0.291339 0.000542949 5.41753e-08 120 0.000597362
0.294708 0.000294395 2.8379e-08 24 0.000618321
0.296377 0.000504933 4.78563e-08 144 0.00062889
0.298038 0.00051026 4.75574e-08 120 0.000639519
0.299689 0.000372506 3.41477e-08 48 0.000650208
0.302964 0.000424012 3.76221e-08 48 0.00067176
0.304589 0.000354912 3.09898e-08 96 0.000682624
0.307812 0.000776682 6.57093e-08 24 0.000704526
0.309411 0.000467967 3.89805e-08 48 0.000715562
0.311002 0.000438434 3.59629e-08 108 0.000726656
0.312585 0.000515228 4.16233e-08 72 0.000737807
0.314159 0.000521972 4.15372e-08 30 0.000749014
0.315726 0.000493104 3.86587e-08 168 0.000760277
0.317285 0.000554252 4.28151e-08 48 0.000771596
0.320381 0.000504987 3.78897e-08 72 0.000794401
0.321917 0.000376798 2.78686e-08 96 0.000805887
0.323447 0.000510044 3.71911e-08 72 0.000817427
0.324969 0.000616194 4.43029e-08 72 0.000829021
0.326484 0.000440295 3.12175e-08 32 0.00084067
0.327992 0.000530706 3.71111e-08 72 0.000852373
0.329493 0.000503668 3.47413e-08 144 0.00086413
0.333956 0.000607994 4.02783e-08 96 0.000899721
0.33543 0.00050742 3.31742e-08 96 0.00091169
0.336898 0.000645843 4.16745e-08 48 0.000923712
0.33836 0.000424332 2.70277e-08 72 0.000935787
0.339815 0.000575814 3.62071e-08 120 0.000947914
0.341264 0.00052622 3.26689e-08 72 0.000960092
0.344144 0.000607282 3.67628e-08 48 0.000984605
0.345575 0.000589001 3.5215e-08 78 0.000996938
0.347 0.000467542 2.76103e-08 120 0.00100932
0.348419 0.000391027 2.28107e-08 48 0.00102176
0.351241 0.000510863 2.9089e-08 144 0.00104678
0.352643 0.000531074 2.98806e-08 144 0.00105937
0.355431 0.000571511 3.14051e-08 12 0.00108469
0.356816 0.000540787 2.93719e-08 144 0.00109742
0.358197 0.000722427 3.87855e-08 48 0.00111021
0.359572 0.000616237 3.27063e-08 120 0.00112304
0.360942 0.000412087 2.16231e-08 48 0.00113593
0.362306 0.000432675 2.24479e-08 48 0.00114886
0.363666 0.000569277 2.9205e-08 168 0.00116184
0.36637 0.000667 3.34663e-08 48 0.00118795
0.367714 0.00078455 3.89341e-08 96 0.00120108
0.369054 0.000504409 2.47602e-08 96 0.00121425
0.370388 0.000517482 2.51283e-08 72 0.00122747
0.371718 0.000605651 2.90951e-08 48 0.00124074
0.373043 0.000459894 2.18584e-08 96 0.00125406
0.374364 0.000558702 2.62747e-08 48 0.00126743
0.376991 0.000407478 1.87651e-08 30 0.0012943
0.378298 0.000586026 2.67088e-08 96 0.0013078
0.3796 0.000529776 2.38975e-08 192 0.00132135
0.380898 0.00057968 2.58823e-08 56 0.00133495
0.382191 0.000769151 3.39945e-08 24 0.0013486
0.38348 0.000656996 2.87457e-08 168 0.00136229
0.384765 0.000662601 2.87015e-08 120 0.00137603
0.387322 0.000705874 2.99745e-08 72 0.00140364
0.388594 0.000646767 2.71957e-08 144 0.00141751
0.389861 0.000609661 2.53862e-08 96 0.00143143
0.391125 0.000637991 2.63092e-08 96 0.0014454
0.39364 0.000718844 2.90787e-08 72 0.00147346
0.394892 0.000420988 1.68684e-08 96 0.00148756
0.397384 0.000644372 2.53365e-08 24 0.0015159
0.398623 0.000661732 2.57771e-08 192 0.00153013
0.399859 0.00074377 2.87049e-08 108 0.00154441
0.401092 0.000564832 2.15987e-08 24 0.00155873
0.40232 0.000679971 2.57641e-08 96 0.0015731
0.403545 0.000617412 2.31814e-08 96 0.00158751
0.404766 0.000456816 1.69969e-08 120 0.00160196
0.407197 0.000674907 2.46644e-08 48 0.001631
0.408407 0.000566425 2.05165e-08 78 0.00164558
0.409614 0.000605121 2.1725e-08 144 0.00166021
0.410817 0.000585569 2.08389e-08 120 0.00167488
0.412016 0.000369964 1.30514e-08 24 0.0016896
0.413212 0.000719205 2.51521e-08 168 0.00170435
0.414405 0.000651005 2.2571e-08 144 0.00171915
0.416779 0.000329525 1.12308e-08 24 0.00174888
0.417962 0.000564048 1.9061e-08 48 0.0017638
0.419141 0.000811481 2.71918e-08 96 0.00177877
0.420316 0.000676932 2.24934e-08 120 0.00179378
0.421489 0.000830522 2.73673e-08 72 0.00180883
0.422658 0.000727398 2.37708e-08 120 0.00182393
0.423824 0.00067511 2.18805e-08 144 0.00183906
0.426146 0.000714503 2.27807e-08 48 0.00186946
0.427303 0.000667101 2.10972e-08 192 0.00188472
0.428456 0.000597202 1.87345e-08 144 0.00190003
0.429606 0.000537878 1.67383e-08 48 0.00191537
0.431898 0.000688343 2.10816e-08 192 0.00194618
0.433039 0.000806256 2.44981e-08 48 0.00196164
0.435312 0.000241032 7.20964e-09 8 0.0019927
0.437385 0.00065445 1.92986e-08 288 0.0020213
0.4387 0.000603393 1.76335e-08 96 0.00203959
0.439823 0.000651812 1.89029e-08 54 0.00205529
0.440944 0.000604968 1.7411e-08 120 0.00207104
0.442061 0.000583694 1.66716e-08 120 0.00208683
0.444288 0.000619369 1.74259e-08 84 0.00211853
0.445398 0.000580415 1.62082e-08 144 0.00213444
0.446504 0.000910859 2.52473e-08 72 0.00215039
0.447608 0.000730881 2.01091e-08 96 0.00216638
0.449441 0.000650187 1.76709e-08 144 0.0021931
0.450903 0.000842917 2.26868e-08 240 0.00221458
0.453087 0.000712589 1.89031e-08 24 0.00224691
0.454175 0.0006297 1.65846e-08 240 0.00226313
0.45526 0.000645407 1.6877e-08 96 0.00227939
0.456882 0.000705041 1.82407e-08 144 0.00230385
0.4585 0.000696246 1.78231e-08 96 0.00232841
0.459575 0.000581981 1.47938e-08 72 0.00234483
0.461718 0.000595292 1.49224e-08 96 0.00237777
0.462785 0.000726762 1.80923e-08 96 0.00239431
0.464323 0.000679943 1.67592e-08 216 0.00241824
0.467031 0.00073692 1.78493e-08 192 0.00246081
0.468087 0.000756707 1.82049e-08 144 0.00247753
0.470191 0.000453741 1.07703e-08 48 0.00251109
0.471239 0.000713191 1.6816e-08 150 0.00252792
0.472285 0.000807902 1.89228e-08 96 0.00254479
0.473329 0.000708613 1.64877e-08 120 0.0025617
0.475112 0.000654903 1.50671e-08 168 0.00259077
0.476446 0.0006265 1.42929e-08 240 0.00261265
0.478513 0.000841673 1.8954e-08 24 0.0026468
0.48016 0.000803894 1.79177e-08 360 0.00267422
0.481597 0.000641369 1.41676e-08 48 0.00269831
0.482621 0.000738709 1.62142e-08 72 0.00271555
0.484049 0.000696327 1.5149e-08 240 0.00273974
0.488189 0.000866634 1.83785e-08 276 0.00281064
0.489726 0.000802189 1.68522e-08 104 0.00283726
0.490732 0.000589077 1.22992e-08 72 0.00285479
0.492199 0.000746724 1.54517e-08 312 0.00288047
0.494739 0.000856301 1.74477e-08 96 0.00292528
0.496232 0.00075237 1.51921e-08 288 0.00295185
0.497722 0.000652759 1.30627e-08 168 0.00297852
0.499701 0.000856502 1.69371e-08 48 0.00301419
0.500687 0.000864804 1.70003e-08 192 0.00303208
0.503606 0.000642999 1.24216e-08 198 0.00308541
0.504614 0.00063266 1.21487e-08 96 0.00310398
0.506079 0.000687457 1.30867e-08 192 0.00313108
0.50754 0.00065816 1.24211e-08 216 0.00315828
0.508511 0.000618545 1.16067e-08 72 0.00317645
0.510448 0.000923014 1.71235e-08 96 0.00321289
0.512103 0.00072637 1.33452e-08 336 0.00324423
0.51334 0.000876589 1.59889e-08 48 0.00326781
0.51518 0.000662798 1.19604e-08 288 0.00330306
0.516216 0.000750669 1.34646e-08 192 0.00332304
0.518125 0.000866415 1.53696e-08 48 0.00336003
0.519076 0.000881925 1.55589e-08 96 0.00337858
0.520457 0.000875281 1.53191e-08 264 0.00340561
0.521921 0.000753782 1.3082e-08 96 0.00343442
0.523525 0.000828449 1.4246e-08 240 0.00346619
0.52647 0.000710329 1.20109e-08 288 0.00352503
0.527563 0.000762235 1.28087e-08 96 0.00354702
0.528498 0.000811684 1.35674e-08 72 0.0035659
0.53076 0.000905704 1.49462e-08 336 0.0036119
0.533829 0.000848507 1.37622e-08 138 0.00367492
0.534994 0.000861179 1.38767e-08 240 0.00369902
0.536222 0.00082525 1.32066e-08 144 0.00372455
0.538155 0.0009058 1.434e-08 384 0.00376498
0.541061 0.000905236 1.41014e-08 312 0.00382631
0.542323 0.000797522 1.2337e-08 72 0.00385314
0.543437 0.000918948 1.41281e-08 248 0.00387693
0.545589 0.000823803 1.25161e-08 240 0.00392316
0.547755 0.000809007 1.2146e-08 24 0.00397009
0.548656 0.000947512 1.41555e-08 192 0.0039897
0.549761 0.000679905 1.00964e-08 312 0.00401386
0.551884 0.000792188 1.16285e-08 240 0.00406053
0.553134 0.000741839 1.08158e-08 96 0.0040882
0.554916 0.000980993 1.41652e-08 48 0.00412783
0.556483 0.000869713 1.24526e-08 408 0.0041629
0.557577 0.000842226 1.19882e-08 144 0.00418751
0.559345 0.000806709 1.13741e-08 120 0.00422745
0.560226 0.000908087 1.27432e-08 144 0.00424747
0.562783 0.000785335 1.08711e-08 264 0.00430589
0.564176 0.000805244 1.10643e-08 192 0.00433794
0.565487 0.000831955 1.1352e-08 102 0.00436825
0.566891 0.000809934 1.09696e-08 432 0.00440087
0.568967 0.000953309 1.27707e-08 48 0.00444939
0.57005 0.000910314 1.21253e-08 384 0.00447485
0.571994 0.000917623 1.20985e-08 144 0.00452079
0.573756 0.000851475 1.11232e-08 264 0.0045627
0.576434 0.000767841 9.89149e-09 144 0.00462689
0.577954 0.000761747 9.73577e-09 324 0.00466359
0.580026 0.000921364 1.16501e-08 384 0.00471392
0.580982 0.000910699 1.14584e-08 216 0.00473728
0.583055 0.000894187 1.11312e-08 216 0.00478815
0.584792 0.000800492 9.87626e-09 240 0.00483108
0.586898 0.000979365 1.19535e-08 168 0.00488347
0.587738 0.000928996 1.12902e-08 240 0.00490447
0.590159 0.000916186 1.09981e-08 216 0.00496531
0.591365 0.000810769 9.67319e-09 288 0.00499583
0.593087 0.000970083 1.14734e-08 240 0.0050396
0.594417 0.000785102 9.22342e-09 72 0.00507358
0.596499 0.00100697 1.17065e-08 246 0.00512707
0.597997 0.000885984 1.02228e-08 320 0.00516579
0.600063 0.00099358 1.13462e-08 288 0.00521953
0.601022 0.00100644 1.14382e-08 144 0.00524459
0.60348 0.000929088 1.04306e-08 288 0.00530921
0.604764 0.000791581 8.83036e-09 336 0.00534315
0.60651 0.000925347 1.02337e-08 168 0.00538956
0.607555 0.000929326 1.02247e-08 336 0.00541748
0.609717 0.000953012 1.03742e-08 288 0.00547552
0.611016 0.000951578 1.02927e-08 264 0.00551058
0.613214 0.000851723 9.11383e-09 240 0.00557029
0.614019 0.000725134 7.72883e-09 96 0.00559223
0.616265 0.00098004 1.03319e-08 120 0.00565382
0.617648 0.000859932 9.00496e-09 408 0.00569197
0.619954 0.000945806 9.79408e-09 456 0.00575597
0.622004 0.00116639 1.19593e-08 108 0.00581325
0.623156 0.000872738 8.89883e-09 264 0.00584563
0.624595 0.000933291 9.45066e-09 264 0.0058862
0.626564 0.00104693 1.05017e-08 312 0.00594205
0.629016 0.00102397 1.01518e-08 270 0.00601209
0.630044 0.0011272 1.11206e-08 240 0.00604161
0.631892 0.000976649 9.55104e-09 384 0.00609492
0.633013 0.000978576 9.5191e-09 192 0.00612744
0.635606 0.000835197 8.02536e-09 432 0.00620304
0.636899 0.00108281 1.03414e-08 144 0.00624098
0.638833 0.000884957 8.37528e-09 480 0.006298
0.641275 0.000755406 7.06785e-09 216 0.00637049
0.642832 0.000915679 8.50534e-09 312 0.006417
0.64426 0.000836281 7.71627e-09 216 0.00645988
0.645938 0.00104633 9.57931e-09 192 0.00651049
0.648007 0.000919479 8.33762e-09 624 0.00657325
0.649634 0.00103397 9.30553e-09 120 0.00662287
0.651021 0.000815496 7.29249e-09 336 0.0066654
0.653586 0.00102481 9.05686e-09 176 0.00674447
0.654666 0.000964696 8.48343e-09 384 0.00677797
0.656779 0.000956174 8.32757e-09 408 0.00684383
0.658986 0.00076752 6.6176e-09 144 0.00691304
0.660251 0.00100521 8.61723e-09 486 0.00695292
0.66272 0.000877985 7.44282e-09 96 0.00703121
0.663464 0.000884407 7.47205e-09 384 0.00705492
0.666071 0.00102916 8.59334e-09 492 0.00713841
0.667911 0.00092407 7.65224e-09 384 0.00719774
0.669388 0.000979521 8.05787e-09 168 0.00724559
0.67191 0.00095054 7.73173e-09 504 0.00732781
0.67321 0.000819582 6.62796e-09 240 0.00737043
0.674682 0.00102949 8.27112e-09 456 0.00741888
0.67725 0.000928514 7.37534e-09 264 0.0075039
0.678949 0.00100769 7.9443e-09 384 0.00756052
0.680759 0.000928625 7.26274e-09 432 0.00762114
0.68301 0.00103856 8.04244e-09 216 0.00769701
0.684213 0.00103696 7.98776e-09 360 0.00773776
0.686355 0.00101675 7.75899e-09 312 0.00781065
0.688862 0.000876943 6.61935e-09 240 0.00789653
0.690156 0.00101806 7.64134e-09 414 0.00794112
0.692267 0.00102471 7.62114e-09 552 0.00801421
0.694474 0.00105163 7.74703e-09 360 0.00809112
0.695933 0.00096458 7.06115e-09 432 0.00814222
0.698042 0.000961903 6.97793e-09 480 0.00821645
0.700371 0.000944561 6.784e-09 288 0.00829898
0.701886 0.000941014 6.71484e-09 312 0.00835296
0.703511 0.00104606 7.4128e-09 360 0.0084111
0.706218 0.00102556 7.1843e-09 576 0.00850856
0.708463 0.000954213 6.62116e-09 464 0.00858997
0.709472 0.00100234 6.92547e-09 192 0.00862671
0.71187 0.000875762 5.98996e-09 396 0.0087145
0.713632 0.000992424 6.73773e-09 432 0.00877938
0.71529 0.00114495 7.71936e-09 240 0.0088407
0.717478 0.00104916 7.00899e-09 624 0.00892209
0.719862 0.00102086 6.75241e-09 504 0.0090113
0.722401 0.000801982 5.24892e-09 198 0.00910699
0.723603 0.00102703 6.68839e-09 600 0.00915255
0.725718 0.00108268 6.98932e-09 384 0.00923302
0.727934 0.00104552 6.688e-09 432 0.00931785
0.729846 0.00118142 7.49807e-09 336 0.0093915
0.731583 0.00100897 6.35808e-09 336 0.0094587
0.733803 0.00108384 6.76812e-09 744 0.00954504
0.736176 0.00116539 7.20719e-09 624 0.00963796
0.738441 0.00107405 6.58136e-09 192 0.00972721
0.739813 0.00105768 6.44506e-09 432 0.00978153
0.741823 0.00102658 6.20488e-09 504 0.00986144
0.744194 0.00108989 6.52471e-09 336 0.00995634
0.745982 0.000927615 5.51344e-09 456 0.0100283
0.747564 0.00112848 6.66481e-09 408 0.0100922
0.749795 0.00107677 6.30282e-09 696 0.0101828
0.752344 0.00113872 6.59794e-09 384 0.010287
0.754981 0.00105523 6.05034e-09 330 0.0103956
0.756746 0.00110028 6.26462e-09 624 0.0104686
0.758549 0.000961864 5.43753e-09 384 0.0105437
0.760491 0.00119307 6.69303e-09 728 0.0106249
0.762803 0.00115138 6.4006e-09 432 0.010722
0.765361 0.00109732 6.03914e-09 696 0.0108303
0.767036 0.0011056 6.04495e-09 408 0.0109015
0.769597 0.00115866 6.27203e-09 456 0.0110111
0.771 0.00110124 5.92872e-09 408 0.0110714
0.773164 0.00113082 6.03695e-09 528 0.0111649
0.775969 0.00104863 5.53769e-09 576 0.0112869
0.778071 0.00107905 5.65231e-09 672 0.0113788
0.780434 0.00121452 6.30429e-09 384 0.0114828
0.782527 0.00119574 6.1571e-09 600 0.0115755
0.784473 0.00112693 5.75974e-09 294 0.011662
0.786277 0.00106054 5.38319e-09 600 0.0117427
0.788337 0.00112704 5.67599e-09 768 0.0118352
0.791032 0.0010806 5.38671e-09 648 0.011957
0.793268 0.001047 5.1752e-09 408 0.0120587
0.795576 0.00108394 5.31129e-09 552 0.0121643
0.797728 0.0011171 5.4296e-09 648 0.0122632
0.800144 0.00116422 5.60752e-09 348 0.012375
0.801567 0.0010419 4.99168e-09 744 0.0124411
0.804245 0.00105997 5.02769e-09 672 0.0125662
0.806478 0.00105394 4.95766e-09 456 0.0126712
0.808336 0.00113548 5.30448e-09 600 0.012759
0.810593 0.00108031 5.00472e-09 744 0.0128661
0.812878 0.00115652 5.31274e-09 288 0.0129752
0.815591 0.00127416 5.79493e-09 704 0.0131056
0.817562 0.00126444 5.70919e-09 678 0.0132009
0.820052 0.00107717 4.8195e-09 648 0.0133218
0.822478 0.0011509 5.10391e-09 648 0.0134404
0.824775 0.00111339 4.89644e-09 696 0.0135534
0.826774 0.00107101 4.67599e-09 696 0.0136521
0.829585 0.00118032 5.10102e-09 552 0.0137919
0.831577 0.00121039 5.19349e-09 840 0.0138914
0.834411 0.00100749 4.27899e-09 600 0.0140339
0.836554 0.00116978 4.93017e-09 696 0.0141424
0.839038 0.00125985 5.26277e-09 672 0.0142687
0.841041 0.00113005 4.6869e-09 552 0.0143711
0.843748 0.00125833 5.16888e-09 492 0.0145104
0.845866 0.0011413 4.65304e-09 840 0.0146199
0.84823 0.00114831 4.64258e-09 606 0.0147428
0.850494 0.00116986 4.69204e-09 936 0.0148612
0.853082 0.0012236 4.86302e-09 528 0.0149973
0.854904 0.0012561 4.96036e-09 696 0.0150936
0.857637 0.0012044 4.71085e-09 648 0.0152388
0.859669 0.00125695 4.88164e-09 936 0.0153474
0.862437 0.00126657 4.87176e-09 384 0.0154961
0.864033 0.00119064 4.5544e-09 864 0.0155823
0.86686 0.00112767 4.27146e-09 768 0.0157358
0.869231 0.00113451 4.2623e-09 528 0.0158652
0.871675 0.00129607 4.82844e-09 776 0.0159994
0.87406 0.00112394 4.15297e-09 960 0.0161311
0.876467 0.00119742 4.38814e-09 696 0.0162648
0.878396 0.00124976 4.54986e-09 582 0.0163723
0.8815 0.00116674 4.20289e-09 1008 0.0165465
0.883728 0.00112303 4.01491e-09 408 0.0166723
0.88592 0.00118174 4.19351e-09 960 0.0167967
0.888795 0.00117986 4.14633e-09 852 0.0169607
0.891174 0.00123119 4.2922e-09 912 0.0170973
0.89392 0.00125768 4.34424e-09 1032 0.0172559
0.895836 0.00118051 4.05156e-09 384 0.017367
0.898639 0.00120232 4.08792e-09 864 0.0175306
0.900789 0.00112232 3.78868e-09 840 0.0176567
0.903273 0.00117579 3.93652e-09 912 0.0178032
0.906338 0.00129482 4.2912e-09 792 0.017985
0.90863 0.0012011 3.95057e-09 744 0.0181218
0.911438 0.0012852 4.18822e-09 726 0.0182903
0.913568 0.00117493 3.80216e-09 984 0.0184189
0.91598 0.00116609 3.7438e-09 912 0.0185652
0.918648 0.00122251 3.89084e-09 1104 0.0187278
0.921243 0.00123632 3.90164e-09 744 0.018887
0.924376 0.00131856 4.11901e-09 968 0.0190803
0.92618 0.00139319 4.32677e-09 672 0.0191923
0.928764 0.00146723 4.51879e-09 984 0.0193534
0.931719 0.00128686 3.92569e-09 840 0.0195387
0.934062 0.00122242 3.70113e-09 1092 0.0196864
0.937061 0.00143806 4.31233e-09 840 0.0198767
0.939156 0.0012966 3.86217e-09 720 0.0200103
0.942047 0.0013161 3.88429e-09 1110 0.0201957
0.944712 0.0011643 3.40729e-09 1056 0.0203675
0.947136 0.00123968 3.60009e-09 888 0.0205247
0.949886 0.00118561 3.41324e-09 936 0.020704
0.952401 0.00134399 3.83865e-09 912 0.0208689
0.955174 0.00129543 3.66781e-09 1104 0.0210517
0.957881 0.00126735 3.55797e-09 912 0.0212312
0.960427 0.00122781 3.41962e-09 1104 0.021401
0.963313 0.00123797 3.41702e-09 1128 0.0215945
0.965992 0.00132011 3.61353e-09 768 0.0217751
0.968166 0.00130343 3.54389e-09 888 0.0219225
0.970778 0.00132513 3.57386e-09 1224 0.0221004
0.974412 0.00133407 3.55788e-09 750 0.0223495
0.976168 0.00136095 3.61002e-09 1092 0.0224706
0.979278 0.00125354 3.29353e-09 1472 0.022686
0.982348 0.00130755 3.40331e-09 792 0.0229001
0.984688 0.00125149 3.23424e-09 1080 0.0230641
0.987495 0.00131604 3.37213e-09 1584 0.0232619
0.990359 0.00132775 3.3727e-09 624 0.0234649
0.992971 0.00123042 3.10086e-09 1248 0.023651
0.99555 0.00125188 3.1305e-09 888 0.0238358
0.998492 0.00136202 3.37589e-09 912 0.0240477
1.00104 0.00137421 3.3802e-09 1368 0.0242321
1.00371 0.00130448 3.18308e-09 960 0.0244269
1.00665 0.00133355 3.22559e-09 1542 0.0246422
1.00992 0.00126862 3.03886e-09 1152 0.024883
1.01267 0.00127984 3.04083e-09 1008 0.0250866
1.01536 0.00122147 2.87914e-09 1248 0.0252872
1.01774 0.00127091 2.97472e-09 1056 0.0254653
1.02056 0.00123414 2.86472e-09 1188 0.025678
1.0236 0.00126255 2.90466e-09 1152 0.025908
1.02664 0.00132401 3.01907e-09 1560 0.0261396
1.02971 0.00130489 2.94892e-09 1128 0.0263748
1.03219 0.00139176 3.12263e-09 1152 0.0265658
1.03491 0.00144684 3.22071e-09 920 0.0267762
1.03779 0.0013595 3.00118e-09 1470 0.0270002
1.04087 0.00142168 3.11069e-09 1200 0.0272412
1.04379 0.00136719 2.96637e-09 1440 0.0274716
1.04629 0.00132125 2.84618e-09 1224 0.0276695
1.04938 0.00123996 2.64754e-09 1296 0.0279155
1.0527 0.0013256 2.80376e-09 1560 0.0281807
1.0556 0.00137556 2.88548e-09 1272 0.0284146
1.05803 0.00134256 2.7969e-09 1080 0.0286112
1.06094 0.0013906 2.87325e-09 1368 0.0288474
1.06403 0.00141082 2.88969e-09 1248 0.0291005
1.06727 0.00142249 2.88714e-09 1194 0.0293671
1.06993 0.0013953 2.81087e-09 1752 0.0295874
1.07321 0.00140457 2.80368e-09 1392 0.0298604
1.07584 0.00143316 2.83985e-09 1440 0.0300801
1.07913 0.00138073 2.711e-09 1488 0.030357
1.08224 0.00132588 2.58094e-09 1248 0.0306201
1.08486 0.00132897 2.56821e-09 1512 0.0308435
1.08787 0.00145025 2.77942e-09 1112 0.0311006
1.09115 0.00144189 2.73855e-09 1848 0.0313829
1.09382 0.00143562 2.70669e-09 1224 0.0316141
1.09696 0.00130813 2.44522e-09 1536 0.0318869
1.10024 0.00141869 2.62823e-09 1638 0.0321739
1.10325 0.00145535 2.67414e-09 1392 0.0324385
1.10625 0.00133655 2.43593e-09 1632 0.0327038
1.10975 0.00142293 2.5689e-09 1452 0.0330154
1.11241 0.00143242 2.56751e-09 1680 0.0332536
1.11531 0.00140506 2.49892e-09 1320 0.0335138
1.11831 0.0014202 2.50552e-09 1752 0.0337856
1.1218 0.00132535 2.31644e-09 1776 0.0341027
1.12518 0.00147899 2.56176e-09 1104 0.0344119
1.12759 0.00138857 2.38975e-09 1728 0.0346335
1.13096 0.00143085 2.44058e-09 1446 0.0349446
1.13402 0.0013894 2.35075e-09 1920 0.0352289
1.13756 0.00148178 2.48368e-09 1896 0.0355605
1.14046 0.00148988 2.47828e-09 1176 0.0358329
1.14325 0.00141596 2.33815e-09 1856 0.036096
1.14644 0.00150076 2.45751e-09 1896 0.0363996
1.14985 0.00153019 2.48349e-09 1464 0.0367251
1.15345 0.00132906 2.13693e-09 1968 0.0370711
1.15649 0.00140562 2.24227e-09 1548 0.0373647
1.15973 0.00140861 2.22824e-09 1944 0.0376799
1.16289 0.00162579 2.55084e-09 1470 0.0379893
1.16609 0.00144122 2.2427e-09 1920 0.0383035
1.16933 0.00154286 2.38096e-09 2184 0.0386238
1.1728 0.00145697 2.22852e-09 1464 0.0389686
1.17556 0.00144961 2.20167e-09 1608 0.0392445
1.1789 0.00158024 2.37974e-09 1944 0.0395797
1.18229 0.00154216 2.3025e-09 1872 0.0399216
1.18552 0.00146842 2.17454e-09 2256 0.0402498
1.18882 0.00152182 2.2349e-09 1632 0.0405867
1.19235 0.00149456 2.17542e-09 1542 0.0409497
1.19548 0.00152894 2.20802e-09 2216 0.0412732
1.1989 0.00151197 2.16486e-09 2052 0.0416287
1.20218 0.00145155 2.06141e-09 1680 0.0419708
1.20534 0.00147598 2.07967e-09 2280 0.0423024
1.20884 0.00134431 1.87774e-09 1968 0.0426722
1.21229 0.00148462 2.05608e-09 2016 0.0430385
1.21548 0.00151852 2.08648e-09 1968 0.0433795
1.21918 0.00155285 2.11428e-09 1920 0.0437772
1.22273 0.00144486 1.95018e-09 2400 0.0441602
1.22637 0.00148574 1.98757e-09 1974 0.0445554
1.2291 0.00145157 1.92891e-09 1944 0.0448544
1.23259 0.00152863 2.0141e-09 1920 0.0452377
1.23584 0.00152947 1.99937e-09 2280 0.0455962
1.23913 0.00155121 2.01171e-09 1968 0.0459607
1.24271 0.00145752 1.87389e-09 2220 0.0463607
1.24626 0.00155017 1.97602e-09 2352 0.0467595
1.24987 0.00142659 1.80278e-09 1968 0.0471667
1.25321 0.00150585 1.88776e-09 2504 0.0475461
1.25696 0.00145263 1.8048e-09 2118 0.047974
1.26038 0.00153989 1.89768e-09 2352 0.0483667
1.26384 0.00151696 1.8541e-09 2136 0.0487663
1.26724 0.00167559 2.03156e-09 2112 0.0491605
1.27063 0.00154937 1.86354e-09 2472 0.0495563
1.27412 0.00145375 1.73421e-09 2376 0.0499654
1.27765 0.00157931 1.8684e-09 2304 0.050382
1.28146 0.00153407 1.79875e-09 2448 0.0508339
1.28498 0.00159183 1.85118e-09 2280 0.0512542
1.28891 0.00159797 1.84136e-09 2466 0.0517261
1.29209 0.00168471 1.92705e-09 2256 0.0521091
1.29555 0.00161376 1.83111e-09 2472 0.0525296
1.29914 0.00162114 1.82427e-09 2856 0.0529678
1.30275 0.00148133 1.65314e-09 2112 0.05341
1.30664 0.00155916 1.7245e-09 2720 0.0538897
1.31022 0.00156209 1.71361e-09 2136 0.0543342
1.31338 0.00162824 1.77331e-09 2736 0.0547285
1.31727 0.00163342 1.76325e-09 2376 0.0552156
1.32115 0.00160469 1.717e-09 3126 0.0557057
1.32517 0.00160116 1.69771e-09 2568 0.056215
1.3281 0.00161327 1.69923e-09 2112 0.0565893
1.33185 0.00162344 1.69553e-09 2748 0.0570704
1.33573 0.0016072 1.664e-09 2928 0.0575703
1.33926 0.00158864 1.63181e-09 2640 0.0580277
1.34328 0.00162667 1.6559e-09 2856 0.0585522
1.34684 0.00162723 1.64338e-09 2352 0.0590191
1.35065 0.00164231 1.64461e-09 2910 0.0595215
1.35428 0.00165769 1.64671e-09 2784 0.0600021
1.35819 0.00163969 1.61481e-09 2952 0.0605229
1.36191 0.00160478 1.56752e-09 2696 0.0610216
1.36552 0.00159862 1.54915e-09 3264 0.0615083
1.36942 0.00158083 1.51884e-09 2472 0.0620373
1.37321 0.00162386 1.54733e-09 3024 0.0625529
1.37739 0.00165819 1.56567e-09 2964 0.0631266
1.38108 0.00160296 1.50144e-09 2910 0.0636352
1.38476 0.00169507 1.5751e-09 2880 0.0641445
1.38834 0.00163456 1.50715e-09 3216 0.0646435
1.39269 0.00159763 1.45932e-09 3096 0.065254
1.39621 0.00163805 1.48495e-09 2880 0.0657499
1.40013 0.00166052 1.49271e-09 2904 0.0663052
1.40406 0.00168405 1.50119e-09 3504 0.0668651
1.40804 0.00168547 1.48977e-09 3168 0.0674346
1.41234 0.00163146 1.42889e-09 3054 0.0680545
1.41581 0.00160686 1.39704e-09 3032 0.0685569
1.4197 0.00163124 1.40659e-09 3000 0.0691244
1.42371 0.00167916 1.43571e-09 3780 0.0697116
1.42793 0.00173078 1.46677e-09 3504 0.0703329
1.43191 0.00158501 1.33207e-09 2904 0.0709225
1.43567 0.00165075 1.37642e-09 3336 0.0714839
1.4396 0.00165398 1.36786e-09 3144 0.0720723
1.44356 0.00179253 1.47029e-09 3414 0.072668
1.44789 0.00165188 1.34281e-09 3552 0.0733239
1.45135 0.00173274 1.39849e-09 2928 0.0738505
1.45511 0.00168893 1.35258e-09 3840 0.074427
1.45943 0.00165513 1.31378e-09 3312 0.075091
1.4634 0.00162861 1.28224e-09 3432 0.0757057
1.46748 0.00171631 1.34005e-09 3596 0.0763404
1.47192 0.00176422 1.36502e-09 4224 0.0770361
1.47635 0.00173144 1.32763e-09 3294 0.077734
1.4801 0.00169995 1.29361e-09 3792 0.0783272
1.48412 0.00166438 1.25627e-09 3528 0.0789676
1.48876 0.00173725 1.29906e-09 3984 0.0797097
1.49263 0.00170332 1.2638e-09 3768 0.0803339
1.49668 0.00176387 1.29813e-09 3672 0.0809898
1.5007 0.00174102 1.27104e-09 3384 0.0816444
1.50468 0.00172924 1.25245e-09 3648 0.0822954
1.50906 0.0016552 1.18842e-09 4098 0.0830158
1.51319 0.00176494 1.25687e-09 4008 0.0836992
1.51752 0.00172476 1.21777e-09 4032 0.0844198
1.52148 0.00169759 1.18926e-09 3800 0.0850816
1.52566 0.00168702 1.17216e-09 3816 0.0857856
1.53008 0.00172303 1.18684e-09 4248 0.0865329
1.53425 0.00173983 1.18865e-09 3720 0.087243
1.5385 0.0017337 1.17469e-09 4254 0.0879693
1.54275 0.00178689 1.20073e-09 4224 0.0887015
1.54712 0.00177987 1.18593e-09 4368 0.0894564
1.55154 0.00175017 1.15619e-09 4104 0.090226
1.5559 0.00178049 1.16635e-09 4500 0.0909888
1.56012 0.00181592 1.17995e-09 3480 0.0917305
1.56438 0.00179793 1.15874e-09 5328 0.0924836
1.56888 0.00178409 1.13995e-09 3342 0.0932851
1.57296 0.00178597 1.13231e-09 4800 0.0940139
1.57761 0.00173212 1.08848e-09 4184 0.0948501
1.58177 0.00184067 1.14758e-09 5064 0.0956031
1.58626 0.00178678 1.10456e-09 4032 0.0964191
1.59063 0.00184479 1.13104e-09 4632 0.0972179
1.59512 0.00179282 1.08992e-09 4680 0.0980443
1.59955 0.00176893 1.0665e-09 3924 0.0988627
1.60387 0.0017774 1.06296e-09 5166 0.0996657
1.60831 0.0019016 1.12786e-09 4800 0.100495
1.6129 0.00179338 1.05461e-09 4560 0.101358
1.61719 0.00184505 1.07637e-09 4584 0.102171
1.62168 0.0017418 1.00772e-09 4848 0.103024
1.62597 0.00179356 1.02947e-09 4560 0.103844
1.631 0.00177493 1.0094e-09 5600 0.104809
1.63549 0.00176137 9.93449e-10 4686 0.105678
1.64006 0.0018312 1.02423e-09 5016 0.106566
1.64474 0.00182694 1.01315e-09 4956 0.107481
1.64888 0.00182384 1.00383e-09 4872 0.108295
1.65362 0.00187415 1.02266e-09 5376 0.109232
1.65838 0.00183068 9.90376e-10 5088 0.110177
1.66285 0.00188627 1.01224e-09 4710 0.111071
1.66732 0.00185544 9.87703e-10 4848 0.111969
1.67182 0.00177074 9.3504e-10 5976 0.112877
1.67656 0.00184399 9.65474e-10 5208 0.113841
1.68127 0.00193548 1.00488e-09 5352 0.114803
1.68594 0.00187554 9.65697e-10 4820 0.115762
1.6904 0.00185708 9.48634e-10 5760 0.116684
1.69513 0.0018716 9.48068e-10 5166 0.117666
1.69995 0.00182213 9.15185e-10 6168 0.118673
1.70477 0.00193122 9.61775e-10 5136 0.119685
1.70952 0.00182575 9.01691e-10 6240 0.120688
1.71454 0.00191842 9.3916e-10 5568 0.121754
1.71919 0.00186939 9.07761e-10 5712 0.122747
1.72386 0.00187383 9.02537e-10 5520 0.12375
1.72878 0.00188328 8.99363e-10 5670 0.124813
1.73344 0.0019489 9.23209e-10 6036 0.125825
1.73835 0.00201892 9.48304e-10 6264 0.126897
1.74335 0.00189593 8.82896e-10 5912 0.127995
1.74794 0.00188662 8.71656e-10 5736 0.129009
1.75258 0.0019827 9.08784e-10 5400 0.13004
1.75753 0.00187966 8.54295e-10 6342 0.131145
1.76258 0.00193364 8.71306e-10 7032 0.132277
1.76751 0.00195201 8.7224e-10 5448 0.133391
1.77221 0.00192776 8.5457e-10 6528 0.134458
1.77738 0.0019045 8.3691e-10 6468 0.135638
1.78243 0.00190538 8.30204e-10 6528 0.136797
1.78706 0.00189114 8.17612e-10 5568 0.137866
1.79184 0.00196701 8.43621e-10 6798 0.138976
1.79723 0.00189954 8.07382e-10 6560 0.140233
1.80203 0.0018922 7.97841e-10 6888 0.141361
1.80708 0.00198395 8.29537e-10 6624 0.142552
1.81205 0.00197044 8.17128e-10 6288 0.143732
1.81703 0.00190855 7.84971e-10 6960 0.14492
1.82233 0.00186358 7.59808e-10 6570 0.146192
1.82696 0.00190919 7.72502e-10 6600 0.147309
1.83219 0.0019791 7.93956e-10 7776 0.148577
1.83773 0.00203456 8.08845e-10 7248 0.149929
1.84289 0.00196861 7.76071e-10 6672 0.151196
1.84774 0.0019918 7.79052e-10 6704 0.152391
1.85265 0.00197917 7.67963e-10 6942 0.153611
1.85788 0.00201008 7.73388e-10 7656 0.154916
1.86304 0.00207276 7.90896e-10 7128 0.15621
1.86848 0.0019926 7.53699e-10 7908 0.157581
1.87356 0.00196745 7.38143e-10 6648 0.158871
1.8783 0.00198128 7.37715e-10 7320 0.16008
1.88389 0.0019585 7.2276e-10 7638 0.161514
1.88902 0.00197514 7.22984e-10 7416 0.162836
1.89401 0.00196992 7.15385e-10 7752 0.16413
1.89959 0.00200281 7.20938e-10 8448 0.165585
1.90501 0.00202236 7.21783e-10 7280 0.167006
1.91024 0.00204811 7.24986e-10 7668 0.168386
1.91549 0.00202781 7.11914e-10 8094 0.169778
1.9207 0.00207599 7.22919e-10 7656 0.171166
1.92602 0.00203249 7.01912e-10 8160 0.172594
1.93138 0.00201015 6.88434e-10 8472 0.174039
1.93696 0.00198661 6.74507e-10 7896 0.175552
1.9421 0.00205067 6.90754e-10 8088 0.176951
1.94753 0.00203835 6.80873e-10 8286 0.17844
1.95309 0.00209142 6.92647e-10 8676 0.179974
1.95841 0.00205122 6.73818e-10 8120 0.181447
1.96377 0.00207011 6.74473e-10 9024 0.18294
1.96932 0.00201797 6.51937e-10 8160 0.184497
1.97458 0.00206199 6.60852e-10 7944 0.185979
1.98001 0.00207191 6.58578e-10 8982 0.187519
1.98555 0.00204442 6.44415e-10 9528 0.189097
1.99126 0.00200449 6.26412e-10 8832 0.190733
1.99697 0.00206832 6.40827e-10 8916 0.192378
2.00244 0.00213243 6.55295e-10 9240 0.193963
2.00796 0.0020822 6.34598e-10 8502 0.19557
2.01347 0.00210891 6.37475e-10 9416 0.197185
2.01894 0.00205421 6.15908e-10 8976 0.198797
2.02457 0.00209148 6.21864e-10 9432 0.200465
2.0302 0.00205562 6.06134e-10 9864 0.202141
2.03598 0.00210492 6.15396e-10 9024 0.203874
2.04164 0.00210792 6.11159e-10 9762 0.20558
2.0472 0.0020763 5.97101e-10 9264 0.207263
2.05278 0.00210136 5.99396e-10 10056 0.208962
2.05848 0.00214682 6.0729e-10 9936 0.210708
2.06453 0.00215062 6.03029e-10 9624 0.212572
2.0699 0.00215984 6.00919e-10 9752 0.214233
2.07576 0.00213302 5.88439e-10 10446 0.216059
2.08159 0.00213119 5.83015e-10 10056 0.217883
2.08723 0.00216572 5.87671e-10 9876 0.219659
2.09319 0.00214407 5.76839e-10 11160 0.221546
2.09903 0.00219389 5.85331e-10 10128 0.223405
2.10491 0.0021743 5.75255e-10 9726 0.225289
2.11051 0.00217733 5.71477e-10 11112 0.227094
2.11652 0.00211061 5.49266e-10 10776 0.229037
2.1222 0.0021757 5.6167e-10 10232 0.230887
2.12811 0.00213968 5.47779e-10 11184 0.232822
2.13436 0.00214841 5.45199e-10 11058 0.234877
2.1403 0.00218221 5.49175e-10 11472 0.236846
2.14607 0.00219335 5.47542e-10 10464 0.238765
2.15178 0.00217202 5.37908e-10 10584 0.240678
2.15796 0.00216475 5.31518e-10 12504 0.242756
2.16404 0.00212697 5.1785e-10 10560 0.244815
2.16987 0.00220108 5.31587e-10 11694 0.246798
2.17602 0.00219375 5.25334e-10 11420 0.248904
2.18203 0.00216585 5.14381e-10 12504 0.250972
2.18802 0.0022067 5.19789e-10 10800 0.253044
2.19421 0.00225087 5.25722e-10 12456 0.255197
2.20046 0.00226309 5.24085e-10 12030 0.257383
2.20635 0.00218348 5.01606e-10 11232 0.259457
2.21231 0.00225784 5.14511e-10 13176 0.261564
2.21866 0.00217885 4.92261e-10 11196 0.263823
2.22456 0.00227672 5.10288e-10 12720 0.265934
2.23077 0.00220824 4.90821e-10 11918 0.268165
2.23689 0.00222579 4.90671e-10 13392 0.27038
2.24337 0.00225166 4.92086e-10 12600 0.272736
2.24963 0.0022164 4.80344e-10 13200 0.275027
2.25594 0.00222161 4.77448e-10 12864 0.277346
2.26215 0.00223214 4.75769e-10 12270 0.279644
2.26834 0.00223358 4.72188e-10 13668 0.281946
2.27465 0.00221525 4.6443e-10 13200 0.284304
2.28097 0.00227546 4.73095e-10 13416 0.286682
2.28734 0.00223665 4.61157e-10 12992 0.289088
2.2937 0.00224502 4.59042e-10 13806 0.291506
2.29997 0.00224799 4.559e-10 13800 0.293904
2.30631 0.0022871 4.60014e-10 13056 0.296342
2.31259 0.00232527 4.63895e-10 14364 0.298768
2.31902 0.00231035 4.57095e-10 13248 0.301267
2.32549 0.00232117 4.55411e-10 15054 0.303797
2.33213 0.00228976 4.45421e-10 13680 0.306407
2.33841 0.00226833 4.37708e-10 15152 0.308888
2.34514 0.00231453 4.42789e-10 14376 0.311564
2.35149 0.00225034 4.27032e-10 13932 0.314101
2.35808 0.00233386 4.39178e-10 14910 0.316749
2.36456 0.00231957 4.32907e-10 15648 0.31937
2.37106 0.00235105 4.35185e-10 13680 0.32201
2.37766 0.00228438 4.19333e-10 15816 0.324705
2.38432 0.0023149 4.21386e-10 15030 0.32744
2.39081 0.00235122 4.24518e-10 15104 0.330124
2.39768 0.00228594 4.09197e-10 16548 0.332977
2.40438 0.00229851 4.08014e-10 15360 0.335777
2.41105 0.00233079 4.10322e-10 15768 0.338577
2.4176 0.00234528 4.09528e-10 14622 0.341343
2.42433 0.00235171 4.07238e-10 17568 0.344204
2.43136 0.00236275 4.0561e-10 16368 0.347208
2.43802 0.00240637 4.09723e-10 15960 0.350068
2.44478 0.00236171 3.98794e-10 15732 0.352986
2.45148 0.00237277 3.97386e-10 17006 0.355896
2.45825 0.00239059 3.97068e-10 16680 0.358856
2.46533 0.00232448 3.8277e-10 17712 0.361966
2.47205 0.002338 3.81868e-10 15576 0.364931
2.47856 0.00237323 3.84577e-10 16974 0.367822
2.48564 0.00239025 3.84031e-10 17436 0.370985
2.49249 0.00240903 3.83866e-10 17952 0.374062
2.49953 0.00238225 3.76402e-10 17448 0.377238
2.50635 0.00242464 3.79982e-10 17336 0.380334
2.51347 0.00237903 3.69676e-10 17958 0.383583
2.52045 0.00236748 3.6483e-10 19056 0.386791
2.52756 0.00243886 3.72668e-10 17304 0.390073
2.53442 0.00236448 3.58378e-10 18276 0.393255
2.5414 0.00244576 3.67649e-10 17838 0.396516
2.5483 0.0024368 3.63335e-10 18984 0.399754
2.55573 0.00242334 3.58187e-10 19616 0.403259
2.56269 0.00240305 3.52299e-10 18168 0.406565
2.56979 0.00238925 3.47384e-10 19320 0.40995
2.57712 0.00244236 3.52084e-10 19170 0.41347
2.58402 0.0024689 3.53068e-10 19008 0.416799
2.59124 0.00243339 3.45086e-10 20472 0.420306
2.5986 0.00242467 3.40938e-10 19128 0.423894
2.60574 0.00244013 3.40298e-10 19998 0.4274
2.61294 0.00244406 3.38037e-10 19808 0.430951
2.62018 0.0024378 3.34384e-10 20724 0.434543
2.62754 0.00249382 3.39201e-10 19896 0.438215
2.6346 0.00250871 3.38493e-10 20304 0.441756
2.64214 0.00248267 3.32117e-10 21030 0.445562
2.64935 0.00244573 3.24511e-10 21168 0.449219
2.65671 0.00244929 3.22289e-10 20736 0.452975
2.66416 0.00249501 3.2556e-10 21356 0.456795
2.67173 0.00251647 3.25577e-10 22206 0.460698
2.6791 0.00247295 3.17313e-10 21360 0.464523
2.68651 0.0024855 3.16291e-10 21456 0.468389
2.69384 0.00251001 3.1681e-10 21648 0.472235
2.70134 0.00250106 3.1306e-10 22326 0.476187
2.70887 0.0025353 3.14705e-10 22212 0.480181
2.71619 0.00249186 3.06819e-10 22128 0.484085
2.72367 0.00249217 3.04338e-10 22640 0.488093
2.73137 0.00254498 3.08163e-10 23022 0.492248
2.7391 0.00250651 3.00943e-10 24168 0.496438
2.7466 0.0025552 3.04284e-10 22416 0.500526
2.75431 0.00255445 3.01646e-10 23700 0.504754
2.76199 0.00256057 2.99853e-10 24222 0.508989
2.76962 0.00255478 2.96711e-10 22776 0.513215
2.77711 0.00254728 2.93453e-10 24296 0.517392
2.78491 0.00254629 2.90881e-10 24648 0.521763
2.79252 0.00254859 2.88768e-10 22926 0.526054
2.80016 0.00259515 2.91644e-10 25476 0.530383
2.80812 0.002596 2.89267e-10 25608 0.534916
2.81589 0.00259122 2.86348e-10 24576 0.539373
2.82378 0.00255855 2.80376e-10 25134 0.543918
2.83157 0.00258806 2.81276e-10 25928 0.548429
2.83951 0.00255417 2.7527e-10 26148 0.553059
2.84746 0.00260588 2.78496e-10 25632 0.557718
2.85525 0.00259559 2.75134e-10 25926 0.562306
2.86324 0.00261303 2.74669e-10 26232 0.567042
2.87111 0.00260933 2.72031e-10 27216 0.57173
2.87917 0.00259957 2.68744e-10 26736 0.576558
2.88739 0.00257683 2.64125e-10 27698 0.581507
2.8953 0.00259573 2.63887e-10 26640 0.5863
2.90311 0.00261627 2.63836e-10 26880 0.591058
2.91139 0.00266 2.65963e-10 29160 0.596131
2.91957 0.00259266 2.57056e-10 27318 0.601172
2.92751 0.00260039 2.55729e-10 27984 0.606091
2.93565 0.00265043 2.58491e-10 28364 0.611155
2.94365 0.0026547 2.568e-10 28464 0.61617
2.95199 0.00264729 2.53919e-10 28974 0.621421
2.96007 0.00268468 2.55404e-10 28920 0.626534
2.96818 0.00265955 2.50945e-10 29640 0.631698
2.97653 0.00265745 2.48642e-10 28884 0.637045
2.98472 0.00264871 2.4579e-10 30558 0.642317
2.99318 0.00267038 2.45705e-10 30776 0.647798
3.00137 0.00269785 2.46207e-10 29040 0.653128
3.00959 0.00270319 2.44679e-10 30984 0.658508
3.01806 0.00270522 2.42805e-10 30930 0.664087
3.02658 0.00269095 2.39491e-10 32712 0.669723
3.03503 0.00271025 2.392e-10 30528 0.675349
3.04327 0.00267626 2.34285e-10 30326 0.680869
3.05173 0.00270521 2.34857e-10 33624 0.686558
3.06034 0.00272859 2.34892e-10 31824 0.692389
3.06872 0.00276403 2.35999e-10 31860 0.698092
3.07736 0.00274609 2.32497e-10 33942 0.704007
3.08588 0.00273032 2.29254e-10 31848 0.709867
3.09426 0.00272909 2.27293e-10 33624 0.715669
3.10297 0.00274283 2.2652e-10 33512 0.721726
3.11157 0.00275133 2.25343e-10 33594 0.727745
3.12023 0.00280344 2.27705e-10 34944 0.733836
3.12889 0.00276747 2.2292e-10 33624 0.739968
3.13752 0.0027752 2.21704e-10 34710 0.746104
3.14616 0.00273896 2.17013e-10 34704 0.752282
3.15488 0.00276105 2.16952e-10 35468 0.758558
3.1637 0.00276815 2.15696e-10 36096 0.764939
3.17266 0.00278966 2.15536e-10 35958 0.771458
3.18144 0.00279401 2.1409e-10 36576 0.777878
3.19023 0.00276188 2.09883e-10 35976 0.784346
3.19904 0.00274345 2.06764e-10 36396 0.790863
3.20798 0.00278828 2.08392e-10 38030 0.797509
3.21678 0.00283337 2.10029e-10 35784 0.804089
3.22564 0.00278842 2.04998e-10 38712 0.810752
3.23477 0.00279104 2.03458e-10 38310 0.817657
3.24374 0.00282274 2.04067e-10 37596 0.824478
3.25254 0.00283441 2.03253e-10 39000 0.831202
3.26171 0.00283144 2.01332e-10 38552 0.838252
3.2708 0.00284614 2.00694e-10 40206 0.845284
3.27984 0.0028466 1.99071e-10 39072 0.852312
3.28909 0.00281563 1.95249e-10 41340 0.859539
3.2983 0.00286748 1.97184e-10 39342 0.866782
3.30724 0.00288605 1.96855e-10 40176 0.873852
3.31644 0.00284862 1.9269e-10 41768 0.88116
3.32563 0.0028998 1.9453e-10 40206 0.888507
3.33487 0.00288715 1.92076e-10 42300 0.895935
3.34411 0.00288269 1.90193e-10 42360 0.903408
3.35331 0.00286783 1.8766e-10 40488 0.91088
3.3626 0.00292183 1.89613e-10 44406 0.918472
3.37211 0.00286109 1.84105e-10 43076 0.926289
3.38132 0.00288128 1.83893e-10 42600 0.933901
3.39087 0.00290406 1.83786e-10 45486 0.941834
3.40043 0.00292442 1.83518e-10 43848 0.94982
3.40963 0.00289341 1.80106e-10 43248 0.95755
3.41901 0.00293409 1.81138e-10 44988 0.965479
3.42866 0.0029284 1.79266e-10 46454 0.973672
3.43818 0.00294399 1.78728e-10 44928 0.981803
3.4478 0.00297263 1.78959e-10 47256 0.990072
3.45736 0.00295661 1.76523e-10 45126 0.99833
3.46696 0.00295777 1.75129e-10 48084 1.00667
3.47654 0.00295564 1.7356e-10 46320 1.01504
3.48629 0.00294629 1.71564e-10 47894 1.0236
3.49578 0.00297527 1.71843e-10 47160 1.03199
3.50539 0.002962 1.69675e-10 48228 1.04051
3.51537 0.00296195 1.6823e-10 50598 1.04943
3.52506 0.00296659 1.67108e-10 47328 1.05813
3.53475 0.00298351 1.66683e-10 50696 1.06688
3.54459 0.00299183 1.6576e-10 49344 1.07581
3.55459 0.0030193 1.65875e-10 51570 1.08494
3.56441 0.00302771 1.64964e-10 50832 1.09397
3.5743 0.00300459 1.6235e-10 50424 1.1031
3.58421 0.00302944 1.62338e-10 52686 1.1123
3.59415 0.00300213 1.59544e-10 51092 1.12158
3.60407 0.0030371 1.60073e-10 53376 1.13089
3.61415 0.00302063 1.57877e-10 52374 1.1404
3.62404 0.00301338 1.56213e-10 52848 1.14979
3.63411 0.0030163 1.55067e-10 55488 1.15941
3.64445 0.00303307 1.54605e-10 54098 1.16933
3.65433 0.00305684 1.54558e-10 53688 1.17886
3.66443 0.00305738 1.5331e-10 55296 1.18866
3.67462 0.00304607 1.51476e-10 56358 1.19861
3.68502 0.00309223 1.52472e-10 57468 1.20882
3.69525 0.00306205 1.49735e-10 56000 1.21891
3.70559 0.00307266 1.48998e-10 57774 1.22917
3.71586 0.00309387 1.48787e-10 57648 1.23942
3.72609 0.00310388 1.48042e-10 57480 1.24968
3.73645 0.00306872 1.45151e-10 58122 1.26013
3.74669 0.00311294 1.46038e-10 59208 1.27053
3.75716 0.00311071 1.44718e-10 60032 1.2812
3.76768 0.00309979 1.43004e-10 60366 1.292
3.77814 0.00312249 1.42858e-10 60444 1.30279
3.78854 0.00313127 1.42084e-10 60912 1.31358
3.79912 0.00311268 1.40063e-10 61422 1.32462
3.80967 0.00312598 1.39497e-10 63032 1.33568
3.82029 0.00312039 1.38089e-10 62052 1.34688
3.83093 0.00314677 1.381e-10 64038 1.35817
3.84147 0.00313708 1.36544e-10 61632 1.36941
3.85195 0.00313458 1.35325e-10 64896 1.38065
3.86282 0.00313406 1.34163e-10 64874 1.39237
3.87338 0.00313568 1.33138e-10 64200 1.40381
3.88424 0.00314505 1.32419e-10 68016 1.41566
3.89516 0.00314993 1.31512e-10 65694 1.42763
3.90592 0.00318713 1.31968e-10 67212 1.4395
3.91674 0.00315876 1.29712e-10 67088 1.45149
3.92755 0.00316302 1.28818e-10 67182 1.46355
3.93842 0.00315027 1.2724e-10 69768 1.47572
3.94935 0.00314866 1.26122e-10 67524 1.48805
3.96027 0.00313325 1.24469e-10 70758 1.50043
3.97123 0.00312627 1.23166e-10 69488 1.51292
3.98223 0.00309074 1.2076e-10 71640 1.52552
3.99344 0.00306774 1.18855e-10 72042 1.53844
4.00456 0.00305313 1.17306e-10 72960 1.55133
4.01559 0.0030363 1.157e-10 70422 1.56419
4.02684 0.000524362 1.98143e-11 76784 1.57737
4.0381 0.000509933 1.91083e-11 72348 1.59064
4.04921 0.000496912 1.84675e-11 74094 1.6038
4.06038 0.000521851 1.92348e-11 74976 1.61711
4.0716 0.000479324 1.75216e-11 76200 1.63056
4.08307 0.000477199 1.72974e-11 77114 1.64437
4.09436 0.000466818 1.67814e-11 76872 1.65805
4.10573 0.000457193 1.62993e-11 77784 1.67191
4.1172 0.000489664 1.73114e-11 78654 1.68596
4.12861 0.000509612 1.78677e-11 79380 1.70001
4.14006 0.000489833 1.70322e-11 79256 1.71419
4.15155 0.000520047 1.79329e-11 80094 1.72851
4.16295 0.000516747 1.76732e-11 80760 1.74278
4.17466 0.000515201 1.74724e-11 83034 1.75754
4.18631 0.00060314 2.02845e-11 82664 1.77229
4.19786 0.000588839 1.96405e-11 81864 1.787
4.20942 0.00058311 1.92895e-11 83334 1.80181
4.22115 0.00060802 1.99464e-11 85980 1.81691
4.23288 0.000601581 1.95716e-11 84144 1.83209
4.24467 0.00068307 2.2038e-11 86486 1.84745
4.25637 0.000695383 2.22508e-11 86016 1.86277
4.26828 0.000652086 2.06913e-11 88290 1.87844
4.28011 0.000763128 2.40144e-11 87672 1.89411
4.29193 0.000745872 2.32781e-11 88608 1.90984
4.30383 0.000816272 2.52644e-11 88682 1.92577
4.31573 0.000845125 2.59416e-11 91200 1.9418
4.3279 0.00077722 2.36566e-11 92568 1.95826
4.33994 0.000889285 2.68428e-11 91014 1.97466
4.35196 0.00088141 2.63854e-11 92828 1.99111
4.36403 0.000922672 2.73921e-11 93054 2.00772
4.37602 0.00102662 3.02282e-11 92568 2.02432
4.38816 0.000936738 2.73533e-11 96768 2.04121
4.40051 0.0010624 3.07624e-11 95658 2.05849
4.41265 0.0010666 3.06297e-11 96368 2.07558
4.42502 0.00104803 2.98448e-11 98526 2.09309
4.43718 0.00121677 3.43658e-11 95436 2.11039
4.44945 0.00113346 3.17487e-11 101472 2.12794
4.46195 0.00123473 3.42955e-11 98582 2.14593
4.47415 0.0012748 3.51198e-11 99984 2.16357
4.48658 0.00126913 3.46734e-11 101298 2.18166
4.49915 0.00138209 3.7444e-11 104952 2.20005
4.51164 0.00135609 3.64355e-11 100568 2.21842
4.52414 0.00144632 3.85387e-11 105942 2.23691
4.5368 0.00153531 4.05682e-11 104892 2.25574
4.54929 0.00147516 3.86587e-11 103734 2.27443
4.56181 0.00165746 4.30796e-11 107160 2.29325
4.57457 0.00163657 4.21817e-11 108788 2.31255
4.58728 0.00172922 4.42003e-11 107070 2.33188
4.59999 0.00178333 4.52067e-11 110760 2.35131
4.6128 0.0017028 4.28064e-11 109182 2.37102
4.62563 0.00192598 4.80152e-11 112820 2.39086
4.63846 0.00187494 4.6356e-11 110280 2.4108
4.65132 0.00199653 4.8954e-11 114678 2.43091
4.66426 0.00208263 5.06413e-11 112668 2.45125
4.67718 0.00207033 4.99259e-11 116030 2.47169
4.69034 0.00221432 5.295e-11 118032 2.49261
4.7033 0.00217571 5.15981e-11 113700 2.51332
4.71623 0.0023922 5.62668e-11 118566 2.53411
4.7294 0.00239365 5.58319e-11 119840 2.5554
4.74251 0.00241764 5.59251e-11 118278 2.5767
4.75558 0.00260423 5.97461e-11 120852 2.59807
4.76881 0.00254895 5.79925e-11 122166 2.61981
4.78209 0.00284443 6.41774e-11 123296 2.64176
4.79535 0.00272493 6.09725e-11 123300 2.6638
4.8087 0.0028697 6.36785e-11 126174 2.68611
4.82205 0.00298458 6.56791e-11 124800 2.70855
4.83537 0.00301555 6.58139e-11 126774 2.73104
4.8488 0.0032759 7.09033e-11 128900 2.75387
4.86226 0.0031434 6.7472e-11 127776 2.77687
4.87577 0.00359177 7.64571e-11 132246 2.80008
4.8893 0.00340735 7.19312e-11 129252 2.82345
4.90284 0.00367329 7.69047e-11 133118 2.84697
4.91643 0.00375073 7.78765e-11 133272 2.87071
4.93013 0.00371769 7.65485e-11 134970 2.89479
4.94379 0.00411341 8.39966e-11 136128 2.91891
4.95761 0.00385217 7.80062e-11 137270 2.94345
4.97145 0.00435252 8.74037e-11 139620 2.96818
4.98526 0.00418708 8.33852e-11 138312 2.99297
4.99912 0.00467265 9.22833e-11 140694 3.01801
5.01292 0.00449816 8.8105e-11 140888 3.04308
5.02687 0.00470261 9.13452e-11 143034 3.06855
5.04082 0.00490961 9.45766e-11 143688 3.09416
5.05472 0.00492864 9.41622e-11 143510 3.11983
5.06873 0.00536989 1.01743e-10 147828 3.14586
5.08293 0.00517416 9.72158e-11 147918 3.17236
5.09703 0.00581737 1.08397e-10 148992 3.19883
5.11123 0.00560008 1.0348e-10 150356 3.22565
5.12527 0.00611946 1.12151e-10 147606 3.25229
5.13948 0.0059407 1.07974e-10 156624 3.27943
5.15396 0.00630098 1.1356e-10 153354 3.30723
5.16816 0.00635285 1.13554e-10 153968 3.33463
5.18246 0.0065834 1.16703e-10 155862 3.36239
5.19679 0.00689134 1.21154e-10 157524 3.39035
5.21123 0.00698506 1.21783e-10 159126 3.41871
5.22579 0.00751946 1.30008e-10 162488 3.44743
5.24033 0.00716977 1.22933e-10 159570 3.47629
5.25479 0.00811956 1.38072e-10 164304 3.50516
5.26952 0.00768514 1.29592e-10 165720 3.5347
5.28409 0.00859801 1.43789e-10 162866 3.56411
5.29868 0.0082877 1.37458e-10 169056 3.59372
5.31346 0.00902795 1.48489e-10 167502 3.62388
5.32816 0.00889543 1.45103e-10 169964 3.65402
5.34291 0.00963945 1.5594e-10 170478 3.68446
5.35779 0.00960807 1.54141e-10 175200 3.71533
5.37276 0.0101457 1.61409e-10 173130 3.74656
5.38758 0.0103501 1.63307e-10 175712 3.77764
5.4026 0.0104159 1.62977e-10 177438 3.80932
5.41755 0.0111547 1.73096e-10 178092 3.84105
5.43256 0.0110674 1.70323e-10 179694 3.87305
5.44764 0.011868 1.81131e-10 182504 3.9054
5.4628 0.0119144 1.80329e-10 182394 3.93809
5.47789 0.0127764 1.91782e-10 184464 3.97083
5.49311 0.0125285 1.86502e-10 186398 4.00402
5.50841 0.0138236 2.04072e-10 188844 4.03756
5.52365 0.0130979 1.91762e-10 187230 4.07118
5.53901 0.0146603 2.12856e-10 193776 4.10522
5.55452 0.0138528 1.99452e-10 192218 4.1398
5.56983 0.0157604 2.25051e-10 192408 4.17414
5.58522 0.0146484 2.07448e-10 195510 4.20884
5.60076 0.0168137 2.36136e-10 198404 4.24405
5.6164 0.0158613 2.20904e-10 200310 4.27971
5.63203 0.0179407 2.4779e-10 201216 4.31554
5.64768 0.0170059 2.32932e-10 201618 4.35162
5.66335 0.0196486 2.66902e-10 204680 4.38794
5.67898 0.0181871 2.45015e-10 202770 4.42437
5.69478 0.0207171 2.76782e-10 211800 4.46141
5.71065 0.0195808 2.59426e-10 205718 4.4988
5.72637 0.0223333 2.93464e-10 211452 4.53606
5.74229 0.0208973 2.72317e-10 213150 4.574
5.75836 0.0236742 3.05928e-10 217512 4.6125
5.77442 0.0225357 2.88792e-10 214754 4.65121
5.79027 0.0252578 3.21025e-10 215424 4.6896
5.80643 0.0236985 2.98698e-10 224574 4.72899
5.82259 0.027351 3.41872e-10 218588 4.76858
5.83867 0.0261148 3.23731e-10 223902 4.8082
5.85483 0.0286386 3.52086e-10 224952 4.84824
5.87119 0.0284892 3.47329e-10 230258 4.88899
5.88752 0.0299755 3.62418e-10 227544 4.92989
5.90382 0.0305478 3.66287e-10 231018 4.97095
5.92021 0.0324039 3.85322e-10 234504 5.01248
5.93666 0.0331093 3.90447e-10 233102 5.05438
5.95305 0.0341725 3.99667e-10 236892 5.09635
5.96958 0.0360657 4.18313e-10 238830 5.13893
5.98612 0.0366332 4.21384e-10 241232 5.18175
6.00281 0.0390619 4.45584e-10 243906 5.22522
6.01948 0.037989 4.29754e-10 244704 5.26888
6.03618 0.0433634 4.86492e-10 246698 5.31285
6.05287 0.0409315 4.55421e-10 248664 5.35704
6.06975 0.046737 5.15688e-10 253494 5.40199
6.08663 0.04309 4.71503e-10 251522 5.44718
6.10345 0.0516967 5.61017e-10 255336 5.49246
6.12039 0.0474143 5.10283e-10 257694 5.53833
6.13742 0.0533125 5.68999e-10 260988 5.58467
6.15452 0.0526742 5.57513e-10 261638 5.63148
6.17151 0.056789 5.96114e-10 262356 5.67825
6.18861 0.0586693 6.1076e-10 266478 5.72559
6.20588 0.0592617 6.11791e-10 272048 5.77366
6.22322 0.0658699 6.74343e-10 269850 5.82219
6.24044 0.0615033 6.24443e-10 272544 5.87064
6.25776 0.0723848 7.28836e-10 275546 5.91967
6.27506 0.0654883 6.53959e-10 275334 5.96889
6.29257 0.0788814 7.81143e-10 285024 6.019
6.3102 0.0738358 7.25065e-10 282242 6.06974
6.32759 0.0834933 8.13161e-10 280800 6.12005
6.34509 0.0838804 8.10191e-10 288330 6.17097
6.36273 0.0848849 8.1309e-10 290024 6.2226
6.38041 0.0941248 8.94123e-10 290598 6.27461
6.39805 0.0881139 8.30119e-10 293748 6.3268
6.4159 0.104289 9.74329e-10 299582 6.37989
6.43369 0.0979309 9.07359e-10 295914 6.4331
6.45145 0.112917 1.03759e-09 302352 6.48653
6.46945 0.111986 1.02048e-09 305342 6.54098
6.48737 0.114679 1.03637e-09 305532 6.59549
6.50541 0.127935 1.14658e-09 310806 6.65067
6.52346 0.118096 1.04964e-09 310436 6.70617
6.54163 0.147683 1.30171e-09 318006 6.76236
6.55978 0.131093 1.14591e-09 312846 6.81881
6.57792 0.156197 1.35409e-09 322508 6.87553
6.59626 0.151672 1.30392e-09 321318 6.9332
6.61457 0.157648 1.34407e-09 327204 6.9911
6.63294 0.182727 1.54499e-09 325766 7.04949
6.65129 0.156699 1.31398e-09 330246 7.10817
6.6698 0.206252 1.71514e-09 335868 7.16768
6.68842 0.190706 1.57266e-09 336710 7.22788
6.70692 0.20613 1.68582e-09 336636 7.28801
6.72554 0.222404 1.80385e-09 343542 7.34891
6.74416 0.198455 1.59631e-09 342092 7.41011
6.76288 0.26467 2.1113e-09 349446 7.47197
6.78171 0.243769 1.92842e-09 350118 7.53457
6.80049 0.263275 2.06552e-09 352628 7.59732
6.81946 0.295561 2.29953e-09 359334 7.66107
6.83836 0.250673 1.93415e-09 356364 7.72497
6.8573 0.347656 2.6603e-09 362990 7.78933
6.87632 0.317504 2.40946e-09 364062 7.85434
6.8954 0.336045 2.52906e-09 369756 7.91989
6.91452 0.393479 2.9368e-09 368726 7.98596
6.93369 0.326013 2.41313e-09 375786 8.05255
6.95298 0.464783 3.41175e-09 378600 8.11995
6.97229 0.43688 3.18036e-09 379394 8.18777
6.99165 0.416539 3.00716e-09 386568 8.25619
7.01113 0.53642 3.84043e-09 386906 8.3254
7.03054 0.461083 3.2738e-09 388950 8.39474
7.05003 0.575158 4.04998e-09 394512 8.46475
7.06964 0.616938 4.30813e-09 396818 8.53557
7.08927 0.494677 3.42577e-09 401112 8.60686
7.109 0.782329 5.37282e-09 404850 8.67894
7.12874 0.691254 4.70802e-09 405566 8.75143
7.14845 0.666855 4.50438e-09 409308 8.82422
7.16828 0.932739 6.24821e-09 413766 8.89785
7.18818 0.788158 5.23597e-09 417050 8.97215
7.2082 0.912293 6.01026e-09 425232 9.04735
7.22829 1.12273 7.33511e-09 421862 9.12321
7.24825 0.797829 5.16951e-09 426402 9.199
7.26841 1.29886 8.34609e-09 434688 9.27596
7.28872 1.34222 8.55281e-09 436634 9.35391
7.30888 0.933006 5.89619e-09 434784 9.43177
7.32907 1.81563 1.13794e-08 441018 9.51013
7.34941 1.60286 9.96272e-09 447350 9.58953
7.36984 1.20969 7.45657e-09 449868 9.66974
7.3903 2.30822 1.41101e-08 453206 9.75049
7.4108 1.98362 1.20255e-08 456570 9.83185
7.4314 1.57761 9.48481e-09 463824 9.91407
7.45208 3.13571 1.86958e-08 463718 9.99706
7.47272 2.68721 1.58893e-08 468186 10.0804
7.49346 2.03026 1.19054e-08 473448 10.1645
7.51434 3.95734 2.30129e-08 479354 10.2497
7.5352 3.58025 2.06475e-08 477702 10.3353
7.55605 2.54995 1.45844e-08 485204 10.4214
7.5771 5.5153 3.12823e-08 491454 10.5087
7.59817 5.00159 2.81333e-08 491226 10.5966
7.61922 2.86089 1.59591e-08 497648 10.685
7.64048 8.31914 4.6021e-08 504930 10.7746
7.66167 8.3929 4.60449e-08 500358 10.8645
7.6828 3.01422 1.64004e-08 508652 10.9547
7.70418 11.5621 6.23876e-08 516390 11.0464
7.72557 12.8708 6.88736e-08 515642 11.1386
7.74695 2.77244 1.47133e-08 521880 11.2314
7.76853 18.7859 9.88679e-08 530850 11.3255
7.79012 22.5236 1.17556e-07 527054 11.4202
7.8116 2.0466 1.05938e-08 534156 11.5149
7.83338 30.5365 1.56751e-07 545150 11.6115
7.85521 38.7867 1.97447e-07 543474 11.7088
7.87691 45.079 2.27586e-07 545310 11.8062
7.89874 9.46757 4.74029e-08 555788 11.9046
7.92074 77.8103 3.86349e-07 559542 12.0043
7.94278 99.6278 4.90572e-07 564146 12.1048
7.96481 2.36602 1.1554e-08 566520 12.2058
7.98694 188.985 9.1522e-07 573594 12.3078
8.00914 312.219 1.49948e-06 577718 12.4108
8.03133 0.83795 3.99113e-09 579300 12.5142
8.05362 1078.34 5.09356e-06 586235 12.6187
8.07603 0.237576 1.11288e-09 585156 12.7243
8.09843 0.146641 6.81227e-10 582704 12.8305
8.12088 0.118001 5.43648e-10 584544 12.9375
8.14345 0.101284 4.6276e-10 585204 13.0456
8.16605 0.0939748 4.25809e-10 582812 13.1546
8.18871 0.0877102 3.94133e-10 584472 13.2644
8.21146 0.083536 3.72265e-10 584132 13.3753
8.23424 0.0814652 3.60032e-10 582540 13.4869
8.25707 0.0797747 3.49645e-10 582096 13.5993
8.28004 0.0794254 3.45225e-10 586412 13.7132
8.30307 0.078194 3.37052e-10 581640 13.8279
8.32613 0.0793302 3.39117e-10 583304 13.9434
8.34929 0.0794562 3.36836e-10 583536 14.0601
8.37244 0.0801782 3.37085e-10 578204 14.1774
8.39565 0.0818541 3.41285e-10 582180 14.2956
8.41901 0.0826479 3.41735e-10 582144 14.4153
8.44239 0.0844862 3.46441e-10 578780 14.5357
8.46576 0.0866698 3.5246e-10 577524 14.6568
8.48924 0.088967 3.58809e-10 579584 14.779
8.51287 0.0910988 3.64355e-10 580752 14.9028
8.53655 0.0940781 3.73148e-10 576896 15.0275
8.5602 0.0958346 3.76974e-10 575412 15.1527
8.58391 0.0995701 3.8843e-10 575676 15.2791
8.60777 0.10323 3.99368e-10 576392 15.4068
8.63167 0.108113 4.14794e-10 574368 15.5355
8.6556 0.112883 4.29515e-10 572624 15.6651
8.67964 0.117417 4.43063e-10 574056 15.7959
8.70378 0.121851 4.5598e-10 572864 15.9281
8.72791 0.127068 4.71569e-10 568992 16.0609
8.75214 0.131116 4.82562e-10 572024 16.1951
8.77648 0.136199 4.97109e-10 569052 16.3306
8.80086 0.142754 5.16717e-10 568236 16.467
8.82523 0.150423 5.39978e-10 563612 16.6042
8.84969 0.156282 5.56373e-10 567216 16.7427
8.8743 0.165606 5.84673e-10 564740 16.8828
8.89896 0.175996 6.16202e-10 563940 17.0239
8.92369 0.183844 6.38348e-10 562172 17.1662
8.9485 0.193676 6.66907e-10 561948 17.3097
8.97339 0.202486 6.91456e-10 560084 17.4546
8.9983 0.215173 7.28697e-10 556764 17.6004
9.02321 0.227828 7.65182e-10 553976 17.7469
9.04824 0.237886 7.92347e-10 556344 17.895
9.07338 0.253201 8.36368e-10 552420 18.0446
9.09857 0.270634 8.86549e-10 552200 18.1953
9.12381 0.288719 9.37964e-10 548880 18.3472
9.14913 0.305458 9.84129e-10 548696 18.5003
9.17454 0.323651 1.0341e-09 546948 18.6549
9.20009 0.337943 1.0708e-09 547364 18.8112
9.22565 0.359156 1.12858e-09 540792 18.9684
9.2512 0.377933 1.17777e-09 540320 19.1264
9.27686 0.416116 1.28603e-09 538668 19.2861
9.30261 0.434784 1.3326e-09 537260 19.4471
9.32845 0.466658 1.41844e-09 534912 19.6096
9.35439 0.486162 1.46546e-09 534812 19.7737
9.38034 0.516366 1.54363e-09 527424 19.9386
9.40633 0.547798 1.62405e-09 528968 20.1048
9.43243 0.606632 1.78359e-09 525312 20.2727
9.45865 0.637577 1.85902e-09 525968 20.4422
9.48493 0.68106 1.96935e-09 520272 20.6131
9.51128 0.7157 2.05236e-09 520256 20.7853
9.53767 0.764185 2.17326e-09 514536 20.9589
9.56415 0.84244 2.37596e-09 515732 21.1339
9.59074 0.900199 2.51781e-09 510624 21.3106
9.61731 0.952472 2.64199e-09 507288 21.4883
9.64399 1.00323 2.75975e-09 505904 21.6676
9.67076 1.07467 2.93179e-09 502608 21.8485
9.69767 1.19297 3.22752e-09 502280 22.0314
9.72462 1.28142 3.43805e-09 496404 22.2156
9.75161 1.37216 3.65105e-09 494156 22.4011
9.77867 1.43961 3.79878e-09 490572 22.5881
9.80581 1.55376 4.06605e-09 487856 22.7767
9.83305 1.76328 4.5761e-09 485592 22.9671
9.86033 1.86753 4.80656e-09 479840 23.1587
9.88774 1.95571 4.99177e-09 480792 23.3524
9.91523 2.08659 5.28164e-09 473276 23.5477
9.94267 2.42524 6.08815e-09 469716 23.7438
9.97028 2.57977 6.42241e-09 469388 23.9421
9.99798 2.76108 6.81683e-09 463164 24.1422
10.0257 2.91495 7.13711e-09 460964 24.3438
10.0536 3.41089 8.28216e-09 456404 24.5473
10.0815 3.64164 8.76925e-09 453096 24.7523
10.1095 3.86377 9.22711e-09 447944 24.9589
10.1375 4.06747 9.63315e-09 445104 25.1672
10.1657 4.9769 1.16893e-08 440876 25.3776
10.1939 5.26235 1.22572e-08 438372 25.5898
10.2223 5.42314 1.2527e-08 431156 25.8038
10.2506 6.17243 1.41401e-08 426816 26.0187
10.279 7.23218 1.64307e-08 424208 26.2357
10.3076 7.61802 1.71638e-08 420060 26.4551
10.3362 7.91837 1.76926e-08 414500 26.6762
10.3649 9.93662 2.20185e-08 409044 26.8987
10.3936 10.644 2.33909e-08 406184 27.1231
10.4225 10.9895 2.39496e-08 401808 27.3503
10.4515 13.2764 2.86937e-08 394448 27.5787
10.4804 15.6025 3.34423e-08 390564 27.8085
10.5095 15.5344 3.30205e-08 386420 28.0409
10.5387 18.0177 3.79817e-08 380148 28.2752
10.568 22.7592 4.75798e-08 375116 28.5111
10.5973 23.0963 4.78845e-08 371108 28.7494
10.6268 25.338 5.20967e-08 363588 28.9896
10.6563 35.0456 7.14592e-08 360704 29.2318
10.6859 33.6597 6.80643e-08 352920 29.4761
10.7155 37.549 7.53003e-08 347888 29.7223
10.7453 53.0081 1.05421e-07 342564 29.9707
10.7751 51.4926 1.01559e-07 336104 30.221
10.805 63.0752 1.23373e-07 329616 30.4733
10.835 83.8683 1.62687e-07 324044 30.7274
10.865 76.8294 1.47799e-07 317940 30.9838
10.8952 115.558 2.2046e-07 311516 31.2428
10.9255 128.581 2.43271e-07 306920 31.5041
10.9559 113.041 2.12096e-07 297936 31.7675
10.9864 242.921 4.52005e-07 293684 32.0334
11.0169 193.145 3.56411e-07 284568 32.3008
11.0473 202.988 3.71486e-07 276704 32.5693
11.078 495.162 8.9867e-07 274896 32.8418
11.1089 360.76 6.49307e-07 263228 33.1168
11.1396 811.732 1.44891e-06 257720 33.3927
11.1706 620.826 1.09897e-06 250968 33.6716
11.2016 740.461 1.29989e-06 242276 33.9529
11.2326 2005.56 3.49164e-06 236220 34.2362
11.2638 1430.61 2.47004e-06 227624 34.5222
11.2952 4382.07 7.50314e-06 221304 34.811
11.3265 4445.6 7.54879e-06 212204 35.1021
11.3579 3133.34 5.27664e-06 203168 35.394
11.3893 5796.43 9.68063e-06 197955 35.6892
11.4211 1.78924 2.96337e-09 190268 35.9884
11.4529 1.86818 3.06842e-09 184188 36.2897
11.4846 1.99059 3.24244e-09 176492 36.5924
11.5165 2.15586 3.48258e-09 172200 36.8977
11.5486 2.36482 3.78838e-09 166544 37.207
11.5807 2.55884 4.06521e-09 160160 37.518
11.6127 2.7885 4.39345e-09 155010 37.8307
11.6449 3.07348 4.80243e-09 149948 38.1461
11.6773 3.40199 5.27168e-09 145458 38.4648
11.7097 3.69038 5.67114e-09 140444 38.7866
11.7423 4.09783 6.24511e-09 135596 39.1106
11.7747 4.45211 6.72901e-09 130308 39.4362
11.8074 4.90135 7.34678e-09 126860 39.7648
11.8402 5.43727 8.08237e-09 122748 40.098
11.8732 6.03826 8.90119e-09 118076 40.4338
11.9062 6.60731 9.65934e-09 113774 40.7716
11.9391 7.32714 1.06232e-08 109236 41.1112
11.9722 8.17876 1.176e-08 105638 41.4534
12.0054 9.12668 1.30142e-08 102174 41.7998
12.0389 10.1242 1.43166e-08 98708 42.1505
12.0724 11.3214 1.58766e-08 94310 42.5035
12.1059 12.5311 1.74278e-08 90414 42.8577
12.1394 14.1197 1.94746e-08 87398 43.2153
12.1731 15.7894 2.15974e-08 83462 43.5758
12.2067 17.9986 2.44163e-08 79902 43.9379
12.2406 20.4346 2.74913e-08 77558 44.3049
12.2748 22.8423 3.04745e-08 74094 44.6769
12.309 25.8602 3.42138e-08 71006 45.0516
12.3433 29.2528 3.83809e-08 67574 45.4289
12.3775 33.2654 4.32846e-08 64368 45.8078
12.4118 37.4651 4.83464e-08 61502 46.1894
12.446 42.7079 5.4658e-08 58214 46.573
12.4804 48.2256 6.12114e-08 55872 46.9597
12.515 55.5205 6.98874e-08 53270 47.3516
12.5498 65.243 8.14442e-08 50742 47.7479
12.5848 74.6406 9.24017e-08 48032 48.1477
12.6198 86.8088 1.06573e-07 45638 48.551
12.6549 99.6712 1.21347e-07 43008 48.9576
12.6901 117.411 1.41759e-07 40694 49.3673
12.7255 135.106 1.61768e-07 38408 49.781
12.7609 161.065 1.91249e-07 35958 50.1975
12.7963 189.226 2.22824e-07 33920 50.6172
12.8319 230.255 2.6889e-07 31622 51.0405
12.8675 265.724 3.07742e-07 29640 51.4665
12.9033 316.905 3.63974e-07 27662 51.8966
12.939 387.433 4.41299e-07 25568 52.3291
12.9748 458.488 5.17919e-07 23904 52.7651
13.0109 571.984 6.40766e-07 22118 53.2064
13.0469 710.158 7.88992e-07 20168 53.6491
13.083 898.233 9.89702e-07 18816 54.096
13.1194 1080.72 1.18089e-06 17126 54.5488
13.1559 1366.74 1.48103e-06 15680 55.0052
13.1925 1713.97 1.84186e-06 14184 55.4658
13.2293 2222.85 2.36887e-06 12854 55.9307
13.2663 2824.11 2.98448e-06 11600 56.4017
13.3038 3616.09 3.78927e-06 10428 56.8805
13.3412 4957.09 5.15089e-06 9032 57.362
13.3781 6476.29 6.67388e-06 7838 57.8399
13.4149 8854.78 9.05008e-06 6816 58.3184
13.4517 12602.1 1.27747e-05 5840 58.7992
13.4884 16690.3 1.67814e-05 4952 59.2812
13.5246 24665.5 2.46015e-05 4062 59.7599
13.5603 37496.9 3.71046e-05 3368 60.2348
13.596 57501.9 5.64527e-05 2744 60.7124
13.6318 92644.8 9.02399e-05 2184 61.1931
13.6739 171903 0.0001659 2192 61.7614
13.7179 315722 0.000301773 1238 62.3597
13.7573 680356 0.000644729 728 62.8983
13.7931 1.23979e+06 0.00116574 456 63.391
13.8288 3.14007e+06 0.00292971 248 63.8846
13.8642 1.1615e+07 0.0107543 104 64.3755
13.8983 3.39843e+07 0.0312345 24 64.852
13.93 1.92213e+08 0.175457 1 65.2968
0.015625
1398
200
512
50.2756
0.502655 0.00071265 1.38454e-08 6 0.00306796
0.710861 0.000911288 6.25952e-09 12 0.00867751
0.870624 0.000228114 8.52904e-10 8 0.0159416
1.00531 0.0018562 4.50781e-09 6 0.0245437
1.12397 0.00156472 2.71902e-09 24 0.0343009
1.23125 0.00189404 2.50376e-09 24 0.0450896
1.42172 0.00171562 1.47304e-09 12 0.06942
1.50796 0.00125704 9.04517e-10 30 0.082835
1.58953 0.0021838 1.34166e-09 24 0.0970175
1.66712 0.00246457 1.31245e-09 24 0.111928
1.74125 0.00143944 6.72745e-10 8 0.127533
1.81235 0.000779258 3.22996e-10 24 0.143802
1.88076 0.00256972 9.53066e-10 48 0.16071
2.01062 0.00398477 1.20963e-09 6 0.19635
2.0725 0.00245055 6.79235e-10 48 0.215042
2.13258 0.00212623 5.40918e-10 36 0.234293
2.19102 0.00190388 4.46622e-10 24 0.254086
2.24794 0.0013898 3.01883e-10 24 0.274407
2.30345 0.00134563 2.71662e-10 48 0.295242
2.35766 0.00280744 5.28575e-10 24 0.31658
2.4625 0.0014232 2.35168e-10 24 0.360717
2.51327 0.00190506 2.96093e-10 30 0.383495
2.56305 0.00176946 2.59305e-10 72 0.406733
2.61187 0.0036348 5.03344e-10 32 0.430423
2.70688 0.00304898 3.79304e-10 72 0.479123
2.75315 0.00270744 3.20116e-10 48 0.504118
2.84345 0.00177082 1.90055e-10 12 0.55536
2.88753 0.00222315 2.27839e-10 48 0.581595
2.93096 0.00246575 2.41636e-10 48 0.608231
2.97375 0.00415513 3.89864e-10 48 0.635261
3.01593 0.00445787 4.00962e-10 30 0.66268
3.05753 0.00242727 2.0953e-10 24 0.690482
3.09857 0.00263445 2.18497e-10 72 0.718663
3.17907 0.00297205 2.28243e-10 24 0.77614
3.21856 0.00252113 1.86573e-10 96 0.805426
3.25758 0.00314374 2.2439e-10 48 0.835072
3.29613 0.00260365 1.79395e-10 24 0.865073
3.33423 0.00247556 1.64788e-10 24 0.895424
3.37191 0.00272128 1.7514e-10 72 0.926123
3.40917 0.00261176 1.6264e-10 48 0.957165
3.48249 0.000882246 5.15416e-11 8 1.02026
3.51858 0.00311594 1.76492e-10 54 1.05231
3.55431 0.00240179 1.3198e-10 84 1.08469
3.58967 0.00316726 1.6895e-10 48 1.11739
3.6247 0.00312937 1.62137e-10 24 1.15042
3.65938 0.00327058 1.6468e-10 72 1.18376
3.69374 0.00295903 1.44874e-10 96 1.21742
3.76152 0.00225197 1.04402e-10 48 1.28568
3.79496 0.00330922 1.49398e-10 48 1.32027
3.82811 0.00124444 5.47345e-11 24 1.35516
3.86096 0.00284091 1.21789e-10 72 1.39036
3.92586 0.00354607 1.44605e-10 72 1.46165
3.95791 0.00215148 8.56208e-11 96 1.49774
4.02124 0.000111119 4.21647e-12 6 1.5708
4.05253 0.000301137 1.11641e-11 96 1.60776
4.08359 0.000229141 8.30265e-12 96 1.645
4.11441 0.000140269 4.96912e-12 24 1.68253
4.145 8.38179e-05 2.90405e-12 48 1.72034
4.17536 8.96288e-05 3.03811e-12 96 1.75842
4.20551 6.97407e-05 2.3135e-12 48 1.79679
4.26517 0.000120883 3.84412e-12 36 1.87434
4.29468 6.17997e-05 1.92501e-12 48 1.91353
4.324 5.90515e-05 1.80224e-12 120 1.95298
4.35312 4.65201e-05 1.39149e-12 56 1.9927
4.38204 4.57588e-05 1.34179e-12 24 2.03269
4.41078 5.7674e-05 1.65834e-12 96 2.07294
4.43933 5.18408e-05 1.46204e-12 48 2.11345
4.49588 4.48834e-05 1.21866e-12 24 2.19525
4.52389 0.000350792 9.34872e-12 102 2.23654
4.55173 0.00432449 1.13147e-10 48 2.27809
4.5794 0.00365806 9.39862e-11 72 2.31989
4.60691 3.23643e-05 8.16728e-13 48 2.36194
4.63425 0.00272605 6.75827e-11 48 2.40424
4.66143 0.00292671 7.12954e-11 120 2.4468
4.71532 3.00356e-05 7.06875e-13 24 2.53264
4.74204 0.000904598 2.09315e-11 144 2.57594
4.7686 0.000885203 2.01423e-11 120 2.61947
4.79502 0.00300752 6.73096e-11 48 2.66325
4.84743 3.17703e-05 6.88219e-13 48 2.75153
4.87342 0.00162104 3.45567e-11 96 2.79603
4.92499 3.02535e-05 6.24882e-13 24 2.88574
4.95058 0.000112952 2.29702e-12 48 2.93094
4.97603 6.8452e-05 1.37081e-12 108 2.97638
5.00135 6.00428e-05 1.18424e-12 72 3.02206
5.02655 0.0129426 2.5145e-10 30 3.06796
5.05162 0.00381753 7.30686e-11 168 3.1141
5.07656 0.0098531 1.85824e-10 48 3.16046
5.12609 0.0078564 1.43914e-10 72 3.25387
5.15068 0.00696606 1.25786e-10 96 3.30091
5.17515 2.59038e-05 4.61142e-13 72 3.34818
5.1995 2.83654e-05 4.97901e-13 72 3.39567
5.22374 0.0150309 2.60184e-10 32 3.44338
5.24787 0.0045934 7.84196e-11 72 3.49132
5.27189 0.00356825 6.00893e-11 144 3.53948
5.34329 0.00440801 7.12944e-11 96 3.68526
5.36688 2.04944e-05 3.27122e-13 96 3.73428
5.39037 1.81036e-05 2.85199e-13 48 3.78353
5.41376 0.00306157 4.76088e-11 72 3.83298
5.43704 0.00263957 4.05214e-11 120 3.88265
5.46023 0.00129582 1.96405e-11 72 3.93254
5.50631 0.00432674 6.39469e-11 48 4.03294
5.5292 0.0151111 2.2057e-10 78 4.08346
5.552 0.0238788 3.44274e-10 120 4.13418
5.57471 0.0547733 7.80083e-10 48 4.18512
5.61985 0.0122111 1.69754e-10 144 4.28761
5.64229 0.0181979 2.49975e-10 144 4.33916
5.68689 3.30488e-05 4.43374e-13 12 4.44288
5.70906 0.00618086 8.19586e-11 144 4.49505
5.73115 0.0106851 1.40053e-10 48 4.54742
5.75315 0.0143528 1.85978e-10 120 4.59999
5.77506 2.15525e-05 2.761e-13 48 4.65276
5.7969 1.72214e-05 2.18132e-13 48 4.70573
5.81865 0.00564995 7.07648e-11 168 4.75891
5.86191 2.70688e-05 3.31582e-13 48 4.86585
5.88342 0.00349233 4.23121e-11 96 4.91961
5.90486 0.00806847 9.66948e-11 96 4.97357
5.92621 0.00395875 4.69317e-11 72 5.02773
5.94749 2.0903e-05 2.45158e-13 48 5.08209
5.9687 0.00382452 4.43791e-11 96 5.13663
5.98982 2.12387e-05 2.43852e-13 48 5.19138
6.03186 0.136673 1.53663e-09 30 5.30144
6.05277 0.0979963 1.0904e-09 96 5.35676
6.0736 0.0379809 4.1828e-10 192 5.41227
6.09437 0.0038343 4.17965e-11 56 5.46797
6.11506 0.177485 1.91514e-09 24 5.52386
6.13568 0.0310869 3.32069e-10 168 5.57994
6.15624 0.00134513 1.42252e-11 120 5.63621
6.19714 0.028922 2.99842e-10 72 5.7493
6.2175 0.0140649 1.44388e-10 144 5.80613
6.23778 0.0254006 2.58222e-10 96 5.86315
6.258 0.000960979 9.6749e-12 96 5.92035
6.29825 0.0295808 2.9214e-10 72 6.03531
6.31827 0.000334037 3.26767e-12 96 6.09306
6.35814 0.01987 1.90743e-10 24 6.20912
6.37797 0.00425774 4.04922e-11 192 6.26742
6.39775 0.00469042 4.41946e-11 108 6.3259
6.41747 0.00018272 1.70583e-12 24 6.38457
6.43712 0.0117696 1.08875e-10 96 6.44341
6.45672 6.13204e-05 5.62094e-13 96 6.50243
6.47625 5.81523e-05 5.28244e-13 120 6.56163
6.51515 8.37823e-05 7.47513e-13 48 6.68057
6.53451 0.227427 2.01114e-09 78 6.74031
6.55382 0.384351 3.36888e-09 144 6.80023
6.57306 0.285832 2.4834e-09 120 6.86032
6.59226 8.44792e-06 7.27591e-14 24 6.92058
6.61139 0.0750342 6.40649e-10 168 6.98102
6.63047 0.191064 1.61728e-09 144 7.04164
6.66847 0.00128731 1.07114e-11 24 7.1634
6.68739 0.180613 1.49011e-09 48 7.22453
6.70625 0.0454662 3.71954e-10 96 7.28584
6.72506 0.0441645 3.58281e-10 120 7.34733
6.74382 0.00030937 2.48886e-12 72 7.40898
6.76253 0.000563446 4.49536e-12 120 7.47081
6.78118 0.0274586 2.17271e-10 144 7.53281
6.81834 0.000439693 3.42257e-12 48 7.65732
6.83684 0.00555309 4.28753e-11 192 7.71983
6.8553 0.00799087 6.12004e-11 144 7.7825
6.8737 0.0178821 1.35858e-10 48 7.84535
6.91036 0.00433558 3.24179e-11 192 7.97155
6.92862 0.00011373 8.43674e-13 48 8.0349
6.96499 5.4556e-06 3.98402e-14 8 8.1621
6.99816 0.00182654 1.31498e-11 288 8.27926
7.01919 0.00349664 2.49476e-11 96 8.35414
7.03717 2.51938 1.78377e-08 54 8.41849
7.0551 2.27423 1.59796e-08 120 8.483
7.07298 0.894086 6.23465e-09 120 8.54767
7.10861 0.631284 4.3362e-09 84 8.67751
7.12636 0.369186 2.51699e-09 144 8.74267
7.14407 0.000432368 2.92588e-12 72 8.80799
7.16173 0.00115355 7.74857e-12 96 8.87348
7.19106 0.0849645 5.63766e-10 144 8.98295
7.21445 0.0399318 2.62391e-10 240 9.07091
7.24939 0.000436368 2.82611e-12 24 9.20333
7.2668 0.0165416 1.06362e-10 240 9.26978
7.28416 0.000153509 9.80022e-13 96 9.33639
7.31012 0.00564179 3.56355e-11 144 9.43656
7.33601 0.0106078 6.62956e-11 96 9.53717
7.35321 0.00824018 5.11383e-11 72 9.60441
7.38749 0.00343661 2.1032e-11 96 9.73936
7.40457 7.33132e-05 4.45577e-13 96 9.80708
7.42916 0.000389762 2.34541e-12 216 9.90512
7.4725 0.00928966 5.49341e-11 192 10.0795
7.48939 0.017391 1.02147e-10 144 10.148
7.52305 7.84493e-05 4.54619e-13 48 10.2854
7.53982 17.6223 1.01442e-07 150 10.3544
7.55656 13.9662 7.98632e-08 96 10.4235
7.57326 1.26168 7.16703e-09 120 10.4927
7.60179 0.326225 1.83235e-09 168 10.6118
7.62314 0.242438 1.35033e-09 240 10.7014
7.65621 0.00241238 1.32631e-11 24 10.8413
7.68256 0.0214802 1.16886e-10 360 10.9536
7.70555 0.0465071 2.50811e-10 48 11.0523
7.72193 0.00273925 1.46789e-11 72 11.1229
7.74479 0.00495536 2.632e-11 240 11.222
7.81103 0.00683679 3.53971e-11 276 11.5124
7.83561 0.0262375 1.34568e-10 104 11.6214
7.85172 0.0333476 1.69985e-10 72 11.6932
7.87519 0.0288816 1.45907e-10 312 11.7984
7.91582 0.0510714 2.54057e-10 96 11.9819
7.93971 0.00741168 3.65378e-11 288 12.0908
7.96355 0.0312219 1.52538e-10 168 12.2
7.99521 0.0826566 3.9905e-10 48 12.3461
8.011 0.022185 1.06473e-10 192 12.4194
8.05769 3.33067e+06 0.0157087 198 12.6378
8.07383 0.785174 3.68101e-09 96 12.7139
8.09726 0.195278 9.07568e-10 192 12.8249
8.12064 0.1582 7.28914e-10 216 12.9363
8.13618 0.0120522 5.52136e-11 72 13.0107
8.16717 0.100914 4.57062e-10 96 13.16
8.19364 0.120561 5.40774e-10 336 13.2884
8.21345 0.000383087 1.70593e-12 48 13.385
8.24287 0.0772565 3.40361e-10 288 13.5293
8.25946 0.0312559 1.36873e-10 192 13.6112
8.29 0.0918881 3.97957e-10 48 13.7627
8.30522 0.125537 5.40702e-10 96 13.8387
8.32731 0.0326243 1.39401e-10 264 13.9494
8.35073 0.0484211 2.05164e-10 96 14.0674
8.3764 0.0572778 2.40466e-10 240 14.1975
8.42353 0.0327866 1.35349e-10 288 14.4385
8.44101 0.0346056 1.41972e-10 96 14.5286
8.45596 0.0116002 4.73385e-11 72 14.6059
8.49216 0.0300896 1.21228e-10 336 14.7943
8.54127 76.8959 3.04492e-07 138 15.0525
8.5599 11.0494 4.34682e-08 240 15.1512
8.57955 5.47478 2.13901e-08 144 15.2558
8.61048 1.8246 7.0522e-09 384 15.4214
8.65698 0.287823 1.09463e-09 312 15.6725
8.67717 0.716947 2.70765e-09 72 15.7824
8.69499 0.482221 1.81e-09 248 15.8799
8.72942 0.208029 7.71628e-10 240 16.0693
8.76409 0.0420391 1.5409e-10 24 16.2615
8.77849 0.0834193 3.04261e-10 192 16.3418
8.79618 0.181223 6.5701e-10 312 16.4408
8.83014 0.0609273 2.18348e-10 240 16.6319
8.85015 0.0385766 1.37313e-10 96 16.7453
8.87865 0.0557721 1.96614e-10 48 16.9076
8.90372 0.202341 7.07308e-10 408 17.0512
8.92124 0.150636 5.23471e-10 144 17.152
8.94951 0.436728 1.50332e-09 120 17.3157
8.96362 0.21692 7.43172e-10 144 17.3977
9.00452 0.10664 3.60395e-10 264 17.6369
9.02681 0.166546 5.58691e-10 192 17.7682
9.04779 7.57248 2.52261e-08 102 17.8924
9.07025 3.94032 1.30291e-08 432 18.0259
9.10347 4.74712 1.55256e-08 48 18.2247
9.12079 1.0822 3.51926e-09 384 18.329
9.1519 0.579706 1.86601e-09 144 18.5172
9.18009 0.907758 2.89513e-09 264 18.6888
9.22295 0.52171 1.64082e-09 144 18.9518
9.24727 0.297393 9.27962e-10 324 19.1021
9.28041 0.518897 1.60184e-09 384 19.3082
9.29572 0.339649 1.04333e-09 216 19.4039
9.32887 0.296768 9.01922e-10 216 19.6123
9.35667 0.307507 9.26257e-10 240 19.7881
9.39037 0.397451 1.18434e-09 168 20.0027
9.40381 0.179727 5.33262e-10 240 20.0887
9.44254 0.0709942 2.08064e-10 216 20.3379
9.46184 0.0638581 1.86007e-10 288 20.4629
9.48939 0.157028 4.53421e-10 240 20.6422
9.51068 0.145297 4.16738e-10 72 20.7814
9.54398 0.545657 1.54871e-09 246 21.0005
9.56795 1.68359 4.74264e-09 320 21.1591
9.60101 1.20284 3.35349e-09 288 21.3792
9.61635 4.6124 1.27978e-08 144 21.4818
9.65568 1.23745 3.39172e-09 288 21.7465
9.67622 0.752092 2.0483e-09 336 21.8855
9.70415 0.299631 8.0901e-10 168 22.0756
9.72088 0.436246 1.1718e-09 336 22.19
9.75547 0.197947 5.26069e-10 288 22.4277
9.77625 0.526846 1.39126e-09 264 22.5713
9.81143 0.290208 7.58145e-10 240 22.8159
9.8243 0.0516584 1.34424e-10 96 22.9058
9.86024 0.0622292 1.60167e-10 120 23.1581
9.88236 0.212097 5.4224e-10 408 23.3143
9.91926 0.0717235 1.81327e-10 456 23.5765
9.95206 4.11394 1.02981e-08 108 23.8111
9.9705 3.35083 8.34144e-09 264 23.9437
9.99351 1.83839 4.54488e-09 264 24.1099
10.025 0.62424 1.52875e-09 312 24.3386
10.0643 1.45427 3.51997e-09 270 24.6255
10.0807 0.863862 2.08071e-09 240 24.7464
10.1103 0.723749 1.72799e-09 384 24.9648
10.1282 0.0493541 1.1721e-10 192 25.098
10.1697 0.526158 1.23433e-09 432 25.4077
10.1904 0.275917 6.43348e-10 144 25.563
10.2213 0.216619 5.00512e-10 480 25.7966
10.2604 0.323969 7.40032e-10 216 26.0935
10.2853 0.112962 2.56165e-10 312 26.284
10.3082 9.6567 2.17533e-08 216 26.4597
10.335 8.94737 1.99987e-08 192 26.667
10.3681 1.68027 3.71979e-09 624 26.924
10.3941 0.0169822 3.73136e-11 120 27.1273
10.4163 0.627083 1.36905e-09 336 27.3015
10.4574 0.152034 3.2803e-10 176 27.6254
10.4747 0.277393 5.95546e-10 384 27.7625
10.5085 0.185159 3.93701e-10 408 28.0323
10.5438 0.21795 4.58785e-10 144 28.3158
10.564 0.335203 7.01554e-10 486 28.4792
10.6035 0.850935 1.76111e-09 96 28.7998
10.6154 0.374891 7.73273e-10 384 28.897
10.6571 16.8214 3.4291e-08 492 29.2389
10.6866 12.7981 2.58743e-08 384 29.482
10.7102 3.14995 6.32631e-09 168 29.6779
10.7506 0.965444 1.91723e-09 504 30.0147
10.7714 0.779916 1.53984e-09 240 30.1893
10.7949 0.333406 6.53965e-10 456 30.3877
10.836 0.0973414 1.88769e-10 264 30.736
10.8632 0.244125 4.69874e-10 384 30.9679
10.8921 0.124109 2.36975e-10 432 31.2162
10.9282 0.117456 2.22061e-10 216 31.527
10.9474 0.096044 1.80624e-10 360 31.6939
10.9817 0.0917433 1.70926e-10 312 31.9924
11.0218 100.12 1.84504e-07 240 32.3442
11.0425 22.4972 4.12256e-08 414 32.5268
11.0763 1.87246 3.39995e-09 552 32.8262
11.1116 0.406634 7.31332e-10 360 33.1412
11.1349 0.248806 4.44671e-10 432 33.3505
11.1687 0.303682 5.37841e-10 480 33.6546
11.2059 0.19285 3.38154e-10 288 33.9926
11.2302 0.123113 2.14478e-10 312 34.2137
11.2562 0.238167 4.12048e-10 360 34.4519
11.2995 0.0680256 1.16342e-10 576 34.8511
11.3354 0.421679 7.14349e-10 464 35.1845
11.3515 0.118443 1.99795e-10 192 35.335
11.3899 4.93163e+06 0.00823508 396 35.6946
11.4181 1.83373 3.03943e-09 432 35.9603
11.4446 0.944563 1.55476e-09 240 36.2115
11.4797 0.40013 6.52612e-10 624 36.5449
11.5178 0.120447 1.94504e-10 504 36.9103
11.5584 0.302352 4.83124e-10 198 37.3022
11.5777 0.199293 3.16862e-10 600 37.4888
11.6115 0.666106 1.04983e-09 384 37.8185
11.6469 0.663448 1.03612e-09 432 38.1659
11.6775 0.225347 3.4917e-10 336 38.4676
11.7053 0.403394 6.20609e-10 336 38.7429
11.7408 110.645 1.68684e-07 744 39.0965
11.7788 4.64107 7.00734e-09 624 39.4771
11.8151 2.51525 3.76281e-09 192 39.8426
11.837 0.661637 9.84313e-10 432 40.0652
11.8692 0.699639 1.03241e-09 504 40.3925
11.9071 1.69263 2.4739e-09 336 40.7812
11.9357 0.845338 1.22666e-09 456 41.0757
11.961 0.179275 2.58497e-10 408 41.3376
11.9967 0.344896 4.9288e-10 696 41.7088
12.0375 0.51348 7.26362e-10 384 42.1357
12.0797 62.6101 8.76428e-08 330 42.5803
12.1079 25.8746 3.5967e-08 624 42.8796
12.1368 7.27623 1.00423e-08 384 43.1869
12.1679 2.23966 3.06746e-09 728 43.5194
12.2048 3.02389 4.10402e-09 432 43.9174
12.2458 0.69193 9.29699e-10 696 44.3608
12.2726 1.62349 2.16711e-09 408 44.6527
12.3135 0.215829 2.85234e-10 456 45.1014
12.336 0.507785 6.67417e-10 408 45.3485
12.3706 0.331696 4.32319e-10 528 45.7315
12.4155 0.163711 2.1107e-10 576 46.231
12.4491 16.5251 2.11333e-08 672 46.6077
12.4869 14.0727 1.7834e-08 384 47.0337
12.5204 3.17306 3.98896e-09 600 47.4132
12.5516 4.37019 5.45313e-09 294 47.7677
12.5804 1.20274 1.49048e-09 600 48.098
12.6134 0.718988 8.84026e-10 768 48.4771
12.6565 0.616293 7.5004e-10 648 48.976
12.6923 0.600482 7.24637e-10 408 49.3924
12.7292 0.35249 4.21678e-10 552 49.8248
12.7636 4.76516 5.65449e-09 648 50.2301
12.8023 14.2325 1.67361e-08 348 50.688
12.8251 7.47106 8.7386e-09 744 50.9589
12.8679 4.35888 5.04765e-09 672 51.4713
12.9036 1.86511 2.14193e-09 456 51.9012
12.9334 0.408921 4.66385e-10 600 52.2607
12.9695 0.841705 9.51988e-10 744 52.6997
13.006 0.668171 7.49363e-10 288 53.1466
13.0495 5.95017 6.60682e-09 704 53.6806
13.081 14.3982 1.58718e-08 678 54.0708
13.1208 3.2675 3.5692e-09 648 54.5662
13.1596 5.20575 5.63626e-09 648 55.0519
13.1964 3.55177 3.81345e-09 696 55.5145
13.2284 1.31069 1.39708e-09 696 55.9191
13.2734 0.967486 1.0208e-09 552 56.4915
13.3052 0.680684 7.13047e-10 840 56.8994
13.3506 55.0494 5.70812e-08 600 57.4831
13.3849 3.83612 3.94721e-09 696 57.9271
13.4246 0.840742 8.57429e-10 672 58.4447
13.4567 0.447997 4.53632e-10 552 58.8642
13.5 0.49187 4.93278e-10 492 59.4345
13.5339 2.16368 2.15362e-09 840 59.8832
13.5717 1.70216 1.68012e-09 606 60.3866
13.6079 1.82781 1.78978e-09 936 60.8715
13.6493 109.114 1.05873e-07 528 61.4288
13.6785 5.0823 4.89992e-09 696 61.8233
13.7222 0.804222 7.67972e-10 648 62.4181
13.7547 0.48983 4.64442e-10 936 62.8628
13.799 0.205568 1.93042e-10 384 63.4721
13.8245 0.42224 3.9432e-10 864 63.825
13.8698 1.21154 1.12039e-09 768 64.4536
13.9077 2.24822 2.06211e-09 528 64.984
13.9468 1.63195e+06 0.0014843 776 65.5335
13.985 1.31293 1.1844e-09 960 66.0729
14.0235 0.40077 3.58565e-10 696 66.6204
14.0543 1.24462 1.10623e-09 582 67.0611
14.104 2.37554 2.08918e-09 1008 67.7746
14.1396 1.23354 1.07665e-09 408 68.2898
14.1747 0.886819 7.683e-10 960 68.7993
14.2207 90.5854 7.77201e-08 852 69.4712
14.2588 9.07691 7.72557e-09 912 70.0305
14.3027 1.36956 1.15496e-09 1032 70.68
14.3334 0.968556 8.11558e-10 384 71.1354
14.3782 0.876059 7.27206e-10 864 71.8053
14.4126 0.828789 6.83052e-10 840 72.3219
14.4524 0.596514 4.87576e-10 912 72.9219
14.5014 62.6457 5.06874e-08 792 73.6667
14.5381 15.0992 1.21248e-08 744 74.2268
14.583 7.51118 5.97596e-09 726 74.9171
14.6171 4.44611 3.51267e-09 984 75.4438
14.6557 2.50121 1.96052e-09 912 76.0429
14.6984 1.20619 9.37233e-10 1104 76.7092
14.7399 1.15406 8.89167e-10 744 77.3612
14.79 9.65983 7.36722e-09 968 78.1531
14.8189 22.6734 1.71914e-08 672 78.6116
14.8602 7.11188 5.34747e-09 984 79.2714
14.9075 1.84446 1.3737e-09 840 80.0305
14.945 1.23273 9.11212e-10 1092 80.6357
14.993 0.887861 6.50011e-10 840 81.415
15.0265 0.671392 4.88251e-10 720 81.9621
15.0728 19.2416 1.38645e-08 1110 82.7214
15.1154 31.3825 2.24218e-08 1056 83.4253
15.1542 5.47028 3.8784e-09 888 84.0693
15.1982 2.23781 1.57285e-09 936 84.8037
15.2384 1.22225 8.5228e-10 912 85.479
15.2828 1.6765 1.15887e-09 1104 86.2279
15.3261 1.52869 1.04777e-09 912 86.963
15.3668 5.17691 3.52012e-09 1104 87.6584
15.413 5.56783 3.752e-09 1128 88.4511
15.4559 2.90197 1.93933e-09 768 89.1909
15.4907 0.960391 6.37498e-10 888 89.7945
15.5324 3.51869 2.31687e-09 1224 90.5232
15.5906 183.309 1.19353e-07 750 91.5437
15.6187 6.32245 4.09441e-09 1092 92.0395
15.6685 5.14361 3.29936e-09 1472 92.922
15.7176 2.60469 1.65516e-09 792 93.7986
15.755 5.82227 3.67347e-09 1080 94.4704
15.7999 3.01738 1.88758e-09 1584 95.2806
15.8457 1.06952 6.63271e-10 624 96.1121
15.8875 1.29214 7.95022e-10 1248 96.8745
15.9288 0.519956 3.17436e-10 888 97.6315
15.9759 10.0772 6.09796e-09 912 98.4994
16.0166 4.08773 2.45478e-09 1368 99.2546
16.0594 3.40588 2.02899e-09 960 100.053
16.1064 475613 0.000280863 1542 100.934
16.1587 1.3043 7.62772e-10 1152 101.921
16.2027 16.5767 9.6156e-09 1008 102.755
16.2458 4.53188 2.60795e-09 1248 103.576
16.2838 2.93136 1.6751e-09 1056 104.306
16.329 2.70572 1.53335e-09 1188 105.177
16.3776 1.04672 5.8792e-10 1152 106.119
16.4263 13.0016 7.23801e-09 1560 107.068
16.4754 4.48447 2.47424e-09 1128 108.031
16.5151 2.65322 1.45335e-09 1152 108.814
16.5586 2.3215 1.26165e-09 920 109.675
16.6046 348.954 1.8807e-07 1470 110.593
16.6539 39.559 2.11319e-08 1200 111.58
16.7007 5.99041 3.17317e-09 1440 112.524
16.7407 2.75011 1.44633e-09 1224 113.334
16.7902 1.29419 6.7464e-10 1296 114.342
16.8432 29.3582 1.516e-08 1560 115.428
16.8896 38.913 1.99285e-08 1272 116.386
16.9285 5.64478 2.87099e-09 1080 117.192
16.975 1.80288 9.0945e-10 1368 118.159
17.0245 2.90082 1.45058e-09 1248 119.195
17.0763 33.918 1.6807e-08 1194 120.288
17.1189 73.8044 3.62991e-08 1752 121.19
17.1714 9.59661 4.67673e-09 1392 122.308
17.2134 2.98426 1.4437e-09 1440 123.208
17.266 3.86289 1.85171e-09 1488 124.342
17.3158 222.464 1.05724e-07 1248 125.42
17.3578 16.9506 7.99727e-09 1512 126.335
17.4059 3.11045 1.45538e-09 1112 127.388
17.4584 4.44008 2.05882e-09 1848 128.544
17.5012 4.1333 1.90255e-09 1224 129.491
17.5513 330.754 1.50943e-07 1536 130.609
17.6038 17.7142 8.01197e-09 1638 131.784
17.652 16.8848 7.57451e-09 1392 132.868
17.7 5.99966 2.66961e-09 1632 133.955
17.756 201.348 8.87465e-08 1452 135.231
17.7986 12.9861 5.68277e-09 1680 136.207
17.8449 9.49997 4.12495e-09 1320 137.273
17.893 9.12999 3.93241e-09 1752 138.386
17.9488 2.99981 1.28004e-09 1776 139.685
18.0029 2.01532e+06 0.00085223 1104 140.951
18.0415 13.608 5.71768e-09 1728 141.859
18.0953 18.5546 7.72668e-09 1446 143.133
18.1443 7.26298 3.0001e-09 1920 144.298
18.201 146.601 5.99915e-08 1896 145.656
18.2474 54.4513 2.2113e-08 1176 146.771
18.2919 19.9178 8.02977e-09 1856 147.849
18.3431 4.90948 1.96272e-09 1896 149.093
18.3976 1.86229 7.3791e-10 1464 150.426
18.4552 792.284 3.11003e-07 1968 151.843
18.5038 44.0158 1.71422e-08 1548 153.046
18.5557 4.62336 1.78554e-09 1944 154.337
18.6063 4.81011 1.84253e-09 1470 155.604
18.6575 307.214 1.16714e-07 1920 156.891
18.7093 57.4269 2.16362e-08 2184 158.203
18.7648 7.43157 2.77515e-09 1464 159.615
18.809 3.24005 1.20142e-09 1608 160.745
18.8624 92.8187 3.41258e-08 1944 162.119
18.9166 121.376 4.42432e-08 1872 163.519
18.9683 9.24835 3.34365e-09 2256 164.863
19.021 2.34114 8.39389e-10 1632 166.243
19.0776 271.857 9.66073e-08 1542 167.73
19.1277 124.273 4.38155e-08 2216 169.055
19.1825 11.8256 4.13379e-09 2052 170.511
19.2349 4.63994 1.60874e-09 1680 171.912
19.2854 339.37 1.16743e-07 2280 173.27
19.3414 60.1036 2.04963e-08 1968 174.785
19.3966 14.353 4.85294e-09 2016 176.286
19.4477 3.36373 1.12838e-09 1968 177.682
19.5069 366.619 1.21867e-07 1920 179.312
19.5637 31.8349 1.04904e-08 2400 180.88
19.6219 13.5181 4.41504e-09 1974 182.499
19.6656 5.7459 1.86412e-09 1944 183.724
19.7215 839200 0.000269951 1920 185.294
19.7735 17.2714 5.51211e-09 2280 186.762
19.826 16.8943 5.34902e-09 1968 188.255
19.8834 190.721 5.98644e-08 2220 189.894
19.9402 61.9667 1.92845e-08 2352 191.527
19.9979 13.014 4.0151e-09 1968 193.195
20.0514 11.3067 3.46051e-09 2504 194.749
20.1114 621.771 1.88601e-07 2118 196.502
20.1661 11.2531 3.38567e-09 2352 198.11
20.2215 9.29298 2.77304e-09 2136 199.747
20.2758 15.0797 4.4637e-09 2112 201.361
20.3301 332.736 9.77061e-08 2472 202.983
20.3859 17.2059 5.01104e-09 2376 204.658
20.4424 6.75712 1.95167e-09 2304 206.365
20.5033 105.449 3.01861e-08 2448 208.216
20.5597 68.3517 1.94062e-08 2280 209.937
20.6226 13.7497 3.86816e-09 2466 211.87
20.6734 10.8746 3.03682e-09 2256 213.439
20.7288 100.163 2.77474e-08 2472 215.161
20.7863 19.0243 5.22657e-09 2856 216.956
20.844 6.56606 1.78897e-09 2112 218.768
20.9062 38.7322 1.04589e-08 2720 220.732
20.9635 87.8735 2.35345e-08 2136 222.553
21.0141 20.3437 5.40924e-09 2736 224.168
21.0763 6.79029 1.78956e-09 2376 226.163
21.1384 40.4078 1.05557e-08 3126 228.17
21.2027 21.9494 5.68185e-09 2568 230.257
21.2496 6.71868 1.72771e-09 2112 231.79
21.3097 31.456 8.02072e-09 2748 233.76
21.3717 57.4114 1.45118e-08 2928 235.808
21.4282 11.5253 2.89025e-09 2640 237.682
21.4925 8.84253 2.19762e-09 2856 239.83
21.5495 29.5993 7.29808e-09 2352 241.742
21.6105 17.7588 4.3417e-09 2910 243.8
21.6685 80.8335 1.9604e-08 2784 245.769
21.731 28.1035 6.7571e-09 2952 247.902
21.7905 25.094 5.98421e-09 2696 249.944
21.8483 10.4777 2.47887e-09 3264 251.938
21.9108 4.35939 1.02257e-09 2472 254.105
21.9713 22.8704 5.32043e-09 3024 256.217
22.0383 261.206 6.02132e-08 2964 258.567
22.0973 25.0351 5.72496e-09 2910 260.65
22.1561 25.3076 5.74133e-09 2880 262.736
22.2134 11.412 2.56895e-09 3216 264.78
22.2831 20.7341 4.62379e-09 3096 267.281
22.3394 11.8657 2.62614e-09 2880 269.312
22.4021 537.317 1.17924e-07 2904 271.586
22.465 33.1796 7.22091e-09 3504 273.879
22.5286 9.2804 2.00265e-09 3168 276.212
22.5974 30.6687 6.55782e-09 3054 278.751
22.6529 61.4457 1.30425e-08 3032 280.809
22.7152 9.76543 2.05579e-09 3000 283.134
22.7794 100005 2.08755e-05 3780 285.539
22.8468 17.4726 3.6151e-09 3504 288.084
22.9105 11.8037 2.42188e-09 2904 290.498
22.9708 98.3575 2.00225e-08 3336 292.798
23.0336 13.3917 2.70389e-09 3144 295.208
23.0969 567.832 1.13709e-07 3414 297.648
23.1662 80.8813 1.60518e-08 3552 300.335
23.2215 19.9241 3.92595e-09 2928 302.492
23.2818 153.982 3.01065e-08 3840 304.853
23.3508 28.8912 5.59883e-09 3312 307.573
23.4144 12.3507 2.37401e-09 3432 310.09
23.4796 641.518 1.22285e-07 3596 312.69
23.5507 26.7149 5.04637e-09 4224 315.54
23.6216 415.945 7.78654e-08 3294 318.398
23.6816 51.3909 9.5476e-09 3792 320.828
23.7459 12.8453 2.36709e-09 3528 323.451
23.8201 906.04 1.65408e-07 3984 326.491
23.8821 46.0936 8.34952e-09 3768 329.048
23.9469 275.443 4.94905e-08 3672 331.734
24.0113 51.8047 9.23343e-09 3384 334.415
24.0749 10.1729 1.79882e-09 3648 337.082
24.145 151350 2.65303e-05 4098 340.033
24.211 65.3122 1.13552e-08 4008 342.832
24.2803 273.71 4.71809e-08 4032 345.784
24.3436 172.835 2.95607e-08 3800 348.494
24.4106 21.5164 3.64985e-09 3816 351.378
24.4813 700.786 1.17848e-07 4248 354.439
24.548 70.2209 1.17127e-08 3720 357.347
24.616 764.295 1.2643e-07 4254 360.322
24.6841 99.8276 1.63772e-08 4224 363.321
24.7539 16.3433 2.65858e-09 4368 366.413
24.8247 743.527 1.19918e-07 4104 369.566
24.8945 46.8459 7.4921e-09 4500 372.69
24.9619 1074.84 1.70511e-07 3480 375.728
25.03 56.4457 8.8815e-09 5328 378.813
25.1021 169.337 2.64156e-08 3342 382.096
25.1673 266.829 4.13011e-08 4800 385.081
25.2417 29.7625 4.56616e-09 4184 388.506
25.3083 370.185 5.63466e-08 5064 391.59
25.3801 23.9666 3.61713e-09 4032 394.932
25.4501 57708.4 8.63799e-06 4632 398.205
25.522 42.64 6.3287e-09 4680 401.59
25.5928 440.541 6.48446e-08 3924 404.941
25.6619 126.81 1.85152e-08 5166 408.231
25.7329 175.456 2.54064e-08 4800 411.629
25.8063 138.847 1.99341e-08 4560 415.163
25.8751 828.99 1.18071e-07 4584 418.491
25.947 413.079 5.83464e-08 4848 421.987
26.0156 39.9852 5.60324e-09 4560 425.344
26.0959 664.08 9.22024e-08 5600 429.297
26.1678 70.6854 9.73342e-09 4686 432.857
26.2409 825.378 1.12708e-07 5016 436.494
26.3159 42.3902 5.7392e-09 4956 440.244
26.3821 439.481 5.90546e-08 4872 443.574
26.458 62.713 8.35463e-09 5376 447.415
26.5341 565.186 7.46483e-08 5088 451.286
26.6057 39.1548 5.12982e-09 4710 454.948
26.6772 40578 5.27365e-06 4848 458.627
26.7491 103.792 1.33807e-08 5976 462.345
26.825 328.549 4.19974e-08 5208 466.292
26.9003 86.0505 1.09074e-08 5352 470.232
26.975 318.413 4.00263e-08 4820 474.16
27.0465 110.282 1.37535e-08 5760 477.938
27.1221 616.264 7.62139e-08 5166 481.962
27.1993 91.4047 1.12082e-08 6168 486.084
27.2764 648.549 7.88539e-08 5136 490.23
27.3523 88.0678 1.06188e-08 6240 494.337
27.4326 264.797 3.16483e-08 5568 498.705
27.507 92.257 1.09373e-08 5712 502.77
27.5818 644.674 7.58079e-08 5520 506.881
27.6605 90.0808 1.05025e-08 5670 511.235
27.7351 217.408 2.51436e-08 6036 515.381
27.8136 66.7368 7.65305e-09 6264 519.77
27.8936 10497.5 1.19347e-06 5912 524.266
27.967 67.1638 7.57594e-09 5736 528.419
28.0414 237.043 2.65259e-08 5400 532.644
28.1205 407.127 4.5175e-08 6342 537.17
28.2012 256.422 2.82093e-08 7032 541.806
28.2802 779.685 8.50577e-08 5448 546.369
28.3553 143.909 1.55748e-08 6528 550.738
28.4381 299.963 3.21814e-08 6468 555.575
28.5189 132.218 1.40649e-08 6528 560.32
28.5929 1166.98 1.23176e-07 5568 564.698
28.6695 104.529 1.0945e-08 6798 569.246
28.7556 783.628 8.13169e-08 6560 574.393
28.8326 95.1039 9.79013e-09 6888 579.015
28.9133 305.231 3.11584e-08 6624 583.894
28.9929 18427.3 1.86564e-06 6288 588.726
29.0725 100.558 1.00974e-08 6960 593.594
29.1573 412.962 4.11061e-08 6570 598.802
29.2314 33.7391 3.33291e-09 6600 603.378
29.315 846.64 8.29217e-08 7776 608.57
29.4037 1387.8 1.34698e-07 7248 614.109
29.4863 55.3086 5.32321e-09 6672 619.297
29.5638 628.553 6.00209e-08 6704 624.194
29.6425 63.737 6.03793e-09 6942 629.192
29.7261 2031.5 1.90828e-07 7656 634.535
29.8087 1024.56 9.54439e-08 7128 639.837
29.8956 97.1113 8.96782e-09 7908 645.45
29.977 757.435 6.93779e-08 6648 650.735
30.0528 23310.3 2.119e-06 7320 655.686
30.1423 333.085 3.001e-08 7638 661.561
30.2243 665.347 5.94591e-08 7416 666.975
30.3042 92.0876 8.16455e-09 7752 672.278
30.3935 750.945 6.59944e-08 8448 678.237
30.4801 925.59 8.06505e-08 7280 684.056
30.5639 114.747 9.91642e-09 7668 689.707
30.6478 559.343 4.79422e-08 8094 695.409
30.7311 549.16 4.66877e-08 7656 701.094
30.8164 247.448 2.08631e-08 8160 706.945
30.9021 644.628 5.38993e-08 8472 712.863
30.9914 104.091 8.62837e-09 7896 719.06
31.0735 387.95 3.19039e-08 8088 724.791
31.1605 514.183 4.19319e-08 8286 730.892
31.2495 124.624 1.00765e-08 8676 737.172
31.3345 398.977 3.19977e-08 8120 743.208
31.4202 279.56 2.22375e-08 9024 749.323
31.5091 105.874 8.35061e-09 8160 755.701
31.5932 397.747 3.11217e-08 7944 761.768
31.6802 683.771 5.30624e-08 8982 768.076
31.7688 107.094 8.24139e-09 9528 774.541
31.8602 263.459 2.01006e-08 8832 781.241
31.9516 306.76 2.3204e-08 8916 787.982
32.039 478.257 3.58809e-08 9240 794.471
32.1273 170.266 1.26691e-08 8496 801.054
32.2155 1113.91 8.22049e-08 9422 807.669
32.303 390.695 2.85988e-08 8976 814.273
32.3931 236.91 1.71975e-08 9432 821.104
32.4832 282.337 2.03251e-08 9864 827.97
32.5757 1129.76 8.0639e-08 9024 835.068
32.6663 1930.05 1.36618e-07 9762 842.056
32.7552 851.421 5.97782e-08 9264 848.95
32.8445 291.915 2.03287e-08 10056 855.908
32.9357 834.475 5.76306e-08 9936 863.059
33.0325 1015.57 6.95222e-08 9624 870.695
33.1183 7363.25 5.00154e-07 9752 877.498
33.2122 497.306 3.34944e-08 10446 884.978
33.3054 856.463 5.72013e-08 10056 892.448
33.3956 1539.97 1.0202e-07 9876 899.722
33.491 1049.81 6.8955e-08 11160 907.454
33.5844 217.018 1.41359e-08 10128 915.069
33.6785 2551.43 1.64802e-07 9726 922.784
33.7682 1650.32 1.05751e-07 11112 930.175
33.8643 546.1 3.46966e-08 10776 938.136
33.9552 190.085 1.19803e-08 10232 945.711
34.0498 1243.16 7.77004e-08 11184 953.639
34.1497 6021.6 3.7307e-07 11058 962.058
34.2449 1246.86 7.66074e-08 11472 970.123
34.3371 999.763 6.09321e-08 10464 977.982
34.4285 673.121 4.06984e-08 10584 985.815
34.5273 736.458 4.41467e-08 12504 994.328
34.6247 1349.91 8.02395e-08 10560 1002.76
34.7179 1460.2 8.60975e-08 11694 1010.88
34.8164 1239.28 7.24535e-08 11420 1019.51
34.9125 572.628 3.32023e-08 12504 1027.98
35.0084 3562.9 2.04893e-07 10800 1036.47
35.1074 796.344 4.54094e-08 12456 1045.29
35.2074 956.29 5.40666e-08 12030 1054.24
35.3017 1202.88 6.74646e-08 11232 1062.74
35.397 804.87 4.47783e-08 13176 1071.37
35.4985 1686.5 9.30241e-08 11196 1080.62
35.593 517.219 2.83022e-08 12720 1089.27
35.6922 572.699 3.10774e-08 11918 1098.4
35.7902 1329.37 7.1547e-08 13392 1107.48
35.8939 809.498 4.31911e-08 12600 1117.13
35.9941 2975.69 1.57446e-07 13200 1126.51
36.095 798.937 4.1919e-08 12864 1136.01
36.1944 1618.81 8.42385e-08 12270 1145.42
36.2935 752.243 3.88251e-08 13668 1154.85
36.3944 2483.64 1.27124e-07 13200 1164.51
36.4956 858.86 4.35955e-08 13416 1174.25
36.5974 1361.86 6.85523e-08 12992 1184.1
36.6991 761.859 3.80318e-08 13806 1194.01
36.7995 484.156 2.39718e-08 13800 1203.83
36.901 4329.68 2.12609e-07 13056 1213.82
37.0014 780.133 3.79974e-08 14364 1223.75
37.1043 1652.55 7.98222e-08 13248 1233.99
37.2078 841.85 4.03248e-08 15054 1244.35
37.3141 1223.27 5.80958e-08 13680 1255.04
37.4145 1298.29 6.11632e-08 15152 1265.21
37.5223 1203.5 5.62106e-08 14376 1276.17
37.6238 967.361 4.48167e-08 13932 1286.56
37.7292 2314.78 1.06345e-07 14910 1297.4
37.833 644.169 2.93512e-08 15648 1308.14
37.937 918.429 4.15047e-08 13680 1318.95
38.0425 1069.11 4.79129e-08 15816 1329.99
38.1491 703.501 3.12646e-08 15030 1341.2
38.253 694.51 3.06141e-08 15104 1352.19
38.3629 910.636 3.97971e-08 16548 1363.87
38.4701 482.33 2.09032e-08 15360 1375.34
38.5768 1133.53 4.87188e-08 15768 1386.81
38.6815 656.303 2.7979e-08 14622 1398.14
38.7893 1068.9 4.51897e-08 17568 1409.86
38.9018 583.99 2.44757e-08 16368 1422.16
39.0083 1170.2 4.86439e-08 15960 1433.88
39.1164 667.385 2.75131e-08 15732 1445.83
39.2236 1376.59 5.62864e-08 17006 1457.75
39.332 431.843 1.75116e-08 16680 1469.87
39.4453 1730.7 6.95784e-08 17712 1482.61
39.5528 1502.59 5.99171e-08 15576 1494.76
39.6569 1497.24 5.92343e-08 16974 1506.6
39.7703 1630.85 6.39702e-08 17436 1519.56
39.8799 1663.34 6.47081e-08 17952 1532.16
39.9925 1328.27 5.1238e-08 17448 1545.17
40.1016 910.435 3.4834e-08 17336 1557.85
40.2155 3485.76 1.32238e-07 17958 1571.16
40.3272 1373.55 5.16761e-08 19056 1584.29
40.441 1407.7 5.25151e-08 17304 1597.74
40.5506 2033.3 7.52397e-08 18276 1610.77
40.6624 3792.47 1.39182e-07 17838 1624.13
40.7728 1379.05 5.02004e-08 18984 1637.39
40.8917 2265.94 8.17682e-08 19616 1651.75
41.0031 4084.11 1.4618e-07 18168 1665.29
41.1166 1519.26 5.39289e-08 19320 1679.16
41.2339 1801.16 6.33913e-08 19170 1693.57
41.3443 2000.92 6.98592e-08 19008 1707.21
41.4599 3371.91 1.16743e-07 20472 1721.57
41.5775 1640.81 5.63276e-08 19128 1736.27
41.6919 2023.16 6.88836e-08 19998 1750.63
41.807 2729.57 9.21695e-08 19808 1765.17
41.9229 1408.19 4.71571e-08 20724 1779.89
42.0406 2024.1 6.72146e-08 19896 1794.93
42.1535 1834.55 6.04321e-08 20304 1809.43
42.2743 1911.36 6.24245e-08 21030 1825.02
42.3896 1514.86 4.90719e-08 21168 1840
42.5074 1432.8 4.6029e-08 20736 1855.39
42.6266 2659.53 8.47234e-08 21356 1871.03
42.7476 1400.74 4.42447e-08 22206 1887.02
42.8656 2038.65 6.38639e-08 21360 1902.69
42.9842 2500.67 7.7691e-08 21456 1918.52
43.1015 2325.62 7.1664e-08 21648 1934.27
43.2214 1280.99 3.91461e-08 22326 1950.46
43.3419 3243.59 9.82972e-08 22212 1966.82
43.4591 2876.96 8.64835e-08 22128 1982.81
43.5787 2147.95 6.40387e-08 22640 1999.23
43.702 1561.01 4.61469e-08 23022 2016.25
43.8256 2875.34 8.42837e-08 24168 2033.41
43.9456 2052.35 5.96684e-08 22416 2050.16
44.069 2318.46 6.68405e-08 23700 2067.47
44.1919 2457.48 7.02591e-08 24222 2084.82
44.3139 1361.7 3.86103e-08 22776 2102.13
44.4338 1664.12 4.68041e-08 24296 2119.24
44.5585 2114.62 5.89766e-08 24648 2137.14
44.6804 1769.04 4.89358e-08 22926 2154.72
44.8026 1770.96 4.85891e-08 25476 2172.45
44.9299 1657.71 4.50965e-08 25608 2191.02
45.0543 1333.46 3.5976e-08 24576 2209.27
45.1805 1992.19 5.32988e-08 25134 2227.89
45.3051 1638.07 4.34642e-08 25928 2246.37
45.4322 1231.72 3.24088e-08 26136 2265.33
45.5594 2701.5 7.04875e-08 25644 2284.41
45.684 1211.41 3.13502e-08 25926 2303.2
45.8119 3122.96 8.01439e-08 26232 2322.6
45.9378 1520.23 3.86935e-08 27216 2341.81
46.0667 1872.67 4.72649e-08 26736 2361.58
46.1982 3150.19 7.8832e-08 27698 2381.85
46.3248 2014.54 5.00007e-08 26640 2401.49
46.4497 2311.07 5.68989e-08 26880 2420.97
46.5822 3356.55 8.19356e-08 29160 2441.75
46.7132 1866.52 4.51807e-08 27318 2462.4
46.8402 3461.05 8.3098e-08 27984 2482.55
46.9703 2360.57 5.62063e-08 28364 2503.29
47.0985 2837.64 6.70157e-08 28464 2523.83
47.2319 2771.55 6.49019e-08 28974 2545.34
47.3611 2886.88 6.70508e-08 28920 2566.28
47.4908 2026.52 4.66832e-08 29640 2587.44
47.6245 3114.17 7.11363e-08 28884 2609.34
47.7555 2652.04 6.00829e-08 30558 2630.93
47.8909 3297 7.40627e-08 30776 2653.38
48.0219 2093.4 4.66416e-08 29040 2675.21
48.1534 2617.6 5.78445e-08 30984 2697.25
48.289 3355.08 7.35186e-08 30930 2720.1
48.4252 2755.84 5.98795e-08 32712 2743.19
48.5604 3009.25 6.48411e-08 30528 2766.23
48.6924 2027.38 4.33303e-08 30326 2788.84
48.8276 2621.76 5.55694e-08 33624 2812.14
48.9655 3680.99 7.73632e-08 31824 2836.02
49.0996 2185.76 4.55628e-08 31860 2859.39
49.2378 2848.37 5.88762e-08 33942 2883.61
49.3741 3444.6 7.06126e-08 31848 2907.62
49.5082 2990.46 6.08058e-08 33624 2931.38
49.6475 2493.54 5.02764e-08 33512 2956.19
49.7851 2961.72 5.92222e-08 33594 2980.84
49.9236 2810.93 5.57404e-08 34944 3005.79
50.0623 3229.03 6.35007e-08 33624 3030.91
50.2003 3025.99 5.90184e-08 34710 3056.04
50.3385 3506.89 6.78362e-08 34704 3081.35
50.4781 2152.49 4.12926e-08 35468 3107.06
50.6192 3288.52 6.25596e-08 36096 3133.19
50.7626 3536.39 6.67066e-08 35958 3159.89
50.903 3762.33 7.03826e-08 36576 3186.19
51.0437 3610.85 6.69919e-08 35976 3212.68
51.1847 3348.75 6.16172e-08 36396 3239.37
51.3277 3619.42 6.60424e-08 38030 3266.6
51.4685 4597.3 8.31992e-08 35784 3293.55
51.6102 3012.61 5.40723e-08 38712 3320.84
51.7563 4336.69 7.71804e-08 38310 3349.12
51.8999 3456.28 6.10028e-08 37596 3377.06
52.0406 3241.32 5.6746e-08 39000 3404.6
52.1873 4373.79 7.59282e-08 38552 3433.48
52.3328 3489.4 6.00716e-08 40206 3462.28
52.4775 4029.47 6.8797e-08 39072 3491.07
52.6254 3503.68 5.9317e-08 41340 3520.67
52.7728 3784.47 6.35353e-08 39342 3550.34
52.9159 3496.57 5.82269e-08 40176 3579.3
53.063 3471.47 5.73296e-08 41768 3609.23
53.21 3645.49 5.97057e-08 40206 3639.33
53.3579 3411.63 5.54122e-08 42300 3669.75
53.5058 3784.26 6.0956e-08 42360 3700.36
53.6529 3326.02 5.31355e-08 40488 3730.96
53.8016 3602.02 5.70691e-08 44406 3762.06
53.9538 4130.87 6.48957e-08 43076 3794.08
54.1012 3467.21 5.40256e-08 42600 3825.26
54.2539 4241.92 6.55402e-08 45486 3857.75
54.4068 3409.23 5.22319e-08 43848 3890.46
54.554 3393.67 5.15737e-08 43248 3922.12
54.7042 3458.55 5.2128e-08 44988 3954.6
54.8585 3543.97 5.29661e-08 46454 3988.16
55.0108 3501.78 5.1902e-08 44928 4021.46
55.1648 3422.41 5.03021e-08 47256 4055.34
55.3178 3792.81 5.5285e-08 45126 4089.16
55.4713 3667.94 5.3022e-08 48084 4123.31
55.6247 3058.39 4.3846e-08 46320 4157.6
55.7806 3960.92 5.631e-08 47894 4192.67
55.9325 3673.43 5.17985e-08 47160 4227.02
56.0862 3986.62 5.57542e-08 48228 4261.95
56.246 4485.83 6.22026e-08 50598 4298.48
56.4009 4508.29 6.20002e-08 47328 4334.1
56.556 4107.5 5.60249e-08 50696 4369.95
56.7134 3932.08 5.3187e-08 49344 4406.53
56.8734 5758.23 7.72329e-08 51570 4443.93
57.0306 4764.18 6.3373e-08 50832 4480.89
57.1888 4613.38 6.08592e-08 50424 4518.28
57.3474 4760.04 6.22744e-08 52686 4555.98
57.5064 5460.27 7.08442e-08 51092 4593.99
57.6651 5117.75 6.58535e-08 53376 4632.12
57.8263 5231.04 6.67498e-08 52374 4671.08
57.9846 4983 6.30657e-08 52848 4709.53
58.1458 5586.15 7.01128e-08 55488 4748.93
58.3113 5040.27 6.27244e-08 54098 4789.58
58.4692 5529.92 6.82617e-08 53688 4828.61
58.6308 6015.46 7.36429e-08 55296 4868.76
58.7939 4681.95 5.68421e-08 56358 4909.5
58.9603 5781.34 6.95967e-08 57468 4951.31
59.1239 5371.26 6.41247e-08 56000 4992.64
59.2895 4698.04 5.56191e-08 57774 5034.69
59.4537 6116.23 7.18103e-08 57648 5076.65
59.6174 4899.74 5.70551e-08 57480 5118.7
59.7831 4862.12 5.61473e-08 58122 5161.51
59.9471 5202.83 5.95903e-08 59208 5204.08
60.1145 5771.95 6.55578e-08 60032 5247.81
60.2829 5015.24 5.6487e-08 60366 5292.05
60.4503 4657.22 5.202e-08 60444 5336.25
60.6167 5136.26 5.68998e-08 60912 5380.43
60.786 5581.39 6.13158e-08 61422 5425.63
60.9547 4816.5 5.24746e-08 63032 5470.95
61.1246 5293.3 5.71897e-08 62052 5516.82
61.2949 5279.05 5.65617e-08 64038 5563.05
61.4635 5634.5 5.98746e-08 61632 5609.09
61.6312 5138.32 5.41574e-08 64896 5655.13
61.8052 5692.08 5.9489e-08 64874 5703.15
61.974 5559.99 5.76348e-08 64200 5750.02
62.1478 5632.11 5.78938e-08 68016 5798.54
62.3225 5792.5 5.90433e-08 65694 5847.57
62.4947 5844.43 5.90816e-08 67212 5896.17
62.6679 5297.33 5.31083e-08 67088 5945.32
62.8408 6315.96 6.27991e-08 67182 5994.68
63.0147 5897.76 5.8157e-08 69768 6044.56
63.1896 5856.59 5.72728e-08 67524 6095.04
63.3643 5968.42 5.78848e-08 70758 6145.75
63.5397 6092.65 5.86019e-08 69488 6196.91
63.7157 6423.41 6.12727e-08 71640 6248.55
63.895 6583.44 6.22717e-08 72042 6301.47
64.073 5573.04 5.22765e-08 72960 6354.27
64.2495 6516.08 6.06201e-08 70416 6406.93
64.4294 6983.48 6.44257e-08 76790 6460.9
64.6097 6635.77 6.0707e-08 72348 6515.27
64.7874 7534.87 6.83667e-08 74094 6569.18
64.966 6541.25 5.88629e-08 74976 6623.68
65.1456 6593.24 5.88414e-08 76200 6678.77
65.3291 7777.15 6.88241e-08 77114 6735.34
65.5098 6684.84 5.86695e-08 76872 6791.39
65.6917 7215.44 6.28017e-08 77784 6848.13
65.8753 7532.18 6.50119e-08 78654 6905.69
66.0578 6806.67 5.82643e-08 79380 6963.25
66.2409 7453.75 6.32756e-08 79256 7021.32
66.4249 7666.85 6.45453e-08 80094 7079.99
66.6071 7025.13 5.86586e-08 80760 7138.43
66.7946 7547.62 6.24922e-08 83034 7198.88
66.9809 7320.54 6.01076e-08 82664 7259.29
67.1658 7258.27 5.91057e-08 81864 7319.54
67.3508 7855.44 6.34428e-08 83334 7380.2
67.5384 7299.32 5.84614e-08 85980 7442.06
67.726 7558.52 6.00358e-08 84144 7504.24
67.9148 7236.18 5.69975e-08 86486 7567.17
68.1019 7787.47 6.08356e-08 86016 7629.89
68.2924 8203.34 6.35496e-08 88290 7694.1
68.4818 7424.02 5.70366e-08 87672 7758.27
68.6708 7857.65 5.98709e-08 88608 7822.71
68.8613 8055.65 6.08717e-08 88682 7887.97
69.0517 7886.7 5.91033e-08 91200 7953.6
69.2463 8139.53 6.04851e-08 92568 8021.04
69.4391 7791.91 5.74211e-08 91014 8088.21
69.6314 9078.14 6.63471e-08 92828 8155.58
69.8244 8031.86 5.82148e-08 93054 8223.62
70.0163 7825.23 5.62521e-08 92568 8291.6
70.2106 8606.47 6.13561e-08 96768 8360.8
70.4081 8184.53 5.78583e-08 95658 8431.57
70.6024 8076.66 5.66257e-08 96368 8501.56
70.8004 8898.76 6.18675e-08 98526 8573.28
70.9949 8205.63 5.65809e-08 95436 8644.15
71.1912 8597.44 5.87935e-08 101472 8716.05
71.3912 8333.72 5.65125e-08 98582 8789.72
71.5863 8429.63 5.66967e-08 99984 8861.98
71.7853 8882.77 5.9249e-08 101298 8936.09
71.9865 9197.14 6.08331e-08 104952 9011.41
72.1863 8694.74 5.70338e-08 100568 9086.66
72.3863 9508.37 6.18554e-08 105942 9162.39
72.5888 8978.82 5.79228e-08 104892 9239.53
72.7887 9741.55 6.2327e-08 103734 9316.05
72.9889 9466.38 6.00693e-08 107160 9393.16
73.1931 9730.02 6.1227e-08 108788 9472.2
73.3965 9559.49 5.96552e-08 107070 9551.38
73.5998 9493.41 5.87533e-08 110760 9630.97
73.8048 10834.7 6.6497e-08 109182 9711.68
74.0101 9955.98 6.0597e-08 112820 9792.95
74.2153 10422.2 6.29096e-08 110280 9874.65
74.4211 10515.5 6.29477e-08 114678 9957.01
74.6281 10669.1 6.33375e-08 112668 10040.3
74.835 11174 6.57861e-08 116030 10124
75.0455 10376.7 6.05797e-08 118032 10209.7
75.2528 11114.5 6.43521e-08 113700 10294.6
75.4597 10645.4 6.11301e-08 118566 10379.7
75.6704 11101.1 6.32159e-08 119840 10466.9
75.8801 10832.4 6.11761e-08 118278 10554.2
76.0893 10935.3 6.12493e-08 120852 10641.7
76.3009 11007.6 6.11423e-08 122166 10730.7
76.5134 11027.1 6.0742e-08 123296 10820.6
76.7256 11393.9 6.2243e-08 123300 10910.9
76.9392 11119.9 6.02417e-08 126174 11002.3
77.1528 11235.2 6.03621e-08 124800 11094.2
77.3659 11230.1 5.98376e-08 126774 11186.4
77.5809 10926.8 5.77391e-08 128900 11279.9
77.7962 11342.8 5.94407e-08 127776 11374.1
78.0124 10794.3 5.60976e-08 132246 11469.1
78.2288 11068.9 5.70483e-08 129252 11564.9
78.4454 11703.8 5.98223e-08 133118 11661.2
78.6629 11410.7 5.78417e-08 133272 11758.4
78.8821 12151.5 6.1085e-08 134970 11857
79.1006 11496.7 5.73154e-08 136128 11955.8
79.3217 12780.8 6.31859e-08 137270 12056.4
79.5433 12082.3 5.92353e-08 139620 12157.7
79.7641 12300.5 5.98053e-08 138312 12259.2
79.9859 12823.6 6.18316e-08 140694 12361.8
80.2068 12241.9 5.85405e-08 140888 12464.5
80.4299 13676.8 6.48594e-08 143034 12568.8
80.6531 12840.8 6.03905e-08 143688 12673.7
80.8755 13317.9 6.2119e-08 143510 12778.8
81.0998 13228.1 6.11899e-08 147828 12885.4
81.3269 14209 6.5178e-08 147918 12994
81.5524 13303.7 6.05202e-08 148992 13102.4
81.7797 14153.1 6.38492e-08 150356 13212.3
82.0043 13484.6 6.03348e-08 147606 13321.4
82.2317 14482.1 6.42618e-08 156624 13432.5
82.4634 14034.2 6.1751e-08 153354 13546.4
82.6905 14279.4 6.23136e-08 153968 13658.6
82.9194 14934.6 6.46346e-08 155862 13772.3
83.1486 14453.6 6.20369e-08 157524 13886.9
83.3797 14792.2 6.29637e-08 159126 14003
83.6126 14420.2 6.08688e-08 162488 14120.7
83.8452 14681.7 6.14584e-08 159570 14238.9
84.0767 14895 6.18377e-08 164304 14357.1
84.3123 14919.3 6.1421e-08 165720 14478.1
84.5455 14995.4 6.12246e-08 162866 14598.6
84.7789 15524.2 6.28617e-08 169056 14719.9
85.0154 15229.1 6.11536e-08 167502 14843.4
85.2505 15251.5 6.07382e-08 169964 14966.9
85.4866 15512.5 6.12671e-08 170478 15091.6
85.7246 15357.8 6.01522e-08 175200 15218
85.9642 15624.2 6.06855e-08 173130 15345.9
86.2012 15923 6.13371e-08 175712 15473.2
86.4415 15996.1 6.11063e-08 177438 15603
86.6808 15991.3 6.05835e-08 178092 15732.9
86.9209 16337.3 6.13828e-08 179694 15864
87.1623 16396.7 6.10958e-08 182504 15996.5
87.4047 16494.1 6.09485e-08 182394 16130.4
87.6463 16953.4 6.21293e-08 184464 16264.5
87.8898 16772.9 6.09582e-08 186398 16400.5
88.1346 17054 6.14648e-08 188844 16537.9
88.3785 17656.4 6.31107e-08 187230 16675.5
88.6241 16733 5.9314e-08 193776 16815
88.8723 18111 6.36626e-08 192218 16956.6
89.1173 17678.8 6.16321e-08 192408 17097.3
89.3636 18430.4 6.37227e-08 195510 17239.4
89.6121 17899.8 6.13743e-08 198404 17383.6
89.8624 19178 6.52092e-08 200310 17529.7
90.1125 18139.2 6.11652e-08 201216 17676.4
90.3629 19144 6.4018e-08 201618 17824.3
90.6136 18887.5 6.26374e-08 204680 17973
90.8637 18968.3 6.23876e-08 202758 18122.2
91.1165 19461.6 6.34785e-08 211812 18273.9
91.3704 19732.2 6.38262e-08 205718 18427.1
91.6219 19526.2 6.26412e-08 211452 18579.7
91.8766 19596.1 6.2344e-08 213150 18735.1
92.1337 19848.3 6.26193e-08 217512 18892.8
92.3907 20465.5 6.40289e-08 214754 19051.3
92.6443 20087.7 6.23324e-08 215424 19208.6
92.9029 20446.7 6.29181e-08 224574 19369.9
93.1615 20330.1 6.20397e-08 218588 19532.1
93.4187 20937.2 6.3366e-08 223902 19694.4
93.6773 20630.8 6.19229e-08 224952 19858.4
93.9391 21146.9 6.29429e-08 230258 20025.3
94.2003 20958.9 6.18659e-08 227544 20192.8
94.4611 21251.8 6.22122e-08 231018 20361
94.7234 21303.8 6.18477e-08 234504 20531.1
94.9866 21342.2 6.14456e-08 233102 20702.7
95.2488 21746 6.20927e-08 236892 20874.6
95.5133 22106.4 6.25987e-08 238830 21049
95.7779 22225.3 6.24153e-08 241232 21224.4
96.045 22243.5 6.19467e-08 243906 21402.5
96.3117 23086.8 6.37626e-08 244704 21581.3
96.5789 23291 6.3794e-08 246698 21761.4
96.8459 23492.6 6.38157e-08 248664 21942.4
97.1161 23387.1 6.30005e-08 253494 22126.5
97.3861 23895 6.38345e-08 251522 22311.6
97.6552 24236.7 6.42137e-08 255336 22497.1
97.9263 24697 6.48911e-08 257694 22685
98.1987 24331.7 6.3401e-08 260988 22874.8
98.4723 25244.4 6.52322e-08 261638 23066.6
98.7442 24905.5 6.38266e-08 262356 23258.1
99.0178 25273.7 6.42344e-08 266478 23452
99.2941 25719.7 6.48238e-08 272048 23648.9
99.5716 25555.9 6.38741e-08 269850 23847.7
99.847 25764.1 6.3863e-08 272544 24046.2
100.124 26045.1 6.40249e-08 275546 24247
100.401 26031.9 6.34648e-08 275334 24448.6
100.681 26709.6 6.45748e-08 285024 24653.8
100.963 26776.9 6.41963e-08 282242 24861.7
101.241 26885.6 6.3927e-08 280800 25067.7
101.521 27104.6 6.3916e-08 288330 25276.3
101.804 27538 6.43993e-08 290024 25487.8
102.087 27608.4 6.40288e-08 290598 25700.8
102.369 27899.2 6.41694e-08 293748 25914.6
102.654 28313.2 6.45798e-08 299582 26132
102.939 28584.1 6.46582e-08 295914 26350
103.223 28704.9 6.43967e-08 302352 26568.8
103.511 29031 6.45861e-08 305342 26791.8
103.798 29423.9 6.49192e-08 305532 27015.1
104.087 29816.2 6.5239e-08 310806 27241.1
104.375 30117.6 6.5353e-08 310436 27468.5
104.666 30406.6 6.5432e-08 318006 27698.6
104.957 30810 6.57512e-08 312846 27929.8
105.247 30948 6.55008e-08 322508 28162.2
105.54 31881 6.69143e-08 321318 28398.4
105.833 31547.2 6.56652e-08 327204 28635.5
106.127 32023.3 6.61042e-08 325766 28874.7
106.421 32396.2 6.63217e-08 330246 29115.1
106.717 32646.6 6.62796e-08 335868 29358.8
107.015 32972.6 6.63838e-08 336710 29605.4
107.311 33193.8 6.62779e-08 336636 29851.7
107.609 33764.1 6.68578e-08 343542 30101.1
107.907 33844.5 6.64635e-08 342092 30351.8
108.206 34389.5 6.69747e-08 349446 30605.2
108.507 34862.9 6.73326e-08 350118 30861.6
108.808 35125.8 6.72799e-08 352628 31118.6
109.111 35161.2 6.67874e-08 359334 31379.7
109.414 35611.3 6.70829e-08 356364 31641.5
109.717 35912.2 6.70906e-08 362990 31905.1
110.021 36664.4 6.79289e-08 364062 32171.4
110.326 36505.3 6.70745e-08 369756 32439.9
110.632 36866.5 6.71777e-08 368726 32710.5
110.939 37631.7 6.80049e-08 375786 32983.3
111.248 37711.8 6.75841e-08 378600 33259.3
111.557 38314.5 6.80953e-08 379394 33537.1
111.866 39111.1 6.89352e-08 386568 33817.4
112.178 39226.2 6.85633e-08 386906 34100.8
112.489 39609.8 6.8662e-08 388950 34384.8
112.801 40045.6 6.88431e-08 394512 34671.6
113.114 40538 6.91115e-08 396818 34961.7
113.428 40989.5 6.93023e-08 401112 35253.7
113.744 41493.4 6.95717e-08 404850 35548.9
114.06 42076.3 6.99647e-08 405566 35845.9
114.375 42786.4 7.05585e-08 409308 36144
114.692 42865 7.01032e-08 413766 36445.6
115.011 43674.2 7.08351e-08 417050 36749.9
115.331 43785 7.04246e-08 425232 37057.9
115.653 44312.2 7.06799e-08 421862 37368.7
115.972 44706.9 7.0722e-08 426402 37679.1
116.295 45476.5 7.13425e-08 434688 37994.4
116.619 46010.6 7.15789e-08 436634 38313.6
116.942 46215.9 7.13047e-08 434784 38632.5
117.265 47030.5 7.19638e-08 441018 38953.5
117.591 47116.2 7.14979e-08 447350 39278.7
117.917 48035.8 7.22887e-08 449868 39607.2
118.245 48195.1 7.19278e-08 453206 39938
118.573 48988.6 7.25071e-08 456570 40271.3
118.902 49726.3 7.29884e-08 463824 40608
119.233 50109.8 7.29407e-08 463718 40948
119.564 50894.8 7.34712e-08 468186 41289.2
119.895 51231.8 7.33454e-08 473448 41633.9
120.229 52162.4 7.40568e-08 479354 41982.9
120.563 52800.8 7.43423e-08 477702 42333.6
120.897 53121.4 7.41763e-08 485204 42685.9
121.234 53805.2 7.45065e-08 491454 43043.7
121.571 54733.3 7.51632e-08 491226 43403.7
121.908 55737.9 7.59099e-08 497648 43765.6
122.248 56290.8 7.60248e-08 504930 44132.9
122.587 57219.3 7.66394e-08 500358 44501.1
122.925 57478 7.63523e-08 508652 44870.3
123.267 58530.9 7.71055e-08 516390 45246
123.609 59052 7.71476e-08 515642 45623.9
123.951 59852.7 7.75481e-08 521880 46003.7
124.297 60452.1 7.76738e-08 530850 46389.2
124.642 61413.8 7.82553e-08 527054 46777
124.986 62097 7.84747e-08 534156 47165.1
125.334 62873.1 7.87947e-08 545150 47560.6
125.683 63168.2 7.85065e-08 543474 47959.3
126.031 64566.2 7.95824e-08 545310 48358
126.38 65263.5 7.97769e-08 555788 48761.1
126.732 66151.6 8.01904e-08 559542 49169.8
127.084 66992.2 8.05354e-08 564146 49581.2
127.437 68221.5 8.13345e-08 566520 49995
127.791 68946.1 8.1517e-08 573594 50412.9
128.146 69755.2 8.17897e-08 577718 50834.5
128.501 70681.7 8.21911e-08 579303 51258.1
128.858 71573.3 8.25387e-08 586232 51686
129.216 72609.5 8.30386e-08 585156 52118.7
129.575 73059.9 8.28621e-08 582704 52553.7
129.934 73866.9 8.30847e-08 584544 52991.8
130.295 74859.1 8.35025e-08 585204 53434.9
130.657 75826.2 8.38808e-08 582812 53881.1
131.019 75998.6 8.33754e-08 584472 54331
131.383 76971.5 8.37429e-08 584132 54785
131.748 77706.8 8.38432e-08 582540 55242.2
132.113 78452.7 8.3948e-08 582096 55702.9
132.481 79526.3 8.43904e-08 586412 56169.1
132.849 80188.1 8.43866e-08 581640 56639.1
133.218 80814.9 8.43416e-08 583304 57112.3
133.589 81433.9 8.42823e-08 583536 57590.3
133.959 82478.9 8.46576e-08 578204 58070.6
134.33 83490.8 8.49877e-08 582180 58554.8
134.704 84666.6 8.54692e-08 582144 59045
135.078 85324 8.54191e-08 578780 59538.3
135.452 85789.9 8.51761e-08 577524 60034.1
135.828 87060.9 8.57229e-08 579584 60534.9
136.206 87792.3 8.57251e-08 580752 61042
136.585 88696.8 8.58897e-08 576896 61552.7
136.963 90176.8 8.66012e-08 575412 62065.7
137.343 91107.5 8.67716e-08 575676 62583
137.724 91643.5 8.65585e-08 576392 63106.2
138.107 92679.6 8.68119e-08 574368 63633.4
138.49 93350.2 8.67169e-08 572624 64164.1
138.874 94479.6 8.70389e-08 574056 64700.1
139.26 95772.7 8.74981e-08 572864 65241.4
139.647 96752.5 8.7662e-08 568992 65785.6
140.034 97669.4 8.77598e-08 572024 66335
140.424 99090.9 8.82983e-08 569052 66890.1
140.814 99748.4 8.81477e-08 568236 67448.9
141.204 100897 8.84258e-08 563612 68010.8
141.595 102160 8.87923e-08 567216 68577.9
141.989 103018 8.87952e-08 564740 69151.8
142.383 104421 8.92581e-08 563940 69729.9
142.779 105534 8.94624e-08 562172 70312.6
143.176 107164 9.00903e-08 561948 70900.7
143.574 108085 9.01108e-08 560084 71494.1
143.973 109570 9.05918e-08 556764 72091.1
144.371 110747 9.08094e-08 553976 72691.4
144.772 111811 9.09223e-08 556344 73298.1
145.174 113311 9.13788e-08 552420 73910.8
145.577 114116 9.12657e-08 552200 74528
145.981 116085 9.20716e-08 548880 75149.9
146.386 117119 9.21229e-08 548696 75777.4
146.793 118885 9.2737e-08 546948 76410.6
147.201 120498 9.32144e-08 547364 77050.6
147.61 121876 9.34993e-08 540792 77694.7
148.019 123215 9.37455e-08 540320 78341.9
148.43 124865 9.42144e-08 538668 78995.8
148.842 125709 9.40656e-08 537260 79655.3
149.255 127382 9.4528e-08 534912 80320.9
149.67 129044 9.49662e-08 534812 80992.9
150.085 131178 9.57384e-08 527424 81668.7
150.501 132541 9.59333e-08 528968 82349.4
150.919 134993 9.68995e-08 525312 83036.8
151.338 136287 9.70168e-08 525968 83731.3
151.759 137722 9.72257e-08 520272 84431.2
152.18 139301 9.75253e-08 520256 85136.6
152.603 140938 9.78545e-08 514536 85847.5
153.026 142946 9.84263e-08 515732 86564.5
153.452 144884 9.8934e-08 510624 87288.4
153.877 146421 9.91568e-08 507288 88016
154.304 148218 9.95425e-08 505904 88750.6
154.732 150932 1.00526e-07 502608 89491.6
155.163 153209 1.01196e-07 502280 90240.8
155.594 155502 1.01859e-07 496404 90995.1
156.026 156730 1.01813e-07 494156 91754.8
156.459 159638 1.02843e-07 490572 92520.7
156.893 161054 1.02897e-07 487856 93293.3
157.329 163199 1.03403e-07 485592 94073.1
157.765 165126 1.03758e-07 479840 94858.1
158.204 167150 1.04158e-07 480792 95651.3
158.644 170075 1.05102e-07 473276 96451.5
159.083 172230 1.05555e-07 469716 97254.5
159.525 174585 1.06112e-07 469388 98067
159.968 178303 1.07474e-07 463164 98886.5
160.412 180682 1.08005e-07 460964 99712.4
160.858 182971 1.08467e-07 456404 100546
161.304 185023 1.08775e-07 453096 101385
161.752 187805 1.09497e-07 447944 102232
162.2 190454 1.10122e-07 445104 103085
162.651 194078 1.11287e-07 440876 103947
163.103 195268 1.11041e-07 438372 104816
163.556 199270 1.12377e-07 431156 105692
164.009 201963 1.12956e-07 426816 106572
164.464 205899 1.14204e-07 424208 107461
164.921 209544 1.15262e-07 420060 108360
165.379 212304 1.15812e-07 414500 109266
165.838 216252 1.1699e-07 409044 110177
166.298 218855 1.17419e-07 406184 111096
166.761 222407 1.18333e-07 401808 112027
167.224 225653 1.19066e-07 394448 112962
167.687 229740 1.20221e-07 390564 113904
168.153 232822 1.20824e-07 386420 114855
168.62 236241 1.21582e-07 380148 115815
169.087 240748 1.22877e-07 375116 116781
169.557 244567 1.23791e-07 371108 117757
170.028 249859 1.25422e-07 363588 118741
170.5 252978 1.25935e-07 360704 119734
170.974 258100 1.2742e-07 352920 120734
171.449 261320 1.27941e-07 347888 121742
171.925 266734 1.2951e-07 342564 122760
172.402 271734 1.30844e-07 336104 123785
172.881 275224 1.31428e-07 329616 124819
173.36 278884 1.32074e-07 324044 125860
173.841 284207 1.33481e-07 317940 126910
174.324 288256 1.34261e-07 311516 127971
174.808 294929 1.36229e-07 306920 129041
175.294 298531 1.3675e-07 297936 130120
175.782 304353 1.3826e-07 293684 131209
176.27 309937 1.3963e-07 284568 132304
176.757 311681 1.39259e-07 276704 133404
177.248 320418 1.41974e-07 274896 134520
177.742 323821 1.42291e-07 263228 135646
178.234 331284 1.44367e-07 257720 136777
178.729 333968 1.44332e-07 250968 137919
179.225 337430 1.4462e-07 242276 139071
179.722 344771 1.46543e-07 236220 140232
180.221 348792 1.47024e-07 227624 141403
180.722 352546 1.47374e-07 221304 142586
181.225 357336 1.48137e-07 212204 143778
181.726 359275 1.47713e-07 203168 144974
182.23 365530 1.49041e-07 197955 146183
182.737 366919 1.48364e-07 190268 147408
183.246 374087 1.50006e-07 184188 148643
183.754 378669 1.50588e-07 176492 149882
184.264 382362 1.50798e-07 172200 151133
184.777 391544 1.53136e-07 166544 152400
185.291 391590 1.51884e-07 160160 153674
185.804 400501 1.54056e-07 155010 154955
186.319 406591 1.55106e-07 149948 156246
186.836 410398 1.55261e-07 145458 157552
187.356 421603 1.58177e-07 140444 158870
187.876 425882 1.58458e-07 135596 160197
188.396 436459 1.61053e-07 130308 161531
188.918 441479 1.61559e-07 126860 162877
189.444 445119 1.61538e-07 122748 164241
189.971 454398 1.63536e-07 118076 165617
190.499 459154 1.63878e-07 113774 167000
191.026 472237 1.67155e-07 109236 168391
191.555 476217 1.67173e-07 105638 169793
192.087 488664 1.7012e-07 102174 171212
192.623 494874 1.70849e-07 98708 172648
193.159 506689 1.73475e-07 94310 174095
193.694 516537 1.75385e-07 90414 175545
194.231 525194 1.76849e-07 87398 177010
194.77 537552 1.79513e-07 83462 178487
195.308 546231 1.80908e-07 79902 179970
195.85 556462 1.82769e-07 77558 181473
196.397 565538 1.84204e-07 74094 182996
196.944 581449 1.87811e-07 71006 184531
197.492 589838 1.88939e-07 67574 186077
198.04 605936 1.9249e-07 64368 187629
198.588 620836 1.95594e-07 61502 189192
199.137 634921 1.98383e-07 58214 190763
199.686 647568 2.00669e-07 55872 192347
200.24 667227 2.0505e-07 53270 193952
200.797 672756 2.05033e-07 50742 195575
201.356 697675 2.10862e-07 48032 197213
201.917 707731 2.12124e-07 45638 198865
202.479 721798 2.14544e-07 43008 200530
203.042 741726 2.18637e-07 40694 202208
203.608 777001 2.27132e-07 38408 203903
204.174 793948 2.3016e-07 35958 205609
204.742 806082 2.3174e-07 33920 207328
205.311 824440 2.35052e-07 31622 209062
205.88 861038 2.43455e-07 29640 210807
206.452 880849 2.46992e-07 27662 212569
207.024 896131 2.492e-07 25568 214340
207.598 911931 2.51498e-07 23904 216126
208.175 970550 2.65445e-07 22118 217934
208.75 977597 2.65166e-07 20168 219747
209.328 1.00825e+06 2.71221e-07 18816 221577
209.911 1.03747e+06 2.76764e-07 17126 223432
210.495 1.10839e+06 2.9323e-07 15680 225301
211.081 1.11124e+06 2.91543e-07 14184 227188
211.669 1.11584e+06 2.90318e-07 12854 229092
212.261 1.1557e+06 2.98177e-07 11600 231021
212.86 1.21794e+06 3.1159e-07 10428 232982
213.459 1.26943e+06 3.22037e-07 9032 234955
214.05 1.32302e+06 3.32858e-07 7838 236912
214.639 1.34478e+06 3.35556e-07 6816 238872
215.227 1.39065e+06 3.44165e-07 5840 240841
215.814 1.44635e+06 3.5504e-07 4952 242816
216.393 1.42762e+06 3.47635e-07 4062 244776
216.965 1.52389e+06 3.68151e-07 3368 246722
217.537 1.57154e+06 3.76677e-07 2744 248678
218.109 1.67984e+06 3.99471e-07 2184 250647
218.782 1.73686e+06 4.09231e-07 2192 252975
219.487 1.89862e+06 4.4305e-07 1238 255425
220.117 1.81126e+06 4.19047e-07 728 257632
220.69 1.9094e+06 4.38319e-07 456 259650
221.261 1.95183e+06 4.44596e-07 248 261671
221.827 2.9303e+06 6.62387e-07 104 263682
222.372 1.8594e+06 4.17225e-07 24 265634
222.88 117491 2.61837e-08 1 267456
0.015625
1200
200
512
50.2756
8.04248 1.09291e+08 0.518386 6 12.5664
11.3738 1.62052e+08 0.271757 12 35.5431
13.93 1.57726e+08 0.143976 8 65.2968
16.085 1.21736e+08 0.0721771 6 100.531
17.9835 9.24003e+07 0.0392002 24 140.496
19.7 6.69125e+07 0.0215949 24 184.687
22.7476 3.13169e+07 0.00656469 12 284.345
24.1274 2.05945e+07 0.00361792 30 339.292
25.4325 1.10394e+07 0.00165583 24 397.384
26.6739 8.154e+06 0.00106011 24 458.457
27.86 7.395e+06 0.000843795 8 522.374
28.9976 4.64832e+06 0.000470383 24 589.013
30.0922 3.56393e+06 0.000322706 48 658.267
32.1699 586074 4.34353e-05 6 804.248
33.16 1.38923e+06 9.40092e-05 48 880.812
34.1213 1.54152e+06 9.57441e-05 36 959.663
35.0563 1.47815e+06 8.4656e-05 24 1040.74
35.9671 1.09804e+06 5.82293e-05 24 1123.97
36.8553 948616 4.67554e-05 48 1209.31
37.7226 913705 4.19993e-05 24 1296.71
39.3999 634314 2.55892e-05 24 1477.5
40.2124 799493 3.03372e-05 30 1570.8
41.0087 708547 2.53501e-05 72 1665.98
41.7899 745139 2.51919e-05 32 1763.01
43.3101 588360 1.78697e-05 72 1962.49
44.0505 537798 1.55241e-05 48 2064.87
45.4951 500335 1.31101e-05 12 2274.76
46.2005 424569 1.0623e-05 48 2382.21
46.8953 432045 1.03367e-05 48 2491.31
47.5799 313144 7.17319e-06 48 2602.03
48.2549 385664 8.46888e-06 30 2714.34
48.9205 369542 7.7881e-06 24 2828.22
49.5772 407979 8.26099e-06 72 2943.64
50.8651 486503 9.12148e-06 24 3179.07
51.497 349623 6.31676e-06 96 3299.03
52.1212 235112 4.09705e-06 48 3420.45
52.738 453959 7.63632e-06 24 3543.34
53.3478 387476 6.29703e-06 24 3667.66
53.9506 318746 5.00837e-06 72 3793.4
54.5467 286743 4.35939e-06 48 3920.55
55.7199 217269 3.09889e-06 8 4178.99
56.2973 331115 4.57883e-06 54 4310.27
56.8689 288702 3.87316e-06 84 4442.88
57.4348 240259 3.12892e-06 48 4576.83
57.9951 193431 2.44676e-06 24 4712.1
58.5501 243345 2.99143e-06 72 4848.68
59.0999 323678 3.86894e-06 96 4986.55
60.1844 226750 2.56647e-06 48 5266.13
60.7194 260958 2.87626e-06 48 5407.82
61.2497 319529 3.43114e-06 24 5550.75
61.7754 345294 3.61395e-06 72 5694.92
62.8138 294416 2.93114e-06 72 5986.94
63.3265 318742 3.09686e-06 96 6134.76
64.3398 160026 1.48249e-06 6 6433.98
64.8405 260741 2.35998e-06 96 6585.37
65.3374 270770 2.39528e-06 96 6737.92
65.8305 237682 2.05567e-06 24 6891.63
66.32 225573 1.90807e-06 48 7046.5
66.8058 221063 1.82942e-06 96 7202.5
67.2882 232724 1.8848e-06 48 7359.65
68.2427 254058 1.97244e-06 36 7677.3
68.715 295703 2.24875e-06 48 7837.8
69.184 280877 2.09285e-06 120 7999.4
69.6499 373841 2.73002e-06 56 8162.1
70.1127 215172 1.54041e-06 24 8325.88
70.5725 196161 1.37704e-06 96 8490.75
71.0292 226529 1.55974e-06 48 8656.69
71.9341 434750 2.88188e-06 24 8991.76
72.3823 238857 1.55411e-06 102 9160.88
72.8277 77208.3 4.93189e-07 48 9331.05
73.2705 168961 1.05984e-06 72 9502.26
73.7105 169074 1.04166e-06 48 9674.51
74.148 274759 1.663e-06 48 9847.78
74.5829 217726 1.29489e-06 120 10022.1
75.4451 227085 1.30477e-06 24 10373.7
75.8726 209771 1.18503e-06 144 10551
76.2976 249866 1.38808e-06 120 10729.4
76.7203 165193 9.0261e-07 48 10908.7
77.5588 230362 1.21831e-06 48 11270.3
77.9747 162978 8.4822e-07 96 11452.5
78.7999 139009 7.0098e-07 24 11820
79.2092 242620 1.20459e-06 48 12005.1
79.6165 248908 1.21694e-06 108 12191.3
80.0216 208526 1.0041e-06 72 12378.3
80.4248 229797 1.08997e-06 30 12566.4
80.8259 192751 9.0071e-07 168 12755.3
81.225 186595 8.5915e-07 48 12945.2
82.0175 198412 8.87336e-07 72 13327.8
82.4109 192827 8.50069e-07 96 13520.5
82.8024 162472 7.06137e-07 72 13714.1
83.192 171980 7.37008e-07 72 13908.7
83.5799 199143 8.41589e-07 32 14104.1
83.9659 202202 8.42784e-07 72 14300.4
84.3502 199778 8.21351e-07 144 14497.7
85.4927 169126 6.67825e-07 96 15094.8
85.8702 209438 8.16145e-07 96 15295.6
86.246 164026 6.30864e-07 48 15497.3
86.6201 185839 7.05539e-07 72 15699.9
86.9927 222916 8.35474e-07 120 15903.4
87.3637 131587 4.86921e-07 72 16107.7
88.1009 198928 7.17786e-07 48 16518.9
88.4672 169840 6.05247e-07 78 16725.8
88.8321 141749 4.98943e-07 120 16933.6
89.1954 171955 5.97898e-07 48 17142.2
89.9176 153301 5.20294e-07 144 17562
90.2766 180423 6.05071e-07 144 17773.2
90.9902 113298 3.71088e-07 12 18198
91.345 181841 5.88678e-07 144 18411.7
91.6983 189065 6.05015e-07 48 18626.2
92.0504 207457 6.56283e-07 120 18841.6
92.401 152359 4.76517e-07 48 19057.7
92.7504 125056 3.8672e-07 48 19274.7
93.0984 174299 5.32977e-07 168 19492.5
93.7906 192952 5.77048e-07 48 19930.5
94.1348 148464 4.39148e-07 96 20150.7
94.4777 172049 5.0339e-07 96 20371.8
94.8194 135296 3.9159e-07 72 20593.6
95.1599 174500 4.99659e-07 48 20816.2
95.4991 188887 5.3511e-07 96 21039.7
95.8372 227196 6.36851e-07 48 21263.9
96.5097 173713 4.76825e-07 30 21714.7
96.8442 165681 4.50082e-07 96 21941.3
97.1776 145402 3.90941e-07 192 22168.6
97.5099 150310 4.00019e-07 56 22396.8
97.841 153283 4.03806e-07 24 22625.7
98.1709 167592 4.37063e-07 168 22855.4
98.4998 199924 5.16177e-07 120 23085.9
99.1543 176353 4.46362e-07 72 23549.2
99.4799 163565 4.09942e-07 144 23781.9
99.8045 149839 3.7189e-07 96 24015.5
100.128 194173 4.77268e-07 96 24249.8
100.772 138486 3.33907e-07 72 24720.6
101.092 132518 3.1649e-07 96 24957.2
101.73 98416.4 2.30652e-07 24 25432.5
102.048 168485 3.91195e-07 192 25671.3
102.364 161155 3.70717e-07 108 25910.9
102.679 112547 2.56521e-07 24 26151.2
102.994 179098 4.04479e-07 96 26392.2
103.307 153230 3.42917e-07 96 26634
103.62 164092 3.63912e-07 120 26876.5
104.242 179504 3.91003e-07 48 27363.6
104.552 153629 3.31675e-07 78 27608.3
104.861 147226 3.15051e-07 144 27853.7
105.169 164809 3.49588e-07 120 28099.9
105.476 203737 4.28398e-07 24 28346.7
105.782 196921 4.10482e-07 168 28594.3
106.088 175218 3.62097e-07 144 28842.6
106.696 128366 2.60766e-07 24 29341.3
106.998 166102 3.34568e-07 48 29591.7
107.3 162383 3.24324e-07 96 29842.8
107.601 125543 2.48647e-07 120 30094.7
107.901 109634 2.15331e-07 72 30347.2
108.2 133812 2.60643e-07 120 30600.4
108.499 184302 3.56036e-07 144 30854.4
109.093 145662 2.76815e-07 48 31364.4
109.39 147100 2.77285e-07 192 31620.4
109.685 135610 2.53566e-07 144 31877.1
109.979 160944 2.98527e-07 48 32134.6
110.566 152666 2.78688e-07 192 32651.5
110.858 113373 2.05329e-07 48 32910.9
111.44 182468 3.25315e-07 8 33431.9
111.971 140797 2.47471e-07 288 33911.8
112.307 176780 3.0793e-07 96 34218.6
112.595 154550 2.6715e-07 54 34482.1
112.882 126435 2.1689e-07 120 34746.4
113.168 175398 2.98605e-07 120 35011.3
113.738 152335 2.55462e-07 84 35543.1
114.022 150052 2.49757e-07 144 35810
114.305 114241 1.8874e-07 72 36077.5
114.588 158751 2.60341e-07 96 36345.8
115.057 136945 2.21844e-07 144 36794.2
115.431 143756 2.30618e-07 240 37154.4
115.99 118009 1.8659e-07 24 37696.8
116.269 113603 1.78336e-07 240 37969
116.547 151649 2.36364e-07 96 38241.8
116.962 114579 1.76689e-07 144 38652.1
117.376 125342 1.91248e-07 96 39064.2
117.651 134149 2.03253e-07 72 39339.7
118.2 127759 1.90889e-07 96 39892.4
118.473 112244 1.6655e-07 96 40169.8
118.867 130671 1.91973e-07 216 40571.4
119.56 136713 1.97374e-07 192 41285.6
119.83 132972 1.90678e-07 144 41566.1
120.369 91695.2 1.29731e-07 48 42129.1
120.637 105206 1.47856e-07 150 42411.5
120.905 113501 1.58456e-07 96 42694.6
121.172 131187 1.81937e-07 120 42978.2
121.629 126559 1.7355e-07 168 43465.9
121.97 123422 1.6783e-07 240 43833
122.499 76953.9 1.03292e-07 24 44406
122.921 109873 1.45966e-07 360 44866
123.289 132101 1.7393e-07 48 45270.1
123.551 119758 1.56677e-07 72 45559.4
123.917 107096 1.38875e-07 240 45965.2
124.977 130862 1.65412e-07 276 47154.8
125.37 118600 1.48507e-07 104 47601.4
125.628 113823 1.41649e-07 72 47895.5
126.003 130958 1.61521e-07 312 48326.3
126.653 116282 1.41223e-07 96 49078.1
127.035 135116 1.62619e-07 288 49523.8
127.417 124659 1.4869e-07 168 49971.3
127.923 109468 1.29025e-07 48 50569.7
128.176 120000 1.40605e-07 192 50869.8
128.68 76523.1 8.86141e-08 6 51471.9
128.931 112511 1.29528e-07 192 51773.7
129.181 135900 1.55546e-07 96 52076.2
129.556 129181 1.46577e-07 192 52530.9
129.93 123512 1.38937e-07 216 52987.2
130.179 118083 1.32071e-07 72 53292
130.675 136876 1.51353e-07 96 53903.3
131.098 122790 1.34466e-07 336 54429.1
131.415 101716 1.10585e-07 48 54824.8
131.886 138509 1.48978e-07 288 55416.1
132.151 144976 1.54996e-07 192 55751.4
132.64 165521 1.75013e-07 48 56372
132.884 142487 1.49831e-07 96 56683.1
133.237 129563 1.3516e-07 264 57136.6
133.612 126020 1.3036e-07 96 57620
134.022 141151 1.44675e-07 240 58153.1
134.776 140526 1.41629e-07 288 59140.1
135.056 131890 1.32101e-07 96 59509.1
135.295 168355 1.67733e-07 72 59825.9
135.875 138204 1.35939e-07 336 60597.5
136.66 121188 1.17158e-07 138 61654.9
136.958 133865 1.2857e-07 240 62059.3
137.273 132144 1.26047e-07 144 62487.7
137.768 138872 1.31042e-07 384 63165.9
138.512 139450 1.29479e-07 312 64194.7
138.835 178731 1.64796e-07 72 64644.9
139.12 130420 1.19513e-07 248 65044.1
139.671 140942 1.27634e-07 240 65819.7
140.225 107981 9.66289e-08 24 66607.1
140.456 141476 1.2598e-07 192 66936
140.739 155899 1.37988e-07 312 67341.5
141.282 160103 1.4008e-07 240 68124.4
141.602 155917 1.35495e-07 96 68588.7
142.058 110488 9.50938e-08 48 69253.5
142.46 128948 1.10047e-07 408 69841.8
142.74 146145 1.23991e-07 144 70254.8
143.192 117002 9.8327e-08 120 70924.9
143.418 138712 1.16023e-07 144 71260.8
144.072 117692 9.7106e-08 264 72240.8
144.429 119859 9.8163e-08 192 72778.6
144.765 129037 1.04947e-07 102 73287.1
145.124 128698 1.03895e-07 432 73834.3
145.655 103741 8.2834e-08 48 74648.4
145.933 138457 1.09925e-07 384 75075.5
146.43 123534 9.70808e-08 144 75846.3
146.882 147771 1.15061e-07 264 76549.4
147.567 142407 1.09346e-07 144 77626.4
147.956 132926 1.01263e-07 324 78242.1
148.487 135819 1.02362e-07 384 79086.5
148.731 136313 1.02227e-07 216 79478.4
149.262 114128 8.46807e-08 216 80331.9
149.707 144570 1.06315e-07 240 81052.1
150.246 114890 8.35826e-08 168 81931
150.461 125118 9.06331e-08 240 82283.3
151.081 111920 8.00795e-08 216 83304.1
151.389 121318 8.62733e-08 288 83816.1
151.83 135017 9.51812e-08 240 84550.4
152.171 127360 8.91826e-08 72 85120.5
152.704 123595 8.5643e-08 246 86018
153.087 120493 8.28676e-08 320 86667.6
153.616 139165 9.47239e-08 288 87569.2
153.862 149120 1.01015e-07 144 87989.6
154.491 133149 8.90982e-08 288 89073.7
154.819 132546 8.81308e-08 336 89643.2
155.266 114086 7.52038e-08 168 90421.9
155.534 121452 7.96466e-08 336 90890.2
156.088 126651 8.21758e-08 288 91864
156.42 136995 8.83218e-08 264 92452.1
156.983 128511 8.19642e-08 240 93453.9
157.189 149557 9.50128e-08 96 93822
157.764 132710 8.33916e-08 120 94855.4
158.118 121290 7.57046e-08 408 95495.4
158.708 128969 7.96025e-08 456 96569.2
159.233 143671 8.78034e-08 108 97530.2
159.528 128219 7.79261e-08 264 98073.4
159.896 133320 8.04673e-08 264 98754
160.4 137718 8.23409e-08 312 99691.1
161.028 134118 7.92541e-08 270 100866
161.291 142977 8.40763e-08 240 101361
161.764 140520 8.19088e-08 384 102256
162.051 137856 7.99294e-08 192 102801
162.715 166686 9.54674e-08 432 104070
163.046 129580 7.37641e-08 144 104706
163.541 146765 8.27902e-08 480 105663
164.166 165408 9.22452e-08 216 106879
164.565 136569 7.56103e-08 312 107659
164.931 159295 8.76066e-08 216 108379
165.36 136742 7.4619e-08 192 109228
165.89 159895 8.64201e-08 624 110281
166.306 176826 9.4855e-08 120 111113
166.661 132131 7.0427e-08 336 111827
167.318 141565 7.45708e-08 176 113153
167.594 134206 7.0345e-08 384 113715
168.136 161978 8.40847e-08 408 114820
168.7 157264 8.08204e-08 144 115982
169.024 149181 7.62269e-08 486 116651
169.656 141723 7.16097e-08 96 117964
169.847 151321 7.62021e-08 384 118362
170.514 166403 8.28171e-08 492 119763
170.985 149972 7.40242e-08 384 120758
171.363 191885 9.40865e-08 168 121561
172.009 168177 8.15365e-08 504 122940
172.342 169126 8.15228e-08 240 123655
172.719 159518 7.63891e-08 456 124468
173.376 147411 6.97914e-08 264 125895
173.811 176433 8.29064e-08 384 126844
174.274 172835 8.05696e-08 432 127862
174.851 166133 7.66821e-08 216 129134
175.159 149744 6.87537e-08 360 129818
175.707 174509 7.93761e-08 312 131041
176.349 164740 7.41178e-08 240 132482
176.68 182155 8.14929e-08 414 133230
177.22 169566 7.51687e-08 552 134456
177.785 155792 6.84065e-08 360 135746
178.159 180094 7.85809e-08 432 136604
178.699 168363 7.27985e-08 480 137849
179.295 188008 8.04843e-08 288 139234
179.683 165149 7.02418e-08 312 140139
180.099 189695 8.0124e-08 360 141115
180.792 175955 7.34692e-08 576 142750
181.367 182565 7.55066e-08 464 144116
181.625 171915 7.07991e-08 192 144732
182.239 177531 7.23754e-08 396 146205
182.69 188406 7.62416e-08 432 147294
183.114 185009 7.43476e-08 240 148322
183.674 186420 7.4231e-08 624 149688
184.285 177683 7.00515e-08 504 151185
184.935 159131 6.20783e-08 198 152790
185.242 168207 6.52924e-08 600 153554
185.784 181898 6.99912e-08 384 154904
186.351 192500 7.33964e-08 432 156328
186.841 166618 6.30302e-08 336 157563
187.285 190425 7.15242e-08 336 158691
187.853 212947 7.92598e-08 744 160139
188.461 212440 7.83089e-08 624 161698
189.041 163688 5.97845e-08 192 163195
189.392 200545 7.28391e-08 432 164107
189.907 183954 6.62719e-08 504 165448
190.514 192246 6.85992e-08 336 167040
190.971 199137 7.05484e-08 456 168246
191.376 199043 7.00685e-08 408 169319
191.948 176179 6.14677e-08 696 170839
192.6 188527 6.51094e-08 384 172588
193.275 232019 7.92929e-08 330 174409
193.727 219172 7.43797e-08 624 175635
194.189 193768 6.52907e-08 384 176893
194.686 203216 6.79508e-08 728 178256
195.277 222084 7.35868e-08 432 179886
195.932 219880 7.21284e-08 696 181702
196.361 189986 6.19149e-08 408 182897
197.017 217927 7.03141e-08 456 184735
197.376 221770 7.11639e-08 408 185747
197.93 230593 7.33753e-08 528 187316
198.648 227557 7.1627e-08 576 189362
199.186 207617 6.48223e-08 672 190905
199.791 206251 6.38126e-08 384 192650
200.327 200738 6.16099e-08 600 194204
200.825 254746 7.76056e-08 294 195657
201.287 228450 6.91168e-08 600 197009
201.814 230297 6.91309e-08 768 198562
202.504 221995 6.59599e-08 648 200606
203.077 200989 5.9215e-08 408 202311
203.668 215250 6.28661e-08 552 204083
204.218 244486 7.08289e-08 648 205743
204.837 233356 6.69936e-08 348 207618
205.201 233447 6.66635e-08 744 208728
205.887 231753 6.5521e-08 672 210827
206.458 252790 7.08764e-08 456 212587
206.934 250518 6.97564e-08 600 214060
207.512 247101 6.82318e-08 744 215858
208.097 252247 6.90671e-08 288 217689
208.791 235961 6.39652e-08 704 219876
209.296 222597 5.99068e-08 678 221474
209.933 233694 6.23223e-08 648 223503
210.554 233974 6.18465e-08 648 225493
211.142 245995 6.44821e-08 696 227388
211.654 237972 6.19278e-08 696 229045
212.374 224862 5.79234e-08 552 231389
212.884 243864 6.23679e-08 840 233060
213.609 259013 6.55696e-08 600 235451
214.158 271651 6.82417e-08 696 237269
214.794 248260 6.18132e-08 672 239389
215.306 260842 6.44831e-08 552 241108
216 262305 6.42226e-08 492 243444
216.542 251684 6.11606e-08 840 245282
217.147 243987 5.87958e-08 606 247344
217.726 253279 6.05488e-08 936 249329
218.389 253514 6.00551e-08 528 251612
218.855 229168 5.39415e-08 696 253228
219.555 270948 6.31677e-08 648 255665
220.075 249232 5.76939e-08 936 257486
220.784 282738 6.48218e-08 384 259982
221.192 262789 5.99151e-08 864 261427
221.916 285847 6.45366e-08 768 264002
222.523 235797 5.28022e-08 528 266174
223.149 265079 5.88616e-08 776 268425
223.759 268245 5.90782e-08 960 270635
224.376 253434 5.53576e-08 696 272877
224.869 285711 6.19978e-08 582 274682
225.664 267711 5.74803e-08 1008 277605
226.234 269053 5.73326e-08 408 279715
226.796 284618 6.02003e-08 960 281802
227.531 301319 6.31164e-08 852 284554
228.14 290185 6.02987e-08 912 286845
228.844 285163 5.87106e-08 1032 289505
229.334 304622 6.23156e-08 384 291370
230.052 318756 6.45985e-08 864 294114
230.602 282460 5.68338e-08 840 296231
231.238 295271 5.89228e-08 912 298688
232.023 284301 5.616e-08 792 301739
232.609 290266 5.69056e-08 744 304033
233.328 321653 6.2478e-08 726 306860
233.873 314896 6.07385e-08 984 309018
234.491 289050 5.53139e-08 912 311472
235.174 333971 6.3355e-08 1104 314201
235.838 308656 5.80593e-08 744 316872
236.64 332891 6.19835e-08 968 320115
237.102 324495 6.00678e-08 672 321993
237.764 303581 5.57286e-08 984 324696
238.52 344122 6.25716e-08 840 327805
239.12 320741 5.78826e-08 1092 330284
239.888 345463 6.17472e-08 840 333476
240.424 359762 6.38738e-08 720 335717
241.164 302870 5.32792e-08 1110 338827
241.846 318998 5.5643e-08 1056 341710
242.467 347776 6.0198e-08 888 344348
243.171 341323 5.85694e-08 936 347356
243.815 355137 6.04584e-08 912 350122
244.525 363683 6.13756e-08 1104 353190
245.217 319835 5.35194e-08 912 356200
245.869 361259 5.99715e-08 1104 359049
246.608 335277 5.51595e-08 1128 362296
247.294 363790 5.93541e-08 768 365326
247.85 364972 5.91466e-08 888 367798
248.519 365174 5.8703e-08 1224 370783
249.45 352474 5.60298e-08 750 374963
249.899 371651 5.876e-08 1092 376994
250.695 368526 5.77125e-08 1472 380609
251.481 380165 5.89788e-08 792 384199
252.08 366212 5.64102e-08 1080 386951
252.799 395235 6.0363e-08 1584 390269
253.532 364255 5.51503e-08 624 393675
254.2 388564 5.83677e-08 1248 396798
254.861 390280 5.8171e-08 888 399899
255.614 414514 6.12387e-08 912 403454
256.265 401171 5.88165e-08 1368 406547
256.953 424406 6.17249e-08 966 409828
257.704 409069 5.89753e-08 1536 413434
258.54 413381 5.90213e-08 1152 417467
259.243 420036 5.94846e-08 1008 420884
259.932 418626 5.88148e-08 1248 424248
260.541 432644 6.0359e-08 1056 427237
261.264 427860 5.91972e-08 1188 430805
262.042 463271 6.35275e-08 1152 434663
262.821 438799 5.96385e-08 1560 438550
263.607 426027 5.73862e-08 1128 442496
264.241 442006 5.91106e-08 1152 445700
264.937 470313 6.24019e-08 920 449230
265.674 471822 6.20827e-08 1470 452989
266.462 460884 6.0107e-08 1200 457032
267.211 478815 6.1922e-08 1440 460896
267.851 475575 6.10629e-08 1224 464218
268.643 452300 5.75628e-08 1296 468344
269.491 481198 6.06642e-08 1560 472794
270.234 476059 5.95223e-08 1272 476717
270.856 488871 6.07041e-08 1080 480017
271.599 504531 6.21357e-08 1368 483980
272.391 508964 6.21367e-08 1248 488225
273.221 491336 5.94399e-08 1194 492698
273.902 492241 5.91059e-08 1752 496394
274.742 499225 5.93965e-08 1392 500974
275.414 492970 5.8224e-08 1440 504660
276.257 540637 6.32713e-08 1488 509306
277.053 540102 6.26656e-08 1248 513721
277.725 519388 5.98258e-08 1512 517468
278.494 520698 5.94809e-08 1112 521781
279.334 520478 5.8921e-08 1848 526517
280.018 528794 5.94247e-08 1224 530396
280.822 535285 5.96395e-08 1536 534973
281.662 565060 6.23952e-08 1638 539788
282.432 565339 6.19167e-08 1392 544228
283.2 602565 6.54585e-08 1632 548679
284.096 553948 5.96092e-08 1452 553906
284.778 582157 6.21959e-08 1680 557903
285.519 560563 5.94238e-08 1320 562269
286.288 563372 5.92412e-08 1752 566828
287.181 595095 6.19952e-08 1776 572149
288.046 564941 5.83251e-08 1104 577335
288.664 555288 5.69616e-08 1728 581054
289.525 623005 6.33391e-08 1446 586273
290.308 657779 6.63346e-08 1920 591043
291.216 574675 5.74135e-08 1896 596607
291.958 605290 6.00125e-08 1176 601176
292.671 616643 6.06925e-08 1856 605591
293.489 616211 6.01441e-08 1896 610684
294.361 605674 5.85917e-08 1464 616145
295.283 617573 5.91851e-08 1968 621951
296.06 618146 5.87747e-08 1548 626876
296.89 654094 6.16724e-08 1944 632163
297.701 659647 6.16893e-08 1470 637355
298.52 655504 6.0799e-08 1920 642627
299.349 624155 5.74113e-08 2184 648000
300.237 665904 6.07096e-08 1464 653785
300.944 638660 5.78165e-08 1608 658413
301.799 655015 5.87947e-08 1944 664038
302.665 666495 5.93129e-08 1872 669773
303.492 681105 6.01188e-08 2256 675280
304.337 681784 5.96792e-08 1632 680932
305.241 742791 6.4443e-08 1542 687023
306.043 712616 6.13406e-08 2216 692449
306.919 687997 5.87156e-08 2052 698414
307.758 718707 6.08366e-08 1680 704153
308.566 720359 6.04985e-08 2280 709716
309.463 725027 6.03628e-08 1968 715920
310.346 716353 5.9133e-08 2016 722066
311.163 748205 6.12768e-08 1968 727787
312.111 716832 5.8174e-08 1920 734460
313.019 754168 6.06733e-08 2400 740885
313.95 743050 5.92485e-08 1974 747516
314.65 744606 5.89768e-08 1944 752532
315.544 789549 6.20066e-08 1920 758963
316.375 778876 6.06876e-08 2280 764977
317.216 751303 5.8075e-08 1968 771092
318.134 807458 6.18771e-08 2220 777804
319.043 778737 5.91673e-08 2352 784494
319.967 841854 6.34106e-08 1968 791325
320.822 815387 6.09269e-08 2504 797691
321.782 837681 6.20344e-08 2118 804870
322.658 832237 6.11309e-08 2352 811458
323.544 852260 6.20887e-08 2136 818163
324.413 821692 5.93818e-08 2112 824776
325.282 867740 6.22087e-08 2472 831416
326.174 901709 6.41146e-08 2376 838281
327.078 851064 6.00132e-08 2304 845270
328.053 909693 6.35772e-08 2448 852852
328.955 878945 6.09247e-08 2280 859902
329.961 847460 5.82063e-08 2466 867820
330.774 905404 6.17289e-08 2256 874246
331.661 942297 6.37299e-08 2472 881301
332.581 884287 5.93119e-08 2856 888652
333.504 914686 6.08428e-08 2112 896072
334.499 913348 6.0213e-08 2720 904119
335.416 891873 5.83162e-08 2136 911577
336.226 917160 5.95377e-08 2736 918191
337.22 928592 5.9748e-08 2376 926365
338.215 948944 6.05204e-08 3126 934586
339.243 930009 5.87753e-08 2568 943132
339.994 939161 5.89612e-08 2112 949411
340.955 953994 5.93875e-08 2748 957482
341.947 1.0002e+06 6.1723e-08 2928 965869
342.851 959476 5.87434e-08 2640 973544
343.881 954416 5.79101e-08 2856 982343
344.792 1.01644e+06 6.11856e-08 2352 990177
345.768 1.0072e+06 6.01179e-08 2910 998604
346.696 956220 5.66176e-08 2784 1.00667e+06
347.696 991244 5.81863e-08 2952 1.01541e+06
348.648 1.04811e+06 6.10214e-08 2696 1.02377e+06
349.573 1.02748e+06 5.93471e-08 3264 1.03194e+06
350.572 982506 5.62655e-08 2472 1.04081e+06
351.541 1.0222e+06 5.8056e-08 3024 1.04946e+06
352.612 1.05067e+06 5.91309e-08 2964 1.05909e+06
353.557 1.08032e+06 6.03138e-08 2910 1.06762e+06
354.497 1.06283e+06 5.88659e-08 2880 1.07617e+06
355.414 1.04844e+06 5.76205e-08 3216 1.08454e+06
356.53 1.11298e+06 6.05955e-08 3096 1.09478e+06
357.43 1.11044e+06 6.00014e-08 2880 1.1031e+06
358.434 1.10719e+06 5.93248e-08 2904 1.11242e+06
359.44 1.13026e+06 6.00535e-08 3504 1.12181e+06
360.458 1.11775e+06 5.88872e-08 3168 1.13137e+06
361.559 1.09979e+06 5.74134e-08 3054 1.14176e+06
362.446 1.16013e+06 6.01194e-08 3032 1.15019e+06
363.444 1.2019e+06 6.17729e-08 3000 1.15972e+06
364.47 1.18802e+06 6.05449e-08 3780 1.16957e+06
365.549 1.1992e+06 6.05749e-08 3504 1.17999e+06
366.568 1.20036e+06 6.01295e-08 2904 1.18988e+06
367.533 1.19244e+06 5.92634e-08 3336 1.1993e+06
368.538 1.27012e+06 6.26088e-08 3144 1.20917e+06
369.551 1.25597e+06 6.14039e-08 3414 1.21917e+06
370.659 1.22721e+06 5.94609e-08 3552 1.23017e+06
371.545 1.22172e+06 5.8773e-08 2928 1.23901e+06
372.509 1.24902e+06 5.96211e-08 3840 1.24868e+06
373.613 1.28404e+06 6.07504e-08 3312 1.25982e+06
374.63 1.29728e+06 6.08786e-08 3432 1.27013e+06
375.674 1.28841e+06 5.99597e-08 3596 1.28078e+06
376.812 1.24662e+06 5.74909e-08 4224 1.29245e+06
377.946 1.32663e+06 6.06316e-08 3294 1.30416e+06
378.905 1.29003e+06 5.85124e-08 3792 1.31411e+06
379.935 1.3615e+06 6.12533e-08 3528 1.32486e+06
381.122 1.40085e+06 6.24366e-08 3984 1.33731e+06
382.114 1.38098e+06 6.1073e-08 3768 1.34778e+06
383.151 1.37853e+06 6.04707e-08 3672 1.35878e+06
384.18 1.3926e+06 6.05981e-08 3384 1.36977e+06
385.199 1.41789e+06 6.12106e-08 3648 1.38069e+06
386.32 1.42785e+06 6.11056e-08 4098 1.39277e+06
387.377 1.35219e+06 5.73956e-08 4008 1.40424e+06
388.485 1.49728e+06 6.30114e-08 4032 1.41633e+06
389.498 1.44081e+06 6.01632e-08 3800 1.42743e+06
390.569 1.48338e+06 6.14325e-08 3816 1.43924e+06
391.7 1.48326e+06 6.0897e-08 4248 1.45178e+06
392.769 1.47391e+06 6.00208e-08 3720 1.46369e+06
393.856 1.47019e+06 5.93749e-08 4254 1.47588e+06
394.945 1.49156e+06 5.97408e-08 4224 1.48816e+06
396.062 1.51471e+06 6.01558e-08 4368 1.50083e+06
397.195 1.47353e+06 5.80212e-08 4104 1.51374e+06
398.311 1.53057e+06 5.97619e-08 4500 1.52654e+06
399.391 1.50479e+06 5.82802e-08 3480 1.53898e+06
400.481 1.53072e+06 5.8802e-08 5328 1.55162e+06
401.634 1.52594e+06 5.81146e-08 3342 1.56506e+06
402.677 1.60039e+06 6.04777e-08 4800 1.57729e+06
403.868 1.58186e+06 5.92504e-08 4184 1.59132e+06
404.934 1.57017e+06 5.83494e-08 5064 1.60395e+06
406.082 1.64749e+06 6.07044e-08 4032 1.61764e+06
407.201 1.62977e+06 5.9558e-08 4632 1.63105e+06
408.351 1.67177e+06 6.05779e-08 4680 1.64491e+06
409.484 1.69484e+06 6.09053e-08 3924 1.65864e+06
410.59 1.68743e+06 6.01507e-08 5166 1.67211e+06
411.726 1.691e+06 5.97804e-08 4800 1.68603e+06
412.901 1.65561e+06 5.80308e-08 4560 1.70051e+06
414.001 1.75571e+06 6.10501e-08 4584 1.71414e+06
415.151 1.75146e+06 6.03977e-08 4848 1.72846e+06
416.249 1.70762e+06 5.84213e-08 4560 1.74221e+06
417.535 1.77744e+06 6.025e-08 5600 1.7584e+06
418.686 1.80529e+06 6.06909e-08 4686 1.77298e+06
419.855 1.77674e+06 5.92333e-08 5016 1.78788e+06
421.054 1.7646e+06 5.83274e-08 4956 1.80324e+06
422.113 1.86157e+06 6.10706e-08 4872 1.81688e+06
423.328 1.8588e+06 6.04564e-08 5376 1.83261e+06
424.545 1.89349e+06 6.10563e-08 5088 1.84847e+06
425.69 1.95279e+06 6.24618e-08 4710 1.86347e+06
426.835 1.89111e+06 6.00037e-08 4848 1.87854e+06
427.985 1.93419e+06 6.08771e-08 5976 1.89376e+06
429.2 1.90826e+06 5.95524e-08 5208 1.90993e+06
430.405 1.8684e+06 5.78201e-08 5352 1.92607e+06
431.6 2.00746e+06 6.16085e-08 4820 1.94216e+06
432.743 1.98202e+06 6.03472e-08 5760 1.95763e+06
433.954 1.96182e+06 5.92335e-08 5166 1.97412e+06
435.188 1.92549e+06 5.76433e-08 6168 1.991e+06
436.422 2.08748e+06 6.19646e-08 5136 2.00798e+06
437.637 1.92737e+06 5.67364e-08 6240 2.02481e+06
438.922 1.9765e+06 5.76731e-08 5568 2.0427e+06
440.112 1.99346e+06 5.76976e-08 5712 2.05935e+06
441.308 2.02747e+06 5.82062e-08 5520 2.07618e+06
442.568 1.93873e+06 5.51844e-08 5670 2.09402e+06
443.761 2.05382e+06 5.79902e-08 6036 2.111e+06
445.017 2.05762e+06 5.76069e-08 6264 2.12898e+06
446.297 2.09257e+06 5.80828e-08 5912 2.14739e+06
447.472 2.04521e+06 5.63223e-08 5736 2.1644e+06
448.662 2.055e+06 5.6143e-08 5400 2.18171e+06
449.929 2.10735e+06 5.70879e-08 6342 2.20025e+06
451.219 2.10445e+06 5.65218e-08 7032 2.21924e+06
452.483 2.14262e+06 5.70664e-08 5448 2.23793e+06
453.686 2.1419e+06 5.65945e-08 6528 2.25582e+06
455.01 2.23385e+06 5.85103e-08 6468 2.27563e+06
456.302 2.28123e+06 5.92451e-08 6528 2.29507e+06
457.487 2.23079e+06 5.7486e-08 5568 2.313e+06
458.712 2.31739e+06 5.92405e-08 6798 2.33163e+06
460.09 2.28527e+06 5.7896e-08 6560 2.35271e+06
461.321 2.33339e+06 5.86431e-08 6888 2.37165e+06
462.613 2.42406e+06 6.04129e-08 6624 2.39163e+06
463.886 2.41627e+06 5.97245e-08 6288 2.41142e+06
465.161 2.42813e+06 5.95255e-08 6960 2.43136e+06
466.517 2.52669e+06 6.1403e-08 6570 2.45269e+06
467.702 2.41682e+06 5.82875e-08 6600 2.47144e+06
469.04 2.50918e+06 5.99986e-08 7776 2.4927e+06
470.459 2.48819e+06 5.896e-08 7248 2.51539e+06
471.78 2.53388e+06 5.95398e-08 6672 2.53664e+06
473.02 2.59501e+06 6.04979e-08 6704 2.5567e+06
474.279 2.66695e+06 6.16812e-08 6942 2.57717e+06
475.618 2.62766e+06 6.02607e-08 7656 2.59905e+06
476.939 2.68068e+06 6.0967e-08 7128 2.62077e+06
478.33 2.6428e+06 5.9583e-08 7908 2.64376e+06
479.632 2.71415e+06 6.06945e-08 6648 2.66541e+06
480.845 2.77994e+06 6.16964e-08 7320 2.68569e+06
482.277 2.76711e+06 6.08662e-08 7638 2.70975e+06
483.589 2.69677e+06 5.88375e-08 7416 2.73193e+06
484.867 2.75194e+06 5.95675e-08 7752 2.75365e+06
486.296 2.77154e+06 5.94648e-08 8448 2.77806e+06
487.682 2.67905e+06 5.69915e-08 7280 2.80189e+06
489.022 2.80395e+06 5.91597e-08 7668 2.82504e+06
490.366 2.72501e+06 5.70228e-08 8094 2.8484e+06
491.698 2.81049e+06 5.83345e-08 7656 2.87168e+06
493.062 2.8145e+06 5.79342e-08 8160 2.89565e+06
494.434 2.83283e+06 5.78274e-08 8472 2.91989e+06
495.863 2.84246e+06 5.7524e-08 7896 2.94527e+06
497.177 2.84757e+06 5.71719e-08 8088 2.96874e+06
498.568 2.94158e+06 5.85662e-08 8286 2.99373e+06
499.992 2.99667e+06 5.91548e-08 8676 3.01946e+06
501.353 2.95521e+06 5.78626e-08 8120 3.04418e+06
502.724 2.92715e+06 5.68455e-08 9024 3.06923e+06
504.146 3.02646e+06 5.82781e-08 8160 3.09535e+06
505.492 3.07215e+06 5.86867e-08 7944 3.1202e+06
506.883 3.03525e+06 5.75056e-08 8982 3.14604e+06
508.301 3.14351e+06 5.90596e-08 9528 3.17252e+06
509.763 3.17468e+06 5.91337e-08 8832 3.19996e+06
511.225 3.18165e+06 5.87565e-08 8916 3.22757e+06
512.624 3.10677e+06 5.6905e-08 9240 3.25415e+06
514.037 3.18592e+06 5.78751e-08 8502 3.28113e+06
515.448 3.34363e+06 6.02427e-08 9416 3.30822e+06
516.848 3.23236e+06 5.77657e-08 8976 3.33526e+06
518.29 3.30815e+06 5.86283e-08 9432 3.36324e+06
519.73 3.2829e+06 5.76984e-08 9864 3.39137e+06
521.211 3.45282e+06 6.0169e-08 9024 3.42044e+06
522.661 3.38772e+06 5.85447e-08 9762 3.44906e+06
524.084 3.49451e+06 5.98996e-08 9264 3.4773e+06
525.512 3.37464e+06 5.73747e-08 10056 3.5058e+06
526.971 3.53543e+06 5.96104e-08 9936 3.53509e+06
528.52 3.64556e+06 6.09282e-08 9624 3.56636e+06
529.893 3.48893e+06 5.78584e-08 9752 3.59423e+06
531.395 3.54901e+06 5.83573e-08 10446 3.62487e+06
532.886 3.60383e+06 5.87626e-08 10056 3.65547e+06
534.33 3.63802e+06 5.88406e-08 9876 3.68526e+06
535.856 3.7025e+06 5.93733e-08 11160 3.71693e+06
537.351 3.69564e+06 5.877e-08 10128 3.74812e+06
538.857 3.69893e+06 5.83306e-08 9726 3.77972e+06
540.292 3.77286e+06 5.90237e-08 11112 3.81e+06
541.829 3.91486e+06 6.07254e-08 10776 3.84261e+06
543.283 3.86792e+06 5.95167e-08 10232 3.87363e+06
544.797 3.87117e+06 5.90715e-08 11184 3.90611e+06
546.395 3.99086e+06 6.0365e-08 11058 3.94059e+06
547.918 3.96267e+06 5.94404e-08 11472 3.97362e+06
549.394 3.98525e+06 5.92986e-08 10464 4.00582e+06
550.856 4.12496e+06 6.08897e-08 10584 4.0379e+06
552.438 4.08668e+06 5.98082e-08 12504 4.07277e+06
553.995 4.1117e+06 5.96683e-08 10560 4.10732e+06
555.487 4.23431e+06 6.09538e-08 11694 4.14058e+06
557.062 4.23584e+06 6.04601e-08 11420 4.17591e+06
558.601 4.25542e+06 6.0239e-08 12504 4.21061e+06
560.134 4.26584e+06 5.9892e-08 10800 4.24538e+06
561.718 4.39247e+06 6.11496e-08 12456 4.28149e+06
563.318 4.28834e+06 5.91928e-08 12030 4.31818e+06
564.827 4.32945e+06 5.92825e-08 11232 4.35297e+06
566.351 4.30846e+06 5.852e-08 13176 4.38832e+06
567.977 4.45883e+06 6.00439e-08 11196 4.42621e+06
569.488 4.42606e+06 5.91294e-08 12720 4.46163e+06
571.076 4.44035e+06 5.88269e-08 11918 4.49906e+06
572.644 4.54574e+06 5.97297e-08 13392 4.53622e+06
574.302 4.54218e+06 5.91674e-08 12600 4.57575e+06
575.906 4.67344e+06 6.037e-08 13200 4.61419e+06
577.52 4.71567e+06 6.04062e-08 12864 4.65309e+06
579.111 4.76056e+06 6.04801e-08 12270 4.69165e+06
580.695 4.75165e+06 5.98741e-08 13668 4.73027e+06
582.31 4.82977e+06 6.03537e-08 13200 4.76983e+06
583.929 4.86797e+06 6.03264e-08 13416 4.80973e+06
585.558 4.94058e+06 6.07167e-08 12992 4.85009e+06
587.186 4.99613e+06 6.089e-08 13806 4.89067e+06
588.791 4.96736e+06 6.00456e-08 13800 4.93088e+06
590.416 5.00128e+06 5.99581e-08 13056 4.9718e+06
592.022 5.01565e+06 5.96421e-08 14364 5.0125e+06
593.668 5.14438e+06 6.06655e-08 13248 5.05442e+06
595.325 5.1876e+06 6.06658e-08 15054 5.09686e+06
597.026 5.13135e+06 5.94966e-08 13680 5.14066e+06
598.633 5.16447e+06 5.93998e-08 15152 5.18229e+06
600.356 5.32283e+06 6.06954e-08 14376 5.22718e+06
601.981 5.30875e+06 6.00458e-08 13932 5.26974e+06
603.668 5.24058e+06 5.87794e-08 14910 5.31416e+06
605.328 5.41381e+06 6.0224e-08 15648 5.35813e+06
606.992 5.49972e+06 6.06781e-08 13680 5.40243e+06
608.681 5.54525e+06 6.06725e-08 15816 5.44765e+06
610.385 5.53103e+06 6.00114e-08 15030 5.49353e+06
612.048 5.45441e+06 5.86991e-08 15104 5.53856e+06
613.806 5.60742e+06 5.98286e-08 16548 5.58642e+06
615.522 5.65377e+06 5.98201e-08 15360 5.63341e+06
617.228 5.74932e+06 6.0328e-08 15768 5.68038e+06
618.905 5.73119e+06 5.96504e-08 14622 5.72679e+06
620.629 5.86195e+06 6.05043e-08 17568 5.77478e+06
622.429 5.81775e+06 5.95286e-08 16368 5.82518e+06
624.133 5.99266e+06 6.08174e-08 15960 5.87316e+06
625.863 6.14416e+06 6.18394e-08 15732 5.92212e+06
627.578 6.16251e+06 6.1517e-08 17006 5.97094e+06
629.313 6.14965e+06 6.08823e-08 16680 6.0206e+06
631.126 6.18784e+06 6.0734e-08 17712 6.07278e+06
632.844 6.25091e+06 6.08545e-08 15576 6.12253e+06
634.511 6.27963e+06 6.06536e-08 16974 6.17102e+06
636.325 6.28422e+06 6.01804e-08 17436 6.2241e+06
638.079 6.29836e+06 5.98198e-08 17952 6.27571e+06
639.88 6.46706e+06 6.09048e-08 17448 6.329e+06
641.626 6.39209e+06 5.97087e-08 17336 6.38095e+06
643.448 6.46211e+06 5.98515e-08 17958 6.43546e+06
645.236 6.52433e+06 5.99266e-08 19056 6.48927e+06
647.056 6.59767e+06 6.00903e-08 17304 6.54434e+06
648.81 6.76826e+06 6.11454e-08 18276 6.59772e+06
650.599 6.69328e+06 5.99706e-08 17838 6.65243e+06
652.365 6.89172e+06 6.12484e-08 18984 6.70676e+06
654.267 6.92155e+06 6.09788e-08 19616 6.76557e+06
656.049 7.05366e+06 6.16374e-08 18168 6.82103e+06
657.865 6.96435e+06 6.03545e-08 19320 6.87782e+06
659.743 7.0483e+06 6.05621e-08 19170 6.93687e+06
661.508 7.20389e+06 6.14047e-08 19008 6.99272e+06
663.358 7.1344e+06 6.03049e-08 20472 7.05156e+06
665.241 7.19342e+06 6.02891e-08 19128 7.11176e+06
667.07 7.26008e+06 6.03486e-08 19998 7.17057e+06
668.912 7.36428e+06 6.07104e-08 19808 7.23015e+06
670.766 7.42008e+06 6.06646e-08 20724 7.29042e+06
672.65 7.37325e+06 5.97766e-08 19896 7.35204e+06
674.456 7.57093e+06 6.08874e-08 20304 7.41143e+06
676.388 7.4197e+06 5.91614e-08 21030 7.4753e+06
678.233 7.6485e+06 6.04893e-08 21168 7.53664e+06
680.119 7.63951e+06 5.99171e-08 20736 7.59966e+06
682.025 7.71698e+06 6.00187e-08 21356 7.66375e+06
683.962 7.87129e+06 6.07001e-08 22206 7.72924e+06
685.85 7.74471e+06 5.92322e-08 21360 7.79341e+06
687.747 7.8436e+06 5.94934e-08 21456 7.85826e+06
689.624 7.9784e+06 6.00231e-08 21648 7.92278e+06
691.543 8.14918e+06 6.07991e-08 22326 7.98909e+06
693.471 8.00185e+06 5.92032e-08 22212 8.0561e+06
695.345 8.21283e+06 6.02742e-08 22128 8.1216e+06
697.259 8.29434e+06 6.03726e-08 22640 8.18884e+06
699.232 8.23766e+06 5.94539e-08 23022 8.25855e+06
701.21 8.44551e+06 6.04395e-08 24168 8.32885e+06
703.13 8.28298e+06 5.87922e-08 22416 8.39744e+06
705.104 8.5561e+06 6.02222e-08 23700 8.46836e+06
707.07 8.56273e+06 5.97674e-08 24222 8.53941e+06
709.022 8.35061e+06 5.78068e-08 22776 8.61032e+06
710.94 8.54138e+06 5.86501e-08 24296 8.68039e+06
712.937 8.71696e+06 5.93543e-08 24648 8.75373e+06
714.886 8.71585e+06 5.88626e-08 22926 8.82573e+06
716.842 8.80099e+06 5.89525e-08 25476 8.89836e+06
718.878 8.95797e+06 5.94955e-08 25608 8.9744e+06
720.869 9.04541e+06 5.95798e-08 24576 9.04918e+06
722.888 9.13614e+06 5.96746e-08 25134 9.12542e+06
724.881 9.29495e+06 6.02125e-08 25928 9.20111e+06
726.915 9.41866e+06 6.05032e-08 26136 9.27878e+06
728.95 9.43533e+06 6.0104e-08 25644 9.35694e+06
730.944 9.39161e+06 5.93373e-08 25926 9.43392e+06
732.99 9.59013e+06 6.00855e-08 26232 9.51339e+06
735.005 9.57975e+06 5.95283e-08 27216 9.59204e+06
737.068 9.68212e+06 5.96607e-08 26736 9.67303e+06
739.171 9.78433e+06 5.97773e-08 27698 9.75607e+06
741.196 9.88692e+06 5.99102e-08 26640 9.83649e+06
743.196 9.78947e+06 5.88423e-08 26880 9.9163e+06
745.316 9.96666e+06 5.93975e-08 29160 1.00014e+07
747.411 1.01896e+07 6.0217e-08 27318 1.0086e+07
749.444 1.00334e+07 5.88129e-08 27984 1.01685e+07
751.526 1.01748e+07 5.9147e-08 28364 1.02535e+07
753.575 1.04062e+07 5.99999e-08 28464 1.03376e+07
755.71 1.0476e+07 5.98921e-08 28974 1.04257e+07
757.777 1.05149e+07 5.96239e-08 28920 1.05115e+07
759.853 1.06274e+07 5.97691e-08 29640 1.05981e+07
761.991 1.06655e+07 5.94798e-08 28884 1.06878e+07
764.087 1.08661e+07 6.01013e-08 30558 1.07763e+07
766.255 1.08327e+07 5.94096e-08 30776 1.08683e+07
768.35 1.08739e+07 5.9149e-08 29040 1.09577e+07
770.454 1.09216e+07 5.89232e-08 30984 1.10479e+07
772.624 1.1095e+07 5.93557e-08 30930 1.11415e+07
774.804 1.11817e+07 5.9316e-08 32712 1.12361e+07
776.967 1.15437e+07 6.07262e-08 30528 1.13305e+07
779.078 1.14073e+07 5.95223e-08 30326 1.14231e+07
781.242 1.16605e+07 6.03395e-08 33624 1.15185e+07
783.447 1.17004e+07 6.00358e-08 31824 1.16164e+07
785.593 1.19551e+07 6.08417e-08 31860 1.1712e+07
787.805 1.18601e+07 5.98508e-08 33942 1.18113e+07
789.985 1.19301e+07 5.97074e-08 31848 1.19096e+07
792.132 1.20397e+07 5.97675e-08 33624 1.20069e+07
794.36 1.20299e+07 5.92172e-08 33512 1.21086e+07
796.562 1.21344e+07 5.92379e-08 33594 1.22095e+07
798.778 1.2323e+07 5.96594e-08 34944 1.23117e+07
800.997 1.23759e+07 5.9419e-08 33624 1.24146e+07
803.205 1.23516e+07 5.88146e-08 34710 1.25176e+07
805.416 1.26372e+07 5.96803e-08 34704 1.26212e+07
807.649 1.26165e+07 5.90892e-08 35468 1.27265e+07
809.907 1.26866e+07 5.89223e-08 36096 1.28335e+07
812.202 1.28945e+07 5.93816e-08 35958 1.29429e+07
814.448 1.30159e+07 5.9446e-08 36576 1.30506e+07
816.7 1.32141e+07 5.98536e-08 35976 1.31591e+07
818.955 1.33686e+07 6.00545e-08 36396 1.32685e+07
821.243 1.34086e+07 5.97322e-08 38030 1.338e+07
823.495 1.3608e+07 6.01243e-08 35784 1.34904e+07
825.764 1.36536e+07 5.983e-08 38712 1.36022e+07
828.102 1.35792e+07 5.90017e-08 38310 1.3718e+07
830.398 1.37121e+07 5.90862e-08 37596 1.38324e+07
832.649 1.37205e+07 5.86439e-08 39000 1.39453e+07
834.997 1.38727e+07 5.87959e-08 38552 1.40635e+07
837.325 1.38729e+07 5.83074e-08 40206 1.41815e+07
839.639 1.41383e+07 5.8933e-08 39072 1.42994e+07
842.006 1.41681e+07 5.85609e-08 41340 1.44207e+07
844.364 1.43555e+07 5.88394e-08 39342 1.45422e+07
846.654 1.45004e+07 5.89526e-08 40176 1.46608e+07
849.007 1.44876e+07 5.84118e-08 41768 1.47834e+07
851.36 1.49246e+07 5.96762e-08 40206 1.49067e+07
853.726 1.49816e+07 5.94074e-08 42300 1.50313e+07
856.093 1.51146e+07 5.94392e-08 42360 1.51567e+07
858.447 1.52827e+07 5.96074e-08 40488 1.5282e+07
860.825 1.55575e+07 6.01773e-08 44406 1.54094e+07
863.261 1.56323e+07 5.99564e-08 43076 1.55405e+07
865.619 1.58441e+07 6.02735e-08 42600 1.56683e+07
868.063 1.60419e+07 6.0512e-08 45486 1.58014e+07
870.51 1.60956e+07 6.02041e-08 43848 1.59353e+07
872.865 1.61604e+07 5.99587e-08 43248 1.6065e+07
875.268 1.62479e+07 5.97879e-08 44988 1.61981e+07
877.736 1.65168e+07 6.02661e-08 46454 1.63355e+07
880.173 1.66254e+07 6.01602e-08 44928 1.64719e+07
882.637 1.66703e+07 5.98186e-08 47256 1.66107e+07
885.084 1.69891e+07 6.04585e-08 45126 1.67492e+07
887.541 1.71155e+07 6.04038e-08 48084 1.68891e+07
889.995 1.72314e+07 6.03111e-08 46320 1.70295e+07
892.49 1.69955e+07 5.8988e-08 47894 1.71732e+07
894.921 1.74338e+07 6.00175e-08 47160 1.73139e+07
897.379 1.73313e+07 5.91756e-08 48228 1.74569e+07
899.935 1.76574e+07 5.97767e-08 50598 1.76066e+07
902.415 1.77166e+07 5.94842e-08 47328 1.77525e+07
904.896 1.78905e+07 5.95752e-08 50696 1.78993e+07
907.414 1.80465e+07 5.9596e-08 49344 1.80492e+07
909.974 1.84402e+07 6.03835e-08 51570 1.82023e+07
912.489 1.85063e+07 6.01002e-08 50832 1.83537e+07
915.021 1.87338e+07 6.03355e-08 50424 1.85069e+07
917.558 1.87719e+07 5.9958e-08 52686 1.86613e+07
920.103 1.89507e+07 6.00282e-08 51092 1.8817e+07
922.642 1.89948e+07 5.96725e-08 53376 1.89732e+07
925.222 1.92267e+07 5.98974e-08 52374 1.91328e+07
927.753 1.93177e+07 5.96895e-08 52848 1.92902e+07
930.333 1.9419e+07 5.95047e-08 55488 1.94516e+07
932.98 1.94608e+07 5.91265e-08 54098 1.96181e+07
935.507 1.97059e+07 5.93873e-08 53688 1.9778e+07
938.093 1.96319e+07 5.86765e-08 55296 1.99424e+07
940.702 2.01245e+07 5.96496e-08 56358 2.01093e+07
943.366 2.03161e+07 5.97091e-08 57468 2.02806e+07
945.983 2.07644e+07 6.05214e-08 56000 2.04499e+07
948.631 2.09519e+07 6.0558e-08 57774 2.06221e+07
951.26 2.13424e+07 6.11766e-08 57648 2.0794e+07
953.878 2.12356e+07 6.03705e-08 57480 2.09662e+07
956.53 2.13812e+07 6.02804e-08 58122 2.11415e+07
959.153 2.15876e+07 6.03642e-08 59208 2.13159e+07
961.832 2.1768e+07 6.03617e-08 60032 2.1495e+07
964.527 2.18916e+07 6.01969e-08 60366 2.16762e+07
967.205 2.20005e+07 5.99953e-08 60444 2.18573e+07
969.867 2.22812e+07 6.02619e-08 60912 2.20382e+07
972.575 2.26779e+07 6.08238e-08 61422 2.22234e+07
975.276 2.29e+07 6.09105e-08 63032 2.2409e+07
977.994 2.28957e+07 6.03927e-08 62052 2.25969e+07
980.718 2.31744e+07 6.06201e-08 64038 2.27863e+07
983.416 2.34118e+07 6.07383e-08 61632 2.29748e+07
986.1 2.35366e+07 6.0565e-08 64896 2.31634e+07
988.883 2.35936e+07 6.02005e-08 64874 2.33601e+07
991.584 2.3904e+07 6.04952e-08 64200 2.35521e+07
994.365 2.40542e+07 6.03661e-08 68016 2.37508e+07
997.161 2.42581e+07 6.03673e-08 65694 2.39517e+07
999.915 2.42963e+07 5.9964e-08 67212 2.41507e+07
1002.69 2.46052e+07 6.02242e-08 67088 2.4352e+07
1005.45 2.48488e+07 6.03196e-08 67182 2.45542e+07
1008.23 2.48627e+07 5.98554e-08 69768 2.47585e+07
1011.03 2.5165e+07 6.00815e-08 67524 2.49653e+07
1013.83 2.54631e+07 6.02917e-08 70758 2.5173e+07
1016.63 2.52137e+07 5.92083e-08 69488 2.53825e+07
1019.45 2.56411e+07 5.97141e-08 71640 2.5594e+07
1022.32 2.55931e+07 5.91018e-08 72042 2.58108e+07
1025.17 2.57969e+07 5.90776e-08 72960 2.60271e+07
1027.99 2.62351e+07 5.95871e-08 70422 2.62428e+07
1030.87 2.65326e+07 5.97594e-08 76784 2.64638e+07
1033.75 2.6643e+07 5.95073e-08 72348 2.66866e+07
1036.6 2.72843e+07 6.04397e-08 74094 2.69074e+07
1039.46 2.73525e+07 6.00921e-08 74976 2.71306e+07
1042.33 2.73931e+07 5.96851e-08 76200 2.73562e+07
1045.27 2.77377e+07 5.99281e-08 77114 2.7588e+07
1048.16 2.83037e+07 6.06463e-08 76872 2.78175e+07
1051.07 2.84891e+07 6.05378e-08 77784 2.80499e+07
1054 2.897e+07 6.10467e-08 78654 2.82857e+07
1056.92 2.93512e+07 6.13386e-08 79380 2.85215e+07
1059.85 2.94501e+07 6.10364e-08 79256 2.87593e+07
1062.8 2.9347e+07 6.03186e-08 80094 2.89996e+07
1065.71 2.97737e+07 6.06946e-08 80760 2.9239e+07
1068.71 2.97923e+07 6.02225e-08 83034 2.94866e+07
1071.7 3.0087e+07 6.03123e-08 82664 2.9734e+07
1074.65 3.02968e+07 6.02327e-08 81864 2.99808e+07
1077.61 3.04112e+07 5.99634e-08 83334 3.02293e+07
1080.61 3.10404e+07 6.06951e-08 85980 3.04827e+07
1083.62 3.06717e+07 5.94773e-08 84144 3.07374e+07
1086.64 3.1056e+07 5.97218e-08 86486 3.09951e+07
1089.63 3.15901e+07 6.02494e-08 86016 3.1252e+07
1092.68 3.14736e+07 5.95263e-08 88290 3.1515e+07
1095.71 3.22647e+07 6.05177e-08 87672 3.17779e+07
1098.73 3.21166e+07 5.97437e-08 88608 3.20418e+07
1101.78 3.26823e+07 6.02932e-08 88682 3.23091e+07
1104.83 3.30337e+07 6.04385e-08 91200 3.2578e+07
1107.94 3.32289e+07 6.02844e-08 92568 3.28542e+07
1111.03 3.34226e+07 6.01324e-08 91014 3.31293e+07
1114.1 3.36304e+07 6.00064e-08 92828 3.34053e+07
1117.19 3.3995e+07 6.0155e-08 93054 3.36839e+07
1120.26 3.41422e+07 5.99202e-08 92568 3.39624e+07
1123.37 3.46896e+07 6.03771e-08 96768 3.42458e+07
1126.53 3.48833e+07 6.02045e-08 95658 3.45357e+07
1129.64 3.48954e+07 5.97296e-08 96368 3.48224e+07
1132.81 3.55854e+07 6.04011e-08 98526 3.51162e+07
1135.92 3.56404e+07 5.99986e-08 95436 3.54064e+07
1139.06 3.61008e+07 6.02722e-08 101472 3.57009e+07
1142.26 3.66489e+07 6.06745e-08 98582 3.60027e+07
1145.38 3.66914e+07 6.02496e-08 99984 3.62987e+07
1148.57 3.72456e+07 6.06524e-08 101298 3.66022e+07
1151.78 3.75579e+07 6.06498e-08 104952 3.69107e+07
1154.98 3.80521e+07 6.09389e-08 100568 3.7219e+07
1158.18 3.82092e+07 6.06847e-08 105942 3.75291e+07
1161.42 3.84955e+07 6.0629e-08 104892 3.78451e+07
1164.62 3.87631e+07 6.0549e-08 103734 3.81585e+07
1167.82 3.93018e+07 6.08865e-08 107160 3.84744e+07
1171.09 3.93086e+07 6.03888e-08 108788 3.87982e+07
1174.34 3.98736e+07 6.07491e-08 107070 3.91224e+07
1177.6 4.01098e+07 6.06039e-08 110760 3.94484e+07
1180.88 4.04039e+07 6.05409e-08 109182 3.9779e+07
1184.16 4.08328e+07 6.06758e-08 112820 4.01119e+07
1187.45 4.0979e+07 6.03893e-08 110280 4.04466e+07
1190.74 4.16093e+07 6.08109e-08 114678 4.07839e+07
1194.05 4.19046e+07 6.07343e-08 112668 4.11252e+07
1197.36 4.21945e+07 6.06487e-08 116030 4.14681e+07
1200.73 4.26474e+07 6.07853e-08 118032 4.1819e+07
1204.04 4.27885e+07 6.04839e-08 113700 4.21665e+07
1207.36 4.31015e+07 6.04264e-08 118566 4.25154e+07
1210.73 4.36032e+07 6.06205e-08 119840 4.28725e+07
1214.08 4.3913e+07 6.05465e-08 118278 4.32299e+07
1217.43 4.42781e+07 6.05479e-08 120852 4.35883e+07
1220.81 4.47815e+07 6.07281e-08 122166 4.39531e+07
1224.21 4.47243e+07 6.01465e-08 123296 4.43213e+07
1227.61 4.54655e+07 6.06374e-08 123300 4.46911e+07
1231.03 4.55495e+07 6.02449e-08 126174 4.50654e+07
1234.45 4.63616e+07 6.08111e-08 124800 4.54419e+07
1237.85 4.66665e+07 6.07067e-08 126774 4.58193e+07
1241.29 4.70845e+07 6.07427e-08 128900 4.62023e+07
1244.74 4.74499e+07 6.07071e-08 127776 4.65882e+07
1248.2 4.7656e+07 6.04654e-08 132246 4.69776e+07
1251.66 4.84956e+07 6.10215e-08 129252 4.73696e+07
1255.13 4.89057e+07 6.10291e-08 133118 4.77642e+07
1258.61 4.91206e+07 6.07903e-08 133272 4.81626e+07
1262.11 4.96826e+07 6.09745e-08 134970 4.85665e+07
1265.61 5.01064e+07 6.09864e-08 136128 4.89711e+07
1269.15 5.07928e+07 6.13064e-08 137270 4.93829e+07
1272.69 5.08797e+07 6.08995e-08 139620 4.97979e+07
1276.23 5.1462e+07 6.10864e-08 138312 5.02137e+07
1279.77 5.16699e+07 6.08244e-08 140694 5.06338e+07
1283.31 5.21627e+07 6.08985e-08 140888 5.10545e+07
1286.88 5.22474e+07 6.04912e-08 143034 5.14817e+07
1290.45 5.26281e+07 6.04276e-08 143688 5.19114e+07
1294.01 5.37354e+07 6.11913e-08 143510 5.23421e+07
1297.6 5.36454e+07 6.05834e-08 147828 5.27787e+07
1301.23 5.40904e+07 6.05756e-08 147918 5.32234e+07
1304.84 5.46906e+07 6.0741e-08 148992 5.36674e+07
1308.48 5.54407e+07 6.1062e-08 150356 5.41174e+07
1312.07 5.57616e+07 6.09124e-08 147606 5.45644e+07
1315.71 5.67228e+07 6.14498e-08 156624 5.50196e+07
1319.41 5.71883e+07 6.14332e-08 153354 5.54861e+07
1323.05 5.7463e+07 6.1221e-08 153968 5.59458e+07
1326.71 5.83812e+07 6.16858e-08 155862 5.64115e+07
1330.38 5.84832e+07 6.12838e-08 157524 5.68807e+07
1334.08 5.92269e+07 6.15485e-08 159126 5.73564e+07
1337.8 5.9162e+07 6.09687e-08 162488 5.78383e+07
1341.52 5.95255e+07 6.08342e-08 159570 5.83224e+07
1345.23 6.02457e+07 6.10631e-08 164304 5.88068e+07
1349 6.11404e+07 6.1452e-08 165720 5.93024e+07
1352.73 6.17335e+07 6.15361e-08 162866 5.97959e+07
1356.46 6.24278e+07 6.17155e-08 169056 6.02925e+07
1360.25 6.31163e+07 6.18768e-08 167502 6.07986e+07
1364.01 6.35152e+07 6.17543e-08 169964 6.13043e+07
1367.79 6.37393e+07 6.14601e-08 170478 6.1815e+07
1371.59 6.39588e+07 6.11594e-08 175200 6.23329e+07
1375.43 6.47839e+07 6.1432e-08 173130 6.28568e+07
1379.22 6.50331e+07 6.11608e-08 175712 6.33784e+07
1383.06 6.59828e+07 6.1538e-08 177438 6.39098e+07
1386.89 6.65657e+07 6.15688e-08 178092 6.44421e+07
1390.73 6.6586e+07 6.10787e-08 179694 6.4979e+07
1394.6 6.75125e+07 6.14156e-08 182504 6.55218e+07
1398.48 6.80596e+07 6.13994e-08 182394 6.60701e+07
1402.34 6.88344e+07 6.15864e-08 184464 6.66194e+07
1406.24 6.96306e+07 6.17823e-08 186398 6.71763e+07
1410.15 7.03623e+07 6.19128e-08 188844 6.77391e+07
1414.06 7.09487e+07 6.19134e-08 187230 6.8303e+07
1417.99 7.18502e+07 6.21802e-08 193776 6.88741e+07
1421.96 7.24705e+07 6.21931e-08 192218 6.94543e+07
1425.88 7.31339e+07 6.22461e-08 192408 7.00304e+07
1429.82 7.36738e+07 6.21886e-08 195510 7.06125e+07
1433.79 7.4474e+07 6.23425e-08 198404 7.12034e+07
1437.8 7.51407e+07 6.23765e-08 200310 7.18017e+07
1441.8 7.5863e+07 6.24532e-08 201216 7.24027e+07
1445.81 7.63234e+07 6.23113e-08 201618 7.30081e+07
1449.82 7.71652e+07 6.24771e-08 204680 7.36174e+07
1453.82 7.72655e+07 6.20433e-08 202758 7.42285e+07
1457.86 7.81114e+07 6.22018e-08 211812 7.485e+07
1461.93 7.86568e+07 6.21154e-08 205718 7.54774e+07
1465.95 7.9785e+07 6.24889e-08 211452 7.61024e+07
1470.03 8.04348e+07 6.24753e-08 213150 7.67389e+07
1474.14 8.1304e+07 6.26233e-08 217512 7.73849e+07
1478.25 8.21405e+07 6.2741e-08 214754 7.80343e+07
1482.31 8.23346e+07 6.23744e-08 215424 7.86785e+07
1486.45 8.30212e+07 6.23707e-08 224574 7.93393e+07
1490.58 8.40203e+07 6.25972e-08 218588 8.00036e+07
1494.7 8.44813e+07 6.24221e-08 223902 8.06682e+07
1498.84 8.53657e+07 6.25546e-08 224952 8.134e+07
1503.03 8.59812e+07 6.24804e-08 230258 8.20237e+07
1507.2 8.73232e+07 6.29293e-08 227544 8.27098e+07
1511.38 8.80756e+07 6.29472e-08 231018 8.33987e+07
1515.57 8.89809e+07 6.30673e-08 234504 8.40954e+07
1519.79 9.00221e+07 6.32764e-08 233102 8.47984e+07
1523.98 9.06361e+07 6.31833e-08 236892 8.55025e+07
1528.21 9.12635e+07 6.30935e-08 238830 8.62169e+07
1532.45 9.23054e+07 6.32865e-08 241232 8.69353e+07
1536.72 9.28541e+07 6.31331e-08 243906 8.76646e+07
1540.99 9.40865e+07 6.3441e-08 244704 8.83971e+07
1545.26 9.51809e+07 6.36476e-08 246698 8.91349e+07
1549.54 9.60499e+07 6.3699e-08 248664 8.98762e+07
1553.86 9.66054e+07 6.35342e-08 253494 9.06303e+07
1558.18 9.73327e+07 6.34815e-08 251522 9.13885e+07
1562.48 9.77368e+07 6.32196e-08 255336 9.21481e+07
1566.82 9.83805e+07 6.31089e-08 257694 9.29177e+07
1571.18 9.93412e+07 6.31964e-08 260988 9.36952e+07
1575.56 1.00678e+08 6.35143e-08 261638 9.44806e+07
1579.91 1.01823e+08 6.37075e-08 262356 9.52652e+07
1584.28 1.02513e+08 6.36093e-08 266478 9.60595e+07
1588.71 1.0387e+08 6.39147e-08 272048 9.68659e+07
1593.14 1.05364e+08 6.42931e-08 269850 9.76801e+07
1597.55 1.06291e+08 6.43235e-08 272544 9.84931e+07
1601.99 1.07265e+08 6.43752e-08 275546 9.93156e+07
1606.41 1.07656e+08 6.40772e-08 275334 1.00141e+08
1610.9 1.09016e+08 6.43466e-08 285024 1.00982e+08
1615.41 1.09625e+08 6.41653e-08 282242 1.01833e+08
1619.86 1.11559e+08 6.47606e-08 280800 1.02677e+08
1624.34 1.11848e+08 6.43925e-08 288330 1.03532e+08
1628.86 1.13176e+08 6.46165e-08 290024 1.04398e+08
1633.39 1.13955e+08 6.45221e-08 290598 1.0527e+08
1637.9 1.14976e+08 6.45631e-08 293748 1.06146e+08
1642.47 1.16069e+08 6.46342e-08 299582 1.07037e+08
1647.02 1.17197e+08 6.47225e-08 295914 1.0793e+08
1651.57 1.18269e+08 6.47768e-08 302352 1.08826e+08
1656.18 1.20146e+08 6.5257e-08 305342 1.09739e+08
1660.77 1.21784e+08 6.56001e-08 305532 1.10654e+08
1665.39 1.22956e+08 6.56815e-08 310806 1.1158e+08
1670.01 1.23615e+08 6.5487e-08 310436 1.12511e+08
1674.66 1.24949e+08 6.56441e-08 318006 1.13454e+08
1679.3 1.26152e+08 6.57273e-08 312846 1.14401e+08
1683.95 1.27593e+08 6.59297e-08 322508 1.15352e+08
1688.64 1.28608e+08 6.59015e-08 321318 1.1632e+08
1693.33 1.2907e+08 6.55905e-08 327204 1.17291e+08
1698.03 1.30595e+08 6.58155e-08 325766 1.18271e+08
1702.73 1.31898e+08 6.59234e-08 330246 1.19255e+08
1707.47 1.33814e+08 6.63261e-08 335868 1.20254e+08
1712.24 1.3547e+08 6.65875e-08 336710 1.21264e+08
1716.97 1.3685e+08 6.67108e-08 336636 1.22273e+08
1721.74 1.37985e+08 6.67069e-08 343542 1.23294e+08
1726.51 1.38844e+08 6.65674e-08 342092 1.24321e+08
1731.3 1.41303e+08 6.71857e-08 349446 1.25359e+08
1736.12 1.4364e+08 6.77293e-08 350118 1.26409e+08
1740.93 1.44819e+08 6.77213e-08 352628 1.27462e+08
1745.78 1.45628e+08 6.75329e-08 359334 1.28531e+08
1750.62 1.46186e+08 6.72308e-08 356364 1.29603e+08
1755.47 1.48112e+08 6.7554e-08 362990 1.30683e+08
1760.34 1.49354e+08 6.75566e-08 364062 1.31774e+08
1765.22 1.50982e+08 6.77275e-08 369756 1.32874e+08
1770.12 1.52452e+08 6.78214e-08 368726 1.33982e+08
1775.02 1.54348e+08 6.8097e-08 375786 1.35099e+08
1779.96 1.57096e+08 6.87342e-08 378600 1.3623e+08
1784.91 1.58193e+08 6.86408e-08 379394 1.37368e+08
1789.86 1.59808e+08 6.87669e-08 386568 1.38516e+08
1794.85 1.61102e+08 6.87474e-08 386906 1.39677e+08
1799.82 1.62398e+08 6.87278e-08 388950 1.4084e+08
1804.81 1.638e+08 6.8748e-08 394512 1.42015e+08
1809.83 1.6673e+08 6.9397e-08 396818 1.43203e+08
1814.85 1.68806e+08 6.96792e-08 401112 1.44399e+08
1819.91 1.70172e+08 6.96599e-08 404850 1.45608e+08
1824.96 1.72813e+08 7.01547e-08 405566 1.46825e+08
1830 1.7475e+08 7.03561e-08 409308 1.48046e+08
1835.08 1.7678e+08 7.05843e-08 413766 1.49281e+08
1840.17 1.78573e+08 7.07097e-08 417050 1.50528e+08
1845.3 1.7946e+08 7.04703e-08 425232 1.51789e+08
1850.44 1.80343e+08 7.02282e-08 421862 1.53062e+08
1855.55 1.82663e+08 7.05459e-08 426402 1.54334e+08
1860.71 1.85237e+08 7.09461e-08 434688 1.55625e+08
1865.91 1.87763e+08 7.13144e-08 436634 1.56933e+08
1871.07 1.90873e+08 7.18971e-08 434784 1.58239e+08
1876.24 1.92998e+08 7.20987e-08 441018 1.59553e+08
1881.45 1.95722e+08 7.25108e-08 447350 1.60886e+08
1886.68 1.96522e+08 7.22031e-08 449868 1.62231e+08
1891.92 1.98931e+08 7.24832e-08 453206 1.63586e+08
1897.16 2.02136e+08 7.30413e-08 456570 1.64951e+08
1902.44 2.03873e+08 7.3058e-08 463824 1.6633e+08
1907.73 2.06278e+08 7.33061e-08 463718 1.67723e+08
1913.02 2.07728e+08 7.32113e-08 468186 1.69121e+08
1918.32 2.11168e+08 7.38078e-08 473448 1.70532e+08
1923.67 2.12914e+08 7.37993e-08 479354 1.71962e+08
1929.01 2.15335e+08 7.40203e-08 477702 1.73398e+08
1934.35 2.17759e+08 7.42355e-08 485204 1.74841e+08
1939.74 2.21329e+08 7.48254e-08 491454 1.76307e+08
1945.13 2.23976e+08 7.50923e-08 491226 1.77782e+08
1950.52 2.26057e+08 7.51633e-08 497648 1.79264e+08
1955.96 2.28913e+08 7.54793e-08 504930 1.80768e+08
1961.39 2.30823e+08 7.54795e-08 500358 1.82277e+08
1966.8 2.34948e+08 7.6196e-08 508652 1.83789e+08
1972.27 2.39159e+08 7.69178e-08 516390 1.85327e+08
1977.75 2.41655e+08 7.70768e-08 515642 1.86875e+08
1983.22 2.43484e+08 7.70192e-08 521880 1.88431e+08
1988.74 2.47269e+08 7.75661e-08 530850 1.9001e+08
1994.27 2.51265e+08 7.81664e-08 527054 1.91599e+08
1999.77 2.53597e+08 7.82425e-08 534156 1.93188e+08
2005.35 2.56278e+08 7.84123e-08 545150 1.94808e+08
2010.93 2.5966e+08 7.87865e-08 543474 1.96441e+08
2016.49 2.64404e+08 7.95646e-08 545310 1.98074e+08
2022.08 2.67569e+08 7.98514e-08 555788 1.99725e+08
2027.71 2.72261e+08 8.05763e-08 559542 2.01399e+08
2033.35 2.74986e+08 8.07075e-08 564146 2.03085e+08
2038.99 2.79367e+08 8.13147e-08 566520 2.04779e+08
2044.66 2.82707e+08 8.16046e-08 573594 2.06491e+08
2050.34 2.86702e+08 8.20715e-08 577718 2.08218e+08
2056.02 2.90396e+08 8.24421e-08 579300 2.09953e+08
6.9058e+07
1.67772e+07
1.67772e+07
