0.250339
1398
200
512
3.15759
0.0314159 0.00136603 0.000108705 6 7.49014e-07
0.0444288 0.00673251 0.000189418 12 2.11853e-06
0.054414 0.0233681 0.000357876 8 3.89199e-06
0.0628319 0.00773561 7.69475e-05 6 5.99211e-06
0.0702481 0.0152458 0.000108514 24 8.37423e-06
0.076953 0.0144376 7.81735e-05 24 1.10082e-05
0.0888577 0.0267765 9.41694e-05 12 1.69483e-05
0.0942478 0.0280053 8.25403e-05 30 2.02234e-05
0.0993459 0.020749 5.22139e-05 24 2.36859e-05
0.104195 0.0262466 5.72498e-05 24 2.73262e-05
0.108828 0.0571258 0.000109358 8 3.11359e-05
0.113272 0.0357465 6.06888e-05 24 3.51079e-05
0.117548 0.043597 6.623e-05 48 3.92358e-05
0.125664 0.0755315 9.39157e-05 6 4.79369e-05
0.129531 0.0516745 5.86669e-05 48 5.25005e-05
0.133286 0.0390501 4.06915e-05 36 5.72004e-05
0.136939 0.0374357 3.59704e-05 24 6.20327e-05
0.140496 0.0315831 2.80996e-05 24 6.69939e-05
0.143966 0.0475023 3.92804e-05 48 7.20807e-05
0.147354 0.0618634 4.77079e-05 24 7.72901e-05
0.153906 0.0493424 3.33959e-05 24 8.80657e-05
0.15708 0.0671411 4.27433e-05 30 9.36268e-05
0.16019 0.0618774 3.71417e-05 72 9.93002e-05
0.163242 0.0404484 2.29428e-05 32 0.000105084
0.16918 0.0650153 3.3129e-05 72 0.000116973
0.172072 0.0582043 2.81879e-05 48 0.000123076
0.177715 0.108391 4.76497e-05 12 0.000135586
0.180471 0.0635978 2.66969e-05 48 0.000141991
0.183185 0.0683029 2.74164e-05 48 0.000148494
0.185859 0.0655825 2.52044e-05 48 0.000155093
0.188496 0.0692622 2.55172e-05 30 0.000161787
0.191096 0.0931543 3.29375e-05 24 0.000168575
0.193661 0.0897541 3.04908e-05 72 0.000175455
0.198692 0.0695775 2.18861e-05 24 0.000189487
0.20116 0.0880497 2.66896e-05 96 0.000196637
0.203598 0.095265 2.78516e-05 48 0.000203875
0.206008 0.0666878 1.88206e-05 24 0.000211199
0.20839 0.0703111 1.91706e-05 24 0.000218609
0.210744 0.0558949 1.47348e-05 72 0.000226104
0.213073 0.0745101 1.9005e-05 48 0.000233683
0.217656 0.109974 2.6316e-05 8 0.000249087
0.219911 0.0848827 1.96932e-05 54 0.000256912
0.222144 0.0946303 2.12993e-05 84 0.000264816
0.224355 0.148265 3.23947e-05 48 0.000272801
0.226543 0.106142 2.25253e-05 24 0.000280863
0.228711 0.0827127 1.70588e-05 72 0.000289004
0.230859 0.100897 2.02338e-05 96 0.000297222
0.235095 0.0754373 1.4325e-05 48 0.000313886
0.237185 0.076351 1.41186e-05 48 0.000322331
0.239257 0.0659132 1.18746e-05 24 0.000330851
0.24131 0.105338 1.84969e-05 72 0.000339444
0.245366 0.118047 1.97175e-05 72 0.000356849
0.247369 0.0837547 1.36525e-05 96 0.00036566
0.251327 0.0117028 1.8189e-06 6 0.000383495
0.253283 0.0905356 1.3748e-05 96 0.000392518
0.255224 0.0938832 1.39336e-05 96 0.000401611
0.25715 0.0986665 1.43169e-05 24 0.000410773
0.259062 0.0760821 1.07972e-05 48 0.000420004
0.26096 0.0918563 1.27534e-05 96 0.000429303
0.262844 0.125057 1.69922e-05 48 0.000438669
0.266573 0.081213 1.05783e-05 36 0.000457603
0.268418 0.0896145 1.14336e-05 48 0.000467169
0.27025 0.124999 1.56261e-05 120 0.000476801
0.27207 0.101493 1.24346e-05 56 0.000486499
0.273878 0.0848041 1.01856e-05 24 0.000496261
0.275674 0.0998065 1.17547e-05 96 0.000506088
0.277458 0.156475 1.80756e-05 48 0.000515979
0.280993 0.1164 1.29452e-05 24 0.000535951
0.282743 0.130462 1.42412e-05 102 0.000546031
0.284483 0.157293 1.6857e-05 48 0.000556174
0.286213 0.118569 1.2478e-05 72 0.000566379
0.287932 0.126155 1.304e-05 48 0.000576645
0.289641 0.128283 1.30266e-05 48 0.000586973
0.291339 0.145054 1.44734e-05 120 0.000597362
0.294708 0.0738687 7.12077e-06 24 0.000618321
0.296377 0.150697 1.42827e-05 144 0.00062889
0.298038 0.140638 1.31078e-05 120 0.000639519
0.299689 0.118005 1.08176e-05 48 0.000650208
0.302964 0.121117 1.07466e-05 48 0.00067176
0.304589 0.102838 8.97952e-06 96 0.000682624
0.307812 0.17071 1.44425e-05 24 0.000704526
0.309411 0.139154 1.15912e-05 48 0.000715562
0.311002 0.112557 9.23258e-06 108 0.000726656
0.312585 0.142396 1.15037e-05 72 0.000737807
0.314159 0.135319 1.07683e-05 30 0.000749014
0.315726 0.123169 9.6563e-06 168 0.000760277
0.317285 0.1716 1.32558e-05 48 0.000771596
0.320381 0.13503 1.01315e-05 72 0.000794401
0.321917 0.0982146 7.2641e-06 96 0.000805887
0.323447 0.165948 1.21005e-05 72 0.000817427
0.324969 0.164935 1.18585e-05 72 0.000829021
0.326484 0.143763 1.0193e-05 32 0.00084067
0.327992 0.154674 1.0816e-05 72 0.000852373
0.329493 0.156271 1.0779e-05 144 0.00086413
0.333956 0.184524 1.22243e-05 96 0.000899721
0.33543 0.141452 9.24789e-06 96 0.00091169
0.336898 0.18098 1.16782e-05 48 0.000923712
0.33836 0.115489 7.35605e-06 72 0.000935787
0.339815 0.15452 9.71619e-06 120 0.000947914
0.341264 0.174393 1.08267e-05 72 0.000960092
0.344144 0.159987 9.6851e-06 48 0.000984605
0.345575 0.156089 9.33219e-06 78 0.000996938
0.347 0.156403 9.23624e-06 120 0.00100932
0.348419 0.127313 7.42688e-06 48 0.00102176
0.351241 0.135162 7.69627e-06 144 0.00104678
0.352643 0.148139 8.33495e-06 144 0.00105937
0.355431 0.164071 9.01587e-06 12 0.00108469
0.356816 0.130869 7.10794e-06 144 0.00109742
0.358197 0.181899 9.76576e-06 48 0.00111021
0.359572 0.191801 1.01797e-05 120 0.00112304
0.360942 0.114988 6.03369e-06 48 0.00113593
0.362306 0.108681 5.63855e-06 48 0.00114886
0.363666 0.149198 7.65411e-06 168 0.00116184
0.36637 0.208816 1.04772e-05 48 0.00118795
0.367714 0.182509 9.0572e-06 96 0.00120108
0.369054 0.177679 8.72185e-06 96 0.00121425
0.370388 0.136761 6.64094e-06 72 0.00122747
0.371718 0.168649 8.10183e-06 48 0.00124074
0.373043 0.135808 6.45485e-06 96 0.00125406
0.374364 0.157202 7.39293e-06 48 0.00126743
0.376991 0.182714 8.4143e-06 30 0.0012943
0.378298 0.170977 7.79246e-06 96 0.0013078
0.3796 0.144363 6.51204e-06 192 0.00132135
0.380898 0.138068 6.16462e-06 56 0.00133495
0.382191 0.215982 9.54585e-06 24 0.0013486
0.38348 0.167538 7.33034e-06 168 0.00136229
0.384765 0.197229 8.54325e-06 120 0.00137603
0.387322 0.230101 9.7711e-06 72 0.00140364
0.388594 0.178497 7.50556e-06 144 0.00141751
0.389861 0.17392 7.24199e-06 96 0.00143143
0.391125 0.151521 6.24833e-06 96 0.0014454
0.39364 0.236335 9.56022e-06 72 0.00147346
0.394892 0.137944 5.52724e-06 96 0.00148756
0.397384 0.143976 5.66108e-06 24 0.0015159
0.398623 0.183023 7.12948e-06 192 0.00153013
0.399859 0.242627 9.36391e-06 108 0.00154441
0.401092 0.122159 4.67126e-06 24 0.00155873
0.40232 0.152385 5.77387e-06 96 0.0015731
0.403545 0.187123 7.02573e-06 96 0.00158751
0.404766 0.168372 6.26467e-06 120 0.00160196
0.407197 0.169444 6.1923e-06 48 0.001631
0.408407 0.155069 5.61675e-06 78 0.00164558
0.409614 0.170379 6.11691e-06 144 0.00166021
0.410817 0.176838 6.2932e-06 120 0.00167488
0.412016 0.114213 4.02914e-06 24 0.0016896
0.413212 0.214496 7.50135e-06 168 0.00170435
0.414405 0.176143 6.10704e-06 144 0.00171915
0.416779 0.133225 4.54055e-06 24 0.00174888
0.417962 0.170663 5.76727e-06 48 0.0017638
0.419141 0.245848 8.2381e-06 96 0.00177877
0.420316 0.194645 6.46777e-06 120 0.00179378
0.421489 0.214053 7.05348e-06 72 0.00180883
0.422658 0.184262 6.02155e-06 120 0.00182393
0.423824 0.243455 7.89046e-06 144 0.00183906
0.426146 0.206494 6.5837e-06 48 0.00186946
0.427303 0.203596 6.43875e-06 192 0.00188472
0.428456 0.183741 5.76404e-06 144 0.00190003
0.429606 0.150305 4.67737e-06 48 0.00191537
0.431898 0.192186 5.88599e-06 192 0.00194618
0.433039 0.231636 7.03826e-06 48 0.00196164
0.435312 0.201398 6.02412e-06 8 0.0019927
0.437385 0.206518 6.08984e-06 288 0.0020213
0.4387 0.185625 5.42468e-06 96 0.00203959
0.439823 0.196474 5.69784e-06 54 0.00205529
0.440944 0.174578 5.02434e-06 120 0.00207104
0.442061 0.163399 4.66705e-06 120 0.00208683
0.444288 0.191664 5.39244e-06 84 0.00211853
0.445398 0.197129 5.50485e-06 144 0.00213444
0.446504 0.279662 7.75169e-06 72 0.00215039
0.447608 0.226425 6.22975e-06 96 0.00216638
0.449441 0.160341 4.35777e-06 144 0.0021931
0.450903 0.228008 6.13676e-06 240 0.00221458
0.453087 0.299445 7.94351e-06 24 0.00224691
0.454175 0.219242 5.77422e-06 240 0.00226313
0.45526 0.244721 6.3993e-06 96 0.00227939
0.456882 0.183953 4.7592e-06 144 0.00230385
0.4585 0.243888 6.24325e-06 96 0.00232841
0.459575 0.230333 5.85498e-06 72 0.00234483
0.461718 0.154208 3.8656e-06 96 0.00237777
0.462785 0.209939 5.22628e-06 96 0.00239431
0.464323 0.280417 6.91169e-06 216 0.00241824
0.467031 0.249671 6.04742e-06 192 0.00246081
0.468087 0.201291 4.84268e-06 144 0.00247753
0.470191 0.129793 3.08085e-06 48 0.00251109
0.471239 0.181878 4.28842e-06 150 0.00252792
0.472285 0.235009 5.50442e-06 96 0.00254479
0.473329 0.228893 5.32579e-06 120 0.0025617
0.475112 0.223398 5.13961e-06 168 0.00259077
0.476446 0.174455 3.98e-06 240 0.00261265
0.478513 0.15876 3.57519e-06 24 0.0026468
0.48016 0.239714 5.34289e-06 360 0.00267422
0.481597 0.222592 4.91698e-06 48 0.00269831
0.482621 0.260161 5.71038e-06 72 0.00271555
0.484049 0.19459 4.23343e-06 240 0.00273974
0.488189 0.22497 4.77089e-06 276 0.00281064
0.489726 0.219994 4.62159e-06 104 0.00283726
0.490732 0.214161 4.47143e-06 72 0.00285479
0.492199 0.25041 5.18165e-06 312 0.00288047
0.494739 0.224231 4.56886e-06 96 0.00292528
0.496232 0.204989 4.1392e-06 288 0.00295185
0.497722 0.219707 4.39666e-06 168 0.00297852
0.499701 0.233999 4.62726e-06 48 0.00301419
0.500687 0.231528 4.55139e-06 192 0.00303208
0.503606 0.198902 3.84244e-06 198 0.00308541
0.504614 0.217716 4.18071e-06 96 0.00310398
0.506079 0.222997 4.24507e-06 192 0.00313108
0.50754 0.223811 4.22388e-06 216 0.00315828
0.508511 0.211837 3.97502e-06 72 0.00317645
0.510448 0.342289 6.35005e-06 96 0.00321289
0.512103 0.236101 4.33777e-06 336 0.00324423
0.51334 0.21401 3.90353e-06 48 0.00326781
0.51518 0.238153 4.29753e-06 288 0.00330306
0.516216 0.210131 3.76908e-06 192 0.00332304
0.518125 0.219037 3.88556e-06 48 0.00336003
0.519076 0.196966 3.47486e-06 96 0.00337858
0.520457 0.258961 4.5323e-06 264 0.00340561
0.521921 0.240826 4.17955e-06 96 0.00343442
0.523525 0.269354 4.63182e-06 240 0.00346619
0.52647 0.234158 3.95938e-06 288 0.00352503
0.527563 0.24424 4.10424e-06 96 0.00354702
0.528498 0.228485 3.81916e-06 72 0.0035659
0.53076 0.258169 4.26039e-06 336 0.0036119
0.533829 0.268722 4.35848e-06 138 0.00367492
0.534994 0.296392 4.77596e-06 240 0.00369902
0.536222 0.257578 4.12206e-06 144 0.00372455
0.538155 0.250249 3.96177e-06 384 0.00376498
0.541061 0.234016 3.6454e-06 312 0.00382631
0.542323 0.251235 3.88638e-06 72 0.00385314
0.543437 0.263209 4.04663e-06 248 0.00387693
0.545589 0.239306 3.63579e-06 240 0.00392316
0.547755 0.25046 3.76026e-06 24 0.00397009
0.548656 0.252405 3.77085e-06 192 0.0039897
0.549761 0.234634 3.48425e-06 312 0.00401386
0.551884 0.256207 3.76086e-06 240 0.00406053
0.553134 0.246472 3.59347e-06 96 0.0040882
0.554916 0.254661 3.67722e-06 48 0.00412783
0.556483 0.2618 3.74847e-06 408 0.0041629
0.557577 0.246838 3.51348e-06 144 0.00418751
0.559345 0.292176 4.11952e-06 120 0.00422745
0.560226 0.205817 2.88822e-06 144 0.00424747
0.562783 0.259235 3.58849e-06 264 0.00430589
0.564176 0.187155 2.57157e-06 192 0.00433794
0.565487 0.303189 4.13701e-06 102 0.00436825
0.566891 0.250866 3.39769e-06 432 0.00440087
0.568967 0.277183 3.71318e-06 48 0.00444939
0.57005 0.289634 3.8579e-06 384 0.00447485
0.571994 0.29341 3.86849e-06 144 0.00452079
0.573756 0.313363 4.0936e-06 264 0.0045627
0.576434 0.214877 2.76809e-06 144 0.00462689
0.577954 0.261365 3.34047e-06 324 0.00466359
0.580026 0.274512 3.47103e-06 384 0.00471392
0.580982 0.305806 3.84767e-06 216 0.00473728
0.583055 0.28486 3.54604e-06 216 0.00478815
0.584792 0.265625 3.27721e-06 240 0.00483108
0.586898 0.300602 3.66897e-06 168 0.00488347
0.587738 0.281275 3.41837e-06 240 0.00490447
0.590159 0.263684 3.16532e-06 216 0.00496531
0.591365 0.259997 3.102e-06 288 0.00499583
0.593087 0.278775 3.29714e-06 240 0.0050396
0.594417 0.301098 3.53731e-06 72 0.00507358
0.596499 0.244706 2.84483e-06 246 0.00512707
0.597997 0.328174 3.78658e-06 320 0.00516579
0.600063 0.333142 3.80433e-06 288 0.00521953
0.601022 0.275637 3.13261e-06 144 0.00524459
0.60348 0.280013 3.14361e-06 288 0.00530921
0.604764 0.251139 2.80154e-06 336 0.00534315
0.60651 0.252854 2.79638e-06 168 0.00538956
0.607555 0.296842 3.26594e-06 336 0.00541748
0.609717 0.301649 3.28364e-06 288 0.00547552
0.611016 0.329413 3.56306e-06 264 0.00551058
0.613214 0.219811 2.35208e-06 240 0.00557029
0.614019 0.241551 2.57457e-06 96 0.00559223
0.616265 0.328758 3.46588e-06 120 0.00565382
0.617648 0.287506 3.01068e-06 408 0.00569197
0.619954 0.316138 3.27369e-06 456 0.00575597
0.622004 0.279458 2.86535e-06 108 0.00581325
0.623156 0.292588 2.98336e-06 264 0.00584563
0.624595 0.29263 2.96322e-06 264 0.0058862
0.626564 0.314154 3.15127e-06 312 0.00594205
0.629016 0.303036 3.00434e-06 270 0.00601209
0.630044 0.317234 3.12973e-06 240 0.00604161
0.631892 0.304175 2.97464e-06 384 0.00609492
0.633013 0.30031 2.92126e-06 192 0.00612744
0.635606 0.298507 2.86833e-06 432 0.00620304
0.636899 0.304093 2.90425e-06 144 0.00624098
0.638833 0.31072 2.94067e-06 480 0.006298
0.641275 0.271468 2.53996e-06 216 0.00637049
0.642832 0.308671 2.86711e-06 312 0.006417
0.64426 0.266544 2.45938e-06 216 0.00645988
0.645938 0.345897 3.16674e-06 192 0.00651049
0.648007 0.305737 2.77235e-06 624 0.00657325
0.649634 0.304181 2.73757e-06 120 0.00662287
0.651021 0.289301 2.58705e-06 336 0.0066654
0.653586 0.363839 3.21545e-06 176 0.00674447
0.654666 0.315591 2.77527e-06 384 0.00677797
0.656779 0.296794 2.58486e-06 408 0.00684383
0.658986 0.304021 2.62128e-06 144 0.00691304
0.660251 0.302689 2.59484e-06 486 0.00695292
0.66272 0.213822 1.8126e-06 96 0.00703121
0.663464 0.306644 2.59073e-06 384 0.00705492
0.666071 0.321929 2.68806e-06 492 0.00713841
0.667911 0.3109 2.57457e-06 384 0.00719774
0.669388 0.320642 2.63771e-06 168 0.00724559
0.67191 0.328443 2.67156e-06 504 0.00732781
0.67321 0.297186 2.40334e-06 240 0.00737043
0.674682 0.353766 2.84222e-06 456 0.00741888
0.67725 0.329266 2.61542e-06 264 0.0075039
0.678949 0.330698 2.60711e-06 384 0.00756052
0.680759 0.327527 2.56157e-06 432 0.00762114
0.68301 0.347503 2.69101e-06 216 0.00769701
0.684213 0.352586 2.716e-06 360 0.00773776
0.686355 0.35154 2.68267e-06 312 0.00781065
0.688862 0.273874 2.06725e-06 240 0.00789653
0.690156 0.333161 2.50065e-06 414 0.00794112
0.692267 0.352874 2.62445e-06 552 0.00801421
0.694474 0.375573 2.76672e-06 360 0.00809112
0.695933 0.341934 2.50311e-06 432 0.00814222
0.698042 0.322755 2.34136e-06 480 0.00821645
0.700371 0.310649 2.23114e-06 288 0.00829898
0.701886 0.356268 2.54224e-06 312 0.00835296
0.703511 0.370115 2.62279e-06 360 0.0084111
0.706218 0.333277 2.33469e-06 576 0.00850856
0.708463 0.376972 2.61575e-06 464 0.00858997
0.709472 0.377644 2.60926e-06 192 0.00862671
0.71187 0.37072 2.53561e-06 396 0.0087145
0.713632 0.359682 2.44194e-06 432 0.00877938
0.71529 0.34078 2.29756e-06 240 0.0088407
0.717478 0.325398 2.17384e-06 624 0.00892209
0.719862 0.353095 2.33553e-06 504 0.0090113
0.722401 0.334606 2.18997e-06 198 0.00910699
0.723603 0.350013 2.27941e-06 600 0.00915255
0.725718 0.362396 2.33948e-06 384 0.00923302
0.727934 0.387073 2.47603e-06 432 0.00931785
0.729846 0.327437 2.07813e-06 336 0.0093915
0.731583 0.410116 2.58437e-06 336 0.0094587
0.733803 0.364567 2.27657e-06 744 0.00954504
0.736176 0.358383 2.21637e-06 624 0.00963796
0.738441 0.379379 2.32469e-06 192 0.00972721
0.739813 0.342591 2.08761e-06 432 0.00978153
0.741823 0.362121 2.18873e-06 504 0.00986144
0.744194 0.379724 2.27326e-06 336 0.00995634
0.745982 0.360177 2.14077e-06 456 0.0100283
0.747564 0.399015 2.35659e-06 408 0.0100922
0.749795 0.352927 2.06584e-06 696 0.0101828
0.752344 0.398629 2.30972e-06 384 0.010287
0.754981 0.386537 2.21627e-06 330 0.0103956
0.756746 0.361026 2.05555e-06 624 0.0104686
0.758549 0.315087 1.78122e-06 384 0.0105437
0.760491 0.346683 1.94486e-06 728 0.0106249
0.762803 0.35809 1.99065e-06 432 0.010722
0.765361 0.35708 1.9652e-06 696 0.0108303
0.767036 0.332046 1.81548e-06 408 0.0109015
0.769597 0.379447 2.05401e-06 456 0.0110111
0.771 0.379238 2.04169e-06 408 0.0110714
0.773164 0.392018 2.09281e-06 528 0.0111649
0.775969 0.382625 2.0206e-06 576 0.0112869
0.778071 0.38005 1.99078e-06 672 0.0113788
0.780434 0.392343 2.03656e-06 384 0.0114828
0.782527 0.415029 2.13707e-06 600 0.0115755
0.784473 0.380463 1.94455e-06 294 0.011662
0.786277 0.368581 1.87088e-06 600 0.0117427
0.788337 0.399747 2.01321e-06 768 0.0118352
0.791032 0.371504 1.85191e-06 648 0.011957
0.793268 0.404795 2.00085e-06 408 0.0120587
0.795576 0.379753 1.86078e-06 552 0.0121643
0.797728 0.358141 1.74072e-06 648 0.0122632
0.800144 0.400765 1.9303e-06 348 0.012375
0.801567 0.408764 1.95836e-06 744 0.0124411
0.804245 0.402064 1.90708e-06 672 0.0125662
0.806478 0.419822 1.97482e-06 456 0.0126712
0.808336 0.402331 1.87953e-06 600 0.012759
0.810593 0.377705 1.74979e-06 744 0.0128661
0.812878 0.462547 2.12481e-06 288 0.0129752
0.815591 0.414142 1.88353e-06 704 0.0131056
0.817562 0.427357 1.92961e-06 678 0.0132009
0.820052 0.409788 1.83347e-06 648 0.0133218
0.822478 0.432559 1.91828e-06 648 0.0134404
0.824775 0.369264 1.62394e-06 696 0.0135534
0.826774 0.396155 1.7296e-06 696 0.0136521
0.829585 0.430337 1.8598e-06 552 0.0137919
0.831577 0.423324 1.81637e-06 840 0.0138914
0.834411 0.376639 1.59965e-06 600 0.0140339
0.836554 0.418396 1.76338e-06 696 0.0141424
0.839038 0.403424 1.68522e-06 672 0.0142687
0.841041 0.39636 1.64391e-06 552 0.0143711
0.843748 0.413643 1.69913e-06 492 0.0145104
0.845866 0.424529 1.73078e-06 840 0.0146199
0.84823 0.410035 1.65775e-06 606 0.0147428
0.850494 0.454514 1.82295e-06 936 0.0148612
0.853082 0.424911 1.68875e-06 528 0.0149973
0.854904 0.428545 1.69233e-06 696 0.0150936
0.857637 0.449408 1.7578e-06 648 0.0152388
0.859669 0.419439 1.62898e-06 936 0.0153474
0.862437 0.41783 1.60715e-06 384 0.0154961
0.864033 0.412854 1.57923e-06 864 0.0155823
0.86686 0.417903 1.58295e-06 768 0.0157358
0.869231 0.445221 1.67267e-06 528 0.0158652
0.871675 0.429239 1.5991e-06 776 0.0159994
0.87406 0.451074 1.66673e-06 960 0.0161311
0.876467 0.461708 1.692e-06 696 0.0162648
0.878396 0.444029 1.61652e-06 582 0.0163723
0.8815 0.445573 1.60506e-06 1008 0.0165465
0.883728 0.426776 1.52575e-06 408 0.0166723
0.88592 0.459057 1.62901e-06 960 0.0167967
0.888795 0.443818 1.5597e-06 852 0.0169607
0.891174 0.460049 1.60383e-06 912 0.0170973
0.89392 0.469982 1.6234e-06 1032 0.0172559
0.895836 0.419601 1.4401e-06 384 0.017367
0.898639 0.464065 1.57784e-06 864 0.0175306
0.900789 0.425071 1.43493e-06 840 0.0176567
0.903273 0.468108 1.56721e-06 912 0.0178032
0.906338 0.458309 1.5189e-06 792 0.017985
0.90863 0.450853 1.48291e-06 744 0.0181218
0.911438 0.458984 1.49574e-06 726 0.0182903
0.913568 0.496558 1.60689e-06 984 0.0184189
0.91598 0.461778 1.48257e-06 912 0.0185652
0.918648 0.490596 1.56141e-06 1104 0.0187278
0.921243 0.44717 1.4112e-06 744 0.018887
0.924376 0.470102 1.46854e-06 968 0.0190803
0.92618 0.497752 1.54585e-06 672 0.0191923
0.928764 0.498469 1.53519e-06 984 0.0193534
0.931719 0.460601 1.40511e-06 840 0.0195387
0.934062 0.490521 1.48515e-06 1092 0.0196864
0.937061 0.465067 1.39461e-06 840 0.0198767
0.939156 0.462727 1.37833e-06 720 0.0200103
0.942047 0.488998 1.44321e-06 1110 0.0201957
0.944712 0.479759 1.40399e-06 1056 0.0203675
0.947136 0.489528 1.42161e-06 888 0.0205247
0.949886 0.481958 1.3875e-06 936 0.020704
0.952401 0.456342 1.30338e-06 912 0.0208689
0.955174 0.50802 1.43838e-06 1104 0.0210517
0.957881 0.512392 1.43849e-06 912 0.0212312
0.960427 0.497847 1.38657e-06 1104 0.021401
0.963313 0.451141 1.24523e-06 1128 0.0215945
0.965992 0.441574 1.20871e-06 768 0.0217751
0.968166 0.504053 1.37046e-06 888 0.0219225
0.970778 0.490088 1.32176e-06 1224 0.0221004
0.974412 0.487458 1.30001e-06 750 0.0223495
0.976168 0.510038 1.35291e-06 1092 0.0224706
0.979278 0.503282 1.32231e-06 1472 0.022686
0.982348 0.498457 1.29739e-06 792 0.0229001
0.984688 0.512989 1.32572e-06 1080 0.0230641
0.987495 0.509215 1.30478e-06 1584 0.0232619
0.990359 0.534057 1.35659e-06 624 0.0234649
0.992971 0.547338 1.37939e-06 1248 0.023651
0.99555 0.559839 1.39995e-06 888 0.0238358
0.998492 0.484738 1.20147e-06 912 0.0240477
1.00104 0.503063 1.23741e-06 1368 0.0242321
1.00371 0.534283 1.30372e-06 960 0.0244269
1.00665 0.493999 1.19489e-06 1542 0.0246422
1.00992 0.522644 1.25194e-06 1152 0.024883
1.01267 0.536665 1.27509e-06 1008 0.0250866
1.01536 0.534268 1.25933e-06 1248 0.0252872
1.01774 0.521889 1.22154e-06 1056 0.0254653
1.02056 0.548996 1.27435e-06 1188 0.025678
1.0236 0.501821 1.15451e-06 1152 0.025908
1.02664 0.549278 1.25249e-06 1560 0.0261396
1.02971 0.561616 1.2692e-06 1128 0.0263748
1.03219 0.544164 1.22092e-06 1152 0.0265658
1.03491 0.539075 1.2e-06 920 0.0267762
1.03779 0.558103 1.23205e-06 1470 0.0270002
1.04087 0.531174 1.16222e-06 1200 0.0272412
1.04379 0.55784 1.21034e-06 1440 0.0274716
1.04629 0.555019 1.1956e-06 1224 0.0276695
1.04938 0.55011 1.17459e-06 1296 0.0279155
1.0527 0.584588 1.23645e-06 1560 0.0281807
1.0556 0.540549 1.1339e-06 1272 0.0284146
1.05803 0.549997 1.14579e-06 1080 0.0286112
1.06094 0.541306 1.11845e-06 1368 0.0288474
1.06403 0.54728 1.12096e-06 1248 0.0291005
1.06727 0.564796 1.14633e-06 1194 0.0293671
1.06993 0.602776 1.21431e-06 1752 0.0295874
1.07321 0.556717 1.11127e-06 1392 0.0298604
1.07584 0.593077 1.1752e-06 1440 0.0300801
1.07913 0.519683 1.02037e-06 1488 0.030357
1.08224 0.590193 1.14886e-06 1248 0.0306201
1.08486 0.572782 1.10689e-06 1512 0.0308435
1.08787 0.572135 1.0965e-06 1112 0.0311006
1.09115 0.564006 1.0712e-06 1848 0.0313829
1.09382 0.595541 1.12282e-06 1224 0.0316141
1.09696 0.572086 1.06937e-06 1536 0.0318869
1.10024 0.564488 1.04576e-06 1638 0.0321739
1.10325 0.565056 1.03827e-06 1392 0.0324385
1.10625 0.571618 1.04181e-06 1632 0.0327038
1.10975 0.617912 1.11555e-06 1452 0.0330154
1.11241 0.570104 1.02187e-06 1680 0.0332536
1.11531 0.61995 1.10259e-06 1320 0.0335138
1.11831 0.618207 1.09064e-06 1752 0.0337856
1.1218 0.602986 1.0539e-06 1776 0.0341027
1.12518 0.595314 1.03114e-06 1104 0.0344119
1.12759 0.569494 9.80105e-07 1728 0.0346335
1.13096 0.596688 1.01776e-06 1446 0.0349446
1.13402 0.597372 1.01071e-06 1920 0.0352289
1.13756 0.599661 1.00512e-06 1896 0.0355605
1.14046 0.642975 1.06953e-06 1176 0.0358329
1.14325 0.570486 9.42033e-07 1856 0.036096
1.14644 0.611416 1.0012e-06 1896 0.0363996
1.14985 0.634688 1.0301e-06 1464 0.0367251
1.15345 0.603247 9.69928e-07 1968 0.0370711
1.15649 0.589256 9.39988e-07 1548 0.0373647
1.15973 0.635041 1.00455e-06 1944 0.0376799
1.16289 0.645662 1.01303e-06 1470 0.0379893
1.16609 0.658396 1.02454e-06 1920 0.0383035
1.16933 0.650296 1.00354e-06 2184 0.0386238
1.1728 0.628768 9.61736e-07 1464 0.0389686
1.17556 0.633966 9.6287e-07 1608 0.0392445
1.1789 0.606361 9.13142e-07 1944 0.0395797
1.18229 0.635453 9.48759e-07 1872 0.0399216
1.18552 0.642619 9.51634e-07 2256 0.0402498
1.18882 0.641702 9.42389e-07 1632 0.0405867
1.19235 0.605066 8.80707e-07 1542 0.0409497
1.19548 0.637495 9.20638e-07 2216 0.0412732
1.1989 0.671608 9.61617e-07 2052 0.0416287
1.20218 0.681781 9.68228e-07 1680 0.0419708
1.20534 0.641261 9.03546e-07 2280 0.0423024
1.20884 0.638895 8.9241e-07 1968 0.0426722
1.21229 0.624797 8.6529e-07 2016 0.0430385
1.21548 0.654569 8.99395e-07 1968 0.0433795
1.21918 0.632947 8.61785e-07 1920 0.0437772
1.22273 0.668535 9.02347e-07 2400 0.0441602
1.22637 0.660329 8.83364e-07 1974 0.0445554
1.2291 0.691102 9.18369e-07 1944 0.0448544
1.23259 0.692533 9.12472e-07 1920 0.0452377
1.23584 0.682253 8.9186e-07 2280 0.0455962
1.23913 0.702735 9.1135e-07 1968 0.0459607
1.24271 0.675739 8.68778e-07 2220 0.0463607
1.24626 0.656353 8.36658e-07 2352 0.0467595
1.24987 0.685765 8.66603e-07 1968 0.0471667
1.25321 0.687964 8.62444e-07 2504 0.0475461
1.25696 0.677878 8.4222e-07 2118 0.047974
1.26038 0.688593 8.48587e-07 2352 0.0483667
1.26384 0.682066 8.33656e-07 2136 0.0487663
1.26724 0.719573 8.72446e-07 2112 0.0491605
1.27063 0.671363 8.07493e-07 2472 0.0495563
1.27412 0.748457 8.92847e-07 2376 0.0499654
1.27765 0.696213 8.23657e-07 2304 0.050382
1.28146 0.702117 8.23257e-07 2448 0.0508339
1.28498 0.700058 8.14114e-07 2280 0.0512542
1.28891 0.712531 8.21059e-07 2466 0.0517261
1.29209 0.750104 8.58001e-07 2256 0.0521091
1.29555 0.748596 8.49421e-07 2472 0.0525296
1.29914 0.721449 8.11846e-07 2856 0.0529678
1.30275 0.710609 7.93027e-07 2112 0.05341
1.30664 0.714538 7.90313e-07 2720 0.0538897
1.31022 0.727342 7.97894e-07 2136 0.0543342
1.31338 0.731018 7.9615e-07 2736 0.0547285
1.31727 0.729849 7.87863e-07 2376 0.0552156
1.32115 0.703299 7.52525e-07 3126 0.0557057
1.32517 0.699864 7.42064e-07 2568 0.056215
1.3281 0.721613 7.60064e-07 2112 0.0565893
1.33185 0.754372 7.8787e-07 2748 0.0570704
1.33573 0.716314 7.41626e-07 2928 0.0575703
1.33926 0.758546 7.79159e-07 2640 0.0580277
1.34328 0.763829 7.77558e-07 2856 0.0585522
1.34684 0.714173 7.21258e-07 2352 0.0590191
1.35065 0.767881 7.68954e-07 2910 0.0595215
1.35428 0.772336 7.6722e-07 2784 0.0600021
1.35819 0.767928 7.56277e-07 2952 0.0605229
1.36191 0.756392 7.38828e-07 2696 0.0610216
1.36552 0.755271 7.31896e-07 3264 0.0615083
1.36942 0.765057 7.35057e-07 2472 0.0620373
1.37321 0.7543 7.18748e-07 3024 0.0625529
1.37739 0.782638 7.38973e-07 2964 0.0631266
1.38108 0.762554 7.14255e-07 2910 0.0636352
1.38476 0.74844 6.95469e-07 2880 0.0641445
1.38834 0.805237 7.4247e-07 3216 0.0646435
1.39269 0.753017 6.87824e-07 3096 0.065254
1.39621 0.806123 7.3078e-07 2880 0.0657499
1.40013 0.833246 7.49041e-07 2904 0.0663052
1.40406 0.750521 6.69027e-07 3504 0.0668651
1.40804 0.810534 7.16421e-07 3168 0.0674346
1.41234 0.842203 7.37633e-07 3054 0.0680545
1.41581 0.820123 7.1303e-07 3032 0.0685569
1.4197 0.83127 7.16788e-07 3000 0.0691244
1.42371 0.821909 7.02746e-07 3780 0.0697116
1.42793 0.828851 7.02421e-07 3504 0.0703329
1.43191 0.786165 6.60708e-07 2904 0.0709225
1.43567 0.81689 6.81139e-07 3336 0.0714839
1.4396 0.790722 6.53937e-07 3144 0.0720723
1.44356 0.814745 6.68281e-07 3414 0.072668
1.44789 0.81787 6.64842e-07 3552 0.0733239
1.45135 0.828461 6.6865e-07 2928 0.0738505
1.45511 0.84632 6.77772e-07 3840 0.074427
1.45943 0.8128 6.45172e-07 3312 0.075091
1.4634 0.842585 6.63385e-07 3432 0.0757057
1.46748 0.834861 6.51838e-07 3596 0.0763404
1.47192 0.805469 6.2321e-07 4224 0.0770361
1.47635 0.862305 6.61196e-07 3294 0.077734
1.4801 0.883146 6.72048e-07 3792 0.0783272
1.48412 0.876511 6.61589e-07 3528 0.0789676
1.48876 0.850256 6.35797e-07 3984 0.0797097
1.49263 0.854189 6.33776e-07 3768 0.0803339
1.49668 0.881836 6.4899e-07 3672 0.0809898
1.5007 0.912976 6.6652e-07 3384 0.0816444
1.50468 0.86874 6.29208e-07 3648 0.0822954
1.50906 0.864065 6.20392e-07 4098 0.0830158
1.51319 0.856678 6.10066e-07 4008 0.0836992
1.51752 0.848211 5.9888e-07 4032 0.0844198
1.52148 0.867738 6.07901e-07 3800 0.0850816
1.52566 0.867961 6.03067e-07 3816 0.0857856
1.53008 0.904775 6.23217e-07 4248 0.0865329
1.53425 0.928436 6.3431e-07 3720 0.087243
1.5385 0.908774 6.1575e-07 4254 0.0879693
1.54275 0.886301 5.95567e-07 4224 0.0887015
1.54712 0.936428 6.2394e-07 4368 0.0894564
1.55154 0.904636 5.97616e-07 4104 0.090226
1.5559 0.889275 5.82543e-07 4500 0.0909888
1.56012 0.910743 5.91783e-07 3480 0.0917305
1.56438 0.931897 6.00597e-07 5328 0.0924836
1.56888 0.931672 5.95293e-07 3342 0.0932851
1.57296 0.938848 5.95228e-07 4800 0.0940139
1.57761 0.915173 5.75103e-07 4184 0.0948501
1.58177 0.967082 6.02937e-07 5064 0.0956031
1.58626 0.965944 5.97131e-07 4032 0.0964191
1.59063 0.900862 5.52321e-07 4632 0.0972179
1.59512 0.952167 5.78856e-07 4680 0.0980443
1.59955 0.913165 5.5055e-07 3924 0.0988627
1.60387 0.981166 5.86782e-07 5166 0.0996657
1.60831 0.996731 5.91169e-07 4800 0.100495
1.6129 0.979008 5.75715e-07 4560 0.101358
1.61719 0.940401 5.48615e-07 4584 0.102171
1.62168 0.96227 5.56721e-07 4848 0.103024
1.62597 0.932532 5.35258e-07 4560 0.103844
1.631 0.970561 5.51956e-07 5600 0.104809
1.63549 0.964088 5.43767e-07 4686 0.105678
1.64006 0.970348 5.42737e-07 5016 0.106566
1.64474 1.01293 5.6173e-07 4956 0.107481
1.64888 1.01344 5.57793e-07 4872 0.108295
1.65362 1.01064 5.51478e-07 5376 0.109232
1.65838 0.983575 5.32103e-07 5088 0.110177
1.66285 1.0109 5.42484e-07 4710 0.111071
1.66732 1.0005 5.32596e-07 4848 0.111969
1.67182 1.05534 5.57271e-07 5976 0.112877
1.67656 1.00723 5.27362e-07 5208 0.113841
1.68127 1.00642 5.22527e-07 5352 0.114803
1.68594 1.01319 5.21681e-07 4820 0.115762
1.6904 1.05252 5.37647e-07 5760 0.116684
1.69513 1.005 5.09088e-07 5166 0.117666
1.69995 1.02223 5.13424e-07 6168 0.118673
1.70477 1.02603 5.10976e-07 5136 0.119685
1.70952 1.03847 5.12872e-07 6240 0.120688
1.71454 1.03761 5.07961e-07 5568 0.121754
1.71919 1.04054 5.05279e-07 5712 0.122747
1.72386 1.06213 5.1158e-07 5520 0.12375
1.72878 1.0356 4.9455e-07 5670 0.124813
1.73344 1.07233 5.0797e-07 6036 0.125825
1.73835 1.09557 5.14601e-07 6264 0.126897
1.74335 1.03087 4.80054e-07 5912 0.127995
1.74794 1.07387 4.96151e-07 5736 0.129009
1.75258 1.10395 5.06e-07 5400 0.13004
1.75753 1.04878 4.76666e-07 6342 0.131145
1.76258 1.08926 4.90824e-07 7032 0.132277
1.76751 1.08451 4.84607e-07 5448 0.133391
1.77221 1.09573 4.85733e-07 6528 0.134458
1.77738 1.124 4.93929e-07 6468 0.135638
1.78243 1.12318 4.89387e-07 6528 0.136797
1.78706 1.10399 4.77299e-07 5568 0.137866
1.79184 1.09606 4.70084e-07 6798 0.138976
1.79723 1.09616 4.65914e-07 6560 0.140233
1.80203 1.13106 4.76908e-07 6888 0.141361
1.80708 1.13939 4.76407e-07 6624 0.142552
1.81205 1.128 4.67773e-07 6288 0.143732
1.81703 1.13059 4.65003e-07 6960 0.14492
1.82233 1.15244 4.69866e-07 6570 0.146192
1.82696 1.14899 4.64908e-07 6600 0.147309
1.83219 1.14422 4.59026e-07 7776 0.148577
1.83773 1.14041 4.53371e-07 7248 0.149929
1.84289 1.14346 4.50777e-07 6672 0.151196
1.84774 1.14449 4.47642e-07 6704 0.152391
1.85265 1.18312 4.59076e-07 6942 0.153611
1.85788 1.16514 4.48293e-07 7656 0.154916
1.86304 1.18416 4.51835e-07 7128 0.15621
1.86848 1.17915 4.4601e-07 7908 0.157581
1.87356 1.18198 4.43452e-07 6648 0.158871
1.8783 1.1771 4.38287e-07 7320 0.16008
1.88389 1.22368 4.51585e-07 7638 0.161514
1.88902 1.20194 4.39961e-07 7416 0.162836
1.89401 1.21326 4.40599e-07 7752 0.16413
1.89959 1.18569 4.26804e-07 8448 0.165585
1.90501 1.1937 4.26032e-07 7280 0.167006
1.91024 1.17632 4.16392e-07 7668 0.168386
1.91549 1.19647 4.2005e-07 8094 0.169778
1.9207 1.2452 4.33613e-07 7656 0.171166
1.92602 1.23849 4.27707e-07 8160 0.172594
1.93138 1.2555 4.29982e-07 8472 0.174039
1.93696 1.2603 4.27907e-07 7896 0.175552
1.9421 1.23337 4.15453e-07 8088 0.176951
1.94753 1.23314 4.11905e-07 8286 0.17844
1.95309 1.24032 4.10775e-07 8676 0.179974
1.95841 1.25825 4.1333e-07 8120 0.181447
1.96377 1.26314 4.11551e-07 9024 0.18294
1.96932 1.25402 4.05131e-07 8160 0.184497
1.97458 1.23996 3.97398e-07 7944 0.185979
1.98001 1.28441 4.08263e-07 8982 0.187519
1.98555 1.27725 4.02597e-07 9528 0.189097
1.99126 1.27655 3.98926e-07 8832 0.190733
1.99697 1.27126 3.93875e-07 8916 0.192378
2.00244 1.30139 3.99918e-07 9240 0.193963
2.00796 1.31097 3.99548e-07 8502 0.19557
2.01347 1.31351 3.97043e-07 9416 0.197185
2.01894 1.33211 3.99403e-07 8976 0.198797
2.02457 1.32459 3.93843e-07 9432 0.200465
2.0302 1.31725 3.88414e-07 9864 0.202141
2.03598 1.33027 3.88918e-07 9024 0.203874
2.04164 1.33046 3.85745e-07 9762 0.20558
2.0472 1.33919 3.85123e-07 9264 0.207263
2.05278 1.36154 3.88369e-07 10056 0.208962
2.05848 1.37021 3.87604e-07 9936 0.210708
2.06453 1.37352 3.85131e-07 9624 0.212572
2.0699 1.36989 3.81135e-07 9752 0.214233
2.07576 1.40721 3.8821e-07 10446 0.216059
2.08159 1.34018 3.66623e-07 10056 0.217883
2.08723 1.36197 3.69571e-07 9876 0.219659
2.09319 1.37901 3.71007e-07 11160 0.221546
2.09903 1.37452 3.66723e-07 10128 0.223405
2.10491 1.40343 3.71306e-07 9726 0.225289
2.11051 1.38389 3.63227e-07 11112 0.227094
2.11652 1.43733 3.74052e-07 10776 0.229037
2.1222 1.39867 3.61075e-07 10232 0.230887
2.12811 1.4205 3.63661e-07 11184 0.232822
2.13436 1.41627 3.59407e-07 11058 0.234877
2.1403 1.42483 3.58572e-07 11472 0.236846
2.14607 1.46066 3.64634e-07 10464 0.238765
2.15178 1.41307 3.49953e-07 10584 0.240678
2.15796 1.45679 3.5769e-07 12504 0.242756
2.16404 1.46806 3.57427e-07 10560 0.244815
2.16987 1.50221 3.62802e-07 11694 0.246798
2.17602 1.44764 3.46664e-07 11420 0.248904
2.18203 1.46708 3.48424e-07 12504 0.250972
2.18802 1.51837 3.57653e-07 10800 0.253044
2.19421 1.47522 3.44558e-07 12456 0.255197
2.20046 1.47093 3.40636e-07 12030 0.257383
2.20635 1.54217 3.5428e-07 11232 0.259457
2.21231 1.51768 3.45846e-07 13176 0.261564
2.21866 1.53097 3.45889e-07 11196 0.263823
2.22456 1.48762 3.33426e-07 12720 0.265934
2.23077 1.51635 3.37038e-07 11918 0.268165
2.23689 1.48751 3.27919e-07 13392 0.27038
2.24337 1.55468 3.39765e-07 12600 0.272736
2.24963 1.54196 3.34177e-07 13200 0.275027
2.25594 1.52405 3.27534e-07 12864 0.277346
2.26215 1.59109 3.39132e-07 12270 0.279644
2.26834 1.54309 3.26215e-07 13668 0.281946
2.27465 1.57665 3.30548e-07 13200 0.284304
2.28097 1.58628 3.29807e-07 13416 0.286682
2.28734 1.59677 3.29225e-07 12992 0.289088
2.2937 1.59205 3.25528e-07 13806 0.291506
2.29997 1.57709 3.19839e-07 13800 0.293904
2.30631 1.57452 3.16689e-07 13056 0.296342
2.31259 1.61197 3.21589e-07 14364 0.298768
2.31902 1.61279 3.19085e-07 13248 0.301267
2.32549 1.62483 3.18791e-07 15054 0.303797
2.33213 1.63502 3.18055e-07 13680 0.306407
2.33841 1.62343 3.13265e-07 15152 0.308888
2.34514 1.59313 3.04779e-07 14376 0.311564
2.35149 1.66428 3.15819e-07 13932 0.314101
2.35808 1.63863 3.08351e-07 14910 0.316749
2.36456 1.65036 3.0801e-07 15648 0.31937
2.37106 1.6272 3.01199e-07 13680 0.32201
2.37766 1.70549 3.13069e-07 15816 0.324705
2.38432 1.66825 3.03674e-07 15030 0.32744
2.39081 1.74071 3.14289e-07 15104 0.330124
2.39768 1.70034 3.0437e-07 16548 0.332977
2.40438 1.71536 3.04497e-07 15360 0.335777
2.41105 1.69221 2.97904e-07 15768 0.338577
2.4176 1.73052 3.02179e-07 14622 0.341343
2.42433 1.69966 2.94324e-07 17568 0.344204
2.43136 1.70953 2.93473e-07 16368 0.347208
2.43802 1.72812 2.9424e-07 15960 0.350068
2.44478 1.75309 2.96025e-07 15732 0.352986
2.45148 1.72594 2.89056e-07 17006 0.355896
2.45825 1.75173 2.90956e-07 16680 0.358856
2.46533 1.75999 2.89817e-07 17712 0.361966
2.47205 1.75329 2.86366e-07 15576 0.364931
2.47856 1.7466 2.83033e-07 16974 0.367822
2.48564 1.76731 2.83947e-07 17436 0.370985
2.49249 1.78898 2.85063e-07 17952 0.374062
2.49953 1.78845 2.8258e-07 17448 0.377238
2.50635 1.77671 2.7844e-07 17336 0.380334
2.51347 1.82334 2.83327e-07 17958 0.383583
2.52045 1.81462 2.79633e-07 19056 0.386791
2.52756 1.81871 2.77905e-07 17304 0.390073
2.53442 1.84671 2.79902e-07 18276 0.393255
2.5414 1.8696 2.8104e-07 17838 0.396516
2.5483 1.84153 2.74578e-07 18984 0.399754
2.55573 1.8661 2.75822e-07 19616 0.403259
2.56269 1.85807 2.72404e-07 18168 0.406565
2.56979 1.87158 2.72118e-07 19320 0.40995
2.57712 1.85233 2.67026e-07 19170 0.41347
2.58402 1.88554 2.69643e-07 19008 0.416799
2.59124 1.91148 2.71072e-07 20472 0.420306
2.5986 1.89465 2.66411e-07 19128 0.423894
2.60574 1.94097 2.70686e-07 19998 0.4274
2.61294 1.90339 2.63258e-07 19808 0.430951
2.62018 1.9115 2.62193e-07 20724 0.434543
2.62754 1.93964 2.63824e-07 19896 0.438215
2.6346 1.93421 2.60977e-07 20304 0.441756
2.64214 1.94971 2.60821e-07 21030 0.445562
2.64935 1.94089 2.57527e-07 21168 0.449219
2.65671 1.95432 2.57159e-07 20736 0.452975
2.66416 1.94375 2.53629e-07 21356 0.456795
2.67173 2.02077 2.61444e-07 22206 0.460698
2.6791 2.02172 2.59414e-07 21360 0.464523
2.68651 2.00563 2.55226e-07 21456 0.468389
2.69384 1.98244 2.5022e-07 21648 0.472235
2.70134 2.03523 2.54752e-07 22326 0.476187
2.70887 2.03314 2.52373e-07 22212 0.480181
2.71619 2.08238 2.564e-07 22128 0.484085
2.72367 2.05204 2.5059e-07 22640 0.488093
2.73137 2.0545 2.48773e-07 23022 0.492248
2.7391 2.09855 2.51961e-07 24168 0.496438
2.7466 2.07242 2.46792e-07 22416 0.500526
2.75431 2.09842 2.47796e-07 23700 0.504754
2.76199 2.07336 2.42799e-07 24222 0.508989
2.76962 2.09391 2.43187e-07 22776 0.513215
2.77711 2.11252 2.43367e-07 24296 0.517392
2.78491 2.12238 2.42455e-07 24648 0.521763
2.79252 2.0917 2.37e-07 22926 0.526054
2.80016 2.1418 2.40696e-07 25476 0.530383
2.80812 2.15066 2.39643e-07 25608 0.534916
2.81589 2.10906 2.33067e-07 24576 0.539373
2.82378 2.15552 2.3621e-07 25134 0.543918
2.83157 2.17309 2.36177e-07 25928 0.548429
2.83951 2.156 2.32358e-07 26148 0.553059
2.84746 2.16512 2.31392e-07 25632 0.557718
2.85525 2.21189 2.34462e-07 25926 0.562306
2.86324 2.22273 2.33642e-07 26232 0.567042
2.87111 2.22855 2.32333e-07 27216 0.57173
2.87917 2.23692 2.31253e-07 26736 0.576558
2.88739 2.22059 2.27611e-07 27698 0.581507
2.8953 2.25745 2.29497e-07 26640 0.5863
2.90311 2.24881 2.2678e-07 26880 0.591058
2.91139 2.26061 2.26029e-07 29160 0.596131
2.91957 2.26866 2.24932e-07 27318 0.601172
2.92751 2.3045 2.26631e-07 27984 0.606091
2.93565 2.3077 2.25065e-07 28364 0.611155
2.94365 2.31627 2.24062e-07 28464 0.61617
2.95199 2.28449 2.1912e-07 28974 0.621421
2.96007 2.32844 2.21513e-07 28920 0.626534
2.96818 2.32922 2.19776e-07 29640 0.631698
2.97653 2.35368 2.2022e-07 28884 0.637045
2.98472 2.3449 2.17598e-07 30558 0.642317
2.99318 2.37073 2.18134e-07 30776 0.647798
3.00137 2.32192 2.11899e-07 29040 0.653128
3.00959 2.36978 2.145e-07 30984 0.658508
3.01806 2.36391 2.12171e-07 30930 0.664087
3.02658 2.39964 2.13565e-07 32712 0.669723
3.03503 2.402 2.11995e-07 30528 0.675349
3.04327 2.4461 2.14137e-07 30326 0.680869
3.05173 2.45004 2.12704e-07 33624 0.686558
3.06034 2.43881 2.09946e-07 31824 0.692389
3.06872 2.47102 2.10981e-07 31860 0.698092
3.07736 2.4597 2.0825e-07 33942 0.704007
3.08588 2.48791 2.089e-07 31848 0.709867
3.09426 2.4682 2.05565e-07 33624 0.715669
3.10297 2.51139 2.07406e-07 33512 0.721726
3.11157 2.48724 2.03713e-07 33594 0.727745
3.12023 2.49059 2.02294e-07 34944 0.733836
3.12889 2.51577 2.02646e-07 33624 0.739968
3.13752 2.53025 2.02136e-07 34710 0.746104
3.14616 2.58454 2.04778e-07 34704 0.752282
3.15488 2.55823 2.01016e-07 35468 0.758558
3.1637 2.57627 2.00745e-07 36096 0.764939
3.17266 2.58405 1.9965e-07 35958 0.771458
3.18144 2.60966 1.99965e-07 36576 0.777878
3.19023 2.60675 1.98094e-07 35976 0.784346
3.19904 2.59382 1.95487e-07 36396 0.790863
3.20798 2.6456 1.97728e-07 38030 0.797509
3.21678 2.63694 1.95469e-07 35784 0.804089
3.22564 2.67333 1.96537e-07 38712 0.810752
3.23477 2.62802 1.91575e-07 38310 0.817657
3.24374 2.68326 1.93983e-07 37596 0.824478
3.25254 2.65552 1.90424e-07 39000 0.831202
3.26171 2.69893 1.9191e-07 38552 0.838252
3.2708 2.69785 1.90237e-07 40206 0.845284
3.27984 2.72991 1.90911e-07 39072 0.852312
3.28909 2.73178 1.89435e-07 41340 0.859539
3.2983 2.72946 1.87693e-07 39342 0.866782
3.30724 2.77374 1.89194e-07 40176 0.873852
3.31644 2.77973 1.88031e-07 41768 0.88116
3.32563 2.75562 1.84858e-07 40206 0.888507
3.33487 2.81682 1.87397e-07 42300 0.895935
3.34411 2.79922 1.84685e-07 42360 0.903408
3.35331 2.80433 1.83505e-07 40488 0.91088
3.3626 2.81149 1.82453e-07 44406 0.918472
3.37211 2.87427 1.84953e-07 43076 0.926289
3.38132 2.84399 1.81513e-07 42600 0.933901
3.39087 2.8908 1.82946e-07 45486 0.941834
3.40043 2.90206 1.82115e-07 43848 0.94982
3.40963 2.90994 1.81135e-07 43248 0.95755
3.41901 2.88001 1.778e-07 44988 0.965479
3.42866 2.91073 1.78184e-07 46454 0.973672
3.43818 2.91916 1.77221e-07 44928 0.981803
3.4478 2.94155 1.77088e-07 47256 0.990072
3.45736 2.97208 1.77446e-07 45126 0.99833
3.46696 2.95146 1.74756e-07 48084 1.00667
3.47654 2.99514 1.75879e-07 46320 1.01504
3.48629 3.00546 1.75009e-07 47894 1.0236
3.49578 3.04423 1.75826e-07 47160 1.03199
3.50539 3.05838 1.75195e-07 48228 1.04051
3.51537 3.06264 1.73949e-07 50598 1.04943
3.52506 3.06652 1.72737e-07 47328 1.05813
3.53475 3.08452 1.72326e-07 50696 1.06688
3.54459 3.06313 1.6971e-07 49344 1.07581
3.55459 3.13348 1.72147e-07 51570 1.08494
3.56441 3.10797 1.69337e-07 50832 1.09397
3.5743 3.12153 1.68669e-07 50424 1.1031
3.58421 3.15851 1.69255e-07 52686 1.1123
3.59415 3.17573 1.68769e-07 51092 1.12158
3.60407 3.14644 1.65836e-07 53376 1.13089
3.61415 3.16037 1.65181e-07 52374 1.1404
3.62404 3.22051 1.6695e-07 52848 1.14979
3.63411 3.20735 1.64888e-07 55488 1.15941
3.64445 3.23707 1.65004e-07 54098 1.16933
3.65433 3.29482 1.6659e-07 53688 1.17886
3.66443 3.27794 1.6437e-07 55296 1.18866
3.67462 3.26913 1.62568e-07 56358 1.19861
3.68502 3.29517 1.62479e-07 57468 1.20882
3.69525 3.28272 1.60525e-07 56000 1.21891
3.70559 3.29322 1.59694e-07 57774 1.22917
3.71586 3.32574 1.59938e-07 57648 1.23942
3.72609 3.35633 1.60083e-07 57480 1.24968
3.73645 3.37771 1.59767e-07 58122 1.26013
3.74669 3.39026 1.59048e-07 59208 1.27053
3.75716 3.39095 1.57755e-07 60032 1.2812
3.76768 3.40791 1.57219e-07 60366 1.292
3.77814 3.44206 1.57479e-07 60444 1.30279
3.78854 3.46298 1.57135e-07 60912 1.31358
3.79912 3.46635 1.55978e-07 61422 1.32462
3.80967 3.47618 1.55124e-07 63032 1.33568
3.82029 3.47481 1.53774e-07 62052 1.34688
3.83093 3.50607 1.53868e-07 64038 1.35817
3.84147 3.52894 1.536e-07 61632 1.36941
3.85195 3.53978 1.52818e-07 64896 1.38065
3.86282 3.55553 1.52205e-07 64874 1.39237
3.87338 3.59521 1.52649e-07 64200 1.40381
3.88424 3.6218 1.52491e-07 68016 1.41566
3.89516 3.63313 1.51686e-07 65694 1.42763
3.90592 3.64574 1.50958e-07 67212 1.4395
3.91674 3.65588 1.50126e-07 67088 1.45149
3.92755 3.7015 1.50748e-07 67182 1.46355
3.93842 3.69735 1.49336e-07 69768 1.47572
3.94935 3.70993 1.48604e-07 67524 1.48805
3.96027 3.72392 1.47933e-07 70758 1.50043
3.97123 3.77406 1.48687e-07 69488 1.51292
3.98223 3.75006 1.46521e-07 71640 1.52552
3.99344 3.80237 1.47317e-07 72042 1.53844
4.00456 3.82599 1.47e-07 72960 1.55133
4.01559 3.7847 1.44219e-07 70422 1.56419
4.02684 3.85572 1.45698e-07 76784 1.57737
4.0381 3.87703 1.4528e-07 72348 1.59064
4.04921 3.90291 1.4505e-07 74094 1.6038
4.06038 3.96051 1.4598e-07 74976 1.61711
4.0716 3.93034 1.43673e-07 76200 1.63056
4.08307 3.97837 1.44207e-07 77114 1.64437
4.09436 3.98307 1.43186e-07 76872 1.65805
4.10573 3.99388 1.42385e-07 77784 1.67191
4.1172 3.99694 1.41306e-07 78654 1.68596
4.12861 4.02628 1.41167e-07 79380 1.70001
4.14006 4.05226 1.40903e-07 79256 1.71419
4.15155 4.08901 1.41002e-07 80094 1.72851
4.16295 4.12645 1.41128e-07 80760 1.74278
4.17466 4.13796 1.40333e-07 83034 1.75754
4.18631 4.19536 1.41096e-07 82664 1.77229
4.19786 4.21605 1.40625e-07 81864 1.787
4.20942 4.16216 1.37686e-07 83334 1.80181
4.22115 4.22865 1.38723e-07 85980 1.81691
4.23288 4.22678 1.37513e-07 84144 1.83209
4.24467 4.25735 1.37356e-07 86486 1.84745
4.25637 4.26285 1.36402e-07 86016 1.86277
4.26828 4.33522 1.3756e-07 88290 1.87844
4.28011 4.39208 1.38212e-07 87672 1.89411
4.29193 4.34771 1.35689e-07 88608 1.90984
4.30383 4.37773 1.35495e-07 88682 1.92577
4.31573 4.45834 1.36851e-07 91200 1.9418
4.3279 4.42571 1.34708e-07 92568 1.95826
4.33994 4.51174 1.36186e-07 91014 1.97466
4.35196 4.47501 1.33961e-07 92828 1.99111
4.36403 4.54865 1.35039e-07 93054 2.00772
4.37602 4.58079 1.34878e-07 92568 2.02432
4.38816 4.57578 1.33616e-07 96768 2.04121
4.40051 4.64468 1.34489e-07 95658 2.05849
4.41265 4.647 1.33449e-07 96368 2.07558
4.42502 4.62994 1.31847e-07 98526 2.09309
4.43718 4.738 1.33818e-07 95436 2.11039
4.44945 4.69958 1.31637e-07 101472 2.12794
4.46195 4.76015 1.32217e-07 98582 2.14593
4.47415 4.80283 1.32314e-07 99984 2.16357
4.48658 4.77236 1.30384e-07 101298 2.18166
4.49915 4.89045 1.32494e-07 104952 2.20005
4.51164 4.86 1.30579e-07 100568 2.21842
4.52414 4.89328 1.30386e-07 105942 2.23691
4.5368 4.99818 1.32069e-07 104892 2.25574
4.54929 4.97771 1.30448e-07 103734 2.27443
4.56181 5.01385 1.30317e-07 107160 2.29325
4.57457 5.00478 1.28995e-07 108788 2.31255
4.58728 5.06291 1.29412e-07 107070 2.33188
4.59999 5.12215 1.29844e-07 110760 2.35131
4.6128 5.10417 1.28313e-07 109182 2.37102
4.62563 5.17293 1.28962e-07 112820 2.39086
4.63846 5.17685 1.27992e-07 110280 2.4108
4.65132 5.22638 1.28148e-07 114678 2.43091
4.66426 5.27642 1.28301e-07 112668 2.45125
4.67718 5.29741 1.27747e-07 116030 2.47169
4.69034 5.38909 1.28867e-07 118032 2.49261
4.7033 5.37715 1.27522e-07 113700 2.51332
4.71623 5.45876 1.28395e-07 118566 2.53411
4.7294 5.48562 1.27952e-07 119840 2.5554
4.74251 5.51017 1.27462e-07 118278 2.5767
4.75558 5.55664 1.2748e-07 120852 2.59807
4.76881 5.51583 1.25494e-07 122166 2.61981
4.78209 5.70826 1.28793e-07 123296 2.64176
4.79535 5.64099 1.26222e-07 123300 2.6638
4.8087 5.70876 1.26677e-07 126174 2.68611
4.82205 5.76885 1.2695e-07 124800 2.70855
4.83537 5.74412 1.25365e-07 126774 2.73104
4.8488 5.83697 1.26335e-07 128900 2.75387
4.86226 5.82995 1.25138e-07 127776 2.77687
4.87577 5.97276 1.27141e-07 132246 2.80008
4.8893 5.96367 1.25897e-07 129252 2.82345
4.90284 6.01554 1.25942e-07 133118 2.84697
4.91643 6.01895 1.24971e-07 133272 2.87071
4.93013 6.05719 1.2472e-07 134970 2.89479
4.94379 6.1806 1.26209e-07 136128 2.91891
4.95761 6.11691 1.23867e-07 137270 2.94345
4.97145 6.30693 1.26651e-07 139620 2.96818
4.98526 6.24002 1.24269e-07 138312 2.99297
4.99912 6.33802 1.25174e-07 140694 3.01801
5.01292 6.3422 1.24224e-07 140888 3.04308
5.02687 6.41172 1.24544e-07 143034 3.06855
5.04082 6.48738 1.2497e-07 143688 3.09416
5.05472 6.50771 1.2433e-07 143510 3.11983
5.06873 6.62974 1.25614e-07 147828 3.14586
5.08293 6.58876 1.23794e-07 147918 3.17236
5.09703 6.76011 1.25963e-07 148992 3.19883
5.11123 6.66558 1.23169e-07 150356 3.22565
5.12527 6.84845 1.25511e-07 147606 3.25229
5.13948 6.80823 1.23742e-07 156624 3.27943
5.15396 6.86808 1.2378e-07 153354 3.30723
5.16816 6.88866 1.23131e-07 153968 3.33463
5.18246 6.94724 1.23153e-07 155862 3.36239
5.19679 7.04241 1.2381e-07 157524 3.39035
5.21123 7.0951 1.23702e-07 159126 3.41871
5.22579 7.20807 1.24624e-07 162488 3.44743
5.24033 7.14424 1.22496e-07 159570 3.47629
5.25479 7.35425 1.25058e-07 164304 3.50516
5.26952 7.28377 1.22824e-07 165720 3.5347
5.28409 7.46901 1.24908e-07 162866 3.56411
5.29868 7.45427 1.23635e-07 169056 3.59372
5.31346 7.53801 1.23983e-07 167502 3.62388
5.32816 7.54897 1.23139e-07 169964 3.65402
5.34291 7.7064 1.24669e-07 170478 3.68446
5.35779 7.66424 1.22957e-07 175200 3.71533
5.37276 7.74684 1.23246e-07 173130 3.74656
5.38758 7.84038 1.23708e-07 175712 3.77764
5.4026 7.90689 1.2372e-07 177438 3.80932
5.41755 7.98289 1.23877e-07 178092 3.84105
5.43256 7.95153 1.22371e-07 179694 3.87305
5.44764 8.12849 1.24058e-07 182504 3.9054
5.4628 8.15462 1.23424e-07 182394 3.93809
5.47789 8.21664 1.23337e-07 184464 3.97083
5.49311 8.28776 1.23373e-07 186398 4.00402
5.50841 8.44132 1.24615e-07 188844 4.03756
5.52365 8.397 1.22938e-07 187230 4.07118
5.53901 8.54272 1.24034e-07 193776 4.10522
5.55452 8.51353 1.22577e-07 192218 4.1398
5.56983 8.8035 1.2571e-07 192408 4.17414
5.58522 8.6379 1.22328e-07 195510 4.20884
5.60076 8.93369 1.25467e-07 198404 4.24405
5.6164 8.81305 1.22742e-07 200310 4.27971
5.63203 9.06793 1.25243e-07 201216 4.31554
5.64768 8.94854 1.22569e-07 201618 4.35162
5.66335 9.23879 1.25497e-07 204680 4.38794
5.67898 9.0955 1.22534e-07 202770 4.42437
5.69478 9.37396 1.25237e-07 211800 4.46141
5.71065 9.36164 1.24032e-07 205718 4.4988
5.72637 9.54006 1.25358e-07 211452 4.53606
5.74229 9.35751 1.21939e-07 213150 4.574
5.75836 9.67868 1.25072e-07 217512 4.6125
5.77442 9.51368 1.21917e-07 214754 4.65121
5.79027 9.86384 1.25369e-07 215424 4.6896
5.80643 9.77008 1.23143e-07 224574 4.72899
5.82259 10.0861 1.2607e-07 218588 4.76858
5.83867 9.98908 1.23829e-07 223902 4.8082
5.85483 10.1913 1.25292e-07 224952 4.84824
5.87119 10.1593 1.23858e-07 230258 4.88899
5.88752 10.3226 1.24805e-07 227544 4.92989
5.90382 10.2982 1.23482e-07 231018 4.97095
5.92021 10.5192 1.25086e-07 234504 5.01248
5.93666 10.4855 1.23652e-07 233102 5.05438
5.95305 10.6359 1.24393e-07 236892 5.09635
5.96958 10.7733 1.24956e-07 238830 5.13893
5.98612 10.7986 1.24214e-07 241232 5.18175
6.00281 11.0771 1.26358e-07 243906 5.22522
6.01948 10.911 1.23432e-07 244704 5.26888
6.03618 11.1825 1.25456e-07 246698 5.31285
6.05287 11.1798 1.24391e-07 248664 5.35704
6.06975 11.3638 1.25386e-07 253494 5.40199
6.08663 11.3291 1.23967e-07 251522 5.44718
6.10345 11.6955 1.2692e-07 255336 5.49246
6.12039 11.526 1.24046e-07 257694 5.53833
6.13742 11.8046 1.2599e-07 260988 5.58467
6.15452 11.6888 1.23716e-07 261638 5.63148
6.17151 11.8933 1.24844e-07 262356 5.67825
6.18861 11.9951 1.24871e-07 266478 5.72559
6.20588 12.0346 1.2424e-07 272048 5.77366
6.22322 12.2276 1.2518e-07 269850 5.82219
6.24044 12.2797 1.24676e-07 272544 5.87064
6.25776 12.5218 1.26081e-07 275546 5.91967
6.27506 12.4442 1.24266e-07 275334 5.96889
6.29257 12.6977 1.25742e-07 285024 6.019
6.3102 12.6803 1.2452e-07 282242 6.06974
6.32759 12.9282 1.25911e-07 280800 6.12005
6.34509 12.9468 1.25051e-07 288330 6.17097
6.36273 13.0557 1.25057e-07 290024 6.2226
6.38041 13.2337 1.25712e-07 290598 6.27461
6.39805 13.1348 1.23742e-07 293748 6.3268
6.4159 13.5512 1.26603e-07 299582 6.37989
6.43369 13.4947 1.25033e-07 295914 6.4331
6.45145 13.8261 1.27048e-07 302352 6.48653
6.46945 13.778 1.25552e-07 305342 6.54098
6.48737 13.9192 1.25791e-07 305532 6.59549
6.50541 14.0902 1.26279e-07 310806 6.65067
6.52346 13.9144 1.23671e-07 310436 6.70617
6.54163 14.377 1.26722e-07 318006 6.76236
6.55978 14.3285 1.25248e-07 312846 6.81881
6.57792 14.5743 1.26346e-07 322508 6.87553
6.59626 14.6684 1.26104e-07 321318 6.9332
6.61457 14.7139 1.25447e-07 327204 6.9911
6.63294 14.9126 1.26089e-07 325766 7.04949
6.65129 14.9153 1.2507e-07 330246 7.10817
6.6698 15.2704 1.26985e-07 335868 7.16768
6.68842 15.2775 1.25985e-07 336710 7.22788
6.70692 15.4246 1.26149e-07 336636 7.28801
6.72554 15.5502 1.26123e-07 343542 7.34891
6.74416 15.6505 1.25888e-07 342092 7.41011
6.76288 15.9294 1.27071e-07 349446 7.47197
6.78171 15.9759 1.26383e-07 350118 7.53457
6.80049 16.2082 1.27161e-07 352628 7.59732
6.81946 16.3056 1.26861e-07 359334 7.66107
6.83836 16.3579 1.26215e-07 356364 7.72497
6.8573 16.7049 1.27827e-07 362990 7.78933
6.87632 16.704 1.26763e-07 364062 7.85434
6.8954 16.891 1.2712e-07 369756 7.91989
6.91452 17.138 1.27912e-07 368726 7.98596
6.93369 17.0746 1.26386e-07 375786 8.05255
6.95298 17.4877 1.28369e-07 378600 8.11995
6.97229 17.6665 1.28607e-07 379394 8.18777
6.99165 17.7299 1.27999e-07 386568 8.25619
7.01113 17.9196 1.28293e-07 386906 8.3254
7.03054 18.03 1.28017e-07 388950 8.39474
7.05003 18.3586 1.29273e-07 394512 8.46475
7.06964 18.3087 1.27851e-07 396818 8.53557
7.08927 18.4371 1.27681e-07 401112 8.60686
7.109 18.9207 1.29942e-07 404850 8.67894
7.12874 18.9304 1.28932e-07 405566 8.75143
7.14845 19.1341 1.29245e-07 409308 8.82422
7.16828 19.505 1.3066e-07 413766 8.89785
7.18818 19.5121 1.29625e-07 417050 8.97215
7.2082 19.7383 1.30037e-07 425232 9.04735
7.22829 19.9126 1.30095e-07 421862 9.12321
7.24825 20.0522 1.29928e-07 426402 9.199
7.26841 20.4531 1.31426e-07 434688 9.27596
7.28872 20.4914 1.30574e-07 436634 9.35391
7.30888 20.6916 1.30762e-07 434784 9.43177
7.32907 21.0377 1.31854e-07 441018 9.51013
7.34941 21.1906 1.31712e-07 447350 9.58953
7.36984 21.2972 1.31277e-07 449868 9.66974
7.3903 21.7112 1.3272e-07 453206 9.75049
7.4108 21.7953 1.32132e-07 456570 9.83185
7.4314 22.0663 1.32665e-07 463824 9.91407
7.45208 22.3365 1.33175e-07 463718 9.99706
7.47272 22.5624 1.3341e-07 468186 10.0804
7.49346 22.8891 1.34222e-07 473448 10.1645
7.51434 23.1465 1.34602e-07 479354 10.2497
7.5352 23.3176 1.34474e-07 477702 10.3353
7.55605 23.5894 1.34919e-07 485204 10.4214
7.5771 23.8057 1.35024e-07 491454 10.5087
7.59817 24.0501 1.35279e-07 491226 10.5966
7.61922 24.4191 1.36219e-07 497648 10.685
7.64048 24.7237 1.3677e-07 504930 10.7746
7.66167 24.9071 1.36644e-07 500358 10.8645
7.6828 25.2502 1.37387e-07 508652 10.9547
7.70418 25.6392 1.38345e-07 516390 11.0464
7.72557 25.7787 1.37946e-07 515642 11.1386
7.74695 26.1792 1.38933e-07 521880 11.2314
7.76853 26.6828 1.40428e-07 530850 11.3255
7.79012 26.8263 1.40013e-07 527054 11.4202
7.8116 27.0292 1.39911e-07 534156 11.5149
7.83338 27.6149 1.41754e-07 545150 11.6115
7.85521 27.8441 1.41743e-07 543474 11.7088
7.87691 28.1105 1.41919e-07 545310 11.8062
7.89874 28.5946 1.43169e-07 555788 11.9046
7.92074 28.985 1.43918e-07 559542 12.0043
7.94278 29.2807 1.4418e-07 564146 12.1048
7.96481 29.5788 1.44442e-07 566520 12.2058
7.98694 30.2865 1.46672e-07 573594 12.3078
8.00914 30.4459 1.46221e-07 577718 12.4108
8.03133 30.7722 1.46567e-07 579300 12.5142
8.05362 31.0076 1.46466e-07 586235 12.6187
8.07603 30.8883 1.44691e-07 585156 12.7243
8.09843 30.6814 1.42532e-07 582704 12.8305
8.12088 30.6534 1.41224e-07 584544 12.9375
8.14345 30.5953 1.39788e-07 585204 13.0456
8.16605 30.6406 1.38835e-07 582812 13.1546
8.18871 30.5248 1.37166e-07 584472 13.2644
8.21146 30.4612 1.35745e-07 584132 13.3753
8.23424 30.5785 1.3514e-07 582540 13.4869
8.25707 30.7223 1.34653e-07 582096 13.5993
8.28004 30.7031 1.33452e-07 586412 13.7132
8.30307 30.8603 1.33022e-07 581640 13.8279
8.32613 30.9728 1.32401e-07 583304 13.9434
8.34929 31.1046 1.31861e-07 583536 14.0601
8.37244 31.1558 1.30985e-07 578204 14.1774
8.39565 31.3034 1.30518e-07 582180 14.2956
8.41901 31.6107 1.30705e-07 582144 14.4153
8.44239 31.6005 1.2958e-07 578780 14.5357
8.46576 31.8731 1.29618e-07 577524 14.6568
8.48924 32.0873 1.2941e-07 579584 14.779
8.51287 32.2425 1.28956e-07 580752 14.9028
8.53655 32.6274 1.29412e-07 576896 15.0275
8.5602 32.86 1.29258e-07 575412 15.1527
8.58391 33.0778 1.29039e-07 575676 15.2791
8.60777 33.3195 1.28904e-07 576392 15.4068
8.63167 33.6704 1.29182e-07 574368 15.5355
8.6556 34.0118 1.29413e-07 572624 15.6651
8.67964 34.2978 1.2942e-07 574056 15.7959
8.70378 34.5961 1.29463e-07 572864 15.9281
8.72791 34.9949 1.29872e-07 568992 16.0609
8.75214 35.1585 1.29398e-07 572024 16.1951
8.77648 35.5186 1.29639e-07 569052 16.3306
8.80086 36.001 1.30311e-07 568236 16.467
8.82523 36.3658 1.30543e-07 563612 16.6042
8.84969 36.8166 1.31069e-07 567216 16.7427
8.8743 37.0909 1.3095e-07 564740 16.8828
8.89896 37.4491 1.31118e-07 563940 17.0239
8.92369 38.0012 1.31948e-07 562172 17.1662
8.9485 38.4304 1.32332e-07 561948 17.3097
8.97339 38.84 1.32632e-07 560084 17.4546
8.9983 39.2284 1.32849e-07 556764 17.6004
9.02321 39.8273 1.33764e-07 553976 17.7469
9.04824 40.0991 1.33562e-07 556344 17.895
9.07338 40.6421 1.34248e-07 552420 18.0446
9.09857 41.048 1.34466e-07 552200 18.1953
9.12381 41.6421 1.35283e-07 548880 18.3472
9.14913 42.0741 1.35555e-07 548696 18.5003
9.17454 42.6077 1.36136e-07 546948 18.6549
9.20009 43.2154 1.36931e-07 547364 18.8112
9.22565 43.619 1.37064e-07 540792 18.9684
9.2512 44.0718 1.37343e-07 540320 19.1264
9.27686 44.6361 1.3795e-07 538668 19.2861
9.30261 45.2737 1.38762e-07 537260 19.4471
9.32845 45.8493 1.39362e-07 534912 19.6096
9.35439 46.3812 1.39809e-07 534812 19.7737
9.38034 47.0325 1.40599e-07 527424 19.9386
9.40633 47.6301 1.41209e-07 528968 20.1048
9.43243 48.2392 1.4183e-07 525312 20.2727
9.45865 48.7192 1.42054e-07 525968 20.4422
9.48493 49.5671 1.43328e-07 520272 20.6131
9.51128 50.1134 1.43707e-07 520256 20.7853
9.53767 50.6066 1.4392e-07 514536 20.9589
9.56415 51.3058 1.44699e-07 515732 21.1339
9.59074 51.8371 1.44986e-07 510624 21.3106
9.61731 52.7668 1.46366e-07 507288 21.4883
9.64399 53.4004 1.46897e-07 505904 21.6676
9.67076 54.122 1.4765e-07 502608 21.8485
9.69767 54.9264 1.486e-07 502280 22.0314
9.72462 55.5129 1.48942e-07 496404 22.2156
9.75161 56.0172 1.4905e-07 494156 22.4011
9.77867 57.1607 1.50834e-07 490572 22.5881
9.80581 57.7743 1.5119e-07 487856 22.7767
9.83305 58.4184 1.51609e-07 485592 22.9671
9.86033 59.1322 1.52191e-07 479840 23.1587
9.88774 59.9525 1.53023e-07 480792 23.3524
9.91523 60.833 1.53982e-07 473276 23.5477
9.94267 61.6989 1.54884e-07 469716 23.7438
9.97028 62.7344 1.56179e-07 469388 23.9421
9.99798 63.4034 1.56536e-07 463164 24.1422
10.0257 64.1166 1.56986e-07 460964 24.3438
10.0536 65.2922 1.58539e-07 456404 24.5473
10.0815 65.9184 1.58735e-07 453096 24.7523
10.1095 67.1118 1.6027e-07 447944 24.9589
10.1375 67.9635 1.60961e-07 445104 25.1672
10.1657 68.7739 1.6153e-07 440876 25.3776
10.1939 70.1158 1.63316e-07 438372 25.5898
10.2223 70.4312 1.62691e-07 431156 25.8038
10.2506 71.9347 1.64791e-07 426816 26.0187
10.279 73.0237 1.65902e-07 424208 26.2357
10.3076 73.7232 1.66102e-07 420060 26.4551
10.3362 74.8385 1.67217e-07 414500 26.6762
10.3649 75.989 1.68383e-07 409044 26.8987
10.3936 77.2015 1.69655e-07 406184 27.1231
10.4225 78.2558 1.70543e-07 401808 27.3503
10.4515 79.5095 1.7184e-07 394448 27.5787
10.4804 81.0458 1.73713e-07 390564 27.8085
10.5095 81.9993 1.74301e-07 386420 28.0409
10.5387 83.2423 1.75476e-07 380148 28.2752
10.568 84.481 1.76614e-07 375116 28.5111
10.5973 85.4416 1.77142e-07 371108 28.7494
10.6268 86.8703 1.78612e-07 363588 28.9896
10.6563 88.3055 1.80058e-07 360704 29.2318
10.6859 89.6232 1.8123e-07 352920 29.4761
10.7155 90.7541 1.81997e-07 347888 29.7223
10.7453 92.3612 1.83685e-07 342564 29.9707
10.7751 93.7458 1.84894e-07 336104 30.221
10.805 95.138 1.86087e-07 329616 30.4733
10.835 97.1307 1.88413e-07 324044 30.7274
10.865 97.6751 1.87901e-07 317940 30.9838
10.8952 99.1854 1.89225e-07 311516 31.2428
10.9255 101.219 1.91502e-07 306920 31.5041
10.9559 102.607 1.92519e-07 297936 31.7675
10.9864 104.047 1.93601e-07 293684 32.0334
11.0169 105.689 1.95027e-07 284568 32.3008
11.0473 106.556 1.95007e-07 276704 32.5693
11.078 108.865 1.97579e-07 274896 32.8418
11.1089 110.245 1.98423e-07 263228 33.1168
11.1396 111.419 1.98878e-07 257720 33.3927
11.1706 112.915 1.99879e-07 250968 33.6716
11.2016 114.065 2.00243e-07 242276 33.9529
11.2326 115.762 2.01539e-07 236220 34.2362
11.2638 116.373 2.00925e-07 227624 34.5222
11.2952 117.415 2.01042e-07 221304 34.811
11.3265 118.099 2.00536e-07 212204 35.1021
11.3579 119.122 2.00605e-07 203168 35.394
11.3893 120.341 2.00982e-07 197955 35.6892
11.4211 120.095 1.98904e-07 190268 35.9884
11.4529 122.5 2.01202e-07 184188 36.2897
11.4846 123.367 2.0095e-07 176492 36.5924
11.5165 124.725 2.01481e-07 172200 36.8977
11.5486 126.978 2.03416e-07 166544 37.207
11.5807 129.154 2.05187e-07 160160 37.518
11.6127 130.946 2.06314e-07 155010 37.8307
11.6449 132.054 2.06339e-07 149948 38.1461
11.6773 134.679 2.08698e-07 145458 38.4648
11.7097 136.036 2.09052e-07 140444 38.7866
11.7423 139.227 2.12182e-07 135596 39.1106
11.7747 141.54 2.13927e-07 130308 39.4362
11.8074 142.736 2.13951e-07 126860 39.7648
11.8402 145.212 2.15854e-07 122748 40.098
11.8732 148.416 2.18785e-07 118076 40.4338
11.9062 150.522 2.20051e-07 113774 40.7716
11.9391 154.037 2.23329e-07 109236 41.1112
11.9722 157.036 2.25797e-07 105638 41.4534
12.0054 159.988 2.28136e-07 102174 41.7998
12.0389 161.81 2.28814e-07 98708 42.1505
12.0724 164.629 2.30867e-07 94310 42.5035
12.1059 169.177 2.35284e-07 90414 42.8577
12.1394 170.806 2.35584e-07 87398 43.2153
12.1731 176.127 2.40914e-07 83462 43.5758
12.2067 178.696 2.42413e-07 79902 43.9379
12.2406 182.627 2.45693e-07 77558 44.3049
12.2748 186.393 2.48673e-07 74094 44.6769
12.309 190.743 2.52358e-07 71006 45.0516
12.3433 193.941 2.54459e-07 67574 45.4289
12.3775 199.071 2.59029e-07 64368 45.8078
12.4118 201.694 2.60274e-07 61502 46.1894
12.446 205.685 2.63238e-07 58214 46.573
12.4804 211.867 2.68916e-07 55872 46.9597
12.515 213.72 2.69024e-07 53270 47.3516
12.5498 220.392 2.7512e-07 50742 47.7479
12.5848 223.887 2.77162e-07 48032 48.1477
12.6198 233.473 2.86628e-07 45638 48.551
12.6549 238.03 2.89795e-07 43008 48.9576
12.6901 237.926 2.87265e-07 40694 49.3673
12.7255 246.079 2.94639e-07 38408 49.781
12.7609 252.513 2.99834e-07 35958 50.1975
12.7963 261.529 3.07965e-07 33920 50.6172
12.8319 261.9 3.05845e-07 31622 51.0405
12.8675 272.493 3.15581e-07 29640 51.4665
12.9033 278.899 3.20323e-07 27662 51.8966
12.939 285.436 3.25122e-07 25568 52.3291
12.9748 295.57 3.33883e-07 23904 52.7651
13.0109 304.592 3.4122e-07 22118 53.2064
13.0469 307.965 3.42152e-07 20168 53.6491
13.083 319.973 3.52556e-07 18816 54.096
13.1194 329.175 3.59685e-07 17126 54.5488
13.1559 347.04 3.76059e-07 15680 55.0052
13.1925 347.189 3.73096e-07 14184 55.4658
13.2293 363.238 3.87098e-07 12854 55.9307
13.2663 364.93 3.85653e-07 11600 56.4017
13.3038 387.435 4.0599e-07 10428 56.8805
13.3412 397.256 4.12787e-07 9032 57.362
13.3781 412.448 4.25032e-07 7838 57.8399
13.4149 435.129 4.44726e-07 6816 58.3184
13.4517 438.301 4.44305e-07 5840 58.7992
13.4884 443.511 4.4593e-07 4952 59.2812
13.5246 464.658 4.63451e-07 4062 59.7599
13.5603 482.351 4.77305e-07 3368 60.2348
13.596 483.597 4.74773e-07 2744 60.7124
13.6318 511.932 4.98643e-07 2184 61.1931
13.6739 536.735 5.17992e-07 2192 61.7614
13.7179 536.001 5.1232e-07 1238 62.3597
13.7573 565.691 5.36068e-07 728 62.8983
13.7931 626.996 5.89545e-07 456 63.391
13.8288 636.596 5.93947e-07 248 63.8846
13.8642 630.787 5.84039e-07 104 64.3755
13.8983 630.366 5.79361e-07 24 64.852
13.93 728.112 6.6464e-07 1 65.2968
0.250339
1398
200
512
3.15759
0.502655 0.370496 7.19802e-06 6 0.00306796
0.710861 0.38101 2.61711e-06 12 0.00867751
0.870624 0.228668 8.54975e-07 8 0.0159416
1.00531 0.341949 8.30427e-07 6 0.0245437
1.12397 0.649204 1.12812e-06 24 0.0343009
1.23125 0.940304 1.243e-06 24 0.0450896
1.42172 1.08683 9.33163e-07 12 0.06942
1.50796 1.04527 7.52134e-07 30 0.082835
1.58953 1.02589 6.30274e-07 24 0.0970175
1.66712 0.65067 3.46499e-07 24 0.111928
1.74125 0.559101 2.61305e-07 8 0.127533
1.81235 0.714085 2.95982e-07 24 0.143802
1.88076 0.949723 3.52237e-07 48 0.16071
2.01062 0.903506 2.74272e-07 6 0.19635
2.0725 1.59546 4.42224e-07 48 0.215042
2.13258 1.119 2.84676e-07 36 0.234293
2.19102 1.51751 3.55985e-07 24 0.254086
2.24794 0.887031 1.92674e-07 24 0.274407
2.30345 1.13834 2.29813e-07 48 0.295242
2.35766 0.881624 1.65989e-07 24 0.31658
2.4625 1.45792 2.40906e-07 24 0.360717
2.51327 1.51189 2.34985e-07 30 0.383495
2.56305 2.21582 3.24717e-07 72 0.406733
2.61187 1.79139 2.4807e-07 32 0.430423
2.70688 1.53517 1.90981e-07 72 0.479123
2.75315 1.95976 2.31714e-07 48 0.504118
2.84345 0.416679 4.47205e-08 12 0.55536
2.88753 2.00336 2.05314e-07 48 0.581595
2.93096 1.75547 1.7203e-07 48 0.608231
2.97375 3.37714 3.16867e-07 48 0.635261
3.01593 1.47949 1.33073e-07 30 0.66268
3.05753 3.70431 3.19768e-07 24 0.690482
3.09857 3.14425 2.60779e-07 72 0.718663
3.17907 3.86759 2.97017e-07 24 0.77614
3.21856 2.54298 1.8819e-07 96 0.805426
3.25758 2.48842 1.77615e-07 48 0.835072
3.29613 2.55552 1.76078e-07 24 0.865073
3.33423 2.40129 1.59844e-07 24 0.895424
3.37191 2.09092 1.3457e-07 72 0.926123
3.40917 2.99508 1.8651e-07 48 0.957165
3.48249 1.5509 9.06052e-08 8 1.02026
3.51858 2.72932 1.54593e-07 54 1.05231
3.55431 3.65836 2.0103e-07 84 1.08469
3.58967 3.85781 2.05786e-07 48 1.11739
3.6247 2.51957 1.30542e-07 24 1.15042
3.65938 2.06491 1.03972e-07 72 1.18376
3.69374 4.16678 2.04005e-07 96 1.21742
3.76152 2.79535 1.29594e-07 48 1.28568
3.79496 4.49915 2.03118e-07 48 1.32027
3.82811 2.63781 1.1602e-07 24 1.35516
3.86096 3.82856 1.6413e-07 72 1.39036
3.92586 2.96081 1.20738e-07 72 1.46165
3.95791 3.02726 1.20474e-07 96 1.49774
4.02124 3.43506 1.30345e-07 6 1.5708
4.05253 3.60727 1.33733e-07 96 1.60776
4.08359 4.61205 1.67112e-07 96 1.645
4.11441 2.89789 1.0266e-07 24 1.68253
4.145 4.43163 1.53543e-07 48 1.72034
4.17536 4.16037 1.41023e-07 96 1.75842
4.20551 4.41046 1.46308e-07 48 1.79679
4.26517 4.8112 1.52998e-07 36 1.87434
4.29468 3.09917 9.65365e-08 48 1.91353
4.324 4.11469 1.2558e-07 120 1.95298
4.35312 4.2326 1.26604e-07 56 1.9927
4.38204 2.55214 7.48366e-08 24 2.03269
4.41078 5.59152 1.60777e-07 96 2.07294
4.43933 4.84493 1.36639e-07 48 2.11345
4.49588 4.85625 1.31855e-07 24 2.19525
4.52389 4.51217 1.20251e-07 102 2.23654
4.55173 8.50848 2.22619e-07 48 2.27809
4.5794 8.36714 2.14976e-07 72 2.31989
4.60691 5.24516 1.32364e-07 48 2.36194
4.63425 5.56101 1.37865e-07 48 2.40424
4.66143 5.23292 1.27476e-07 120 2.4468
4.71532 5.50667 1.29597e-07 24 2.53264
4.74204 6.11291 1.41447e-07 144 2.57594
4.7686 3.5977 8.18636e-08 120 2.61947
4.79502 6.35728 1.42279e-07 48 2.66325
4.84743 6.18043 1.33883e-07 48 2.75153
4.87342 6.91307 1.4737e-07 96 2.79603
4.92499 5.8339 1.20499e-07 24 2.88574
4.95058 6.48951 1.31973e-07 48 2.93094
4.97603 6.44091 1.28985e-07 108 2.97638
5.00135 4.95174 9.76641e-08 72 3.02206
5.02655 4.69491 9.12132e-08 30 3.06796
5.05162 6.60467 1.26415e-07 168 3.1141
5.07656 8.57089 1.61643e-07 48 3.16046
5.12609 9.77668 1.7909e-07 72 3.25387
5.15068 7.80675 1.40967e-07 96 3.30091
5.17515 5.89066 1.04866e-07 72 3.34818
5.1995 5.27471 9.25876e-08 72 3.39567
5.22374 8.2798 1.43322e-07 32 3.44338
5.24787 4.89727 8.36074e-08 72 3.49132
5.27189 6.02855 1.01521e-07 144 3.53948
5.34329 8.04614 1.30137e-07 96 3.68526
5.36688 4.51462 7.206e-08 96 3.73428
5.39037 5.89357 9.28457e-08 48 3.78353
5.41376 5.88501 9.15147e-08 72 3.83298
5.43704 7.69602 1.18146e-07 120 3.88265
5.46023 6.61592 1.00276e-07 72 3.93254
5.50631 12.88 1.9036e-07 48 4.03294
5.5292 10.8859 1.58897e-07 78 4.08346
5.552 7.33839 1.05801e-07 120 4.13418
5.57471 16.9284 2.41095e-07 48 4.18512
5.61985 7.47087 1.03857e-07 144 4.28761
5.64229 10.2798 1.41208e-07 144 4.33916
5.68689 5.24331 7.0343e-08 12 4.44288
5.70906 8.5996 1.14031e-07 144 4.49505
5.73115 12.8024 1.67806e-07 48 4.54742
5.75315 9.95953 1.29051e-07 120 4.59999
5.77506 5.00359 6.4099e-08 48 4.65276
5.7969 7.48697 9.48329e-08 48 4.70573
5.81865 9.16852 1.14834e-07 168 4.75891
5.86191 7.85679 9.62425e-08 48 4.86585
5.88342 6.89632 8.3554e-08 96 4.91961
5.90486 9.06589 1.08648e-07 96 4.97357
5.92621 8.26176 9.79446e-08 72 5.02773
5.94749 6.53161 7.66052e-08 48 5.08209
5.9687 10.0782 1.16945e-07 96 5.13663
5.98982 5.59188 6.42031e-08 48 5.19138
6.03186 10.4178 1.17128e-07 30 5.30144
6.05277 14.5582 1.61989e-07 96 5.35676
6.0736 11.6262 1.28038e-07 192 5.41227
6.09437 14.6426 1.59615e-07 56 5.46797
6.11506 15.7411 1.69853e-07 24 5.52386
6.13568 14.2964 1.52713e-07 168 5.57994
6.15624 8.31143 8.78959e-08 120 5.63621
6.19714 15.2197 1.57787e-07 72 5.7493
6.2175 7.76787 7.97434e-08 144 5.80613
6.23778 16.0578 1.63243e-07 96 5.86315
6.258 8.43728 8.49444e-08 96 5.92035
6.29825 13.4979 1.33305e-07 72 6.03531
6.31827 10.2658 1.00424e-07 96 6.09306
6.35814 16.5838 1.59197e-07 24 6.20912
6.37797 7.88554 7.49934e-08 192 6.26742
6.39775 10.644 1.00291e-07 108 6.3259
6.41747 10.9531 1.02255e-07 24 6.38457
6.43712 11.5187 1.06554e-07 96 6.44341
6.45672 10.3636 9.49978e-08 96 6.50243
6.47625 9.38032 8.5209e-08 120 6.56163
6.51515 10.3312 9.2176e-08 48 6.68057
6.53451 15.0056 1.32695e-07 78 6.74031
6.55382 14.9012 1.30611e-07 144 6.80023
6.57306 15.5649 1.35233e-07 120 6.86032
6.59226 6.22399 5.36051e-08 24 6.92058
6.61139 10.0298 8.56355e-08 168 6.98102
6.63047 17.986 1.52245e-07 144 7.04164
6.66847 8.26701 6.87875e-08 24 7.1634
6.68739 15.7103 1.29615e-07 48 7.22453
6.70625 14.6422 1.19786e-07 96 7.28584
6.72506 15.376 1.24736e-07 120 7.34733
6.74382 14.5058 1.16698e-07 72 7.40898
6.76253 10.156 8.10278e-08 120 7.47081
6.78118 16.1271 1.27609e-07 144 7.53281
6.81834 13.7708 1.07192e-07 48 7.65732
6.83684 15.57 1.20216e-07 192 7.71983
6.8553 18.6372 1.42739e-07 144 7.7825
6.8737 14.5435 1.10493e-07 48 7.84535
6.91036 11.6005 8.67392e-08 192 7.97155
6.92862 10.6865 7.92748e-08 48 8.0349
6.96499 15.3797 1.12312e-07 8 8.1621
6.99816 11.1085 7.99729e-08 288 8.27926
7.01919 17.9319 1.2794e-07 96 8.35414
7.03717 10.7426 7.60598e-08 54 8.41849
7.0551 18.8283 1.32295e-07 120 8.483
7.07298 23.4417 1.63464e-07 120 8.54767
7.10861 24.5474 1.68613e-07 84 8.67751
7.12636 20.5697 1.40237e-07 144 8.74267
7.14407 15.1355 1.02423e-07 72 8.80799
7.16173 17.7353 1.19131e-07 96 8.87348
7.19106 18.5648 1.23183e-07 144 8.98295
7.21445 15.2539 1.00233e-07 240 9.07091
7.24939 9.52603 6.16946e-08 24 9.20333
7.2668 18.8778 1.21384e-07 240 9.26978
7.28416 13.2544 8.46177e-08 96 9.33639
7.31012 14.6304 9.24106e-08 144 9.43656
7.33601 15.351 9.59396e-08 96 9.53717
7.35321 16.0804 9.97943e-08 72 9.60441
7.38749 12.5635 7.68882e-08 96 9.73936
7.40457 11.3697 6.9102e-08 96 9.80708
7.42916 13.9829 8.4143e-08 216 9.90512
7.4725 13.8242 8.17491e-08 192 10.0795
7.48939 17.4332 1.02395e-07 144 10.148
7.52305 11.0223 6.38751e-08 48 10.2854
7.53982 21.8943 1.26034e-07 150 10.3544
7.55656 21.2904 1.21745e-07 96 10.4235
7.57326 19.8879 1.12974e-07 120 10.4927
7.60179 25.0864 1.40906e-07 168 10.6118
7.62314 23.6705 1.31839e-07 240 10.7014
7.65621 13.4273 7.38221e-08 24 10.8413
7.68256 18.6562 1.01519e-07 360 10.9536
7.70555 36.0363 1.94343e-07 48 11.0523
7.72193 19.121 1.02464e-07 72 11.1229
7.74479 20.1745 1.07155e-07 240 11.222
7.81103 17.7665 9.19849e-08 276 11.5124
7.83561 18.323 9.39763e-08 104 11.6214
7.85172 18.3068 9.33165e-08 72 11.6932
7.87519 19.2071 9.70325e-08 312 11.7984
7.91582 17.5696 8.74006e-08 96 11.9819
7.93971 19.591 9.65791e-08 288 12.0908
7.96355 20.4909 1.00111e-07 168 12.2
7.99521 16.0828 7.76444e-08 48 12.3461
8.011 19.2687 9.24766e-08 192 12.4194
8.05769 24.5648 1.15857e-07 198 12.6378
8.07383 27.204 1.27536e-07 96 12.7139
8.09726 24.8927 1.15691e-07 192 12.8249
8.12064 24.6614 1.13628e-07 216 12.9363
8.13618 20.314 9.30625e-08 72 13.0107
8.16717 19.1359 8.66708e-08 96 13.16
8.19364 26.0419 1.16811e-07 336 13.2884
8.21345 17.9168 7.97856e-08 48 13.385
8.24287 27.222 1.19929e-07 288 13.5293
8.25946 22.9123 1.00335e-07 192 13.6112
8.29 29.2108 1.26508e-07 48 13.7627
8.30522 28.9174 1.2455e-07 96 13.8387
8.32731 22.2851 9.52228e-08 264 13.9494
8.35073 23.975 1.01584e-07 96 14.0674
8.3764 27.2258 1.143e-07 240 14.1975
8.42353 21.054 8.69147e-08 288 14.4385
8.44101 18.1112 7.43025e-08 96 14.5286
8.45596 17.9255 7.31514e-08 72 14.6059
8.49216 21.9243 8.83303e-08 336 14.7943
8.54127 30.3683 1.20252e-07 138 15.0525
8.5599 28.363 1.1158e-07 240 15.1512
8.57955 33.4491 1.30687e-07 144 15.2558
8.61048 23.5381 9.09765e-08 384 15.4214
8.65698 29.9152 1.13771e-07 312 15.6725
8.67717 35.5423 1.34231e-07 72 15.7824
8.69499 24.5408 9.21132e-08 248 15.8799
8.72942 24.8263 9.20865e-08 240 16.0693
8.76409 17.2202 6.31188e-08 24 16.2615
8.77849 20.8556 7.60683e-08 192 16.3418
8.79618 26.3445 9.55098e-08 312 16.4408
8.83014 26.4322 9.47264e-08 240 16.6319
8.85015 19.0214 6.77063e-08 96 16.7453
8.87865 23.6939 8.35285e-08 48 16.9076
8.90372 26.1019 9.12423e-08 408 17.0512
8.92124 28.8373 1.00212e-07 144 17.152
8.94951 41.9441 1.44382e-07 120 17.3157
8.96362 24.9035 8.53197e-08 144 17.3977
9.00452 26.0457 8.80225e-08 264 17.6369
9.02681 29.4347 9.87407e-08 192 17.7682
9.04779 19.113 6.36711e-08 102 17.8924
9.07025 35.7567 1.18233e-07 432 18.0259
9.10347 30.0137 9.81611e-08 48 18.2247
9.12079 27.4076 8.91278e-08 384 18.329
9.1519 28.3425 9.12312e-08 144 18.5172
9.18009 31.2231 9.95807e-08 264 18.6888
9.22295 29.2364 9.19506e-08 144 18.9518
9.24727 26.9318 8.40361e-08 324 19.1021
9.28041 34.6916 1.07093e-07 384 19.3082
9.29572 26.5301 8.14948e-08 216 19.4039
9.32887 34.9785 1.06305e-07 216 19.6123
9.35667 31.4212 9.46453e-08 240 19.7881
9.39037 34.3942 1.02489e-07 168 20.0027
9.40381 27.8196 8.25426e-08 240 20.0887
9.44254 29.9204 8.76882e-08 216 20.3379
9.46184 28.654 8.34639e-08 288 20.4629
9.48939 29.0122 8.37733e-08 240 20.6422
9.51068 34.4415 9.87842e-08 72 20.7814
9.54398 35.2239 9.99742e-08 246 21.0005
9.56795 31.649 8.91545e-08 320 21.1591
9.60101 42.9452 1.1973e-07 288 21.3792
9.61635 44.0183 1.22136e-07 144 21.4818
9.65568 37.419 1.02561e-07 288 21.7465
9.67622 37.4491 1.01992e-07 336 21.8855
9.70415 33.1233 8.94334e-08 168 22.0756
9.72088 37.0315 9.94704e-08 336 22.19
9.75547 30.2964 8.05166e-08 288 22.4277
9.77625 37.3949 9.87495e-08 264 22.5713
9.81143 31.6025 8.25589e-08 240 22.8159
9.8243 34.2175 8.90396e-08 96 22.9058
9.86024 24.6841 6.35323e-08 120 23.1581
9.88236 31.7828 8.1255e-08 408 23.3143
9.91926 39.4585 9.97566e-08 456 23.5765
9.95206 29.0844 7.28051e-08 108 23.8111
9.9705 33.0694 8.23219e-08 264 23.9437
9.99351 38.412 9.49626e-08 264 24.1099
10.025 42.985 1.05269e-07 312 24.3386
10.0643 45.1888 1.09377e-07 270 24.6255
10.0807 38.5919 9.2953e-08 240 24.7464
10.1103 36.7223 8.76764e-08 384 24.9648
10.1282 28.9464 6.87441e-08 192 25.098
10.1697 43.1451 1.01216e-07 432 25.4077
10.1904 42.1804 9.83509e-08 144 25.563
10.2213 39.1158 9.03795e-08 480 25.7966
10.2604 40.0159 9.14071e-08 216 26.0935
10.2853 36.4119 8.25718e-08 312 26.284
10.3082 43.7531 9.85608e-08 216 26.4597
10.335 39.6825 8.86963e-08 192 26.667
10.3681 40.7935 9.03091e-08 624 26.924
10.3941 43.0176 9.45192e-08 120 27.1273
10.4163 43.6233 9.52385e-08 336 27.3015
10.4574 40.6667 8.77427e-08 176 27.6254
10.4747 41.6645 8.94513e-08 384 27.7625
10.5085 39.249 8.34544e-08 408 28.0323
10.5438 36.2248 7.62531e-08 144 28.3158
10.564 41.0541 8.59231e-08 486 28.4792
10.6035 54.1615 1.12094e-07 96 28.7998
10.6154 42.7308 8.81391e-08 384 28.897
10.6571 48.2831 9.84268e-08 492 29.2389
10.6866 44.4335 8.98327e-08 384 29.482
10.7102 43.4618 8.7288e-08 168 29.6779
10.7506 45.746 9.08446e-08 504 30.0147
10.7714 43.6398 8.61608e-08 240 30.1893
10.7949 42.7189 8.37918e-08 456 30.3877
10.836 46.6318 9.04307e-08 264 30.736
10.8632 43.8579 8.44144e-08 384 30.9679
10.8921 40.773 7.78526e-08 432 31.2162
10.9282 42.774 8.08683e-08 216 31.527
10.9474 39.1116 7.35548e-08 360 31.6939
10.9817 40.7937 7.60022e-08 312 31.9924
11.0218 37.1855 6.85262e-08 240 32.3442
11.0425 49.8761 9.13968e-08 414 32.5268
11.0763 45.9856 8.34989e-08 552 32.8262
11.1116 45.2198 8.1328e-08 360 33.1412
11.1349 43.4213 7.76032e-08 432 33.3505
11.1687 45.8816 8.12595e-08 480 33.6546
11.2059 47.4502 8.32019e-08 288 33.9926
11.2302 42.3631 7.38019e-08 312 34.2137
11.2562 52.5922 9.09889e-08 360 34.4519
11.2995 47.1775 8.06862e-08 576 34.8511
11.3354 48.8506 8.27558e-08 464 35.1845
11.3515 42.1515 7.1103e-08 192 35.335
11.3899 50.0065 8.35034e-08 396 35.6946
11.4181 43.4257 7.19786e-08 432 35.9603
11.4446 61.4036 1.01071e-07 240 36.2115
11.4797 54.216 8.84261e-08 624 36.5449
11.5178 50.2364 8.11243e-08 504 36.9103
11.5584 48.8789 7.81029e-08 198 37.3022
11.5777 50.6529 8.05346e-08 600 37.4888
11.6115 49.2418 7.76086e-08 384 37.8185
11.6469 51.2818 8.0088e-08 432 38.1659
11.6775 46.4133 7.19163e-08 336 38.4676
11.7053 46.6962 7.18405e-08 336 38.7429
11.7408 58.0132 8.84441e-08 744 39.0965
11.7788 56.0684 8.46551e-08 624 39.4771
11.8151 66.1429 9.89499e-08 192 39.8426
11.837 54.976 8.17874e-08 432 40.0652
11.8692 50.0337 7.38316e-08 504 40.3925
11.9071 55.3839 8.09475e-08 336 40.7812
11.9357 58.116 8.43316e-08 456 41.0757
11.961 61.1833 8.82202e-08 408 41.3376
11.9967 56.0213 8.00582e-08 696 41.7088
12.0375 59.3352 8.39349e-08 384 42.1357
12.0797 55.0629 7.70781e-08 330 42.5803
12.1079 62.6825 8.71317e-08 624 42.8796
12.1368 61.2173 8.44895e-08 384 43.1869
12.1679 61.0748 8.36486e-08 728 43.5194
12.2048 70.2814 9.53858e-08 432 43.9174
12.2458 59.7317 8.02575e-08 696 44.3608
12.2726 60.1424 8.02811e-08 408 44.6527
12.3135 59.243 7.82938e-08 456 45.1014
12.336 58.7815 7.72605e-08 408 45.3485
12.3706 62.7644 8.18046e-08 528 45.7315
12.4155 59.6455 7.68997e-08 576 46.231
12.4491 62.3294 7.97105e-08 672 46.6077
12.4869 68.7041 8.70671e-08 384 47.0337
12.5204 63.0788 7.92984e-08 600 47.4132
12.5516 64.4065 8.03665e-08 294 47.7677
12.5804 69.0159 8.55268e-08 600 48.098
12.6134 65.2789 8.02632e-08 768 48.4771
12.6565 66.8945 8.14118e-08 648 48.976
12.6923 64.1606 7.74262e-08 408 49.3924
12.7292 66.621 7.96976e-08 552 49.8248
12.7636 68.9393 8.18056e-08 648 50.2301
12.8023 57.5553 6.768e-08 348 50.688
12.8251 68.7945 8.04662e-08 744 50.9589
12.8679 78.9966 9.14794e-08 672 51.4713
12.9036 62.2899 7.15353e-08 456 51.9012
12.9334 73.6424 8.3991e-08 600 52.2607
12.9695 70.0407 7.92176e-08 744 52.6997
13.006 71.7436 8.04614e-08 288 53.1466
13.0495 66.3257 7.36453e-08 704 53.6806
13.081 75.1 8.27861e-08 678 54.0708
13.1208 65.7801 7.1854e-08 648 54.5662
13.1596 74.7662 8.09493e-08 648 55.0519
13.1964 74.3359 7.98126e-08 696 55.5145
13.2284 68.2189 7.27152e-08 696 55.9191
13.2734 71.4164 7.5352e-08 552 56.4915
13.3052 73.7292 7.72346e-08 840 56.8994
13.3506 74.6708 7.74268e-08 600 57.4831
13.3849 80.1793 8.25013e-08 696 57.9271
13.4246 73.3497 7.48055e-08 672 58.4447
13.4567 71.7106 7.26126e-08 552 58.8642
13.5 74.3647 7.45776e-08 492 59.4345
13.5339 75.3535 7.5003e-08 840 59.8832
13.5717 73.8408 7.28846e-08 606 60.3866
13.6079 74.7881 7.32317e-08 936 60.8715
13.6493 77.1607 7.48694e-08 528 61.4288
13.6785 82.3137 7.93597e-08 696 61.8233
13.7222 88.0285 8.40606e-08 648 62.4181
13.7547 76.7675 7.27887e-08 936 62.8628
13.799 80.0454 7.51682e-08 384 63.4721
13.8245 78.9109 7.3693e-08 864 63.825
13.8698 76.2082 7.04749e-08 768 64.4536
13.9077 86.8828 7.96907e-08 528 64.984
13.9468 80.5827 7.32923e-08 776 65.5335
13.985 78.6565 7.09563e-08 960 66.0729
14.0235 87.7565 7.85148e-08 696 66.6204
14.0543 79.615 7.07627e-08 582 67.0611
14.104 91.1554 8.0167e-08 1008 67.7746
14.1396 86.5698 7.55597e-08 408 68.2898
14.1747 85.267 7.38716e-08 960 68.7993
14.2207 89.238 7.6564e-08 852 69.4712
14.2588 85.2474 7.25561e-08 912 70.0305
14.3027 90.6251 7.64244e-08 1032 70.68
14.3334 94.652 7.93094e-08 384 71.1354
14.3782 92.8941 7.71102e-08 864 71.8053
14.4126 89.2592 7.35636e-08 840 72.3219
14.4524 85.3245 6.97422e-08 912 72.9219
14.5014 99.3054 8.03493e-08 792 73.6667
14.5381 89.1354 7.15763e-08 744 74.2268
14.583 92.9265 7.39331e-08 726 74.9171
14.6171 91.5745 7.23488e-08 984 75.4438
14.6557 90.2889 7.07711e-08 912 76.0429
14.6984 96.2612 7.47969e-08 1104 76.7092
14.7399 91.007 7.01183e-08 744 77.3612
14.79 94.8829 7.23639e-08 968 78.1531
14.8189 91.0312 6.90214e-08 672 78.6116
14.8602 94.9076 7.13616e-08 984 79.2714
14.9075 91.2487 6.79597e-08 840 80.0305
14.945 99.4838 7.35369e-08 1092 80.6357
14.993 100.705 7.37272e-08 840 81.415
15.0265 100.417 7.30256e-08 720 81.9621
15.0728 95.1369 6.85506e-08 1110 82.7214
15.1154 108.517 7.7532e-08 1056 83.4253
15.1542 98.951 7.01557e-08 888 84.0693
15.1982 116.394 8.18081e-08 936 84.8037
15.2384 91.2808 6.36502e-08 912 85.479
15.2828 102.098 7.05746e-08 1104 86.2279
15.3261 104.62 7.1707e-08 912 86.963
15.3668 111.249 7.56456e-08 1104 87.6584
15.413 106.192 7.15599e-08 1128 88.4511
15.4559 103.288 6.90252e-08 768 89.1909
15.4907 105.856 7.02659e-08 888 89.7945
15.5324 106.521 7.01382e-08 1224 90.5232
15.5906 110.266 7.17947e-08 750 91.5437
15.6187 108.859 7.04969e-08 1092 92.0395
15.6685 110.424 7.08311e-08 1472 92.922
15.7176 115.85 7.3617e-08 792 93.7986
15.755 111.257 7.01957e-08 1080 94.4704
15.7999 116.451 7.28484e-08 1584 95.2806
15.8457 115.855 7.18486e-08 624 96.1121
15.8875 110.929 6.8252e-08 1248 96.8745
15.9288 99.4326 6.07042e-08 888 97.6315
15.9759 111.871 6.76961e-08 912 98.4994
16.0166 121.31 7.28493e-08 1368 99.2546
16.0594 112.929 6.72753e-08 960 100.053
16.1064 119.504 7.05705e-08 1542 100.934
16.1587 120.285 7.03441e-08 1152 101.921
16.2027 127.482 7.39482e-08 1008 102.755
16.2458 124.343 7.15552e-08 1248 103.576
16.2838 120.127 6.86454e-08 1056 104.306
16.329 131.112 7.43021e-08 1188 105.177
16.3776 130.058 7.30508e-08 1152 106.119
16.4263 122.623 6.8264e-08 1560 107.068
16.4754 130.381 7.19356e-08 1128 108.031
16.5151 135.009 7.39536e-08 1152 108.814
16.5586 142.9 7.76613e-08 920 109.675
16.6046 121.01 6.52191e-08 1470 110.593
16.6539 137.034 7.32019e-08 1200 111.58
16.7007 124.115 6.57448e-08 1440 112.524
16.7407 130.508 6.86366e-08 1224 113.334
16.7902 135.056 7.04029e-08 1296 114.342
16.8432 133.573 6.89744e-08 1560 115.428
16.8896 140.844 7.21301e-08 1272 116.386
16.9285 135.028 6.86763e-08 1080 117.192
16.975 138.193 6.97104e-08 1368 118.159
17.0245 141.964 7.09904e-08 1248 119.195
17.0763 127.205 6.30322e-08 1194 120.288
17.1189 137.395 6.75747e-08 1752 121.19
17.1714 137.712 6.71114e-08 1392 122.308
17.2134 140.874 6.81512e-08 1440 123.208
17.266 144.208 6.91272e-08 1488 124.342
17.3158 142.229 6.7593e-08 1248 125.42
17.3578 152.718 7.20522e-08 1512 126.335
17.4059 150.753 7.05373e-08 1112 127.388
17.4584 142.551 6.60996e-08 1848 128.544
17.5012 152.706 7.02906e-08 1224 129.491
17.5513 149.565 6.82557e-08 1536 130.609
17.6038 147.668 6.67886e-08 1638 131.784
17.652 148.73 6.67202e-08 1392 132.868
17.7 152.995 6.80766e-08 1632 133.955
17.756 150.764 6.64512e-08 1452 135.231
17.7986 152.807 6.68688e-08 1680 136.207
17.8449 157.703 6.84758e-08 1320 137.273
17.893 146.101 6.29276e-08 1752 138.386
17.9488 158.653 6.76986e-08 1776 139.685
18.0029 172.854 7.30957e-08 1104 140.951
18.0415 159.997 6.72256e-08 1728 141.859
18.0953 155.161 6.46136e-08 1446 143.133
18.1443 161.604 6.67533e-08 1920 144.298
18.201 161.718 6.61773e-08 1896 145.656
18.2474 162.025 6.57993e-08 1176 146.771
18.2919 166.694 6.72019e-08 1856 147.849
18.3431 171.895 6.87204e-08 1896 149.093
18.3976 173.182 6.86214e-08 1464 150.426
18.4552 164.041 6.43927e-08 1968 151.843
18.5038 173.946 6.77443e-08 1548 153.046
18.5557 172.211 6.65078e-08 1944 154.337
18.6063 171.491 6.56902e-08 1470 155.604
18.6575 177.102 6.72829e-08 1920 156.891
18.7093 176.381 6.64534e-08 2184 158.203
18.7648 181.117 6.76341e-08 1464 159.615
18.809 180.166 6.68058e-08 1608 160.745
18.8624 190.243 6.9945e-08 1944 162.119
18.9166 182.266 6.64381e-08 1872 163.519
18.9683 190.758 6.89668e-08 2256 164.863
19.021 193.9 6.95206e-08 1632 166.243
19.0776 178.044 6.32696e-08 1542 167.73
19.1277 200.129 7.05605e-08 2216 169.055
19.1825 187.35 6.5491e-08 2052 170.511
19.2349 185.726 6.43941e-08 1680 171.912
19.2854 194.296 6.68373e-08 2280 173.27
19.3414 191.288 6.52324e-08 1968 174.785
19.3966 192.368 6.50424e-08 2016 176.286
19.4477 201.622 6.76353e-08 1968 177.682
19.5069 199.007 6.61515e-08 1920 179.312
19.5637 194.101 6.39612e-08 2400 180.88
19.6219 195.934 6.39924e-08 1974 182.499
19.6656 199.848 6.48357e-08 1944 183.724
19.7215 197.922 6.36668e-08 1920 185.294
19.7735 204.757 6.53477e-08 2280 186.762
19.826 203.115 6.43096e-08 1968 188.255
19.8834 209.577 6.57828e-08 2220 189.894
19.9402 216.304 6.73155e-08 2352 191.527
19.9979 209.029 6.44897e-08 1968 193.195
20.0514 210.895 6.45465e-08 2504 194.749
20.1114 217.465 6.59634e-08 2118 196.502
20.1661 202.345 6.08789e-08 2352 198.11
20.2215 212.218 6.3326e-08 2136 199.747
20.2758 222.522 6.58684e-08 2112 201.361
20.3301 225.63 6.62551e-08 2472 202.983
20.3859 219.439 6.39094e-08 2376 204.658
20.4424 232.073 6.70301e-08 2304 206.365
20.5033 223.657 6.40248e-08 2448 208.216
20.5597 219.444 6.23039e-08 2280 209.937
20.6226 227.007 6.3863e-08 2466 211.87
20.6734 237.514 6.63279e-08 2256 213.439
20.7288 238.926 6.6188e-08 2472 215.161
20.7863 236.731 6.50375e-08 2856 216.956
20.844 229.174 6.244e-08 2112 218.768
20.9062 244.494 6.60211e-08 2720 220.732
20.9635 237.009 6.34762e-08 2136 222.553
21.0141 228.027 6.06307e-08 2736 224.168
21.0763 255.793 6.74136e-08 2376 226.163
21.1384 245.575 6.41513e-08 3126 228.17
21.2027 244.467 6.3283e-08 2568 230.257
21.2496 246.534 6.33962e-08 2112 231.79
21.3097 252.432 6.43655e-08 2748 233.76
21.3717 253.812 6.41555e-08 2928 235.808
21.4282 262.765 6.58949e-08 2640 237.682
21.4925 265.967 6.61004e-08 2856 239.83
21.5495 263.975 6.50864e-08 2352 241.742
21.6105 267.275 6.53439e-08 2910 243.8
21.6685 273.53 6.63374e-08 2784 245.769
21.731 255.024 6.13171e-08 2952 247.902
21.7905 268.213 6.39612e-08 2696 249.944
21.8483 266.82 6.31254e-08 3264 251.938
21.9108 270.698 6.34968e-08 2472 254.105
21.9713 280.96 6.53607e-08 3024 256.217
22.0383 276.909 6.3833e-08 2964 258.567
22.0973 282.788 6.46672e-08 2910 260.65
22.1561 279.133 6.33246e-08 2880 262.736
22.2134 276.969 6.23484e-08 3216 264.78
22.2831 293.237 6.5393e-08 3096 267.281
22.3394 282.551 6.25349e-08 2880 269.312
22.4021 285.866 6.27387e-08 2904 271.586
22.465 288.786 6.28488e-08 3504 273.879
22.5286 299.951 6.47272e-08 3168 276.212
22.5974 292.286 6.24988e-08 3054 278.751
22.6529 302.138 6.41318e-08 3032 280.809
22.7152 298.188 6.27739e-08 3000 283.134
22.7794 294.12 6.13959e-08 3780 285.539
22.8468 300.227 6.21171e-08 3504 288.084
22.9105 307.099 6.30107e-08 2904 290.498
22.9708 318.879 6.49139e-08 3336 292.798
23.0336 299.184 6.04074e-08 3144 295.208
23.0969 307.735 6.16245e-08 3414 297.648
23.1662 308.619 6.12488e-08 3552 300.335
23.2215 321.467 6.33436e-08 2928 302.492
23.2818 320.277 6.26203e-08 3840 304.853
23.3508 330.637 6.40743e-08 3312 307.573
23.4144 328.914 6.32228e-08 3432 310.09
23.4796 341.181 6.50355e-08 3596 312.69
23.5507 334.465 6.31794e-08 4224 315.54
23.6216 329.952 6.17675e-08 3294 318.398
23.6816 345.398 6.41693e-08 3792 320.828
23.7459 341.891 6.30027e-08 3528 323.451
23.8201 339.343 6.19509e-08 3984 326.491
23.8821 347.773 6.29966e-08 3768 329.048
23.9469 360.72 6.48128e-08 3672 331.734
24.0113 344.502 6.14025e-08 3384 334.415
24.0749 364.308 6.44188e-08 3648 337.082
24.145 352.996 6.1877e-08 4098 340.033
24.211 371.466 6.4583e-08 4008 342.832
24.2803 370.441 6.3855e-08 4032 345.784
24.3436 369.312 6.31652e-08 3800 348.494
24.4106 356.558 6.04834e-08 3816 351.378
24.4813 368.299 6.19354e-08 4248 354.439
24.548 370.368 6.17764e-08 3720 357.347
24.616 369.467 6.11174e-08 4254 360.322
24.6841 388.081 6.36665e-08 4224 363.321
24.7539 387.322 6.30059e-08 4368 366.413
24.8247 380.198 6.13194e-08 4104 369.566
24.8945 377.933 6.04432e-08 4500 372.69
24.9619 407.589 6.4659e-08 3480 375.728
25.03 394.341 6.2048e-08 5328 378.813
25.1021 386.275 6.02566e-08 3342 382.096
25.1673 402.705 6.23326e-08 4800 385.081
25.2417 399.997 6.13676e-08 4184 388.506
25.3083 391.164 5.95397e-08 5064 391.59
25.3801 425.673 6.42441e-08 4032 394.932
25.4501 420.407 6.2928e-08 4632 398.205
25.522 428.072 6.35352e-08 4680 401.59
25.5928 433.587 6.38211e-08 3924 404.941
25.6619 428.064 6.25004e-08 5166 408.231
25.7329 442.758 6.41122e-08 4800 411.629
25.8063 432.821 6.21398e-08 4560 415.163
25.8751 441.078 6.28216e-08 4584 418.491
25.947 436.179 6.16092e-08 4848 421.987
26.0156 448.231 6.28119e-08 4560 425.344
26.0959 468.046 6.49846e-08 5600 429.297
26.1678 462.965 6.37505e-08 4686 432.857
26.2409 454.302 6.20365e-08 5016 436.494
26.3159 457.854 6.19888e-08 4956 440.244
26.3821 454.223 6.10356e-08 4872 443.574
26.458 459.187 6.11729e-08 5376 447.415
26.5341 468.343 6.18575e-08 5088 451.286
26.6057 467.543 6.12548e-08 4710 454.948
26.6772 463.025 6.01762e-08 4848 458.627
26.7491 475.228 6.12656e-08 5976 462.345
26.825 514.3 6.57413e-08 5208 466.292
26.9003 502.319 6.36719e-08 5352 470.232
26.975 491.695 6.18089e-08 4820 474.16
27.0465 496.004 6.18576e-08 5760 477.938
27.1221 510.69 6.31575e-08 5166 481.962
27.1993 511.538 6.27258e-08 6168 486.084
27.2764 506.239 6.15511e-08 5136 490.23
27.3523 522.525 6.30034e-08 6240 494.337
27.4326 509.989 6.09533e-08 5568 498.705
27.507 505.319 5.99068e-08 5712 502.77
27.5818 535.491 6.2969e-08 5520 506.881
27.6605 529.114 6.16892e-08 5670 511.235
27.7351 522.106 6.03824e-08 6036 515.381
27.8136 535.915 6.14561e-08 6264 519.77
27.8936 558.934 6.35461e-08 5912 524.266
27.967 538.255 6.07142e-08 5736 528.419
28.0414 548.001 6.13231e-08 5400 532.644
28.1205 549.54 6.09772e-08 6342 537.17
28.2012 555.951 6.11608e-08 7032 541.806
28.2802 554.66 6.05091e-08 5448 546.369
28.3553 573.312 6.20477e-08 6528 550.738
28.4381 570.202 6.11739e-08 6468 555.575
28.5189 603.662 6.42151e-08 6528 560.32
28.5929 586.059 6.18594e-08 5568 564.698
28.6695 593.267 6.21198e-08 6798 569.246
28.7556 575.776 5.97481e-08 6560 574.393
28.8326 601.928 6.19633e-08 6888 579.015
28.9133 604.943 6.17533e-08 6624 583.894
28.9929 622.109 6.29844e-08 6288 588.726
29.0725 614.393 6.16931e-08 6960 593.594
29.1573 606.126 6.03337e-08 6570 598.802
29.2314 598.579 5.91306e-08 6600 603.378
29.315 634.543 6.21485e-08 7776 608.57
29.4037 643.527 6.24599e-08 7248 614.109
29.4863 633.785 6.0999e-08 6672 619.297
29.5638 655.457 6.259e-08 6704 624.194
29.6425 650.061 6.15816e-08 6942 629.192
29.7261 648.792 6.09438e-08 7656 634.535
29.8087 669.476 6.23657e-08 7128 639.837
29.8956 676.173 6.24417e-08 7908 645.45
29.977 657.252 6.02016e-08 6648 650.735
30.0528 674.561 6.13204e-08 7320 655.686
30.1423 693.064 6.2443e-08 7638 661.561
30.2243 686.387 6.13394e-08 7416 666.975
30.3042 680.325 6.03181e-08 7752 672.278
30.3935 688.789 6.0532e-08 8448 678.237
30.4801 707.602 6.16563e-08 7280 684.056
30.5639 708.753 6.12506e-08 7668 689.707
30.6478 723.327 6.19976e-08 8094 695.409
30.7311 715.779 6.08531e-08 7656 701.094
30.8164 725.827 6.11967e-08 8160 706.945
30.9021 716.803 5.99341e-08 8472 712.863
30.9914 708.521 5.8731e-08 7896 719.06
31.0735 762.02 6.26662e-08 8088 724.791
31.1605 759.006 6.18974e-08 8286 730.892
31.2495 769.209 6.2195e-08 8676 737.172
31.3345 762.182 6.11264e-08 8120 743.208
31.4202 764.756 6.08322e-08 9024 749.323
31.5091 765.22 6.03555e-08 8160 755.701
31.5932 794.906 6.21975e-08 7944 761.768
31.6802 800.113 6.20908e-08 8982 768.076
31.7688 792.125 6.09578e-08 9528 774.541
31.8602 804.723 6.13962e-08 8832 781.241
31.9516 806.642 6.10161e-08 8916 787.982
32.039 808.637 6.06674e-08 9240 794.471
32.1273 833.037 6.19844e-08 8496 801.054
32.2155 835.308 6.16444e-08 9422 807.669
32.303 855.261 6.2605e-08 8976 814.273
32.3931 834.081 6.05466e-08 9432 821.104
32.4832 855.036 6.15531e-08 9864 827.97
32.5757 859.54 6.13514e-08 9024 835.068
32.6663 872.833 6.17832e-08 9762 842.056
32.7552 854.611 6.00021e-08 9264 848.95
32.8445 881.258 6.137e-08 10056 855.908
32.9357 906.058 6.25743e-08 9936 863.059
33.0325 883.958 6.05126e-08 9624 870.695
33.1183 888.237 6.03341e-08 9752 877.498
33.2122 918.101 6.18355e-08 10446 884.978
33.3054 908.383 6.06689e-08 10056 892.448
33.3956 926.986 6.14108e-08 9876 899.722
33.491 934.353 6.13715e-08 11160 907.454
33.5844 929.761 6.05617e-08 10128 915.069
33.6785 952.627 6.15323e-08 9726 922.784
33.7682 945.435 6.05825e-08 11112 930.175
33.8643 928.346 5.89826e-08 10776 938.136
33.9552 973.669 6.13667e-08 10232 945.711
34.0498 984.456 6.15308e-08 11184 953.639
34.1497 974.888 6.03996e-08 11058 962.058
34.2449 985.758 6.05653e-08 11472 970.123
34.3371 1003.84 6.11803e-08 10464 977.982
34.4285 1001.54 6.05552e-08 10584 985.815
34.5273 1016.04 6.09061e-08 12504 994.328
34.6247 1043.74 6.20401e-08 10560 1002.76
34.7179 1018.57 6.00575e-08 11694 1010.88
34.8164 1045.85 6.11446e-08 11420 1019.51
34.9125 1049.28 6.08399e-08 12504 1027.98
35.0084 1030.62 5.92685e-08 10800 1036.47
35.1074 1044.3 5.95482e-08 12456 1045.29
35.2074 1052.61 5.95121e-08 12030 1054.24
35.3017 1064.11 5.96816e-08 11232 1062.74
35.397 1100 6.11975e-08 13176 1071.37
35.4985 1098.96 6.06163e-08 11196 1080.62
35.593 1093.27 5.9824e-08 12720 1089.27
35.6922 1095.84 5.94654e-08 11918 1098.4
35.7902 1103.81 5.94074e-08 13392 1107.48
35.8939 1133.79 6.04938e-08 12600 1117.13
35.9941 1142.33 6.04414e-08 13200 1126.51
36.095 1149.56 6.03155e-08 12864 1136.01
36.1944 1145.34 5.96001e-08 12270 1145.42
36.2935 1166.6 6.0211e-08 13668 1154.85
36.3944 1190.43 6.09314e-08 13200 1164.51
36.4956 1214.06 6.16253e-08 13416 1174.25
36.5974 1209.56 6.08858e-08 12992 1184.1
36.6991 1208.6 6.03331e-08 13806 1194.01
36.7995 1227.12 6.07579e-08 13800 1203.83
36.901 1268.19 6.22747e-08 13056 1213.82
37.0014 1226.3 5.97288e-08 14364 1223.75
37.1043 1265.68 6.11352e-08 13248 1233.99
37.2078 1270.13 6.08395e-08 15054 1244.35
37.3141 1299.22 6.17025e-08 13680 1255.04
37.4145 1272.6 5.99529e-08 15152 1265.21
37.5223 1304.62 6.09335e-08 14376 1276.17
37.6238 1288.97 5.97162e-08 13932 1286.56
37.7292 1316.89 6.04997e-08 14910 1297.4
37.833 1328.19 6.05182e-08 15648 1308.14
37.937 1350.49 6.10301e-08 13680 1318.95
38.0425 1350.65 6.05305e-08 15816 1329.99
38.1491 1357.61 6.03342e-08 15030 1341.2
38.253 1371.53 6.04574e-08 15104 1352.19
38.3629 1397.24 6.1063e-08 16548 1363.87
38.4701 1406.58 6.09586e-08 15360 1375.34
38.5768 1406.26 6.04403e-08 15768 1386.81
38.6815 1440.45 6.14084e-08 14622 1398.14
38.7893 1439.02 6.08373e-08 17568 1409.86
38.9018 1453.28 6.0909e-08 16368 1422.16
39.0083 1440.4 5.98757e-08 15960 1433.88
39.1164 1464.34 6.03677e-08 15732 1445.83
39.2236 1473.29 6.024e-08 17006 1457.75
39.332 1498.39 6.07609e-08 16680 1469.87
39.4453 1490.21 5.991e-08 17712 1482.61
39.5528 1513.72 6.03609e-08 15576 1494.76
39.6569 1509.43 5.97166e-08 16974 1506.6
39.7703 1514.07 5.93896e-08 17436 1519.56
39.8799 1580.15 6.14715e-08 17952 1532.16
39.9925 1548.07 5.97168e-08 17448 1545.17
40.1016 1584.44 6.06219e-08 17336 1557.85
40.2155 1589.94 6.03172e-08 17958 1571.16
40.3272 1626.12 6.11783e-08 19056 1584.29
40.441 1599.54 5.96718e-08 17304 1597.74
40.5506 1638.76 6.06403e-08 18276 1610.77
40.6624 1622.18 5.95332e-08 17838 1624.13
40.7728 1656.59 6.03036e-08 18984 1637.39
40.8917 1645.01 5.93613e-08 19616 1651.75
41.0031 1690.66 6.05125e-08 18168 1665.29
41.1166 1673.92 5.94186e-08 19320 1679.16
41.2339 1734.06 6.10297e-08 19170 1693.57
41.3443 1693.77 5.91356e-08 19008 1707.21
41.4599 1726.66 5.97808e-08 20472 1721.57
41.5775 1767.91 6.06909e-08 19128 1736.27
41.6919 1762.61 6.00127e-08 19998 1750.63
41.807 1750.87 5.91216e-08 19808 1765.17
41.9229 1816.36 6.08259e-08 20724 1779.89
42.0406 1814.92 6.02685e-08 19896 1794.93
42.1535 1837.87 6.05413e-08 20304 1809.43
42.2743 1815.54 5.9295e-08 21030 1825.02
42.3896 1853.07 6.00279e-08 21168 1840
42.5074 1898.62 6.09936e-08 20736 1855.39
42.6266 1903.57 6.06412e-08 21356 1871.03
42.7476 1911.76 6.03861e-08 22206 1887.02
42.8656 1915.56 6.00079e-08 21360 1902.69
42.9842 1974.05 6.13297e-08 21456 1918.52
43.1015 1957 6.03051e-08 21648 1934.27
43.2214 1993.41 6.09172e-08 22326 1950.46
43.3419 1960.19 5.94038e-08 22212 1966.82
43.4591 2021.15 6.07572e-08 22128 1982.81
43.5787 1999.73 5.96195e-08 22640 1999.23
43.702 2044.8 6.04487e-08 23022 2016.25
43.8256 2035.41 5.96634e-08 24168 2033.41
43.9456 2059.49 5.98759e-08 22416 2050.16
44.069 2079.62 5.99549e-08 23700 2067.47
44.1919 2121.12 6.06426e-08 24222 2084.82
44.3139 2100.4 5.95556e-08 22776 2102.13
44.4338 2131.2 5.99412e-08 24296 2119.24
44.5585 2185.59 6.09559e-08 24648 2137.14
44.6804 2182.38 6.03698e-08 22926 2154.72
44.8026 2119.72 5.81578e-08 25476 2172.45
44.9299 2187.52 5.95096e-08 25608 2191.02
45.0543 2207.72 5.95629e-08 24576 2209.27
45.1805 2259.34 6.04462e-08 25134 2227.89
45.3051 2257.34 5.98957e-08 25928 2246.37
45.4322 2286.18 6.01532e-08 26136 2265.33
45.5594 2341.94 6.11057e-08 25644 2284.41
45.684 2347.96 6.07629e-08 25926 2303.2
45.8119 2318.17 5.94908e-08 26232 2322.6
45.9378 2377.89 6.05231e-08 27216 2341.81
46.0667 2409.26 6.08082e-08 26736 2361.58
46.1982 2388.15 5.97623e-08 27698 2381.85
46.3248 2456.14 6.09613e-08 26640 2401.49
46.4497 2453.55 6.04067e-08 26880 2420.97
46.5822 2474.54 6.0405e-08 29160 2441.75
46.7132 2469.49 5.97763e-08 27318 2462.4
46.8402 2508.4 6.02254e-08 27984 2482.55
46.9703 2527.57 6.01826e-08 28364 2503.29
47.0985 2569.48 6.06826e-08 28464 2523.83
47.2319 2590.66 6.06659e-08 28974 2545.34
47.3611 2599.52 6.03766e-08 28920 2566.28
47.4908 2638.48 6.07805e-08 29640 2587.44
47.6245 2637.95 6.02581e-08 28884 2609.34
47.7555 2662.89 6.03286e-08 30558 2630.93
47.8909 2680.07 6.02041e-08 30776 2653.38
48.0219 2720.95 6.06237e-08 29040 2675.21
48.1534 2695.32 5.95621e-08 30984 2697.25
48.289 2751.83 6.03e-08 30930 2720.1
48.4252 2779.89 6.04021e-08 32712 2743.19
48.5604 2817.43 6.0708e-08 30528 2766.23
48.6924 2855.15 6.10219e-08 30326 2788.84
48.8276 2822.96 5.98339e-08 33624 2812.14
48.9655 2832.45 5.95294e-08 31824 2836.02
49.0996 2917.97 6.08259e-08 31860 2859.39
49.2378 2934.89 6.06645e-08 33942 2883.61
49.3741 2910.96 5.96731e-08 31848 2907.62
49.5082 2973.72 6.04656e-08 33624 2931.38
49.6475 2996.17 6.04107e-08 33512 2956.19
49.7851 3022.77 6.0443e-08 33594 2980.84
49.9236 3070.72 6.08921e-08 34944 3005.79
50.0623 3055.38 6.00858e-08 33624 3030.91
50.2003 3109.71 6.06513e-08 34710 3056.04
50.3385 3094.22 5.98536e-08 34704 3081.35
50.4781 3111.68 5.96935e-08 35468 3107.06
50.6192 3154.87 6.0017e-08 36096 3133.19
50.7626 3168.49 5.9767e-08 35958 3159.89
50.903 3190.01 5.96762e-08 36576 3186.19
51.0437 3271.6 6.06978e-08 35976 3212.68
51.1847 3251.78 5.98329e-08 36396 3239.37
51.3277 3297.06 6.01605e-08 38030 3266.6
51.4685 3289.21 5.95262e-08 35784 3293.55
51.6102 3340.1 5.99504e-08 38712 3320.84
51.7563 3377.51 6.01097e-08 38310 3349.12
51.8999 3438.21 6.06839e-08 37596 3377.06
52.0406 3464.34 6.06505e-08 39000 3404.6
52.1873 3488.15 6.05537e-08 38552 3433.48
52.3328 3502.9 6.03038e-08 40206 3462.28
52.4775 3521.58 6.01256e-08 39072 3491.07
52.6254 3541.37 5.9955e-08 41340 3520.67
52.7728 3580.87 6.01172e-08 39342 3550.34
52.9159 3574.19 5.95195e-08 40176 3579.3
53.063 3666.88 6.05567e-08 41768 3609.23
53.21 3634.32 5.95227e-08 40206 3639.33
53.3579 3697.7 6.00587e-08 42300 3669.75
53.5058 3714.53 5.98328e-08 42360 3700.36
53.6529 3745.33 5.98342e-08 40488 3730.96
53.8016 3806.61 6.03104e-08 44406 3762.06
53.9538 3853.86 6.05438e-08 43076 3794.08
54.1012 3897.55 6.07312e-08 42600 3825.26
54.2539 3856.24 5.95813e-08 45486 3857.75
54.4068 3958.13 6.06414e-08 43848 3890.46
54.554 3937.89 5.98443e-08 43248 3922.12
54.7042 3971.56 5.98602e-08 44988 3954.6
54.8585 4014.88 6.0004e-08 46454 3988.16
55.0108 4036.72 5.98308e-08 44928 4021.46
55.1648 4068.69 5.98009e-08 47256 4055.34
55.3178 4132.35 6.02342e-08 45126 4089.16
55.4713 4141.6 5.98691e-08 48084 4123.31
55.6247 4176.45 5.98749e-08 46320 4157.6
55.7806 4198.88 5.9693e-08 47894 4192.67
55.9325 4221.54 5.95274e-08 47160 4227.02
56.0862 4281.23 5.98743e-08 48228 4261.95
56.246 4365.79 6.0538e-08 50598 4298.48
56.4009 4368.87 6.00828e-08 47328 4334.1
56.556 4404.07 6.007e-08 50696 4369.95
56.7134 4414.67 5.97147e-08 49344 4406.53
56.8734 4466.91 5.99129e-08 51570 4443.93
57.0306 4500.3 5.98629e-08 50832 4480.89
57.1888 4548.72 6.00062e-08 50424 4518.28
57.3474 4617.93 6.04152e-08 52686 4555.98
57.5064 4630.48 6.00782e-08 51092 4593.99
57.6651 4660.86 5.99744e-08 53376 4632.12
57.8263 4690.45 5.98518e-08 52374 4671.08
57.9846 4738.7 5.99739e-08 52848 4709.53
58.1458 4882.54 6.12815e-08 55488 4748.93
58.3113 4781.24 5.95008e-08 54098 4789.58
58.4692 4862.61 6.00244e-08 53688 4828.61
58.6308 4889.22 5.98551e-08 55296 4868.76
58.7939 5003.02 6.07401e-08 56358 4909.5
58.9603 5005.07 6.02517e-08 57468 4951.31
59.1239 5048.5 6.02714e-08 56000 4992.64
59.2895 5078 6.01173e-08 57774 5034.69
59.4537 5156.25 6.05392e-08 57648 5076.65
59.6174 5182.82 6.03513e-08 57480 5118.7
59.7831 5242.31 6.05378e-08 58122 5161.51
59.9471 5274.82 6.04149e-08 59208 5204.08
60.1145 5264.91 5.97988e-08 60032 5247.81
60.2829 5318.98 5.9908e-08 60366 5292.05
60.4503 5358.04 5.9848e-08 60444 5336.25
60.6167 5444.12 6.03103e-08 60912 5380.43
60.786 5468.67 6.00775e-08 61422 5425.63
60.9547 5574.44 6.07321e-08 63032 5470.95
61.1246 5552.74 5.99928e-08 62052 5516.82
61.2949 5600.56 6.00065e-08 64038 5563.05
61.4635 5639.57 5.99285e-08 61632 5609.09
61.6312 5728.79 6.0381e-08 64896 5655.13
61.8052 5737.09 5.99594e-08 64874 5703.15
61.974 5796.7 6.00886e-08 64200 5750.02
62.1478 5841.79 6.00492e-08 68016 5798.54
62.3225 5860.77 5.97392e-08 65694 5847.57
62.4947 5889.97 5.95419e-08 67212 5896.17
62.6679 6029.81 6.04517e-08 67088 5945.32
62.8408 6040.15 6.00568e-08 67182 5994.68
63.0147 6143.48 6.058e-08 69768 6044.56
63.1896 6161.91 6.02585e-08 67524 6095.04
63.3643 6186.64 6.00012e-08 70758 6145.75
63.5397 6233.33 5.9955e-08 69488 6196.91
63.7157 6297.63 6.00729e-08 71640 6248.55
63.895 6391.36 6.04549e-08 72042 6301.47
64.073 6411.74 6.01438e-08 72960 6354.27
64.2495 6491.35 6.039e-08 70416 6406.93
64.4294 6514.98 6.01036e-08 76790 6460.9
64.6097 6586.17 6.02533e-08 72348 6515.27
64.7874 6688.4 6.06864e-08 74094 6569.18
64.966 6632.31 5.96824e-08 74976 6623.68
65.1456 6754.92 6.02843e-08 76200 6678.77
65.3291 6812.6 6.02883e-08 77114 6735.34
65.5098 6908.87 6.06357e-08 76872 6791.39
65.6917 6896.21 6.00232e-08 77784 6848.13
65.8753 6909.48 5.96373e-08 78654 6905.69
66.0578 7054.21 6.03833e-08 79380 6963.25
66.2409 7140.53 6.06167e-08 79256 7021.32
66.4249 7200.61 6.06202e-08 80094 7079.99
66.6071 7223.15 6.0312e-08 80760 7138.43
66.7946 7312.99 6.05495e-08 83034 7198.88
66.9809 7324.37 6.0139e-08 82664 7259.29
67.1658 7385.63 6.01428e-08 81864 7319.54
67.3508 7533.88 6.08458e-08 83334 7380.2
67.5384 7558.46 6.05369e-08 85980 7442.06
67.726 7648.41 6.07498e-08 84144 7504.24
67.9148 7637.94 6.01621e-08 86486 7567.17
68.1019 7676.97 5.99724e-08 86016 7629.89
68.2924 7774.04 6.02239e-08 88290 7694.1
68.4818 7814.62 6.00376e-08 87672 7758.27
68.6708 7874.35 5.99982e-08 88608 7822.71
68.8613 8017.91 6.05865e-08 88682 7887.97
69.0517 8048.87 6.03185e-08 91200 7953.6
69.2463 8112.5 6.02843e-08 92568 8021.04
69.4391 8263.71 6.08979e-08 91014 8088.21
69.6314 8245.66 6.0263e-08 92828 8155.58
69.8244 8310.8 6.02366e-08 93054 8223.62
70.0163 8386.81 6.0289e-08 92568 8291.6
70.2106 8453.33 6.02643e-08 96768 8360.8
70.4081 8565.29 6.055e-08 95658 8431.57
70.6024 8602.16 6.03099e-08 96368 8501.56
70.8004 8657.71 6.01916e-08 98526 8573.28
70.9949 8850.77 6.10294e-08 95436 8644.15
71.1912 8828.16 6.03713e-08 101472 8716.05
71.3912 8857.96 6.00674e-08 98582 8789.72
71.5863 9013.48 6.06237e-08 99984 8861.98
71.7853 9037.68 6.02822e-08 101298 8936.09
71.9865 9171.43 6.0663e-08 104952 9011.41
72.1863 9177.54 6.02008e-08 100568 9086.66
72.3863 9275.83 6.03427e-08 105942 9162.39
72.5888 9367.73 6.04316e-08 104892 9239.53
72.7887 9488 6.07048e-08 103734 9316.05
72.9889 9576.42 6.07676e-08 107160 9393.16
73.1931 9592.25 6.036e-08 108788 9472.2
73.3965 9705.47 6.05662e-08 107070 9551.38
73.5998 9816.25 6.07513e-08 110760 9630.97
73.8048 9739.24 5.97738e-08 109182 9711.68
74.0101 10014.5 6.09529e-08 112820 9792.95
74.2153 10062.8 6.07407e-08 110280 9874.65
74.4211 10140.8 6.07051e-08 114678 9957.01
74.6281 10157.1 6.02976e-08 112668 10040.3
74.835 10386.5 6.11497e-08 116030 10124
75.0455 10388.9 6.06509e-08 118032 10209.7
75.2528 10562.1 6.11539e-08 113700 10294.6
75.4597 10571.9 6.07081e-08 118566 10379.7
75.6704 10643 6.06072e-08 119840 10466.9
75.8801 10734 6.06203e-08 118278 10554.2
76.0893 10775.5 6.03542e-08 120852 10641.7
76.3009 10947.1 6.08062e-08 122166 10730.7
76.5134 11030.7 6.07617e-08 123296 10820.6
76.7256 11116.8 6.07292e-08 123300 10910.9
76.9392 11286.5 6.11445e-08 126174 11002.3
77.1528 11350 6.09787e-08 124800 11094.2
77.3659 11389.3 6.06862e-08 126774 11186.4
77.5809 11535.5 6.09552e-08 128900 11279.9
77.7962 11577.1 6.06684e-08 127776 11374.1
78.0124 11764.3 6.11386e-08 132246 11469.1
78.2288 11778.8 6.07074e-08 129252 11564.9
78.4454 11900.6 6.08283e-08 133118 11661.2
78.6629 12059.6 6.11314e-08 133272 11758.4
78.8821 12175 6.12031e-08 134970 11857
79.1006 12159.8 6.06217e-08 136128 11955.8
79.3217 12336.5 6.09898e-08 137270 12056.4
79.5433 12518.1 6.13714e-08 139620 12157.7
79.7641 12528.8 6.09152e-08 138312 12259.2
79.9859 12601.9 6.07624e-08 140694 12361.8
80.2068 12756.7 6.10022e-08 140888 12464.5
80.4299 12834.7 6.08656e-08 143034 12568.8
80.6531 13076.8 6.15005e-08 143688 12673.7
80.8755 13111 6.1154e-08 143510 12778.8
81.0998 13248.2 6.12825e-08 147828 12885.4
81.3269 13291.8 6.09708e-08 147918 12994
81.5524 13348.2 6.07227e-08 148992 13102.4
81.7797 13635.6 6.15145e-08 150356 13212.3
82.0043 13684.5 6.12294e-08 147606 13321.4
82.2317 13847 6.1444e-08 156624 13432.5
82.4634 13996 6.15827e-08 153354 13546.4
82.6905 14051.5 6.1319e-08 153968 13658.6
82.9194 14164.1 6.12999e-08 155862 13772.3
83.1486 14339.2 6.15462e-08 157524 13886.9
83.3797 14399 6.12903e-08 159126 14003
83.6126 14521.6 6.12969e-08 162488 14120.7
83.8452 14664.1 6.13847e-08 159570 14238.9
84.0767 14822.9 6.15384e-08 164304 14357.1
84.3123 14952.3 6.15569e-08 165720 14478.1
84.5455 15081.7 6.15769e-08 162866 14598.6
84.7789 15233.2 6.16832e-08 169056 14719.9
85.0154 15388.7 6.17945e-08 167502 14843.4
85.2505 15460.9 6.15721e-08 169964 14966.9
85.4866 15616.8 6.16791e-08 170478 15091.6
85.7246 15692.7 6.14639e-08 175200 15218
85.9642 15853 6.15741e-08 173130 15345.9
86.2012 15990.7 6.15981e-08 175712 15473.2
86.4415 16166.2 6.17561e-08 177438 15603
86.6808 16280.2 6.16782e-08 178092 15732.9
86.9209 16510.8 6.20349e-08 179694 15864
87.1623 16548.6 6.16617e-08 182504 15996.5
87.4047 16758.5 6.19257e-08 182394 16130.4
87.6463 16910.1 6.19704e-08 184464 16264.5
87.8898 17079 6.20707e-08 186398 16400.5
88.1346 17028.8 6.1374e-08 188844 16537.9
88.3785 17362.5 6.20602e-08 187230 16675.5
88.6241 17499.5 6.20312e-08 193776 16815
88.8723 17613.9 6.19152e-08 192218 16956.6
89.1173 17896 6.23893e-08 192408 17097.3
89.3636 17919.2 6.1955e-08 195510 17239.4
89.6121 18215.3 6.24562e-08 198404 17383.6
89.8624 18084.6 6.14913e-08 200310 17529.7
90.1125 18433.9 6.21589e-08 201216 17676.4
90.3629 18682.6 6.24749e-08 201618 17824.3
90.6136 18757.7 6.22071e-08 204680 17973
90.8637 18910.9 6.21988e-08 202758 18122.2
91.1165 19054.8 6.21517e-08 211812 18273.9
91.3704 19379.8 6.26861e-08 205718 18427.1
91.6219 19410.6 6.22702e-08 211452 18579.7
91.8766 19671.2 6.25828e-08 213150 18735.1
92.1337 19797.8 6.24598e-08 217512 18892.8
92.3907 19987.9 6.25348e-08 214754 19051.3
92.6443 20196.6 6.26704e-08 215424 19208.6
92.9029 20285.7 6.24227e-08 224574 19369.9
93.1615 20515.9 6.26066e-08 218588 19532.1
93.4187 20704 6.26601e-08 223902 19694.4
93.6773 20889.6 6.26999e-08 224952 19858.4
93.9391 20942.7 6.23352e-08 230258 20025.3
94.2003 21350.2 6.3021e-08 227544 20192.8
94.4611 21426.3 6.27231e-08 231018 20361
94.7234 21567.9 6.26145e-08 234504 20531.1
94.9866 21911.2 6.3084e-08 233102 20702.7
95.2488 22038.2 6.29269e-08 236892 20874.6
95.5133 22372 6.33508e-08 238830 21049
95.7779 22556.3 6.33449e-08 241232 21224.4
96.045 22722 6.32795e-08 243906 21402.5
96.3117 22861.3 6.31398e-08 244704 21581.3
96.5789 23171.4 6.34666e-08 246698 21761.4
96.8459 23348.8 6.34248e-08 248664 21942.4
97.1161 23527.3 6.3378e-08 253494 22126.5
97.3861 23706.7 6.33314e-08 251522 22311.6
97.6552 23961.9 6.34856e-08 255336 22497.1
97.9263 24191.8 6.35638e-08 257694 22685
98.1987 24550.7 6.39716e-08 260988 22874.8
98.4723 24682.2 6.37796e-08 261638 23066.6
98.7442 24927.7 6.38835e-08 262356 23258.1
99.0178 25213.1 6.40805e-08 266478 23452
99.2941 25367 6.39349e-08 272048 23648.9
99.5716 25627 6.40519e-08 269850 23847.7
99.847 25850.7 6.40778e-08 272544 24046.2
100.124 26014.1 6.39486e-08 275546 24247
100.401 26324.2 6.41775e-08 275334 24448.6
100.681 26622.5 6.43643e-08 285024 24653.8
100.963 26875.4 6.44326e-08 282242 24861.7
101.241 27051.5 6.43215e-08 280800 25067.7
101.521 27348 6.44901e-08 288330 25276.3
101.804 27765 6.49301e-08 290024 25487.8
102.087 27958.1 6.48398e-08 290598 25700.8
102.369 28219.1 6.49052e-08 293748 25914.6
102.654 28350.1 6.46639e-08 299582 26132
102.939 28627.5 6.47566e-08 295914 26350
103.223 28966.6 6.49837e-08 302352 26568.8
103.511 29360 6.5318e-08 305342 26791.8
103.798 29619.4 6.53505e-08 305532 27015.1
104.087 29789.8 6.51813e-08 310806 27241.1
104.375 30243.6 6.56264e-08 310436 27468.5
104.666 30473.5 6.55758e-08 318006 27698.6
104.957 30730.5 6.55814e-08 312846 27929.8
105.247 31238.9 6.61165e-08 322508 28162.2
105.54 31384.7 6.58726e-08 321318 28398.4
105.833 31579.1 6.57316e-08 327204 28635.5
106.127 31949.9 6.59526e-08 325766 28874.7
106.421 32404.5 6.63389e-08 330246 29115.1
106.717 32862.8 6.67185e-08 335868 29358.8
107.015 33108.1 6.66565e-08 336710 29605.4
107.311 33425.6 6.67407e-08 336636 29851.7
107.609 33825.6 6.69797e-08 343542 30101.1
107.907 34018.3 6.68049e-08 342092 30351.8
108.206 34412.7 6.702e-08 349446 30605.2
108.507 34743.8 6.71026e-08 350118 30861.6
108.808 35082.5 6.71971e-08 352628 31118.6
109.111 35591.4 6.76046e-08 359334 31379.7
109.414 35844.3 6.75216e-08 356364 31641.5
109.717 36206.6 6.76407e-08 362990 31905.1
110.021 36819.4 6.82163e-08 364062 32171.4
110.326 37079.3 6.81291e-08 369756 32439.9
110.632 37390.1 6.81318e-08 368726 32710.5
110.939 37858.3 6.84145e-08 375786 32983.3
111.248 38103.2 6.82855e-08 378600 33259.3
111.557 38458.2 6.83507e-08 379394 33537.1
111.866 38800.9 6.83884e-08 386568 33817.4
112.178 39390.7 6.88508e-08 386906 34100.8
112.489 39749.9 6.89048e-08 388950 34384.8
112.801 40284.6 6.92541e-08 394512 34671.6
113.114 40780.8 6.95254e-08 396818 34961.7
113.428 41404.9 7.00047e-08 401112 35253.7
113.744 41391.6 6.94009e-08 404850 35548.9
114.06 42012.6 6.98587e-08 405566 35845.9
114.375 42616 7.02775e-08 409308 36144
114.692 42942 7.02291e-08 413766 36445.6
115.011 43375.9 7.03513e-08 417050 36749.9
115.331 43750.7 7.03694e-08 425232 37057.9
115.653 44385.5 7.07969e-08 421862 37368.7
115.972 44892 7.10148e-08 426402 37679.1
116.295 45455 7.13088e-08 434688 37994.4
116.619 45798.8 7.12493e-08 436634 38313.6
116.942 46401.4 7.15909e-08 434784 38632.5
117.265 47147.1 7.21421e-08 441018 38953.5
117.591 47495.4 7.20732e-08 447350 39278.7
117.917 48212.6 7.25548e-08 449868 39607.2
118.245 48863.1 7.29247e-08 453206 39938
118.573 49213.4 7.28398e-08 456570 40271.3
118.902 49830.1 7.31408e-08 463824 40608
119.233 50303.3 7.32224e-08 463718 40948
119.564 50943.8 7.35419e-08 468186 41289.2
119.895 51579.5 7.38432e-08 473448 41633.9
120.229 52099.8 7.39679e-08 479354 41982.9
120.563 52940.3 7.45387e-08 477702 42333.6
120.897 53404 7.4571e-08 485204 42685.9
121.234 54084.1 7.48928e-08 491454 43043.7
121.571 54703.1 7.51217e-08 491226 43403.7
121.908 55395.4 7.54434e-08 497648 43765.6
122.248 56430.7 7.62137e-08 504930 44132.9
122.587 56718.2 7.59681e-08 500358 44501.1
122.925 57675.8 7.6615e-08 508652 44870.3
123.267 58434.5 7.69785e-08 516390 45246
123.609 58850.1 7.68839e-08 515642 45623.9
123.951 59607.5 7.72304e-08 521880 46003.7
124.297 60629.8 7.7902e-08 530850 46389.2
124.642 61276.8 7.80808e-08 527054 46777
124.986 62001.1 7.83535e-08 534156 47165.1
125.334 62887.7 7.88131e-08 545150 47560.6
125.683 63508.6 7.89296e-08 543474 47959.3
126.031 64334.9 7.92973e-08 545310 48358
126.38 65245.2 7.97546e-08 555788 48761.1
126.732 66463.6 8.05686e-08 559542 49169.8
127.084 67286.9 8.08898e-08 564146 49581.2
127.437 68187.6 8.12942e-08 566520 49995
127.791 69040 8.16281e-08 573594 50412.9
128.146 69972.3 8.20442e-08 577718 50834.5
128.501 70712.1 8.22265e-08 579303 51258.1
128.858 72106.1 8.31533e-08 586232 51686
129.216 72329.5 8.27184e-08 585156 52118.7
129.575 73217.9 8.30413e-08 582704 52553.7
129.934 73712.1 8.29106e-08 584544 52991.8
130.295 74618.8 8.32345e-08 585204 53434.9
130.657 75542.1 8.35665e-08 582812 53881.1
131.019 76322.3 8.37306e-08 584472 54331
131.383 76915.2 8.36817e-08 584132 54785
131.748 77787.3 8.393e-08 582540 55242.2
132.113 78885 8.44106e-08 582096 55702.9
132.481 79585.8 8.44536e-08 586412 56169.1
132.849 80323.8 8.45294e-08 581640 56639.1
133.218 80772 8.42968e-08 583304 57112.3
133.589 82033.1 8.49024e-08 583536 57590.3
133.959 82349.5 8.45248e-08 578204 58070.6
134.33 83607 8.51059e-08 582180 58554.8
134.704 84674.4 8.5477e-08 582144 59045
135.078 85229.8 8.53247e-08 578780 59538.3
135.452 86204.2 8.55875e-08 577524 60034.1
135.828 87091.6 8.57532e-08 579584 60534.9
136.206 87838.5 8.57702e-08 580752 61042
136.585 89209.1 8.63857e-08 576896 61552.7
136.963 90011.4 8.64423e-08 575412 62065.7
137.343 91098.3 8.67628e-08 575676 62583
137.724 92010.3 8.6905e-08 576392 63106.2
138.107 92686.4 8.68183e-08 574368 63633.4
138.49 93971 8.72935e-08 572624 64164.1
138.874 95058 8.75718e-08 574056 64700.1
139.26 95988 8.76947e-08 572864 65241.4
139.647 96618.8 8.75409e-08 568992 65785.6
140.034 98109.3 8.81551e-08 572024 66335
140.424 98910.2 8.81372e-08 569052 66890.1
140.814 100284 8.86209e-08 568236 67448.9
141.204 101305 8.87836e-08 563612 68010.8
141.595 102568 8.91471e-08 567216 68577.9
141.989 103461 8.91771e-08 564740 69151.8
142.383 104710 8.95056e-08 563940 69729.9
142.779 106213 9.00381e-08 562172 70312.6
143.176 107022 8.9971e-08 561948 70900.7
143.574 108279 9.02723e-08 560084 71494.1
143.973 109476 9.05147e-08 556764 72091.1
144.371 110850 9.08933e-08 553976 72691.4
144.772 112584 9.15509e-08 556344 73298.1
145.174 113466 9.15037e-08 552420 73910.8
145.577 114845 9.1849e-08 552200 74528
145.981 116298 9.22409e-08 548880 75149.9
146.386 117280 9.22498e-08 548696 75777.4
146.793 118751 9.26329e-08 546948 76410.6
147.201 119961 9.27994e-08 547364 77050.6
147.61 122411 9.39092e-08 540792 77694.7
148.019 123332 9.38341e-08 540320 78341.9
148.43 124532 9.3963e-08 538668 78995.8
148.842 126325 9.45269e-08 537260 79655.3
149.255 127656 9.47309e-08 534912 80320.9
149.67 129268 9.51312e-08 534812 80992.9
150.085 131112 9.56901e-08 527424 81668.7
150.501 132784 9.6109e-08 528968 82349.4
150.919 133783 9.60308e-08 525312 83036.8
151.338 135380 9.63708e-08 525968 83731.3
151.759 137205 9.68608e-08 520272 84431.2
152.18 139455 9.76332e-08 520256 85136.6
152.603 141177 9.80204e-08 514536 85847.5
153.026 142706 9.82615e-08 515732 86564.5
153.452 145032 9.90348e-08 510624 87288.4
153.877 147536 9.99114e-08 507288 88016
154.304 148657 9.98374e-08 505904 88750.6
154.732 150910 1.00512e-07 502608 89491.6
155.163 153065 1.01101e-07 502280 90240.8
155.594 154826 1.01416e-07 496404 90995.1
156.026 156175 1.01452e-07 494156 91754.8
156.459 158089 1.01846e-07 490572 92520.7
156.893 161311 1.03061e-07 487856 93293.3
157.329 163150 1.03372e-07 485592 94073.1
157.765 165590 1.04049e-07 479840 94858.1
158.204 167577 1.04425e-07 480792 95651.3
158.644 170039 1.0508e-07 473276 96451.5
159.083 172331 1.05617e-07 469716 97254.5
159.525 175300 1.06546e-07 469388 98067
159.968 178193 1.07407e-07 463164 98886.5
160.412 180064 1.07636e-07 460964 99712.4
160.858 182831 1.08384e-07 456404 100546
161.304 184881 1.08692e-07 453096 101385
161.752 187682 1.09425e-07 447944 102232
162.2 190817 1.10332e-07 445104 103085
162.651 194069 1.11282e-07 440876 103947
163.103 195926 1.11415e-07 438372 104816
163.556 200187 1.12895e-07 431156 105692
164.009 203758 1.13959e-07 426816 106572
164.464 205898 1.14204e-07 424208 107461
164.921 209784 1.15394e-07 420060 108360
165.379 211808 1.15541e-07 414500 109266
165.838 215875 1.16786e-07 409044 110177
166.298 219305 1.1766e-07 406184 111096
166.761 222102 1.18171e-07 401808 112027
167.224 226434 1.19478e-07 394448 112962
167.687 229468 1.20079e-07 390564 113904
168.153 234236 1.21558e-07 386420 114855
168.62 237270 1.22112e-07 380148 115815
169.087 239946 1.22467e-07 375116 116781
169.557 244671 1.23844e-07 371108 117757
170.028 248383 1.24681e-07 363588 118741
170.5 254089 1.26488e-07 360704 119734
170.974 257527 1.27137e-07 352920 120734
171.449 262216 1.2838e-07 347888 121742
171.925 266308 1.29303e-07 342564 122760
172.402 269723 1.29876e-07 336104 123785
172.881 275923 1.31762e-07 329616 124819
173.36 280180 1.32688e-07 324044 125860
173.841 284747 1.33735e-07 317940 126910
174.324 288662 1.3445e-07 311516 127971
174.808 294267 1.35923e-07 306920 129041
175.294 298550 1.36758e-07 297936 130120
175.782 303366 1.37811e-07 293684 131209
176.27 308802 1.39119e-07 284568 132304
176.757 314497 1.40517e-07 276704 133404
177.248 319992 1.41786e-07 274896 134520
177.742 324776 1.42711e-07 263228 135646
178.234 328982 1.43364e-07 257720 136777
178.729 334317 1.44482e-07 250968 137919
179.225 337141 1.44496e-07 242276 139071
179.722 345111 1.46687e-07 236220 140232
180.221 349328 1.4725e-07 227624 141403
180.722 353879 1.47931e-07 221304 142586
181.225 355507 1.47379e-07 212204 143778
181.726 361800 1.48751e-07 203168 144974
182.23 364281 1.48532e-07 197955 146183
182.737 367692 1.48676e-07 190268 147408
183.246 372190 1.49245e-07 184188 148643
183.754 380029 1.51128e-07 176492 149882
184.264 383587 1.51281e-07 172200 151133
184.777 388585 1.51978e-07 166544 152400
185.291 393759 1.52725e-07 160160 153674
185.804 398415 1.53254e-07 155010 154955
186.319 406535 1.55085e-07 149948 156246
186.836 413544 1.56451e-07 145458 157552
187.356 418084 1.56857e-07 140444 158870
187.876 423392 1.57532e-07 135596 160197
188.396 434511 1.60334e-07 130308 161531
188.918 444023 1.6249e-07 126860 162877
189.444 447360 1.62351e-07 122748 164241
189.971 451064 1.62336e-07 118076 165617
190.499 463227 1.65332e-07 113774 167000
191.026 473139 1.67475e-07 109236 168391
191.555 477659 1.67679e-07 105638 169793
192.087 490386 1.7072e-07 102174 171212
192.623 496243 1.71322e-07 98708 172648
193.159 507676 1.73813e-07 94310 174095
193.694 521242 1.76983e-07 90414 175545
194.231 529940 1.78447e-07 87398 177010
194.77 533105 1.78028e-07 83462 178487
195.308 550666 1.82377e-07 79902 179970
195.85 555619 1.82492e-07 77558 181473
196.397 567617 1.84881e-07 74094 182996
196.944 579935 1.87322e-07 71006 184531
197.492 596536 1.91084e-07 67574 186077
198.04 606547 1.92684e-07 64368 187629
198.588 622160 1.96011e-07 61502 189192
199.137 636874 1.98994e-07 58214 190763
199.686 651329 2.01834e-07 55872 192347
200.24 667272 2.05063e-07 53270 193952
200.797 683625 2.08345e-07 50742 195575
201.356 689607 2.08423e-07 48032 197213
201.917 704247 2.1108e-07 45638 198865
202.479 732169 2.17626e-07 43008 200530
203.042 749693 2.20986e-07 40694 202208
203.608 762587 2.22919e-07 38408 203903
204.174 794391 2.30289e-07 35958 205609
204.742 807541 2.32159e-07 33920 207328
205.311 822475 2.34492e-07 31622 209062
205.88 851207 2.40675e-07 29640 210807
206.452 870043 2.43962e-07 27662 212569
207.024 893283 2.48408e-07 25568 214340
207.598 921659 2.54181e-07 23904 216126
208.175 967717 2.6467e-07 22118 217934
208.75 972667 2.63828e-07 20168 219747
209.328 1.01404e+06 2.72778e-07 18816 221577
209.911 1.03388e+06 2.75806e-07 17126 223432
210.495 1.06697e+06 2.82272e-07 15680 225301
211.081 1.10586e+06 2.90131e-07 14184 227188
211.669 1.15608e+06 3.00787e-07 12854 229092
212.261 1.17322e+06 3.02695e-07 11600 231021
212.86 1.24465e+06 3.18422e-07 10428 232982
213.459 1.24205e+06 3.15091e-07 9032 234955
214.05 1.25913e+06 3.16783e-07 7838 236912
214.639 1.35588e+06 3.38326e-07 6816 238872
215.227 1.39379e+06 3.44942e-07 5840 240841
215.814 1.39982e+06 3.43617e-07 4952 242816
216.393 1.47642e+06 3.59519e-07 4062 244776
216.965 1.54038e+06 3.72135e-07 3368 246722
217.537 1.54848e+06 3.7115e-07 2744 248678
218.109 1.70691e+06 4.05909e-07 2184 250647
218.782 1.79038e+06 4.2184e-07 2192 252975
219.487 1.8146e+06 4.23446e-07 1238 255425
220.117 1.74117e+06 4.02831e-07 728 257632
220.69 2.07362e+06 4.76017e-07 456 259650
221.261 1.89962e+06 4.32704e-07 248 261671
221.827 2.15627e+06 4.8742e-07 104 263682
222.372 2.42586e+06 5.4433e-07 24 265634
222.88 2.03821e+06 4.54232e-07 1 267456
0.250339
1200
200
512
3.15759
8.04248 50.2773 2.38475e-07 6 12.5664
11.3738 62.2397 1.04374e-07 12 35.5431
13.93 100.099 9.13734e-08 8 65.2968
16.085 50.8919 3.01737e-08 6 100.531
17.9835 161.921 6.86938e-08 24 140.496
19.7 182.196 5.88008e-08 24 184.687
22.7476 219.164 4.59415e-08 12 284.345
24.1274 313.095 5.50025e-08 30 339.292
25.4325 463.185 6.94745e-08 24 397.384
26.6739 264.383 3.43728e-08 24 458.457
27.86 324.908 3.70731e-08 8 522.374
28.9976 600.635 6.07807e-08 24 589.013
30.0922 720.102 6.52037e-08 48 658.267
32.1699 243.433 1.80414e-08 6 804.248
33.16 700.035 4.73715e-08 48 880.812
34.1213 851.548 5.28896e-08 36 959.663
35.0563 982.585 5.62743e-08 24 1040.74
35.9671 1208.13 6.40674e-08 24 1123.97
36.8553 1019.11 5.02299e-08 48 1209.31
37.7226 696.62 3.20208e-08 24 1296.71
39.3999 1955.36 7.88824e-08 24 1477.5
40.2124 1157.05 4.39049e-08 30 1570.8
41.0087 1789.71 6.40314e-08 72 1665.98
41.7899 1732.59 5.85759e-08 32 1763.01
43.3101 1823.71 5.53898e-08 72 1962.49
44.0505 2360.97 6.81521e-08 48 2064.87
45.4951 3142.71 8.23473e-08 12 2274.76
46.2005 2141.3 5.35768e-08 48 2382.21
46.8953 2653.06 6.34744e-08 48 2491.31
47.5799 2096.15 4.80166e-08 48 2602.03
48.2549 1413.42 3.10375e-08 30 2714.34
48.9205 2919.18 6.15218e-08 24 2828.22
49.5772 2864.89 5.801e-08 72 2943.64
50.8651 3371.16 6.32062e-08 24 3179.07
51.497 3332.02 6.02008e-08 96 3299.03
52.1212 3401.09 5.92672e-08 48 3420.45
52.738 2874.43 4.83525e-08 24 3543.34
53.3478 3033.92 4.93055e-08 24 3667.66
53.9506 4124.92 6.48138e-08 72 3793.4
54.5467 3697.1 5.62076e-08 48 3920.55
55.7199 3109.59 4.43518e-08 8 4178.99
56.2973 5096.61 7.04786e-08 54 4310.27
56.8689 4290.97 5.75666e-08 84 4442.88
57.4348 5228.44 6.80906e-08 48 4576.83
57.9951 4649.55 5.88134e-08 24 4712.1
58.5501 4872.53 5.98979e-08 72 4848.68
59.0999 3907.68 4.67088e-08 96 4986.55
60.1844 5916.18 6.69622e-08 48 5266.13
60.7194 4882.97 5.38197e-08 48 5407.82
61.2497 5343.02 5.73739e-08 24 5550.75
61.7754 5057.16 5.29297e-08 72 5694.92
62.8138 6389.27 6.36102e-08 72 5986.94
63.3265 4516.71 4.38839e-08 96 6134.76
64.3398 8863.02 8.21074e-08 6 6433.98
64.8405 5980.76 5.41323e-08 96 6585.37
65.3374 5433.4 4.80647e-08 96 6737.92
65.8305 11852.3 1.02508e-07 24 6891.63
66.32 5164.02 4.36812e-08 48 7046.5
66.8058 8614.65 7.12909e-08 96 7202.5
67.2882 8906.03 7.21286e-08 48 7359.65
68.2427 5479.93 4.25448e-08 36 7677.3
68.715 6558.74 4.98777e-08 48 7837.8
69.184 6782.43 5.05368e-08 120 7999.4
69.6499 9831.88 7.17984e-08 56 8162.1
70.1127 6969.07 4.98913e-08 24 8325.88
70.5725 8076.69 5.6698e-08 96 8490.75
71.0292 11656.2 8.02571e-08 48 8656.69
71.9341 9139.3 6.05826e-08 24 8991.76
72.3823 7234.66 4.70718e-08 102 9160.88
72.8277 7711.64 4.92602e-08 48 9331.05
73.2705 10320.7 6.47383e-08 72 9502.26
73.7105 10507.4 6.47362e-08 48 9674.51
74.148 8831.26 5.34521e-08 48 9847.78
74.5829 10032.3 5.96655e-08 120 10022.1
75.4451 10961 6.29792e-08 24 10373.7
75.8726 12277.2 6.93562e-08 144 10551
76.2976 12069.4 6.70492e-08 120 10729.4
76.7203 10714.3 5.85425e-08 48 10908.7
77.5588 10703.4 5.66068e-08 48 11270.3
77.9747 11527.9 5.9997e-08 96 11452.5
78.7999 10934.7 5.51404e-08 24 11820
79.2092 17925.2 8.89972e-08 48 12005.1
79.6165 11689.8 5.71527e-08 108 12191.3
80.0216 13070 6.29352e-08 72 12378.3
80.4248 10277.7 4.87488e-08 30 12566.4
80.8259 15422.7 7.2069e-08 168 12755.3
81.225 10251.2 4.72002e-08 48 12945.2
82.0175 11892 5.31833e-08 72 13327.8
82.4109 11556.9 5.09479e-08 96 13520.5
82.8024 8711.11 3.78604e-08 72 13714.1
83.192 11065.6 4.7421e-08 72 13908.7
83.5799 12623.6 5.33478e-08 32 14104.1
83.9659 17755.1 7.40038e-08 72 14300.4
84.3502 17975.1 7.39013e-08 144 14497.7
85.4927 14680.4 5.79684e-08 96 15094.8
85.8702 19047 7.4223e-08 96 15295.6
86.246 17441.5 6.70821e-08 48 15497.3
86.6201 19599.6 7.44098e-08 72 15699.9
86.9927 15770.4 5.91063e-08 120 15903.4
87.3637 18866.5 6.98134e-08 72 16107.7
88.1009 16730 6.03664e-08 48 16518.9
88.4672 15041.3 5.36015e-08 78 16725.8
88.8321 19143.3 6.73827e-08 120 16933.6
89.1954 15889.5 5.52487e-08 48 17142.2
89.9176 18009.2 6.11225e-08 144 17562
90.2766 16945.8 5.68299e-08 144 17773.2
90.9902 27978.5 9.1639e-08 12 18198
91.345 17932.6 5.80535e-08 144 18411.7
91.6983 20136.5 6.44377e-08 48 18626.2
92.0504 20452.3 6.47003e-08 120 18841.6
92.401 26345.7 8.23985e-08 48 19057.7
92.7504 16506.2 5.10433e-08 48 19274.7
93.0984 20806.3 6.3622e-08 168 19492.5
93.7906 13095.8 3.91646e-08 48 19930.5
94.1348 22568.3 6.67556e-08 96 20150.7
94.4777 21963.3 6.42612e-08 96 20371.8
94.8194 19896.6 5.75872e-08 72 20593.6
95.1599 23586.4 6.75367e-08 48 20816.2
95.4991 18919.1 5.35973e-08 96 21039.7
95.8372 14069.6 3.94385e-08 48 21263.9
96.5097 21637.2 5.9392e-08 30 21714.7
96.8442 14153.6 3.84491e-08 96 21941.3
97.1776 23342.9 6.27619e-08 192 22168.6
97.5099 24343.5 6.47855e-08 56 22396.8
97.841 21087.5 5.55523e-08 24 22625.7
98.1709 18203.2 4.74722e-08 168 22855.4
98.4998 25092.4 6.47852e-08 120 23085.9
99.1543 27187.9 6.88145e-08 72 23549.2
99.4799 23785.4 5.96134e-08 144 23781.9
99.8045 26966.7 6.69294e-08 96 24015.5
100.128 24479.2 6.01686e-08 96 24249.8
100.772 23031.8 5.55326e-08 72 24720.6
101.092 22569.9 5.39031e-08 96 24957.2
101.73 20305.4 4.75885e-08 24 25432.5
102.048 23972 5.56591e-08 192 25671.3
102.364 20194.2 4.64541e-08 108 25910.9
102.679 44848 1.02219e-07 24 26151.2
102.994 32880.2 7.42572e-08 96 26392.2
103.307 34885.4 7.80708e-08 96 26634
103.62 27040.7 5.99689e-08 120 26876.5
104.242 26407.2 5.75212e-08 48 27363.6
104.552 39522.5 8.53267e-08 78 27608.3
104.861 28980.3 6.20155e-08 144 27853.7
105.169 29104.9 6.17365e-08 120 28099.9
105.476 26489.3 5.5699e-08 24 28346.7
105.782 25936.5 5.40645e-08 168 28594.3
106.088 30733.1 6.35116e-08 144 28842.6
106.696 24193.5 4.91473e-08 24 29341.3
106.998 37808.2 7.61547e-08 48 29591.7
107.3 28242.8 5.64089e-08 96 29842.8
107.601 28197.9 5.58481e-08 120 30094.7
107.901 28536.5 5.60483e-08 72 30347.2
108.2 31147.8 6.06708e-08 120 30600.4
108.499 30965.6 5.98196e-08 144 30854.4
109.093 28458.9 5.40831e-08 48 31364.4
109.39 31590.3 5.95478e-08 192 31620.4
109.685 29016.1 5.4255e-08 144 31877.1
109.979 21802.3 4.04398e-08 48 32134.6
110.566 32236.7 5.88476e-08 192 32651.5
110.858 32392.5 5.86658e-08 48 32910.9
111.44 29375.1 5.23719e-08 8 33431.9
111.971 36483.3 6.41244e-08 288 33911.8
112.307 34047.4 5.93065e-08 96 34218.6
112.595 25744.2 4.45005e-08 54 34482.1
112.882 36170.2 6.20471e-08 120 34746.4
113.168 33252.3 5.66102e-08 120 35011.3
113.738 37148.8 6.22974e-08 84 35543.1
114.022 33088.6 5.5075e-08 144 35810
114.305 44157 7.2953e-08 72 36077.5
114.588 36198.8 5.93636e-08 96 36345.8
115.057 37693.6 6.10618e-08 144 36794.2
115.431 38300.9 6.14439e-08 240 37154.4
115.99 35849.5 5.66838e-08 24 37696.8
116.269 43998.5 6.90699e-08 240 37969
116.547 39864 6.2133e-08 96 38241.8
116.962 36665.9 5.65417e-08 144 38652.1
117.376 40532.5 6.18449e-08 96 39064.2
117.651 35124.3 5.32178e-08 72 39339.7
118.2 41809.7 6.24693e-08 96 39892.4
118.473 49724.3 7.37818e-08 96 40169.8
118.867 44853.5 6.58956e-08 216 40571.4
119.56 46572.9 6.7238e-08 192 41285.6
119.83 40035.6 5.741e-08 144 41566.1
120.369 43301.9 6.1264e-08 48 42129.1
120.637 39427 5.54103e-08 150 42411.5
120.905 41497.9 5.7934e-08 96 42694.6
121.172 38178.5 5.29481e-08 120 42978.2
121.629 42664.6 5.85059e-08 168 43465.9
121.97 43261.8 5.88279e-08 240 43833
122.499 43114.1 5.78706e-08 24 44406
122.921 42711.7 5.67426e-08 360 44866
123.289 24572.8 3.23537e-08 48 45270.1
123.551 45035.3 5.8919e-08 72 45559.4
123.917 50244.3 6.51534e-08 240 45965.2
124.977 46244.6 5.84542e-08 276 47154.8
125.37 57568.8 7.20855e-08 104 47601.4
125.628 49121.2 6.113e-08 72 47895.5
126.003 45471.7 5.60838e-08 312 48326.3
126.653 29820.6 3.62167e-08 96 49078.1
127.035 50517.4 6.08004e-08 288 49523.8
127.417 60443.1 7.20953e-08 168 49971.3
127.923 53723.8 6.33223e-08 48 50569.7
128.176 46564.9 5.45605e-08 192 50869.8
128.68 93340.7 1.08089e-07 6 51471.9
128.931 43300.5 4.98498e-08 192 51773.7
129.181 55390.6 6.33981e-08 96 52076.2
129.556 51810.1 5.87868e-08 192 52530.9
129.93 38021.4 4.27698e-08 216 52987.2
130.179 47509.2 5.31369e-08 72 53292
130.675 54990 6.08062e-08 96 53903.3
131.098 51988.7 5.69321e-08 336 54429.1
131.415 62637.1 6.80981e-08 48 54824.8
131.886 61067.4 6.56831e-08 288 55416.1
132.151 56261.8 6.01504e-08 192 55751.4
132.64 54827.2 5.79713e-08 48 56372
132.884 52759.8 5.54791e-08 96 56683.1
133.237 56859.5 5.93156e-08 264 57136.6
133.612 60858.2 6.29543e-08 96 57620
134.022 71385.9 7.31678e-08 240 58153.1
134.776 60804.1 6.12817e-08 288 59140.1
135.056 65074.3 6.51787e-08 96 59509.1
135.295 72259.2 7.19919e-08 72 59825.9
135.875 68283.1 6.71642e-08 336 60597.5
136.66 68953.9 6.6661e-08 138 61654.9
136.958 56735.8 5.44917e-08 240 62059.3
137.273 65223.8 6.22146e-08 144 62487.7
137.768 59247 5.59067e-08 384 63165.9
138.512 64252.1 5.96579e-08 312 64194.7
138.835 47074.9 4.34046e-08 72 64644.9
139.12 65028.3 5.95902e-08 248 65044.1
139.671 59136.8 5.35528e-08 240 65819.7
140.225 69340.9 6.20511e-08 24 66607.1
140.456 64697 5.76109e-08 192 66936
140.739 71307.6 6.31151e-08 312 67341.5
141.282 64831.7 5.67237e-08 240 68124.4
141.602 54350.9 4.72318e-08 96 68588.7
142.058 64611.1 5.5609e-08 48 69253.5
142.46 66776.6 5.69888e-08 408 69841.8
142.74 86250.4 7.31754e-08 144 70254.8
143.192 68451.4 5.75259e-08 120 70924.9
143.418 86213.7 7.21118e-08 144 71260.8
144.072 73220 6.04126e-08 264 72240.8
144.429 62097.4 5.08569e-08 192 72778.6
144.765 60171.6 4.89378e-08 102 73287.1
145.124 85091.3 6.86922e-08 432 73834.3
145.655 90311 7.21107e-08 48 74648.4
145.933 66491.6 5.27896e-08 384 75075.5
146.43 70198.9 5.51666e-08 144 75846.3
146.882 82981.6 6.4613e-08 264 76549.4
147.567 55303.4 4.24642e-08 144 77626.4
147.956 73293 5.58345e-08 324 78242.1
148.487 85533.5 6.44635e-08 384 79086.5
148.731 72066.5 5.40461e-08 216 79478.4
149.262 82207.6 6.09964e-08 216 80331.9
149.707 86401.6 6.35387e-08 240 81052.1
150.246 80264.5 5.83923e-08 168 81931
150.461 80283.4 5.81559e-08 240 82283.3
151.081 80891.9 5.78786e-08 216 83304.1
151.389 77147.9 5.48626e-08 288 83816.1
151.83 75687.8 5.33568e-08 240 84550.4
152.171 80589.1 5.64316e-08 72 85120.5
152.704 95075.5 6.58809e-08 246 86018
153.087 69687.2 4.79265e-08 320 86667.6
153.616 81949.7 5.57797e-08 288 87569.2
153.862 98644.1 6.68221e-08 144 87989.6
154.491 82216.5 5.50161e-08 288 89073.7
154.819 94652.3 6.29352e-08 336 89643.2
155.266 91361.1 6.02238e-08 168 90421.9
155.534 91418.7 5.99512e-08 336 90890.2
156.088 96050.3 6.23209e-08 288 91864
156.42 109480 7.0583e-08 264 92452.1
156.983 92513.2 5.90047e-08 240 93453.9
157.189 82170.3 5.22024e-08 96 93822
157.764 135252 8.49888e-08 120 94855.4
158.118 96928.9 6.04993e-08 408 95495.4
158.708 114500 7.06719e-08 456 96569.2
159.233 103112 6.30158e-08 108 97530.2
159.528 88657.8 5.38823e-08 264 98073.4
159.896 103826 6.26658e-08 264 98754
160.4 95382.2 5.70284e-08 312 99691.1
161.028 83901.8 4.95799e-08 270 100866
161.291 86788 5.10349e-08 240 101361
161.764 106478 6.2066e-08 384 102256
162.051 86122.6 4.99342e-08 192 102801
162.715 108122 6.19255e-08 432 104070
163.046 97555.8 5.55342e-08 144 104706
163.541 102756 5.7965e-08 480 105663
164.166 107250 5.98117e-08 216 106879
164.565 101675 5.62913e-08 312 107659
164.931 99259.1 5.45891e-08 216 108379
165.36 106329 5.80226e-08 192 109228
165.89 111275 6.01418e-08 624 110281
166.306 150684 8.08318e-08 120 111113
166.661 114790 6.11838e-08 336 111827
167.318 123720 6.51708e-08 176 113153
167.594 98603.8 5.16838e-08 384 113715
168.136 102219 5.30629e-08 408 114820
168.7 130730 6.71843e-08 144 115982
169.024 117261 5.99163e-08 486 116651
169.656 129791 6.55803e-08 96 117964
169.847 104851 5.28008e-08 384 118362
170.514 119785 5.96158e-08 492 119763
170.985 138047 6.81382e-08 384 120758
171.363 142869 7.00524e-08 168 121561
172.009 132436 6.42084e-08 504 122940
172.342 140399 6.76757e-08 240 123655
172.719 116046 5.55714e-08 456 124468
173.376 118605 5.61535e-08 264 125895
173.811 124851 5.86678e-08 384 126844
174.274 114392 5.33255e-08 432 127862
174.851 153185 7.07058e-08 216 129134
175.159 138580 6.36275e-08 360 129818
175.707 129570 5.89354e-08 312 131041
176.349 128819 5.79568e-08 240 132482
176.68 122230 5.46837e-08 414 133230
177.22 135622 6.01215e-08 552 134456
177.785 136394 5.98888e-08 360 135746
178.159 136165 5.94133e-08 432 136604
178.699 126917 5.48778e-08 480 137849
179.295 131123 5.61326e-08 288 139234
179.683 143070 6.08509e-08 312 140139
180.099 154743 6.53609e-08 360 141115
180.792 140912 5.88373e-08 576 142750
181.367 143417 5.93157e-08 464 144116
181.625 161955 6.66974e-08 192 144732
182.239 138867 5.66132e-08 396 146205
182.69 147349 5.96271e-08 432 147294
183.114 140905 5.66241e-08 240 148322
183.674 150861 6.00717e-08 624 149688
184.285 150424 5.93048e-08 504 151185
184.935 157323 6.13731e-08 198 152790
185.242 145274 5.63906e-08 600 153554
185.784 163505 6.29139e-08 384 154904
186.351 143160 5.4584e-08 432 156328
186.841 129781 4.90949e-08 336 157563
187.285 133040 4.99703e-08 336 158691
187.853 168733 6.28034e-08 744 160139
188.461 169983 6.26587e-08 624 161698
189.041 148066 5.40788e-08 192 163195
189.392 175253 6.36531e-08 432 164107
189.907 170781 6.1526e-08 504 165448
190.514 144917 5.17107e-08 336 167040
190.971 156875 5.55763e-08 456 168246
191.376 178911 6.29813e-08 408 169319
191.948 158372 5.52547e-08 696 170839
192.6 185004 6.38926e-08 384 172588
193.275 163416 5.58477e-08 330 174409
193.727 166292 5.64341e-08 624 175635
194.189 182408 6.14628e-08 384 176893
194.686 178857 5.98056e-08 728 178256
195.277 180603 5.98422e-08 432 179886
195.932 178482 5.85485e-08 696 181702
196.361 177515 5.78507e-08 408 182897
197.017 185134 5.97333e-08 456 184735
197.376 175939 5.64571e-08 408 185747
197.93 183524 5.83978e-08 528 187316
198.648 197700 6.22293e-08 576 189362
199.186 193099 6.02897e-08 672 190905
199.791 198796 6.15061e-08 384 192650
200.327 210299 6.45443e-08 600 194204
200.825 211451 6.44163e-08 294 195657
201.287 191578 5.79614e-08 600 197009
201.814 189299 5.68241e-08 768 198562
202.504 195922 5.82131e-08 648 200606
203.077 218175 6.42784e-08 408 202311
203.668 198827 5.80698e-08 552 204083
204.218 193841 5.61567e-08 648 205743
204.837 225441 6.47213e-08 348 207618
205.201 231032 6.5974e-08 744 208728
205.887 204653 5.78592e-08 672 210827
206.458 207952 5.8305e-08 456 212587
206.934 193615 5.39119e-08 600 214060
207.512 214716 5.92892e-08 744 215858
208.097 213679 5.85069e-08 288 217689
208.791 216190 5.86054e-08 704 219876
209.296 207594 5.58693e-08 678 221474
209.933 251719 6.71294e-08 648 223503
210.554 230790 6.10049e-08 648 225493
211.142 238184 6.24348e-08 696 227388
211.654 239839 6.24136e-08 696 229045
212.374 235233 6.05949e-08 552 231389
212.884 240678 6.15529e-08 840 233060
213.609 236431 5.98529e-08 600 235451
214.158 213467 5.36252e-08 696 237269
214.794 255652 6.36538e-08 672 239389
215.306 248322 6.13881e-08 552 241108
216 238992 5.85146e-08 492 243444
216.542 245277 5.96034e-08 840 245282
217.147 246694 5.9448e-08 606 247344
217.726 271515 6.49084e-08 936 249329
218.389 234700 5.55982e-08 528 251612
218.855 239493 5.63716e-08 696 253228
219.555 241149 5.62205e-08 648 255665
220.075 249167 5.7679e-08 936 257486
220.784 259808 5.95648e-08 384 259982
221.192 261541 5.96307e-08 864 261427
221.916 270805 6.11406e-08 768 264002
222.523 289806 6.48964e-08 528 266174
223.149 286537 6.36264e-08 776 268425
223.759 248129 5.46479e-08 960 270635
224.376 284829 6.22152e-08 696 272877
224.869 293969 6.37898e-08 582 274682
225.664 259548 5.57276e-08 1008 277605
226.234 325012 6.92571e-08 408 279715
226.796 286613 6.06223e-08 960 281802
227.531 298796 6.25878e-08 852 284554
228.14 277038 5.75668e-08 912 286845
228.844 286897 5.90677e-08 1032 289505
229.334 310852 6.359e-08 384 291370
230.052 309016 6.26246e-08 864 294114
230.602 291547 5.86623e-08 840 296231
231.238 314362 6.27324e-08 912 298688
232.023 311269 6.14872e-08 792 301739
232.609 296026 5.80349e-08 744 304033
233.328 291883 5.66954e-08 726 306860
233.873 306335 5.90872e-08 984 309018
234.491 302840 5.79529e-08 912 311472
235.174 305868 5.80239e-08 1104 314201
235.838 310566 5.84186e-08 744 316872
236.64 313596 5.83908e-08 968 320115
237.102 330094 6.11042e-08 672 321993
237.764 344786 6.32927e-08 984 324696
238.52 336431 6.11732e-08 840 327805
239.12 360313 6.50238e-08 1092 330284
239.888 314318 5.61804e-08 840 333476
240.424 340767 6.05012e-08 720 335717
241.164 353041 6.21052e-08 1110 338827
241.846 331765 5.787e-08 1056 341710
242.467 321893 5.57179e-08 888 344348
243.171 346219 5.94095e-08 936 347356
243.815 318825 5.42767e-08 912 350122
244.525 357047 6.02556e-08 1104 353190
245.217 354467 5.93147e-08 912 356200
245.869 379152 6.29418e-08 1104 359049
246.608 377790 6.21538e-08 1128 362296
247.294 350836 5.72406e-08 768 365326
247.85 352396 5.71085e-08 888 367798
248.519 362448 5.82648e-08 1224 370783
249.45 344569 5.47731e-08 750 374963
249.899 373332 5.90256e-08 1092 376994
250.695 399085 6.24982e-08 1472 380609
251.481 393730 6.10833e-08 792 384199
252.08 421543 6.49331e-08 1080 386951
252.799 386360 5.90075e-08 1584 390269
253.532 374088 5.66391e-08 624 393675
254.2 402218 6.04188e-08 1248 396798
254.861 413807 6.16776e-08 888 399899
255.614 398220 5.88315e-08 912 403454
256.265 442583 6.48881e-08 1368 406547
256.953 406103 5.90629e-08 966 409828
257.704 411989 5.93963e-08 1536 413434
258.54 393442 5.61744e-08 1152 417467
259.243 431388 6.10922e-08 1008 420884
259.932 397330 5.58228e-08 1248 424248
260.541 423280 5.90525e-08 1056 427237
261.264 412776 5.71102e-08 1188 430805
262.042 406566 5.57517e-08 1152 434663
262.821 437001 5.93942e-08 1560 438550
263.607 434571 5.85371e-08 1128 442496
264.241 442275 5.91466e-08 1152 445700
264.937 445959 5.91706e-08 920 449230
265.674 466173 6.13394e-08 1470 452989
266.462 492720 6.42589e-08 1200 457032
267.211 449343 5.81106e-08 1440 460896
267.851 507230 6.51273e-08 1224 464218
268.643 455311 5.7946e-08 1296 468344
269.491 446331 5.62686e-08 1560 472794
270.234 494397 6.18152e-08 1272 476717
270.856 463727 5.7582e-08 1080 480017
271.599 463113 5.70349e-08 1368 483980
272.391 498952 6.09143e-08 1248 488225
273.221 481606 5.82627e-08 1194 492698
273.902 476792 5.72509e-08 1752 496394
274.742 497289 5.91662e-08 1392 500974
275.414 522143 6.16696e-08 1440 504660
276.257 530557 6.20916e-08 1488 509306
277.053 541489 6.28264e-08 1248 513721
277.725 490675 5.65185e-08 1512 517468
278.494 507842 5.80124e-08 1112 521781
279.334 511958 5.79565e-08 1848 526517
280.018 491894 5.52779e-08 1224 530396
280.822 522527 5.8218e-08 1536 534973
281.662 524139 5.78767e-08 1638 539788
282.432 541330 5.92873e-08 1392 544228
283.2 552506 6.00204e-08 1632 548679
284.096 579824 6.23937e-08 1452 553906
284.778 584554 6.24519e-08 1680 557903
285.519 539032 5.71414e-08 1320 562269
286.288 574119 6.03713e-08 1752 566828
287.181 607613 6.32992e-08 1776 572149
288.046 567286 5.85671e-08 1104 577335
288.664 563134 5.77664e-08 1728 581054
289.525 607881 6.18015e-08 1446 586273
290.308 586893 5.91861e-08 1920 591043
291.216 581345 5.80799e-08 1896 596607
291.958 566593 5.61759e-08 1176 601176
292.671 591560 5.82237e-08 1856 605591
293.489 612465 5.97784e-08 1896 610684
294.361 636508 6.15745e-08 1464 616145
295.283 600457 5.75448e-08 1968 621951
296.06 632000 6.00918e-08 1548 626876
296.89 598067 5.63898e-08 1944 632163
297.701 656803 6.14233e-08 1470 637355
298.52 609950 5.65739e-08 1920 642627
299.349 650686 5.98517e-08 2184 648000
300.237 657186 5.99147e-08 1464 653785
300.944 646614 5.85366e-08 1608 658413
301.799 623689 5.59829e-08 1944 664038
302.665 613154 5.4566e-08 1872 669773
303.492 665051 5.87018e-08 2256 675280
304.337 677640 5.93165e-08 1632 680932
305.241 671112 5.82243e-08 1542 687023
306.043 658910 5.67177e-08 2216 692449
306.919 711286 6.07032e-08 2052 698414
307.758 703865 5.95803e-08 1680 704153
308.566 681344 5.72219e-08 2280 709716
309.463 680282 5.66375e-08 1968 715920
310.346 717291 5.92105e-08 2016 722066
311.163 770254 6.30826e-08 1968 727787
312.111 705296 5.72378e-08 1920 734460
313.019 735968 5.92091e-08 2400 740885
313.95 746401 5.95157e-08 1974 747516
314.65 781000 6.18595e-08 1944 752532
315.544 790179 6.20561e-08 1920 758963
316.375 765014 5.96075e-08 2280 764977
317.216 737803 5.70315e-08 1968 771092
318.134 778215 5.96361e-08 2220 777804
319.043 817986 6.21493e-08 2352 784494
319.967 776362 5.84776e-08 1968 791325
320.822 829033 6.19465e-08 2504 797691
321.782 800694 5.92953e-08 2118 804870
322.658 803401 5.90128e-08 2352 811458
323.544 818698 5.96436e-08 2136 818163
324.413 797002 5.75975e-08 2112 824776
325.282 833453 5.97507e-08 2472 831416
326.174 834548 5.93392e-08 2376 838281
327.078 819964 5.78202e-08 2304 845270
328.053 835414 5.83859e-08 2448 852852
328.955 846288 5.8661e-08 2280 859902
329.961 866965 5.95459e-08 2466 867820
330.774 934842 6.3736e-08 2256 874246
331.661 862797 5.83532e-08 2472 881301
332.581 874655 5.86659e-08 2856 888652
333.504 870985 5.79359e-08 2112 896072
334.499 944815 6.22875e-08 2720 904119
335.416 885946 5.79287e-08 2136 911577
336.226 937532 6.08602e-08 2736 918191
337.22 880986 5.66849e-08 2376 926365
338.215 938601 5.98607e-08 3126 934586
339.243 921737 5.82525e-08 2568 943132
339.994 924735 5.80555e-08 2112 949411
340.955 976890 6.08128e-08 2748 957482
341.947 946956 5.84375e-08 2928 965869
342.851 951791 5.82728e-08 2640 973544
343.881 922652 5.59828e-08 2856 982343
344.792 945223 5.68986e-08 2352 990177
345.768 986526 5.88837e-08 2910 998604
346.696 1.03247e+06 6.11324e-08 2784 1.00667e+06
347.696 972122 5.70639e-08 2952 1.01541e+06
348.648 1.02471e+06 5.96594e-08 2696 1.02377e+06
349.573 1.00502e+06 5.805e-08 3264 1.03194e+06
350.572 1.01965e+06 5.83925e-08 2472 1.04081e+06
351.541 994571 5.6487e-08 3024 1.04946e+06
352.612 1.05179e+06 5.91936e-08 2964 1.05909e+06
353.557 1.08721e+06 6.06985e-08 2910 1.06762e+06
354.497 1.03703e+06 5.74369e-08 2880 1.07617e+06
355.414 1.07463e+06 5.90601e-08 3216 1.08454e+06
356.53 1.09379e+06 5.95505e-08 3096 1.09478e+06
357.43 1.14452e+06 6.1843e-08 2880 1.1031e+06
358.434 1.13149e+06 6.06268e-08 2904 1.11242e+06
359.44 1.11787e+06 5.93955e-08 3504 1.12181e+06
360.458 1.08762e+06 5.73e-08 3168 1.13137e+06
361.559 1.12041e+06 5.84898e-08 3054 1.14176e+06
362.446 1.1567e+06 5.99418e-08 3032 1.15019e+06
363.444 1.20134e+06 6.17441e-08 3000 1.15972e+06
364.47 1.15451e+06 5.88373e-08 3780 1.16957e+06
365.549 1.15172e+06 5.81768e-08 3504 1.17999e+06
366.568 1.18672e+06 5.94463e-08 2904 1.18988e+06
367.533 1.19384e+06 5.93334e-08 3336 1.1993e+06
368.538 1.164e+06 5.73779e-08 3144 1.20917e+06
369.551 1.21584e+06 5.94418e-08 3414 1.21917e+06
370.659 1.19647e+06 5.7972e-08 3552 1.23017e+06
371.545 1.23453e+06 5.93892e-08 2928 1.23901e+06
372.509 1.27985e+06 6.10925e-08 3840 1.24868e+06
373.613 1.30777e+06 6.18732e-08 3312 1.25982e+06
374.63 1.29205e+06 6.06332e-08 3432 1.27013e+06
375.674 1.21204e+06 5.64058e-08 3596 1.28078e+06
376.812 1.27213e+06 5.86676e-08 4224 1.29245e+06
377.946 1.33084e+06 6.0824e-08 3294 1.30416e+06
378.905 1.26818e+06 5.75212e-08 3792 1.31411e+06
379.935 1.36412e+06 6.13711e-08 3528 1.32486e+06
381.122 1.31876e+06 5.87779e-08 3984 1.33731e+06
382.114 1.3123e+06 5.80355e-08 3768 1.34778e+06
383.151 1.3707e+06 6.01273e-08 3672 1.35878e+06
384.18 1.30334e+06 5.67144e-08 3384 1.36977e+06
385.199 1.39202e+06 6.00938e-08 3648 1.38069e+06
386.32 1.43423e+06 6.13788e-08 4098 1.39277e+06
387.377 1.43843e+06 6.10561e-08 4008 1.40424e+06
388.485 1.44184e+06 6.06781e-08 4032 1.41633e+06
389.498 1.48874e+06 6.21647e-08 3800 1.42743e+06
390.569 1.48184e+06 6.13686e-08 3816 1.43924e+06
391.7 1.43073e+06 5.87405e-08 4248 1.45178e+06
392.769 1.48213e+06 6.03552e-08 3720 1.46369e+06
393.856 1.48264e+06 5.98775e-08 4254 1.47588e+06
394.945 1.49432e+06 5.9851e-08 4224 1.48816e+06
396.062 1.43664e+06 5.70553e-08 4368 1.50083e+06
397.195 1.53888e+06 6.05945e-08 4104 1.51374e+06
398.311 1.53555e+06 5.99563e-08 4500 1.52654e+06
399.391 1.50508e+06 5.82917e-08 3480 1.53898e+06
400.481 1.60069e+06 6.14896e-08 5328 1.55162e+06
401.634 1.54788e+06 5.89501e-08 3342 1.56506e+06
402.677 1.60442e+06 6.06299e-08 4800 1.57729e+06
403.868 1.56825e+06 5.87405e-08 4184 1.59132e+06
404.934 1.62819e+06 6.05055e-08 5064 1.60395e+06
406.082 1.56767e+06 5.77631e-08 4032 1.61764e+06
407.201 1.55488e+06 5.68213e-08 4632 1.63105e+06
408.351 1.67774e+06 6.07944e-08 4680 1.64491e+06
409.484 1.58844e+06 5.7082e-08 3924 1.65864e+06
410.59 1.7322e+06 6.17465e-08 5166 1.67211e+06
411.726 1.71073e+06 6.04778e-08 4800 1.68603e+06
412.901 1.70633e+06 5.98088e-08 4560 1.70051e+06
414.001 1.73546e+06 6.03462e-08 4584 1.71414e+06
415.151 1.69562e+06 5.84721e-08 4848 1.72846e+06
416.249 1.80862e+06 6.18767e-08 4560 1.74221e+06
417.535 1.74997e+06 5.93189e-08 5600 1.7584e+06
418.686 1.77675e+06 5.97312e-08 4686 1.77298e+06
419.855 1.88369e+06 6.27989e-08 5016 1.78788e+06
421.054 1.81579e+06 6.00196e-08 4956 1.80324e+06
422.113 1.84996e+06 6.069e-08 4872 1.81688e+06
423.328 1.84626e+06 6.00486e-08 5376 1.83261e+06
424.545 1.8104e+06 5.8377e-08 5088 1.84847e+06
425.69 1.83749e+06 5.87737e-08 4710 1.86347e+06
426.835 1.89792e+06 6.02197e-08 4848 1.87854e+06
427.985 1.92247e+06 6.0508e-08 5976 1.89376e+06
429.2 1.88033e+06 5.86807e-08 5208 1.90993e+06
430.405 1.92151e+06 5.94637e-08 5352 1.92607e+06
431.6 1.88354e+06 5.78057e-08 4820 1.94216e+06
432.743 1.90413e+06 5.79755e-08 5760 1.95763e+06
433.954 2.02218e+06 6.1056e-08 5166 1.97412e+06
435.188 2.02913e+06 6.07461e-08 6168 1.991e+06
436.422 1.98401e+06 5.8893e-08 5136 2.00798e+06
437.637 2.02188e+06 5.95185e-08 6240 2.02481e+06
438.922 2.10104e+06 6.13072e-08 5568 2.0427e+06
440.112 2.04238e+06 5.91135e-08 5712 2.05935e+06
441.308 2.09166e+06 6.0049e-08 5520 2.07618e+06
442.568 2.08662e+06 5.9394e-08 5670 2.09402e+06
443.761 2.09491e+06 5.91504e-08 6036 2.111e+06
445.017 2.14026e+06 5.99206e-08 6264 2.12898e+06
446.297 2.11423e+06 5.8684e-08 5912 2.14739e+06
447.472 2.1933e+06 6.04004e-08 5736 2.1644e+06
448.662 2.22418e+06 6.0765e-08 5400 2.18171e+06
449.929 2.28291e+06 6.18438e-08 6342 2.20025e+06
451.219 2.23896e+06 6.01344e-08 7032 2.21924e+06
452.483 2.33463e+06 6.21803e-08 5448 2.23793e+06
453.686 2.26689e+06 5.98971e-08 6528 2.25582e+06
455.01 2.20508e+06 5.77566e-08 6468 2.27563e+06
456.302 2.34344e+06 6.08608e-08 6528 2.29507e+06
457.487 2.25157e+06 5.80217e-08 5568 2.313e+06
458.712 2.30965e+06 5.90428e-08 6798 2.33163e+06
460.09 2.33491e+06 5.91535e-08 6560 2.35271e+06
461.321 2.33019e+06 5.85627e-08 6888 2.37165e+06
462.613 2.34379e+06 5.84123e-08 6624 2.39163e+06
463.886 2.37516e+06 5.87083e-08 6288 2.41142e+06
465.161 2.37439e+06 5.8208e-08 6960 2.43136e+06
466.517 2.43797e+06 5.92468e-08 6570 2.45269e+06
467.702 2.48358e+06 5.98975e-08 6600 2.47144e+06
469.04 2.48554e+06 5.94333e-08 7776 2.4927e+06
470.459 2.60628e+06 6.17584e-08 7248 2.51539e+06
471.78 2.55478e+06 6.00308e-08 6672 2.53664e+06
473.02 2.61628e+06 6.09937e-08 6704 2.5567e+06
474.279 2.56577e+06 5.93411e-08 6942 2.57717e+06
475.618 2.54205e+06 5.82973e-08 7656 2.59905e+06
476.939 2.61142e+06 5.9392e-08 7128 2.62077e+06
478.33 2.59404e+06 5.84835e-08 7908 2.64376e+06
479.632 2.70923e+06 6.05845e-08 6648 2.66541e+06
480.845 2.68569e+06 5.96047e-08 7320 2.68569e+06
482.277 2.67879e+06 5.89235e-08 7638 2.70975e+06
483.589 2.75976e+06 6.02118e-08 7416 2.73193e+06
484.867 2.7783e+06 6.01381e-08 7752 2.75365e+06
486.296 2.76207e+06 5.92617e-08 8448 2.77806e+06
487.682 2.80896e+06 5.9755e-08 7280 2.80189e+06
489.022 2.79254e+06 5.89189e-08 7668 2.82504e+06
490.366 2.80065e+06 5.86055e-08 8094 2.8484e+06
491.698 2.89163e+06 6.00187e-08 7656 2.87168e+06
493.062 2.87991e+06 5.92807e-08 8160 2.89565e+06
494.434 2.90982e+06 5.93992e-08 8472 2.91989e+06
495.863 2.90967e+06 5.88842e-08 7896 2.94527e+06
497.177 2.95748e+06 5.93786e-08 8088 2.96874e+06
498.568 2.99755e+06 5.96806e-08 8286 2.99373e+06
499.992 2.98561e+06 5.89365e-08 8676 3.01946e+06
501.353 3.12209e+06 6.11302e-08 8120 3.04418e+06
502.724 3.09802e+06 6.01638e-08 9024 3.06923e+06
504.146 3.11519e+06 5.99867e-08 8160 3.09535e+06
505.492 3.16384e+06 6.04382e-08 7944 3.1202e+06
506.883 3.04944e+06 5.77745e-08 8982 3.14604e+06
508.301 3.17558e+06 5.96621e-08 9528 3.17252e+06
509.763 3.18004e+06 5.92335e-08 8832 3.19996e+06
511.225 3.29687e+06 6.08844e-08 8916 3.22757e+06
512.624 3.14496e+06 5.76046e-08 9240 3.25415e+06
514.037 3.30637e+06 6.00631e-08 8502 3.28113e+06
515.448 3.28538e+06 5.91931e-08 9416 3.30822e+06
516.848 3.26934e+06 5.84265e-08 8976 3.33526e+06
518.29 3.49038e+06 6.18578e-08 9432 3.36324e+06
519.73 3.44561e+06 6.0558e-08 9864 3.39137e+06
521.211 3.42489e+06 5.96822e-08 9024 3.42044e+06
522.661 3.38483e+06 5.84946e-08 9762 3.44906e+06
524.084 3.50282e+06 6.00421e-08 9264 3.4773e+06
525.512 3.52882e+06 5.99961e-08 10056 3.5058e+06
526.971 3.52243e+06 5.93913e-08 9936 3.53509e+06
528.52 3.56708e+06 5.96166e-08 9624 3.56636e+06
529.893 3.64333e+06 6.04189e-08 9752 3.59423e+06
531.395 3.57757e+06 5.88269e-08 10446 3.62487e+06
532.886 3.73273e+06 6.08644e-08 10056 3.65547e+06
534.33 3.69924e+06 5.98307e-08 9876 3.68526e+06
535.856 3.7398e+06 5.99714e-08 11160 3.71693e+06
537.351 3.67264e+06 5.84044e-08 10128 3.74812e+06
538.857 3.8445e+06 6.06262e-08 9726 3.77972e+06
540.292 3.83907e+06 6.00594e-08 11112 3.81e+06
541.829 3.89012e+06 6.03417e-08 10776 3.84261e+06
543.283 3.89072e+06 5.98675e-08 10232 3.87363e+06
544.797 3.91453e+06 5.97332e-08 11184 3.90611e+06
546.395 3.92401e+06 5.93539e-08 11058 3.94059e+06
547.918 4.01167e+06 6.01753e-08 11472 3.97362e+06
549.394 4.09182e+06 6.08843e-08 10464 4.00582e+06
550.856 4.08226e+06 6.02594e-08 10584 4.0379e+06
552.438 4.15447e+06 6.08003e-08 12504 4.07277e+06
553.995 4.11934e+06 5.97792e-08 10560 4.10732e+06
555.487 4.1364e+06 5.95445e-08 11694 4.14058e+06
557.062 4.25672e+06 6.07581e-08 11420 4.17591e+06
558.601 4.22365e+06 5.97893e-08 12504 4.21061e+06
560.134 4.24613e+06 5.96152e-08 10800 4.24538e+06
561.718 4.356e+06 6.0642e-08 12456 4.28149e+06
563.318 4.27844e+06 5.90562e-08 12030 4.31818e+06
564.827 4.45443e+06 6.09939e-08 11232 4.35297e+06
566.351 4.27432e+06 5.80563e-08 13176 4.38832e+06
567.977 4.4789e+06 6.03142e-08 11196 4.42621e+06
569.488 4.50216e+06 6.0146e-08 12720 4.46163e+06
571.076 4.46073e+06 5.90968e-08 11918 4.49906e+06
572.644 4.62252e+06 6.07387e-08 13392 4.53622e+06
574.302 4.49899e+06 5.86048e-08 12600 4.57575e+06
575.906 4.71628e+06 6.09234e-08 13200 4.61419e+06
577.52 4.6035e+06 5.89694e-08 12864 4.65309e+06
579.111 4.59612e+06 5.83909e-08 12270 4.69165e+06
580.695 4.7376e+06 5.9697e-08 13668 4.73027e+06
582.31 4.79617e+06 5.99339e-08 13200 4.76983e+06
583.929 4.83409e+06 5.99065e-08 13416 4.80973e+06
585.558 4.98464e+06 6.12582e-08 12992 4.85009e+06
587.186 4.95232e+06 6.0356e-08 13806 4.89067e+06
588.791 4.92235e+06 5.95015e-08 13800 4.93088e+06
590.416 4.97602e+06 5.96552e-08 13056 4.9718e+06
592.022 5.03801e+06 5.9908e-08 14364 5.0125e+06
593.668 5.04515e+06 5.94953e-08 13248 5.05442e+06
595.325 4.94548e+06 5.78344e-08 15054 5.09686e+06
597.026 5.28814e+06 6.13146e-08 13680 5.14066e+06
598.633 5.24161e+06 6.02869e-08 15152 5.18229e+06
600.356 5.33492e+06 6.08332e-08 14376 5.22718e+06
601.981 5.24063e+06 5.92755e-08 13932 5.26974e+06
603.668 5.36155e+06 6.01362e-08 14910 5.31416e+06
605.328 5.33786e+06 5.93791e-08 15648 5.35813e+06
606.992 5.42155e+06 5.98157e-08 13680 5.40243e+06
608.681 5.4299e+06 5.94104e-08 15816 5.44765e+06
610.385 5.38836e+06 5.84635e-08 15030 5.49353e+06
612.048 5.55053e+06 5.97335e-08 15104 5.53856e+06
613.806 5.66769e+06 6.04718e-08 16548 5.58642e+06
615.522 5.62571e+06 5.95232e-08 15360 5.63341e+06
617.228 5.60449e+06 5.88083e-08 15768 5.68038e+06
618.905 5.78005e+06 6.0159e-08 14622 5.72679e+06
620.629 5.79647e+06 5.98285e-08 17568 5.77478e+06
622.429 5.66445e+06 5.796e-08 16368 5.82518e+06
624.133 5.88773e+06 5.97525e-08 15960 5.87316e+06
625.863 5.96274e+06 6.00134e-08 15732 5.92212e+06
627.578 6.02692e+06 6.01635e-08 17006 5.97094e+06
629.313 5.99665e+06 5.93675e-08 16680 6.0206e+06
631.126 6.07161e+06 5.95931e-08 17712 6.07278e+06
632.844 6.06892e+06 5.90828e-08 15576 6.12253e+06
634.511 6.11784e+06 5.90909e-08 16974 6.17102e+06
636.325 6.13334e+06 5.87355e-08 17436 6.2241e+06
638.079 6.19302e+06 5.88193e-08 17952 6.27571e+06
639.88 6.2879e+06 5.92175e-08 17448 6.329e+06
641.626 6.29037e+06 5.87586e-08 17336 6.38095e+06
643.448 6.47318e+06 5.99539e-08 17958 6.43546e+06
645.236 6.47747e+06 5.94962e-08 19056 6.48927e+06
647.056 6.48031e+06 5.90215e-08 17304 6.54434e+06
648.81 6.58547e+06 5.9494e-08 18276 6.59772e+06
650.599 6.84697e+06 6.13476e-08 17838 6.65243e+06
652.365 6.67348e+06 5.93089e-08 18984 6.70676e+06
654.267 6.75335e+06 5.9497e-08 19616 6.76557e+06
656.049 6.7987e+06 5.94095e-08 18168 6.82103e+06
657.865 6.92818e+06 6.0041e-08 19320 6.87782e+06
659.743 7.10077e+06 6.10129e-08 19170 6.93687e+06
661.508 6.94199e+06 5.91722e-08 19008 6.99272e+06
663.358 7.16788e+06 6.05879e-08 20472 7.05156e+06
665.241 7.04328e+06 5.90308e-08 19128 7.11176e+06
667.07 7.12133e+06 5.91953e-08 19998 7.17057e+06
668.912 7.15473e+06 5.89828e-08 19808 7.23015e+06
670.766 7.28173e+06 5.95336e-08 20724 7.29042e+06
672.65 7.38892e+06 5.99037e-08 19896 7.35204e+06
674.456 7.48323e+06 6.0182e-08 20304 7.41143e+06
676.388 7.48334e+06 5.96688e-08 21030 7.4753e+06
678.233 7.51341e+06 5.94209e-08 21168 7.53664e+06
680.119 7.69737e+06 6.03709e-08 20736 7.59966e+06
682.025 7.62499e+06 5.93032e-08 21356 7.66375e+06
683.962 7.76011e+06 5.98427e-08 22206 7.72924e+06
685.85 7.7553e+06 5.93132e-08 21360 7.79341e+06
687.747 7.89395e+06 5.98753e-08 21456 7.85826e+06
689.624 7.93087e+06 5.96655e-08 21648 7.92278e+06
691.543 8.04421e+06 6.00159e-08 22326 7.98909e+06
693.471 8.02465e+06 5.93719e-08 22212 8.0561e+06
695.345 8.11585e+06 5.95625e-08 22128 8.1216e+06
697.259 8.2944e+06 6.0373e-08 22640 8.18884e+06
699.232 8.17504e+06 5.9002e-08 23022 8.25855e+06
701.21 8.32364e+06 5.95673e-08 24168 8.32885e+06
703.13 8.48229e+06 6.02069e-08 22416 8.39744e+06
705.104 8.35681e+06 5.88194e-08 23700 8.46836e+06
707.07 8.48487e+06 5.92239e-08 24222 8.53941e+06
709.022 8.61521e+06 5.96386e-08 22776 8.61032e+06
710.94 8.74964e+06 6.00802e-08 24296 8.68039e+06
712.937 8.7962e+06 5.98939e-08 24648 8.75373e+06
714.886 8.82505e+06 5.96001e-08 22926 8.82573e+06
716.842 8.81451e+06 5.9043e-08 25476 8.89836e+06
718.878 9.00499e+06 5.98078e-08 25608 8.9744e+06
720.869 9.11963e+06 6.00687e-08 24576 9.04918e+06
722.888 9.10497e+06 5.9471e-08 25134 9.12542e+06
724.881 9.22481e+06 5.97581e-08 25928 9.20111e+06
726.915 9.36948e+06 6.01873e-08 26136 9.27878e+06
728.95 9.3846e+06 5.97809e-08 25644 9.35694e+06
730.944 9.58119e+06 6.05351e-08 25926 9.43392e+06
732.99 9.47566e+06 5.93683e-08 26232 9.51339e+06
735.005 9.62853e+06 5.98314e-08 27216 9.59204e+06
737.068 9.71699e+06 5.98755e-08 26736 9.67303e+06
739.171 9.89313e+06 6.0442e-08 27698 9.75607e+06
741.196 9.74395e+06 5.90439e-08 26640 9.83649e+06
743.196 9.99451e+06 6.00748e-08 26880 9.9163e+06
745.316 1.01031e+07 6.02107e-08 29160 1.00014e+07
747.411 1.01779e+07 6.01475e-08 27318 1.0086e+07
749.444 1.0145e+07 5.9467e-08 27984 1.01685e+07
751.526 1.03633e+07 6.02427e-08 28364 1.02535e+07
753.575 1.03404e+07 5.96206e-08 28464 1.03376e+07
755.71 1.04654e+07 5.98312e-08 28974 1.04257e+07
757.777 1.04341e+07 5.91657e-08 28920 1.05115e+07
759.853 1.04693e+07 5.88801e-08 29640 1.05981e+07
761.991 1.06527e+07 5.94086e-08 28884 1.06878e+07
764.087 1.08429e+07 5.99731e-08 30558 1.07763e+07
766.255 1.08946e+07 5.97491e-08 30776 1.08683e+07
768.35 1.09706e+07 5.96752e-08 29040 1.09577e+07
770.454 1.11648e+07 6.02351e-08 30984 1.10479e+07
772.624 1.12461e+07 6.01641e-08 30930 1.11415e+07
774.804 1.12305e+07 5.95752e-08 32712 1.12361e+07
776.967 1.14606e+07 6.02893e-08 30528 1.13305e+07
779.078 1.14099e+07 5.95356e-08 30326 1.14231e+07
781.242 1.13901e+07 5.89399e-08 33624 1.15185e+07
783.447 1.16494e+07 5.9774e-08 31824 1.16164e+07
785.593 1.1809e+07 6.0098e-08 31860 1.1712e+07
787.805 1.18479e+07 5.97894e-08 33942 1.18113e+07
789.985 1.19552e+07 5.98331e-08 31848 1.19096e+07
792.132 1.1897e+07 5.90591e-08 33624 1.20069e+07
794.36 1.21594e+07 5.98551e-08 33512 1.21086e+07
796.562 1.23635e+07 6.03562e-08 33594 1.22095e+07
798.778 1.23302e+07 5.96939e-08 34944 1.23117e+07
800.997 1.24834e+07 5.99348e-08 33624 1.24146e+07
803.205 1.25931e+07 5.99643e-08 34710 1.25176e+07
805.416 1.26104e+07 5.95538e-08 34704 1.26212e+07
807.649 1.27524e+07 5.97257e-08 35468 1.27265e+07
809.907 1.27886e+07 5.9396e-08 36096 1.28335e+07
812.202 1.28954e+07 5.93858e-08 35958 1.29429e+07
814.448 1.30948e+07 5.98063e-08 36576 1.30506e+07
816.7 1.33135e+07 6.03036e-08 35976 1.31591e+07
818.955 1.33056e+07 5.97715e-08 36396 1.32685e+07
821.243 1.34642e+07 5.99797e-08 38030 1.338e+07
823.495 1.33088e+07 5.88026e-08 35784 1.34904e+07
825.764 1.38681e+07 6.077e-08 38712 1.36022e+07
828.102 1.37466e+07 5.97288e-08 38310 1.3718e+07
830.398 1.36172e+07 5.86772e-08 37596 1.38324e+07
832.649 1.40722e+07 6.0147e-08 39000 1.39453e+07
834.997 1.4196e+07 6.0166e-08 38552 1.40635e+07
837.325 1.41675e+07 5.95456e-08 40206 1.41815e+07
839.639 1.43036e+07 5.96221e-08 39072 1.42994e+07
842.006 1.45566e+07 6.01663e-08 41340 1.44207e+07
844.364 1.47394e+07 6.04131e-08 39342 1.45422e+07
846.654 1.4794e+07 6.01463e-08 40176 1.46608e+07
849.007 1.46026e+07 5.88756e-08 41768 1.47834e+07
851.36 1.50445e+07 6.01558e-08 40206 1.49067e+07
853.726 1.51818e+07 6.02014e-08 42300 1.50313e+07
856.093 1.53923e+07 6.05311e-08 42360 1.51567e+07
858.447 1.51818e+07 5.92136e-08 40488 1.5282e+07
860.825 1.53698e+07 5.94514e-08 44406 1.54094e+07
863.261 1.5661e+07 6.00666e-08 43076 1.55405e+07
865.619 1.56979e+07 5.97175e-08 42600 1.56683e+07
868.063 1.59707e+07 6.02433e-08 45486 1.58014e+07
870.51 1.5976e+07 5.97567e-08 43848 1.59353e+07
872.865 1.60823e+07 5.96689e-08 43248 1.6065e+07
875.268 1.61884e+07 5.9569e-08 44988 1.61981e+07
877.736 1.629e+07 5.94386e-08 46454 1.63355e+07
880.173 1.64877e+07 5.96619e-08 44928 1.64719e+07
882.637 1.68038e+07 6.02978e-08 47256 1.66107e+07
885.084 1.67991e+07 5.97821e-08 45126 1.67492e+07
887.541 1.67878e+07 5.92471e-08 48084 1.68891e+07
889.995 1.70709e+07 5.97495e-08 46320 1.70295e+07
892.49 1.72885e+07 6.00048e-08 47894 1.71732e+07
894.921 1.73784e+07 5.98268e-08 47160 1.73139e+07
897.379 1.76155e+07 6.01459e-08 48228 1.74569e+07
899.935 1.75957e+07 5.95678e-08 50598 1.76066e+07
902.415 1.78446e+07 5.99138e-08 47328 1.77525e+07
904.896 1.80829e+07 6.0216e-08 50696 1.78993e+07
907.414 1.82568e+07 6.02903e-08 49344 1.80492e+07
909.974 1.85417e+07 6.07161e-08 51570 1.82023e+07
912.489 1.83938e+07 5.9735e-08 50832 1.83537e+07
915.021 1.8549e+07 5.97404e-08 50424 1.85069e+07
917.558 1.8717e+07 5.97827e-08 52686 1.86613e+07
920.103 1.89229e+07 5.99401e-08 51092 1.8817e+07
922.642 1.9069e+07 5.99056e-08 53376 1.89732e+07
925.222 1.9356e+07 6.03002e-08 52374 1.91328e+07
927.753 1.9398e+07 5.99375e-08 52848 1.92902e+07
930.333 1.96636e+07 6.02543e-08 55488 1.94516e+07
932.98 1.98905e+07 6.04323e-08 54098 1.96181e+07
935.507 2.00226e+07 6.03418e-08 53688 1.9778e+07
938.093 1.99876e+07 5.97396e-08 55296 1.99424e+07
940.702 2.01409e+07 5.96984e-08 56358 2.01093e+07
943.366 2.03592e+07 5.98358e-08 57468 2.02806e+07
945.983 2.06918e+07 6.03099e-08 56000 2.04499e+07
948.631 2.07831e+07 6.00699e-08 57774 2.06221e+07
951.26 2.08934e+07 5.98897e-08 57648 2.0794e+07
953.878 2.11286e+07 6.00664e-08 57480 2.09662e+07
956.53 2.13291e+07 6.01335e-08 58122 2.11415e+07
959.153 2.14121e+07 5.98736e-08 59208 2.13159e+07
961.832 2.151e+07 5.96462e-08 60032 2.1495e+07
964.527 2.17936e+07 5.99275e-08 60366 2.16762e+07
967.205 2.20055e+07 6.00089e-08 60444 2.18573e+07
969.867 2.21199e+07 5.98255e-08 60912 2.20382e+07
972.575 2.2056e+07 5.91559e-08 61422 2.22234e+07
975.276 2.27541e+07 6.05224e-08 63032 2.2409e+07
977.994 2.29197e+07 6.0456e-08 62052 2.25969e+07
980.718 2.30759e+07 6.03623e-08 64038 2.27863e+07
983.416 2.28326e+07 5.92357e-08 61632 2.29748e+07
986.1 2.33101e+07 5.9982e-08 64896 2.31634e+07
988.883 2.33267e+07 5.95194e-08 64874 2.33601e+07
991.584 2.3785e+07 6.01941e-08 64200 2.35521e+07
994.365 2.37425e+07 5.95839e-08 68016 2.37508e+07
997.161 2.41603e+07 6.01239e-08 65694 2.39517e+07
999.915 2.42028e+07 5.97331e-08 67212 2.41507e+07
1002.69 2.46658e+07 6.03726e-08 67088 2.4352e+07
1005.45 2.46131e+07 5.97476e-08 67182 2.45542e+07
1008.23 2.47146e+07 5.94988e-08 69768 2.47585e+07
1011.03 2.51108e+07 5.9952e-08 67524 2.49653e+07
1013.83 2.5191e+07 5.96472e-08 70758 2.5173e+07
1016.63 2.55194e+07 5.99261e-08 69488 2.53825e+07
1019.45 2.57528e+07 5.99743e-08 71640 2.5594e+07
1022.32 2.59973e+07 6.00354e-08 72042 2.58108e+07
1025.17 2.61034e+07 5.97795e-08 72960 2.60271e+07
1027.99 2.6254e+07 5.96301e-08 70422 2.62428e+07
1030.87 2.68057e+07 6.03746e-08 76784 2.64638e+07
1033.75 2.69821e+07 6.02647e-08 72348 2.66866e+07
1036.6 2.69939e+07 5.97963e-08 74094 2.69074e+07
1039.46 2.72401e+07 5.98452e-08 74976 2.71306e+07
1042.33 2.75156e+07 5.99518e-08 76200 2.73562e+07
1045.27 2.77981e+07 6.00586e-08 77114 2.7588e+07
1048.16 2.7947e+07 5.98821e-08 76872 2.78175e+07
1051.07 2.81407e+07 5.97975e-08 77784 2.80499e+07
1054 2.85952e+07 6.02567e-08 78654 2.82857e+07
1056.92 2.89668e+07 6.05354e-08 79380 2.85215e+07
1059.85 2.86777e+07 5.94354e-08 79256 2.87593e+07
1062.8 2.9217e+07 6.00514e-08 80094 2.89996e+07
1065.71 2.95123e+07 6.01617e-08 80760 2.9239e+07
1068.71 2.976e+07 6.01573e-08 83034 2.94866e+07
1071.7 3.00232e+07 6.01843e-08 82664 2.9734e+07
1074.65 3.02696e+07 6.01787e-08 81864 2.99808e+07
1077.61 3.05076e+07 6.01533e-08 83334 3.02293e+07
1080.61 3.0769e+07 6.01645e-08 85980 3.04827e+07
1083.62 3.12078e+07 6.0517e-08 84144 3.07374e+07
1086.64 3.11235e+07 5.98515e-08 86486 3.09951e+07
1089.63 3.20066e+07 6.10437e-08 86016 3.1252e+07
1092.68 3.17878e+07 6.01205e-08 88290 3.1515e+07
1095.71 3.21513e+07 6.03051e-08 87672 3.17779e+07
1098.73 3.23381e+07 6.01557e-08 88608 3.20418e+07
1101.78 3.26591e+07 6.02504e-08 88682 3.23091e+07
1104.83 3.29738e+07 6.0329e-08 91200 3.2578e+07
1107.94 3.33134e+07 6.04377e-08 92568 3.28542e+07
1111.03 3.34917e+07 6.02566e-08 91014 3.31293e+07
1114.1 3.39532e+07 6.05823e-08 92828 3.34053e+07
1117.19 3.41184e+07 6.03734e-08 93054 3.36839e+07
1120.26 3.45271e+07 6.05958e-08 92568 3.39624e+07
1123.37 3.46661e+07 6.03362e-08 96768 3.42458e+07
1126.53 3.47052e+07 5.98971e-08 95658 3.45357e+07
1129.64 3.49732e+07 5.98628e-08 96368 3.48224e+07
1132.81 3.51838e+07 5.97195e-08 98526 3.51162e+07
1135.92 3.58367e+07 6.0329e-08 95436 3.54064e+07
1139.06 3.62495e+07 6.05205e-08 101472 3.57009e+07
1142.26 3.62907e+07 6.00814e-08 98582 3.60027e+07
1145.38 3.6689e+07 6.02457e-08 99984 3.62987e+07
1148.57 3.71048e+07 6.04231e-08 101298 3.66022e+07
1151.78 3.74512e+07 6.04774e-08 104952 3.69107e+07
1154.98 3.75471e+07 6.01302e-08 100568 3.7219e+07
1158.18 3.78584e+07 6.01275e-08 105942 3.75291e+07
1161.42 3.8306e+07 6.03306e-08 104892 3.78451e+07
1164.62 3.83786e+07 5.99484e-08 103734 3.81585e+07
1167.82 3.90147e+07 6.04418e-08 107160 3.84744e+07
1171.09 3.9236e+07 6.02773e-08 108788 3.87982e+07
1174.34 3.94163e+07 6.00523e-08 107070 3.91224e+07
1177.6 3.99182e+07 6.03144e-08 110760 3.94484e+07
1180.88 4.06342e+07 6.0886e-08 109182 3.9779e+07
1184.16 4.07149e+07 6.05006e-08 112820 4.01119e+07
1187.45 4.10329e+07 6.04687e-08 110280 4.04466e+07
1190.74 4.15139e+07 6.06715e-08 114678 4.07839e+07
1194.05 4.1852e+07 6.0658e-08 112668 4.11252e+07
1197.36 4.21646e+07 6.06058e-08 116030 4.14681e+07
1200.73 4.26881e+07 6.08433e-08 118032 4.1819e+07
1204.04 4.28219e+07 6.05311e-08 113700 4.21665e+07
1207.36 4.33898e+07 6.08306e-08 118566 4.25154e+07
1210.73 4.36218e+07 6.06463e-08 119840 4.28725e+07
1214.08 4.40185e+07 6.06919e-08 118278 4.32299e+07
1217.43 4.43037e+07 6.05828e-08 120852 4.35883e+07
1220.81 4.43027e+07 6.00787e-08 122166 4.39531e+07
1224.21 4.49431e+07 6.04408e-08 123296 4.43213e+07
1227.61 4.55408e+07 6.07378e-08 123300 4.46911e+07
1231.03 4.59636e+07 6.07927e-08 126174 4.50654e+07
1234.45 4.6167e+07 6.05558e-08 124800 4.54419e+07
1237.85 4.66789e+07 6.07229e-08 126774 4.58193e+07
1241.29 4.68747e+07 6.0472e-08 128900 4.62023e+07
1244.74 4.74287e+07 6.068e-08 127776 4.65882e+07
1248.2 4.76595e+07 6.04699e-08 132246 4.69776e+07
1251.66 4.79332e+07 6.03137e-08 129252 4.73696e+07
1255.13 4.87995e+07 6.08966e-08 133118 4.77642e+07
1258.61 4.91637e+07 6.08436e-08 133272 4.81626e+07
1262.11 4.96824e+07 6.09742e-08 134970 4.85665e+07
1265.61 5.03199e+07 6.12463e-08 136128 4.89711e+07
1269.15 5.0305e+07 6.07176e-08 137270 4.93829e+07
1272.69 5.09171e+07 6.09443e-08 139620 4.97979e+07
1276.23 5.14657e+07 6.10908e-08 138312 5.02137e+07
1279.77 5.17883e+07 6.09637e-08 140694 5.06338e+07
1283.31 5.22638e+07 6.10165e-08 140888 5.10545e+07
1286.88 5.31819e+07 6.15732e-08 143034 5.14817e+07
1290.45 5.324e+07 6.11301e-08 143688 5.19114e+07
1294.01 5.35907e+07 6.10266e-08 143510 5.23421e+07
1297.6 5.38024e+07 6.07607e-08 147828 5.27787e+07
1301.23 5.46789e+07 6.12346e-08 147918 5.32234e+07
1304.84 5.49422e+07 6.10205e-08 148992 5.36674e+07
1308.48 5.53246e+07 6.09341e-08 150356 5.41174e+07
1312.07 5.60363e+07 6.12125e-08 147606 5.45644e+07
1315.71 5.63168e+07 6.10099e-08 156624 5.50196e+07
1319.41 5.69927e+07 6.12231e-08 153354 5.54861e+07
1323.05 5.70434e+07 6.0774e-08 153968 5.59458e+07
1326.71 5.79812e+07 6.12632e-08 155862 5.64115e+07
1330.38 5.82073e+07 6.09948e-08 157524 5.68807e+07
1334.08 5.87782e+07 6.10822e-08 159126 5.73564e+07
1337.8 5.99532e+07 6.17842e-08 162488 5.78383e+07
1341.52 5.96227e+07 6.09335e-08 159570 5.83224e+07
1345.23 6.07964e+07 6.16212e-08 164304 5.88068e+07
1349 6.0668e+07 6.09771e-08 165720 5.93024e+07
1352.73 6.16554e+07 6.14582e-08 162866 5.97959e+07
1356.46 6.18349e+07 6.11294e-08 169056 6.02925e+07
1360.25 6.29369e+07 6.17009e-08 167502 6.07986e+07
1364.01 6.30507e+07 6.13026e-08 169964 6.13043e+07
1367.79 6.37289e+07 6.145e-08 170478 6.1815e+07
1371.59 6.41189e+07 6.13125e-08 175200 6.23329e+07
1375.43 6.50263e+07 6.16619e-08 173130 6.28568e+07
1379.22 6.54665e+07 6.15685e-08 175712 6.33784e+07
1383.06 6.60718e+07 6.1621e-08 177438 6.39098e+07
1386.89 6.67713e+07 6.1759e-08 178092 6.44421e+07
1390.73 6.72445e+07 6.16828e-08 179694 6.4979e+07
1394.6 6.76474e+07 6.15383e-08 182504 6.55218e+07
1398.48 6.88515e+07 6.21139e-08 182394 6.60701e+07
1402.34 6.86695e+07 6.14389e-08 184464 6.66194e+07
1406.24 6.98444e+07 6.1972e-08 186398 6.71763e+07
1410.15 7.0424e+07 6.19672e-08 188844 6.77391e+07
1414.06 7.0645e+07 6.16484e-08 187230 6.8303e+07
1417.99 7.16191e+07 6.19802e-08 193776 6.88741e+07
1421.96 7.16551e+07 6.14933e-08 192218 6.94543e+07
1425.88 7.26498e+07 6.18341e-08 192408 7.00304e+07
1429.82 7.2993e+07 6.1614e-08 195510 7.06125e+07
1433.79 7.41955e+07 6.21094e-08 198404 7.12034e+07
1437.8 7.4836e+07 6.21235e-08 200310 7.18017e+07
1441.8 7.52262e+07 6.19291e-08 201216 7.24027e+07
1445.81 7.60534e+07 6.20908e-08 201618 7.30081e+07
1449.82 7.65097e+07 6.19464e-08 204680 7.36174e+07
1453.82 7.78122e+07 6.24823e-08 202758 7.42285e+07
1457.86 7.76662e+07 6.18473e-08 211812 7.485e+07
1461.93 7.85377e+07 6.20214e-08 205718 7.54774e+07
1465.95 7.9674e+07 6.2402e-08 211452 7.61024e+07
1470.03 8.00151e+07 6.21493e-08 213150 7.67389e+07
1474.14 8.09202e+07 6.23277e-08 217512 7.73849e+07
1478.25 8.15384e+07 6.22812e-08 214754 7.80343e+07
1482.31 8.23544e+07 6.23894e-08 215424 7.86785e+07
1486.45 8.33641e+07 6.26283e-08 224574 7.93393e+07
1490.58 8.41266e+07 6.26764e-08 218588 8.00036e+07
1494.7 8.49083e+07 6.27376e-08 223902 8.06682e+07
1498.84 8.59792e+07 6.30042e-08 224952 8.134e+07
1503.03 8.59431e+07 6.24528e-08 230258 8.20237e+07
1507.2 8.68361e+07 6.25782e-08 227544 8.27098e+07
1511.38 8.77285e+07 6.26991e-08 231018 8.33987e+07
1515.57 8.88414e+07 6.29684e-08 234504 8.40954e+07
1519.79 8.974e+07 6.30781e-08 233102 8.47984e+07
1523.98 9.03156e+07 6.29599e-08 236892 8.55025e+07
1528.21 9.08712e+07 6.28223e-08 238830 8.62169e+07
1532.45 9.22854e+07 6.32727e-08 241232 8.69353e+07
1536.72 9.29307e+07 6.31852e-08 243906 8.76646e+07
1540.99 9.3243e+07 6.28722e-08 244704 8.83971e+07
1545.26 9.52788e+07 6.37131e-08 246698 8.91349e+07
1549.54 9.53153e+07 6.32118e-08 248664 8.98762e+07
1553.86 9.65406e+07 6.34916e-08 253494 9.06303e+07
1558.18 9.77516e+07 6.37547e-08 251522 9.13885e+07
1562.48 9.9026e+07 6.40535e-08 255336 9.21481e+07
1566.82 9.91449e+07 6.35993e-08 257694 9.29177e+07
1571.18 1.00285e+08 6.37965e-08 260988 9.36952e+07
1575.56 1.00791e+08 6.35856e-08 261638 9.44806e+07
1579.91 1.0248e+08 6.41189e-08 262356 9.52652e+07
1584.28 1.0288e+08 6.38365e-08 266478 9.60595e+07
1588.71 1.0337e+08 6.36069e-08 272048 9.68659e+07
1593.14 1.04926e+08 6.40262e-08 269850 9.76801e+07
1597.55 1.05783e+08 6.40161e-08 272544 9.84931e+07
1601.99 1.07123e+08 6.42905e-08 275546 9.93156e+07
1606.41 1.08056e+08 6.43155e-08 275334 1.00141e+08
1610.9 1.09517e+08 6.46427e-08 285024 1.00982e+08
1615.41 1.09902e+08 6.43274e-08 282242 1.01833e+08
1619.86 1.11103e+08 6.44957e-08 280800 1.02677e+08
1624.34 1.12544e+08 6.47931e-08 288330 1.03532e+08
1628.86 1.12971e+08 6.44995e-08 290024 1.04398e+08
1633.39 1.14093e+08 6.45998e-08 290598 1.0527e+08
1637.9 1.15244e+08 6.47133e-08 293748 1.06146e+08
1642.47 1.16926e+08 6.51114e-08 299582 1.07037e+08
1647.02 1.17914e+08 6.51187e-08 295914 1.0793e+08
1651.57 1.1906e+08 6.52098e-08 302352 1.08826e+08
1656.18 1.19547e+08 6.49315e-08 305342 1.09739e+08
1660.77 1.21554e+08 6.54758e-08 305532 1.10654e+08
1665.39 1.22398e+08 6.53836e-08 310806 1.1158e+08
1670.01 1.24097e+08 6.57427e-08 310436 1.12511e+08
1674.66 1.24688e+08 6.55068e-08 318006 1.13454e+08
1679.3 1.25904e+08 6.55982e-08 312846 1.14401e+08
1683.95 1.27978e+08 6.61287e-08 322508 1.15352e+08
1688.64 1.2865e+08 6.5923e-08 321318 1.1632e+08
1693.33 1.30331e+08 6.62311e-08 327204 1.17291e+08
1698.03 1.31463e+08 6.6253e-08 325766 1.18271e+08
1702.73 1.32171e+08 6.606e-08 330246 1.19255e+08
1707.47 1.3352e+08 6.61801e-08 335868 1.20254e+08
1712.24 1.34855e+08 6.6285e-08 336710 1.21264e+08
1716.97 1.36217e+08 6.6402e-08 336636 1.22273e+08
1721.74 1.379e+08 6.66657e-08 343542 1.23294e+08
1726.51 1.39364e+08 6.68168e-08 342092 1.24321e+08
1731.3 1.41084e+08 6.70817e-08 349446 1.25359e+08
1736.12 1.42622e+08 6.72493e-08 350118 1.26409e+08
1740.93 1.43453e+08 6.70827e-08 352628 1.27462e+08
1745.78 1.4488e+08 6.7186e-08 359334 1.28531e+08
1750.62 1.46896e+08 6.75573e-08 356364 1.29603e+08
1755.47 1.48686e+08 6.78159e-08 362990 1.30683e+08
1760.34 1.49945e+08 6.78241e-08 364062 1.31774e+08
1765.22 1.51179e+08 6.78161e-08 369756 1.32874e+08
1770.12 1.52668e+08 6.79175e-08 368726 1.33982e+08
1775.02 1.53958e+08 6.7925e-08 375786 1.35099e+08
1779.96 1.5578e+08 6.81581e-08 378600 1.3623e+08
1784.91 1.5708e+08 6.81576e-08 379394 1.37368e+08
1789.86 1.59459e+08 6.86167e-08 386568 1.38516e+08
1794.85 1.61293e+08 6.88291e-08 386906 1.39677e+08
1799.82 1.62942e+08 6.89583e-08 388950 1.4084e+08
1804.81 1.64655e+08 6.91066e-08 394512 1.42015e+08
1809.83 1.66832e+08 6.94396e-08 396818 1.43203e+08
1814.85 1.68117e+08 6.93948e-08 401112 1.44399e+08
1819.91 1.69882e+08 6.95409e-08 404850 1.45608e+08
1824.96 1.7215e+08 6.98859e-08 405566 1.46825e+08
1830 1.74074e+08 7.00839e-08 409308 1.48046e+08
1835.08 1.76618e+08 7.05197e-08 413766 1.49281e+08
1840.17 1.77708e+08 7.03674e-08 417050 1.50528e+08
1845.3 1.79829e+08 7.06153e-08 425232 1.51789e+08
1850.44 1.82453e+08 7.10499e-08 421862 1.53062e+08
1855.55 1.83711e+08 7.09502e-08 426402 1.54334e+08
1860.71 1.85801e+08 7.11621e-08 434688 1.55625e+08
1865.91 1.88878e+08 7.17379e-08 436634 1.56933e+08
1871.07 1.89719e+08 7.14626e-08 434784 1.58239e+08
1876.24 1.92783e+08 7.20184e-08 441018 1.59553e+08
1881.45 1.94826e+08 7.21787e-08 447350 1.60886e+08
1886.68 1.96218e+08 7.20915e-08 449868 1.62231e+08
1891.92 1.99225e+08 7.25902e-08 453206 1.63586e+08
1897.16 2.01947e+08 7.29732e-08 456570 1.64951e+08
1902.44 2.03348e+08 7.28699e-08 463824 1.6633e+08
1907.73 2.05814e+08 7.31413e-08 463718 1.67723e+08
1913.02 2.08855e+08 7.36085e-08 468186 1.69121e+08
1918.32 2.11833e+08 7.40401e-08 473448 1.70532e+08
1923.67 2.14059e+08 7.41963e-08 479354 1.71962e+08
1929.01 2.16569e+08 7.44442e-08 477702 1.73398e+08
1934.35 2.19363e+08 7.47823e-08 485204 1.74841e+08
1939.74 2.21182e+08 7.47757e-08 491454 1.76307e+08
1945.13 2.24399e+08 7.5234e-08 491226 1.77782e+08
1950.52 2.26408e+08 7.52799e-08 497648 1.79264e+08
1955.96 2.3006e+08 7.58574e-08 504930 1.80768e+08
1961.39 2.32928e+08 7.61677e-08 500358 1.82277e+08
1966.8 2.35928e+08 7.65138e-08 508652 1.83789e+08
1972.27 2.38597e+08 7.67371e-08 516390 1.85327e+08
1977.75 2.41248e+08 7.69469e-08 515642 1.86875e+08
1983.22 2.44302e+08 7.72777e-08 521880 1.88431e+08
1988.74 2.47591e+08 7.76673e-08 530850 1.9001e+08
1994.27 2.51629e+08 7.82797e-08 527054 1.91599e+08
1999.77 2.53515e+08 7.82175e-08 534156 1.93188e+08
2005.35 2.5736e+08 7.87433e-08 545150 1.94808e+08
2010.93 2.61154e+08 7.92398e-08 543474 1.96441e+08
2016.49 2.63975e+08 7.94356e-08 545310 1.98074e+08
2022.08 2.68307e+08 8.00718e-08 555788 1.99725e+08
2027.71 2.72078e+08 8.05223e-08 559542 2.01399e+08
2033.35 2.75342e+08 8.0812e-08 564146 2.03085e+08
2038.99 2.77774e+08 8.08512e-08 566520 2.04779e+08
2044.66 2.83304e+08 8.1777e-08 573594 2.06491e+08
2050.34 2.87019e+08 8.21624e-08 577718 2.08218e+08
2056.02 2.89825e+08 8.228e-08 579300 2.09953e+08
6.9058e+07
1.67772e+07
1.67772e+07
