0.799813
1398
200
512
1.14126
0.0314159 0.0106253 0.000845537 6 7.49014e-07
0.0444288 0.0503175 0.00141568 12 2.11853e-06
0.054414 0.168647 0.00258277 8 3.89199e-06
0.0628319 0.0542669 0.000539803 6 5.99211e-06
0.0702481 0.112799 0.000802861 24 8.37423e-06
0.076953 0.107141 0.000580121 24 1.10082e-05
0.0888577 0.207866 0.000731036 12 1.69483e-05
0.0942478 0.207316 0.000611024 30 2.02234e-05
0.0993459 0.133866 0.000336868 24 2.36859e-05
0.104195 0.174643 0.000380937 24 2.73262e-05
0.108828 0.513256 0.000982544 8 3.11359e-05
0.113272 0.22429 0.000380789 24 3.51079e-05
0.117548 0.32533 0.000494222 48 3.92358e-05
0.125664 0.54417 0.00067662 6 4.79369e-05
0.129531 0.366133 0.000415676 48 5.25005e-05
0.133286 0.256897 0.000267695 36 5.72004e-05
0.136939 0.259799 0.00024963 24 6.20327e-05
0.140496 0.20079 0.000178643 24 6.69939e-05
0.143966 0.435428 0.000360063 48 7.20807e-05
0.147354 0.457831 0.000353071 24 7.72901e-05
0.153906 0.33747 0.000228406 24 8.80657e-05
0.15708 0.591996 0.000376876 30 9.36268e-05
0.16019 0.509247 0.000305674 72 9.93002e-05
0.163242 0.35799 0.000203056 32 0.000105084
0.16918 0.617685 0.000314746 72 0.000116973
0.172072 0.546462 0.000264648 48 0.000123076
0.177715 0.694272 0.000305207 12 0.000135586
0.180471 0.599241 0.000251548 48 0.000141991
0.183185 0.569574 0.000228624 48 0.000148494
0.185859 0.515783 0.000198223 48 0.000155093
0.188496 0.516402 0.00019025 30 0.000161787
0.191096 0.769336 0.000272022 24 0.000168575
0.193661 0.601011 0.000204172 72 0.000175455
0.198692 0.667847 0.000210076 24 0.000189487
0.20116 0.810374 0.00024564 96 0.000196637
0.203598 0.955466 0.000279339 48 0.000203875
0.206008 1.03123 0.000291035 24 0.000211199
0.20839 0.684172 0.000186542 24 0.000218609
0.210744 0.47696 0.000125734 72 0.000226104
0.213073 0.747477 0.000190656 48 0.000233683
0.217656 0.801388 0.000191766 8 0.000249087
0.219911 0.931349 0.000216077 54 0.000256912
0.222144 0.980703 0.000220736 84 0.000264816
0.224355 1.31984 0.000288374 48 0.000272801
0.226543 0.827388 0.000175588 24 0.000280863
0.228711 0.713597 0.000147173 72 0.000289004
0.230859 0.956747 0.000191865 96 0.000297222
0.235095 0.847201 0.000160877 48 0.000313886
0.237185 0.826225 0.000152783 48 0.000322331
0.239257 0.75475 0.000135972 24 0.000330851
0.24131 0.869388 0.00015266 72 0.000339444
0.245366 1.04485 0.000174521 72 0.000356849
0.247369 0.821927 0.000133979 96 0.00036566
0.251327 0.711297 0.000110553 6 0.000383495
0.253283 1.10431 0.000167691 96 0.000392518
0.255224 0.839583 0.000124606 96 0.000401611
0.25715 1.29797 0.000188341 24 0.000410773
0.259062 1.32795 0.000188455 48 0.000420004
0.26096 1.12608 0.000156346 96 0.000429303
0.262844 1.24037 0.000168537 48 0.000438669
0.266573 0.890446 0.000115984 36 0.000457603
0.268418 1.1596 0.00014795 48 0.000467169
0.27025 1.29368 0.000161722 120 0.000476801
0.27207 0.908577 0.000111317 56 0.000486499
0.273878 1.15507 0.000138732 24 0.000496261
0.275674 1.14314 0.000134633 96 0.000506088
0.277458 1.35463 0.000156483 48 0.000515979
0.280993 1.48243 0.000164865 24 0.000535951
0.282743 1.06682 0.000116454 102 0.000546031
0.284483 0.966991 0.000103631 48 0.000556174
0.286213 1.57192 0.000165426 72 0.000566379
0.287932 1.03154 0.000106624 48 0.000576645
0.289641 1.17026 0.000118835 48 0.000586973
0.291339 1.24578 0.000124303 120 0.000597362
0.294708 1.64879 0.000158939 24 0.000618321
0.296377 1.3716 0.000129997 144 0.00062889
0.298038 1.24696 0.000116219 120 0.000639519
0.299689 1.26651 0.000116102 48 0.000650208
0.302964 1.09203 9.68947e-05 48 0.00067176
0.304589 1.23718 0.000108027 96 0.000682624
0.307812 1.27502 0.00010787 24 0.000704526
0.309411 1.546 0.000128778 48 0.000715562
0.311002 1.09855 9.01096e-05 108 0.000726656
0.312585 1.40872 0.000113805 72 0.000737807
0.314159 1.37762 0.000109628 30 0.000749014
0.315726 1.51998 0.000119165 168 0.000760277
0.317285 1.58982 0.000122811 48 0.000771596
0.320381 1.15977 8.70189e-05 72 0.000794401
0.321917 1.58697 0.000117375 96 0.000805887
0.323447 2.01044 0.000146596 72 0.000817427
0.324969 1.55396 0.000111726 72 0.000829021
0.326484 1.66142 0.000117797 32 0.00084067
0.327992 1.76964 0.000123747 72 0.000852373
0.329493 1.87367 0.000129239 144 0.00086413
0.333956 1.68979 0.000111945 96 0.000899721
0.33543 1.50589 9.84524e-05 96 0.00091169
0.336898 1.23794 7.98811e-05 48 0.000923712
0.33836 1.34703 8.57987e-05 72 0.000935787
0.339815 1.61846 0.000101768 120 0.000947914
0.341264 2.13145 0.000132325 72 0.000960092
0.344144 1.9689 0.00011919 48 0.000984605
0.345575 1.52396 9.11143e-05 78 0.000996938
0.347 1.84772 0.000109115 120 0.00100932
0.348419 1.8814 0.000109752 48 0.00102176
0.351241 1.64088 9.34331e-05 144 0.00104678
0.352643 1.57202 8.8449e-05 144 0.00105937
0.355431 1.41946 7.80004e-05 12 0.00108469
0.356816 1.49548 8.12243e-05 144 0.00109742
0.358197 1.82279 9.78616e-05 48 0.00111021
0.359572 2.11678 0.000112346 120 0.00112304
0.360942 1.72214 9.03647e-05 48 0.00113593
0.362306 1.96002 0.000101689 48 0.00114886
0.363666 1.69235 8.68209e-05 168 0.00116184
0.36637 1.90766 9.57155e-05 48 0.00118795
0.367714 1.62546 8.06649e-05 96 0.00120108
0.369054 2.13804 0.000104951 96 0.00121425
0.370388 1.72513 8.37702e-05 72 0.00122747
0.371718 1.96025 9.41693e-05 48 0.00124074
0.373043 2.05014 9.7442e-05 96 0.00125406
0.374364 2.85474 0.000134253 48 0.00126743
0.376991 2.8336 0.000130493 30 0.0012943
0.378298 2.2254 0.000101425 96 0.0013078
0.3796 1.60474 7.23876e-05 192 0.00132135
0.380898 2.26901 0.000101309 56 0.00133495
0.382191 2.84886 0.000125912 24 0.0013486
0.38348 2.1348 9.34046e-05 168 0.00136229
0.384765 2.02193 8.7583e-05 120 0.00137603
0.387322 2.62525 0.000111479 72 0.00140364
0.388594 2.1384 8.99171e-05 144 0.00141751
0.389861 2.095 8.72353e-05 96 0.00143143
0.391125 2.05616 8.4791e-05 96 0.0014454
0.39364 1.88248 7.61502e-05 72 0.00147346
0.394892 2.0285 8.1279e-05 96 0.00148756
0.397384 2.27643 8.95084e-05 24 0.0015159
0.398623 1.93058 7.52036e-05 192 0.00153013
0.399859 2.35623 9.09358e-05 108 0.00154441
0.401092 3.84079 0.000146869 24 0.00155873
0.40232 1.84212 6.97978e-05 96 0.0015731
0.403545 2.63322 9.8867e-05 96 0.00158751
0.404766 2.30562 8.57857e-05 120 0.00160196
0.407197 2.81523 0.000102882 48 0.001631
0.408407 2.40843 8.72357e-05 78 0.00164558
0.409614 2.45275 8.80583e-05 144 0.00166021
0.410817 2.15077 7.65402e-05 120 0.00167488
0.412016 2.93577 0.000103567 24 0.0016896
0.413212 2.69546 9.42658e-05 168 0.00170435
0.414405 1.89814 6.58104e-05 144 0.00171915
0.416779 2.88379 9.82845e-05 24 0.00174888
0.417962 2.61042 8.82148e-05 48 0.0017638
0.419141 2.33315 7.81814e-05 96 0.00177877
0.420316 2.32621 7.72964e-05 120 0.00179378
0.421489 1.6372 5.3949e-05 72 0.00180883
0.422658 2.64254 8.63563e-05 120 0.00182393
0.423824 2.82328 9.15033e-05 144 0.00183906
0.426146 2.84398 9.06755e-05 48 0.00186946
0.427303 2.67214 8.4507e-05 192 0.00188472
0.428456 2.66039 8.34577e-05 144 0.00190003
0.429606 2.84773 8.86189e-05 48 0.00191537
0.431898 3.02296 9.25826e-05 192 0.00194618
0.433039 1.35955 4.13101e-05 48 0.00196164
0.435312 3.31103 9.90379e-05 8 0.0019927
0.437385 2.56502 7.5638e-05 288 0.0020213
0.4387 2.09081 6.11016e-05 96 0.00203959
0.439823 2.77026 8.03391e-05 54 0.00205529
0.440944 2.54484 7.32405e-05 120 0.00207104
0.442061 2.40181 6.8601e-05 120 0.00208683
0.444288 2.24342 6.31184e-05 84 0.00211853
0.445398 2.97201 8.2994e-05 144 0.00213444
0.446504 2.45715 6.81075e-05 72 0.00215039
0.447608 2.43776 6.70713e-05 96 0.00216638
0.449441 2.89559 7.8697e-05 144 0.0021931
0.450903 2.56067 6.89196e-05 240 0.00221458
0.453087 3.57931 9.495e-05 24 0.00224691
0.454175 3.03306 7.98825e-05 240 0.00226313
0.45526 2.81463 7.36008e-05 96 0.00227939
0.456882 2.76445 7.15212e-05 144 0.00230385
0.4585 3.21816 8.23813e-05 96 0.00232841
0.459575 3.9427 0.000100222 72 0.00234483
0.461718 2.89767 7.26372e-05 96 0.00237777
0.462785 2.68861 6.6931e-05 96 0.00239431
0.464323 3.25497 8.02281e-05 216 0.00241824
0.467031 2.85961 6.92642e-05 192 0.00246081
0.468087 3.09423 7.44412e-05 144 0.00247753
0.470191 2.89499 6.87172e-05 48 0.00251109
0.471239 3.48171 8.20936e-05 150 0.00252792
0.472285 3.01199 7.05473e-05 96 0.00254479
0.473329 3.78984 8.81805e-05 120 0.0025617
0.475112 3.0396 6.99308e-05 168 0.00259077
0.476446 3.10793 7.09039e-05 240 0.00261265
0.478513 3.41166 7.68289e-05 24 0.0026468
0.48016 2.95349 6.58291e-05 360 0.00267422
0.481597 3.69669 8.16586e-05 48 0.00269831
0.482621 3.17197 6.96228e-05 72 0.00271555
0.484049 2.90539 6.32084e-05 240 0.00273974
0.488189 3.0062 6.37517e-05 276 0.00281064
0.489726 3.44306 7.23311e-05 104 0.00283726
0.490732 3.48614 7.27865e-05 72 0.00285479
0.492199 3.69533 7.64663e-05 312 0.00288047
0.494739 2.96748 6.04646e-05 96 0.00292528
0.496232 2.98451 6.02641e-05 288 0.00295185
0.497722 3.55788 7.11985e-05 168 0.00297852
0.499701 2.5623 5.06686e-05 48 0.00301419
0.500687 3.74243 7.35687e-05 192 0.00303208
0.503606 3.75869 7.26112e-05 198 0.00308541
0.504614 3.39879 6.52657e-05 96 0.00310398
0.506079 3.30875 6.29867e-05 192 0.00313108
0.50754 3.52288 6.64856e-05 216 0.00315828
0.508511 3.9855 7.47861e-05 72 0.00317645
0.510448 2.77184 5.14225e-05 96 0.00321289
0.512103 3.30942 6.08024e-05 336 0.00324423
0.51334 3.64306 6.64492e-05 48 0.00326781
0.51518 3.55964 6.42348e-05 288 0.00330306
0.516216 3.78352 6.78643e-05 192 0.00332304
0.518125 3.08074 5.46502e-05 48 0.00336003
0.519076 3.14554 5.54935e-05 96 0.00337858
0.520457 3.73386 6.53498e-05 264 0.00340561
0.521921 2.76965 4.80675e-05 96 0.00343442
0.523525 3.90024 6.70684e-05 240 0.00346619
0.52647 3.88865 6.57531e-05 288 0.00352503
0.527563 3.18173 5.34663e-05 96 0.00354702
0.528498 4.20304 7.02545e-05 72 0.0035659
0.53076 3.57943 5.90689e-05 336 0.0036119
0.533829 4.02678 6.53117e-05 138 0.00367492
0.534994 3.94059 6.34971e-05 240 0.00369902
0.536222 4.17193 6.6764e-05 144 0.00372455
0.538155 4.08024 6.45957e-05 384 0.00376498
0.541061 3.66554 5.71002e-05 312 0.00382631
0.542323 4.4252 6.84539e-05 72 0.00385314
0.543437 3.62762 5.57717e-05 248 0.00387693
0.545589 4.09199 6.21697e-05 240 0.00392316
0.547755 2.11745 3.17902e-05 24 0.00397009
0.548656 4.16203 6.21793e-05 192 0.0039897
0.549761 3.49011 5.1827e-05 312 0.00401386
0.551884 3.69918 5.43003e-05 240 0.00406053
0.553134 5.23951 7.63904e-05 96 0.0040882
0.554916 3.72788 5.38294e-05 48 0.00412783
0.556483 4.02169 5.75828e-05 408 0.0041629
0.557577 3.78763 5.39129e-05 144 0.00418751
0.559345 4.15124 5.85301e-05 120 0.00422745
0.560226 3.96616 5.5657e-05 144 0.00424747
0.562783 4.38374 6.06824e-05 264 0.00430589
0.564176 4.53627 6.23297e-05 192 0.00433794
0.565487 3.27438 4.46789e-05 102 0.00436825
0.566891 4.08294 5.52987e-05 432 0.00440087
0.568967 3.76625 5.04531e-05 48 0.00444939
0.57005 4.40251 5.86411e-05 384 0.00447485
0.571994 4.64809 6.1283e-05 144 0.00452079
0.573756 4.15461 5.42736e-05 264 0.0045627
0.576434 4.0699 5.24293e-05 144 0.00462689
0.577954 3.9827 5.09023e-05 324 0.00466359
0.580026 4.69376 5.93497e-05 384 0.00471392
0.580982 4.99952 6.29042e-05 216 0.00473728
0.583055 4.73728 5.89713e-05 216 0.00478815
0.584792 4.70739 5.80786e-05 240 0.00483108
0.586898 4.52876 5.52753e-05 168 0.00488347
0.587738 4.64859 5.64949e-05 240 0.00490447
0.590159 4.19475 5.03547e-05 216 0.00496531
0.591365 4.63704 5.5324e-05 288 0.00499583
0.593087 3.86374 4.56974e-05 240 0.0050396
0.594417 5.0478 5.93018e-05 72 0.00507358
0.596499 4.49843 5.22964e-05 246 0.00512707
0.597997 4.80277 5.5416e-05 320 0.00516579
0.600063 3.74738 4.27934e-05 288 0.00521953
0.601022 4.87187 5.53687e-05 144 0.00524459
0.60348 4.86011 5.45628e-05 288 0.00530921
0.604764 4.56968 5.09763e-05 336 0.00534315
0.60651 4.81376 5.32367e-05 168 0.00538956
0.607555 4.98552 5.48521e-05 336 0.00541748
0.609717 4.7998 5.2249e-05 288 0.00547552
0.611016 4.92746 5.32975e-05 264 0.00551058
0.613214 4.40759 4.71632e-05 240 0.00557029
0.614019 5.71892 6.09549e-05 96 0.00559223
0.616265 6.11575 6.44744e-05 120 0.00565382
0.617648 5.07924 5.31883e-05 408 0.00569197
0.619954 4.69148 4.85815e-05 456 0.00575597
0.622004 5.80589 5.95291e-05 108 0.00581325
0.623156 4.29061 4.3749e-05 264 0.00584563
0.624595 5.19761 5.26319e-05 264 0.0058862
0.626564 5.21789 5.23406e-05 312 0.00594205
0.629016 5.69544 5.64653e-05 270 0.00601209
0.630044 5.16837 5.09895e-05 240 0.00604161
0.631892 4.70194 4.59822e-05 384 0.00609492
0.633013 5.58396 5.4318e-05 192 0.00612744
0.635606 5.34471 5.1357e-05 432 0.00620304
0.636899 4.21508 4.02562e-05 144 0.00624098
0.638833 5.43145 5.14035e-05 480 0.006298
0.641275 5.56943 5.21097e-05 216 0.00637049
0.642832 5.15556 4.78877e-05 312 0.006417
0.64426 4.46863 4.12316e-05 216 0.00645988
0.645938 5.66329 5.18484e-05 192 0.00651049
0.648007 5.05228 4.58129e-05 624 0.00657325
0.649634 6.39057 5.7514e-05 120 0.00662287
0.651021 5.88204 5.25995e-05 336 0.0066654
0.653586 4.80711 4.24831e-05 176 0.00674447
0.654666 5.76923 5.07339e-05 384 0.00677797
0.656779 5.00736 4.36104e-05 408 0.00684383
0.658986 5.26988 4.54372e-05 144 0.00691304
0.660251 5.02541 4.30809e-05 486 0.00695292
0.66272 5.59489 4.74288e-05 96 0.00703121
0.663464 5.42839 4.58626e-05 384 0.00705492
0.666071 6.16508 5.14774e-05 492 0.00713841
0.667911 5.38243 4.4572e-05 384 0.00719774
0.669388 6.44562 5.30238e-05 168 0.00724559
0.67191 6.3795 5.18911e-05 504 0.00732781
0.67321 6.25714 5.06015e-05 240 0.00737043
0.674682 5.69498 4.57545e-05 456 0.00741888
0.67725 6.33153 5.02923e-05 264 0.0075039
0.678949 6.46494 5.09675e-05 384 0.00756052
0.680759 5.91947 4.6296e-05 432 0.00762114
0.68301 6.01726 4.65969e-05 216 0.00769701
0.684213 6.40169 4.93128e-05 360 0.00773776
0.686355 7.22566 5.51405e-05 312 0.00781065
0.688862 5.8913 4.44688e-05 240 0.00789653
0.690156 6.04374 4.53632e-05 414 0.00794112
0.692267 6.14084 4.56717e-05 552 0.00801421
0.694474 6.66173 4.90748e-05 360 0.00809112
0.695933 5.78103 4.23197e-05 432 0.00814222
0.698042 5.75963 4.17821e-05 480 0.00821645
0.700371 6.93056 4.97765e-05 288 0.00829898
0.701886 6.73191 4.80372e-05 312 0.00835296
0.703511 7.21671 5.11407e-05 360 0.0084111
0.706218 6.63041 4.64477e-05 576 0.00850856
0.708463 6.81669 4.73e-05 464 0.00858997
0.709472 7.48249 5.16989e-05 192 0.00862671
0.71187 6.48108 4.43287e-05 396 0.0087145
0.713632 6.64489 4.51133e-05 432 0.00877938
0.71529 6.82271 4.59992e-05 240 0.0088407
0.717478 7.33306 4.8989e-05 624 0.00892209
0.719862 7.39088 4.88865e-05 504 0.0090113
0.722401 8.30325 5.43442e-05 198 0.00910699
0.723603 6.34087 4.1294e-05 600 0.00915255
0.725718 7.14947 4.61541e-05 384 0.00923302
0.727934 6.3517 4.06307e-05 432 0.00931785
0.729846 6.64629 4.21817e-05 336 0.0093915
0.731583 6.57866 4.14558e-05 336 0.0094587
0.733803 7.16099 4.47173e-05 744 0.00954504
0.736176 7.14649 4.41965e-05 624 0.00963796
0.738441 6.3266 3.8767e-05 192 0.00972721
0.739813 6.1937 3.77419e-05 432 0.00978153
0.741823 6.75133 4.08065e-05 504 0.00986144
0.744194 7.16503 4.28942e-05 336 0.00995634
0.745982 8.19899 4.87321e-05 456 0.0100283
0.747564 6.96256 4.11211e-05 408 0.0100922
0.749795 6.70324 3.92371e-05 696 0.0101828
0.752344 7.28672 4.22204e-05 384 0.010287
0.754981 7.97029 4.56989e-05 330 0.0103956
0.756746 7.78773 4.43405e-05 624 0.0104686
0.758549 8.38794 4.7418e-05 384 0.0105437
0.760491 7.58876 4.25724e-05 728 0.0106249
0.762803 7.07259 3.93171e-05 432 0.010722
0.765361 7.03638 3.87248e-05 696 0.0108303
0.767036 7.06861 3.8648e-05 408 0.0109015
0.769597 7.32553 3.96542e-05 456 0.0110111
0.771 7.65236 4.11977e-05 408 0.0110714
0.773164 8.17663 4.36514e-05 528 0.0111649
0.775969 7.70262 4.06767e-05 576 0.0112869
0.778071 7.02838 3.68161e-05 672 0.0113788
0.780434 7.57776 3.93343e-05 384 0.0114828
0.782527 8.01762 4.12844e-05 600 0.0115755
0.784473 7.53378 3.85051e-05 294 0.011662
0.786277 7.81932 3.96901e-05 600 0.0117427
0.788337 7.95126 4.00442e-05 768 0.0118352
0.791032 8.47623 4.22532e-05 648 0.011957
0.793268 7.86297 3.88657e-05 408 0.0120587
0.795576 8.1014 3.96967e-05 552 0.0121643
0.797728 8.30366 4.03595e-05 648 0.0122632
0.800144 8.33748 4.01578e-05 348 0.012375
0.801567 8.07597 3.86914e-05 744 0.0124411
0.804245 9.07051 4.30236e-05 672 0.0125662
0.806478 8.10952 3.81467e-05 456 0.0126712
0.808336 8.05096 3.76108e-05 600 0.012759
0.810593 8.55695 3.96416e-05 744 0.0128661
0.812878 9.66907 4.4417e-05 288 0.0129752
0.815591 9.08061 4.12988e-05 704 0.0131056
0.817562 9.34056 4.21746e-05 678 0.0132009
0.820052 7.89832 3.53387e-05 648 0.0133218
0.822478 9.15785 4.06126e-05 648 0.0134404
0.824775 8.99819 3.9572e-05 696 0.0135534
0.826774 9.22432 4.0273e-05 696 0.0136521
0.829585 8.73168 3.77359e-05 552 0.0137919
0.831577 9.33166 4.00398e-05 840 0.0138914
0.834411 9.55139 4.05664e-05 600 0.0140339
0.836554 9.30981 3.92373e-05 696 0.0141424
0.839038 8.80767 3.67922e-05 672 0.0142687
0.841041 9.00545 3.73503e-05 552 0.0143711
0.843748 9.10286 3.7392e-05 492 0.0145104
0.845866 9.37111 3.82055e-05 840 0.0146199
0.84823 8.97938 3.63032e-05 606 0.0147428
0.850494 9.80196 3.93133e-05 936 0.0148612
0.853082 9.19341 3.6538e-05 528 0.0149973
0.854904 10.1176 3.99544e-05 696 0.0150936
0.857637 9.89293 3.8695e-05 648 0.0152388
0.859669 9.28154 3.60468e-05 936 0.0153474
0.862437 9.34453 3.5943e-05 384 0.0154961
0.864033 9.66927 3.69865e-05 864 0.0155823
0.86686 10.0159 3.79389e-05 768 0.0157358
0.869231 9.44843 3.54971e-05 528 0.0158652
0.871675 10.6586 3.9708e-05 776 0.0159994
0.87406 10.2411 3.7841e-05 960 0.0161311
0.876467 8.63678 3.16508e-05 696 0.0162648
0.878396 10.4138 3.7912e-05 582 0.0163723
0.8815 8.91493 3.21138e-05 1008 0.0165465
0.883728 11.2512 4.02239e-05 408 0.0166723
0.88592 10.0311 3.55963e-05 960 0.0167967
0.888795 9.85452 3.46314e-05 852 0.0169607
0.891174 10.0052 3.488e-05 912 0.0170973
0.89392 10.1306 3.49927e-05 1032 0.0172559
0.895836 9.85231 3.38137e-05 384 0.017367
0.898639 10.2629 3.48943e-05 864 0.0175306
0.900789 11.2568 3.80001e-05 840 0.0176567
0.903273 10.3544 3.46661e-05 912 0.0178032
0.906338 9.84939 3.26421e-05 792 0.017985
0.90863 10.0042 3.29048e-05 744 0.0181218
0.911438 10.341 3.36995e-05 726 0.0182903
0.913568 10.6096 3.43334e-05 984 0.0184189
0.91598 11.1248 3.57168e-05 912 0.0185652
0.918648 10.3859 3.3055e-05 1104 0.0187278
0.921243 10.8367 3.4199e-05 744 0.018887
0.924376 10.2701 3.20826e-05 968 0.0190803
0.92618 11.501 3.57183e-05 672 0.0191923
0.928764 10.4084 3.2056e-05 984 0.0193534
0.931719 10.2007 3.11183e-05 840 0.0195387
0.934062 10.7713 3.26122e-05 1092 0.0196864
0.937061 11.6754 3.50112e-05 840 0.0198767
0.939156 11.4268 3.40369e-05 720 0.0200103
0.942047 12.6564 3.73535e-05 1110 0.0201957
0.944712 11.5584 3.38253e-05 1056 0.0203675
0.947136 11.9113 3.45909e-05 888 0.0205247
0.949886 11.3596 3.27031e-05 936 0.020704
0.952401 11.4247 3.26306e-05 912 0.0208689
0.955174 11.9204 3.37506e-05 1104 0.0210517
0.957881 11.818 3.31779e-05 912 0.0212312
0.960427 12.0485 3.35566e-05 1104 0.021401
0.963313 11.1724 3.08378e-05 1128 0.0215945
0.965992 12.6705 3.46828e-05 768 0.0217751
0.968166 12.5427 3.41022e-05 888 0.0219225
0.970778 11.8839 3.20508e-05 1224 0.0221004
0.974412 11.6529 3.10775e-05 750 0.0223495
0.976168 11.7692 3.12185e-05 1092 0.0224706
0.979278 12.4276 3.26519e-05 1472 0.022686
0.982348 12.266 3.1926e-05 792 0.0229001
0.984688 12.8366 3.31738e-05 1080 0.0230641
0.987495 13.2706 3.40037e-05 1584 0.0232619
0.990359 12.4739 3.16857e-05 624 0.0234649
0.992971 12.5582 3.16489e-05 1248 0.023651
0.99555 11.5337 2.88415e-05 888 0.0238358
0.998492 11.8188 2.92941e-05 912 0.0240477
1.00104 12.0604 2.96654e-05 1368 0.0242321
1.00371 12.5977 3.07398e-05 960 0.0244269
1.00665 13.8729 3.35557e-05 1542 0.0246422
1.00992 13.5542 3.24678e-05 1152 0.024883
1.01267 14.0408 3.33603e-05 1008 0.0250866
1.01536 13.1253 3.09377e-05 1248 0.0252872
1.01774 12.875 3.01355e-05 1056 0.0254653
1.02056 13.028 3.02412e-05 1188 0.025678
1.0236 13.67 3.14497e-05 1152 0.025908
1.02664 14.3514 3.27248e-05 1560 0.0261396
1.02971 14.4633 3.26856e-05 1128 0.0263748
1.03219 13.2141 2.9648e-05 1152 0.0265658
1.03491 13.7277 3.05582e-05 920 0.0267762
1.03779 13.2836 2.93244e-05 1470 0.0270002
1.04087 13.4957 2.9529e-05 1200 0.0272412
1.04379 13.8639 3.00803e-05 1440 0.0274716
1.04629 14.4462 3.11194e-05 1224 0.0276695
1.04938 15.1855 3.24239e-05 1296 0.0279155
1.0527 14.1824 2.99971e-05 1560 0.0281807
1.0556 15.3236 3.2144e-05 1272 0.0284146
1.05803 14.9795 3.12062e-05 1080 0.0286112
1.06094 14.4692 2.98964e-05 1368 0.0288474
1.06403 14.8758 3.04691e-05 1248 0.0291005
1.06727 15.1967 3.08439e-05 1194 0.0293671
1.06993 15.3013 3.0825e-05 1752 0.0295874
1.07321 13.6539 2.72548e-05 1392 0.0298604
1.07584 15.1 2.99211e-05 1440 0.0300801
1.07913 14.6484 2.87614e-05 1488 0.030357
1.08224 16.2833 3.16967e-05 1248 0.0306201
1.08486 15.499 2.99516e-05 1512 0.0308435
1.08787 15.454 2.96177e-05 1112 0.0311006
1.09115 14.525 2.7587e-05 1848 0.0313829
1.09382 16.1853 3.05156e-05 1224 0.0316141
1.09696 15.3517 2.86962e-05 1536 0.0318869
1.10024 14.9367 2.76714e-05 1638 0.0321739
1.10325 15.8576 2.91377e-05 1392 0.0324385
1.10625 15.3081 2.78998e-05 1632 0.0327038
1.10975 16.0881 2.90449e-05 1452 0.0330154
1.11241 15.6087 2.79775e-05 1680 0.0332536
1.11531 15.2425 2.7109e-05 1320 0.0335138
1.11831 17.0704 3.01157e-05 1752 0.0337856
1.1218 15.614 2.72901e-05 1776 0.0341027
1.12518 16.2366 2.81234e-05 1104 0.0344119
1.12759 16.334 2.8111e-05 1728 0.0346335
1.13096 16.1419 2.75332e-05 1446 0.0349446
1.13402 17.3082 2.92841e-05 1920 0.0352289
1.13756 16.4788 2.76209e-05 1896 0.0355605
1.14046 15.8637 2.63879e-05 1176 0.0358329
1.14325 17.4287 2.87797e-05 1856 0.036096
1.14644 17.5204 2.86898e-05 1896 0.0363996
1.14985 16.348 2.65326e-05 1464 0.0367251
1.15345 17.1524 2.75783e-05 1968 0.0370711
1.15649 17.3293 2.76439e-05 1548 0.0373647
1.15973 16.9088 2.67476e-05 1944 0.0376799
1.16289 17.865 2.80299e-05 1470 0.0379893
1.16609 17.9151 2.78779e-05 1920 0.0383035
1.16933 16.8916 2.60674e-05 2184 0.0386238
1.1728 17.9029 2.73834e-05 1464 0.0389686
1.17556 18.3706 2.79013e-05 1608 0.0392445
1.1789 18.1684 2.73605e-05 1944 0.0395797
1.18229 18.9048 2.82256e-05 1872 0.0399216
1.18552 17.684 2.61876e-05 2256 0.0402498
1.18882 18.3787 2.69904e-05 1632 0.0405867
1.19235 19.3308 2.81371e-05 1542 0.0409497
1.19548 19.0285 2.74799e-05 2216 0.0412732
1.1989 19.2698 2.75908e-05 2052 0.0416287
1.20218 19.1405 2.71823e-05 1680 0.0419708
1.20534 19.9878 2.81631e-05 2280 0.0423024
1.20884 19.2233 2.68512e-05 1968 0.0426722
1.21229 18.6176 2.57838e-05 2016 0.0430385
1.21548 18.7716 2.57926e-05 1968 0.0433795
1.21918 19.0129 2.58869e-05 1920 0.0437772
1.22273 19.2902 2.60367e-05 2400 0.0441602
1.22637 19.2327 2.57288e-05 1974 0.0445554
1.2291 19.4051 2.57864e-05 1944 0.0448544
1.23259 19.3944 2.55537e-05 1920 0.0452377
1.23584 19.062 2.49184e-05 2280 0.0455962
1.23913 18.9332 2.45538e-05 1968 0.0459607
1.24271 19.1484 2.46186e-05 2220 0.0463607
1.24626 18.9633 2.41727e-05 2352 0.0467595
1.24987 19.5257 2.46747e-05 1968 0.0471667
1.25321 19.7447 2.47524e-05 2504 0.0475461
1.25696 20.1464 2.50307e-05 2118 0.047974
1.26038 20.0605 2.47216e-05 2352 0.0483667
1.26384 21.5144 2.6296e-05 2136 0.0487663
1.26724 20.2461 2.45474e-05 2112 0.0491605
1.27063 21.2222 2.55254e-05 2472 0.0495563
1.27412 20.2671 2.4177e-05 2376 0.0499654
1.27765 20.0649 2.37379e-05 2304 0.050382
1.28146 20.1193 2.35907e-05 2448 0.0508339
1.28498 20.8472 2.42437e-05 2280 0.0512542
1.28891 21.3901 2.46481e-05 2466 0.0517261
1.29209 21.7082 2.48308e-05 2256 0.0521091
1.29555 20.7133 2.35031e-05 2472 0.0525296
1.29914 21.4491 2.41367e-05 2856 0.0529678
1.30275 21.426 2.3911e-05 2112 0.05341
1.30664 21.8636 2.41822e-05 2720 0.0538897
1.31022 21.1385 2.31889e-05 2136 0.0543342
1.31338 21.8392 2.37851e-05 2736 0.0547285
1.31727 20.5907 2.22274e-05 2376 0.0552156
1.32115 23.0598 2.46738e-05 3126 0.0557057
1.32517 23.5285 2.49472e-05 2568 0.056215
1.3281 23.7158 2.49795e-05 2112 0.0565893
1.33185 22.6617 2.3668e-05 2748 0.0570704
1.33573 22.5686 2.33661e-05 2928 0.0575703
1.33926 22.7441 2.33622e-05 2640 0.0580277
1.34328 22.0536 2.245e-05 2856 0.0585522
1.34684 23.7211 2.39565e-05 2352 0.0590191
1.35065 22.3216 2.23528e-05 2910 0.0595215
1.35428 23.9473 2.37886e-05 2784 0.0600021
1.35819 23.8587 2.34967e-05 2952 0.0605229
1.36191 24.0559 2.34974e-05 2696 0.0610216
1.36552 23.2274 2.25086e-05 3264 0.0615083
1.36942 22.4158 2.15369e-05 2472 0.0620373
1.37321 23.6038 2.24913e-05 3024 0.0625529
1.37739 23.7672 2.24412e-05 2964 0.0631266
1.38108 24.0716 2.25469e-05 2910 0.0636352
1.38476 24.2392 2.25237e-05 2880 0.0641445
1.38834 25.2303 2.32636e-05 3216 0.0646435
1.39269 24.0328 2.19521e-05 3096 0.065254
1.39621 24.844 2.2522e-05 2880 0.0657499
1.40013 25.2301 2.26804e-05 2904 0.0663052
1.40406 24.95 2.22408e-05 3504 0.0668651
1.40804 23.9408 2.1161e-05 3168 0.0674346
1.41234 24.6162 2.15598e-05 3054 0.0680545
1.41581 25.9413 2.25539e-05 3032 0.0685569
1.4197 25.2513 2.17737e-05 3000 0.0691244
1.42371 25.0235 2.13955e-05 3780 0.0697116
1.42793 25.8301 2.18901e-05 3504 0.0703329
1.43191 26.0235 2.18707e-05 2904 0.0709225
1.43567 25.3993 2.11784e-05 3336 0.0714839
1.4396 25.9956 2.14986e-05 3144 0.0720723
1.44356 27.0677 2.22018e-05 3414 0.072668
1.44789 26.4999 2.15416e-05 3552 0.0733239
1.45135 25.2241 2.03583e-05 2928 0.0738505
1.45511 26.341 2.10951e-05 3840 0.074427
1.45943 25.8773 2.05405e-05 3312 0.075091
1.4634 26.6438 2.09772e-05 3432 0.0757057
1.46748 26.7449 2.08817e-05 3596 0.0763404
1.47192 25.9747 2.00973e-05 4224 0.0770361
1.47635 27.6919 2.12336e-05 3294 0.077734
1.4801 26.9546 2.05116e-05 3792 0.0783272
1.48412 27.4845 2.07452e-05 3528 0.0789676
1.48876 26.9874 2.01804e-05 3984 0.0797097
1.49263 29.2195 2.16797e-05 3768 0.0803339
1.49668 28.6821 2.11087e-05 3672 0.0809898
1.5007 27.6165 2.01615e-05 3384 0.0816444
1.50468 28.0926 2.03468e-05 3648 0.0822954
1.50906 28.0393 2.0132e-05 4098 0.0830158
1.51319 27.8894 1.98609e-05 4008 0.0836992
1.51752 29.106 2.05503e-05 4032 0.0844198
1.52148 28.0174 1.96278e-05 3800 0.0850816
1.52566 28.6292 1.98919e-05 3816 0.0857856
1.53008 28.6222 1.97152e-05 4248 0.0865329
1.53425 27.8471 1.90252e-05 3720 0.087243
1.5385 29.2915 1.98468e-05 4254 0.0879693
1.54275 28.8623 1.93946e-05 4224 0.0887015
1.54712 30.5881 2.03808e-05 4368 0.0894564
1.55154 28.6156 1.89039e-05 4104 0.090226
1.5559 28.8341 1.88886e-05 4500 0.0909888
1.56012 30.3612 1.97281e-05 3480 0.0917305
1.56438 30.1211 1.94127e-05 5328 0.0924836
1.56888 29.7811 1.90287e-05 3342 0.0932851
1.57296 31.37 1.98885e-05 4800 0.0940139
1.57761 30.0684 1.88953e-05 4184 0.0948501
1.58177 30.3887 1.89461e-05 5064 0.0956031
1.58626 31.427 1.94276e-05 4032 0.0964191
1.59063 30.8177 1.88944e-05 4632 0.0972179
1.59512 30.1155 1.83083e-05 4680 0.0980443
1.59955 31.4887 1.89846e-05 3924 0.0988627
1.60387 30.9059 1.84832e-05 5166 0.0996657
1.60831 31.137 1.84676e-05 4800 0.100495
1.6129 32.7201 1.92414e-05 4560 0.101358
1.61719 31.1417 1.81675e-05 4584 0.102171
1.62168 31.5001 1.82244e-05 4848 0.103024
1.62597 32.1384 1.84469e-05 4560 0.103844
1.631 32.4119 1.84326e-05 5600 0.104809
1.63549 32.2987 1.82172e-05 4686 0.105678
1.64006 32.2797 1.80548e-05 5016 0.106566
1.64474 32.6459 1.8104e-05 4956 0.107481
1.64888 32.1007 1.7668e-05 4872 0.108295
1.65362 32.8847 1.79442e-05 5376 0.109232
1.65838 33.3927 1.80651e-05 5088 0.110177
1.66285 33.4792 1.79661e-05 4710 0.111071
1.66732 33.7599 1.79714e-05 4848 0.111969
1.67182 33.3793 1.76259e-05 5976 0.112877
1.67656 32.8248 1.71864e-05 5208 0.113841
1.68127 34.9377 1.81394e-05 5352 0.114803
1.68594 33.2383 1.71141e-05 4820 0.115762
1.6904 33.3974 1.70601e-05 5760 0.116684
1.69513 34.1326 1.72901e-05 5166 0.117666
1.69995 34.3097 1.72324e-05 6168 0.118673
1.70477 35.0594 1.746e-05 5136 0.119685
1.70952 34.8848 1.72287e-05 6240 0.120688
1.71454 33.8001 1.65468e-05 5568 0.121754
1.71919 32.979 1.60143e-05 5712 0.122747
1.72386 35.2518 1.69791e-05 5520 0.12375
1.72878 35.9983 1.7191e-05 5670 0.124813
1.73344 36.9704 1.75132e-05 6036 0.125825
1.73835 36.735 1.72548e-05 6264 0.126897
1.74335 35.2034 1.63935e-05 5912 0.127995
1.74794 34.9728 1.61582e-05 5736 0.129009
1.75258 37.6734 1.72678e-05 5400 0.13004
1.75753 36.9864 1.68101e-05 6342 0.131145
1.76258 36.3055 1.63594e-05 7032 0.132277
1.76751 36.5977 1.63534e-05 5448 0.133391
1.77221 35.9166 1.59217e-05 6528 0.134458
1.77738 37.8662 1.66398e-05 6468 0.135638
1.78243 36.9851 1.6115e-05 6528 0.136797
1.78706 38.18 1.65067e-05 5568 0.137866
1.79184 38.4131 1.64748e-05 6798 0.138976
1.79723 37.0947 1.57668e-05 6560 0.140233
1.80203 38.1703 1.60944e-05 6888 0.141361
1.80708 38.388 1.6051e-05 6624 0.142552
1.81205 37.9292 1.5729e-05 6288 0.143732
1.81703 38.9579 1.60231e-05 6960 0.14492
1.82233 39.0422 1.59181e-05 6570 0.146192
1.82696 39.2603 1.58856e-05 6600 0.147309
1.83219 37.699 1.51238e-05 7776 0.148577
1.83773 39.0775 1.55353e-05 7248 0.149929
1.84289 39.6859 1.56451e-05 6672 0.151196
1.84774 40.2586 1.57463e-05 6704 0.152391
1.85265 39.8563 1.54651e-05 6942 0.153611
1.85788 40.1111 1.5433e-05 7656 0.154916
1.86304 39.6815 1.51411e-05 7128 0.15621
1.86848 39.1272 1.47998e-05 7908 0.157581
1.87356 41.5477 1.55877e-05 6648 0.158871
1.8783 40.4441 1.50591e-05 7320 0.16008
1.88389 39.5109 1.4581e-05 7638 0.161514
1.88902 41.3073 1.51202e-05 7416 0.162836
1.89401 41.6471 1.51243e-05 7752 0.16413
1.89959 41.7156 1.50161e-05 8448 0.165585
1.90501 41.5931 1.48446e-05 7280 0.167006
1.91024 42.1688 1.49268e-05 7668 0.168386
1.91549 41.7639 1.46623e-05 8094 0.169778
1.9207 42.5012 1.48001e-05 7656 0.171166
1.92602 41.5186 1.43383e-05 8160 0.172594
1.93138 42.1757 1.44443e-05 8472 0.174039
1.93696 43.9668 1.49279e-05 7896 0.175552
1.9421 42.5446 1.43308e-05 8088 0.176951
1.94753 42.8227 1.43041e-05 8286 0.17844
1.95309 43.5242 1.44146e-05 8676 0.179974
1.95841 44.7071 1.46861e-05 8120 0.181447
1.96377 44.0945 1.43666e-05 9024 0.18294
1.96932 42.5297 1.37399e-05 8160 0.184497
1.97458 44.9284 1.43992e-05 7944 0.185979
1.98001 44.3691 1.41031e-05 8982 0.187519
1.98555 44.1506 1.39166e-05 9528 0.189097
1.99126 44.1859 1.38083e-05 8832 0.190733
1.99697 44.6666 1.38391e-05 8916 0.192378
2.00244 45.2936 1.39187e-05 9240 0.193963
2.00796 45.1456 1.37592e-05 8502 0.19557
2.01347 46.4352 1.40363e-05 9416 0.197185
2.01894 46.0739 1.38142e-05 8976 0.198797
2.02457 46.687 1.38816e-05 9432 0.200465
2.0302 46.9842 1.3854e-05 9864 0.202141
2.03598 46.4497 1.35801e-05 9024 0.203874
2.04164 48.0306 1.39257e-05 9762 0.20558
2.0472 47.3573 1.3619e-05 9264 0.207263
2.05278 47.7839 1.363e-05 10056 0.208962
2.05848 47.7984 1.35211e-05 9936 0.210708
2.06453 46.887 1.3147e-05 9624 0.212572
2.0699 48.4037 1.3467e-05 9752 0.214233
2.07576 48.1803 1.32916e-05 10446 0.216059
2.08159 48.767 1.33408e-05 10056 0.217883
2.08723 48.1971 1.30783e-05 9876 0.219659
2.09319 48.0551 1.29287e-05 11160 0.221546
2.09903 48.7072 1.29951e-05 10128 0.223405
2.10491 48.3163 1.2783e-05 9726 0.225289
2.11051 49.3071 1.29415e-05 11112 0.227094
2.11652 50.2156 1.30681e-05 10776 0.229037
2.1222 50.2606 1.29751e-05 10232 0.230887
2.12811 49.132 1.25783e-05 11184 0.232822
2.13436 50.8779 1.29113e-05 11058 0.234877
2.1403 50.7308 1.27669e-05 11472 0.236846
2.14607 51.1172 1.27608e-05 10464 0.238765
2.15178 50.9362 1.26145e-05 10584 0.240678
2.15796 50.418 1.23793e-05 12504 0.242756
2.16404 51.7026 1.25879e-05 10560 0.244815
2.16987 50.47 1.21891e-05 11694 0.246798
2.17602 52.8029 1.26446e-05 11420 0.248904
2.18203 53.5069 1.27077e-05 12504 0.250972
2.18802 53.5935 1.2624e-05 10800 0.253044
2.19421 51.6871 1.20722e-05 12456 0.255197
2.20046 52.3896 1.21323e-05 12030 0.257383
2.20635 53.7878 1.23566e-05 11232 0.259457
2.21231 53.5789 1.22094e-05 13176 0.261564
2.21866 53.2776 1.20369e-05 11196 0.263823
2.22456 54.4658 1.22076e-05 12720 0.265934
2.23077 54.3651 1.20837e-05 11918 0.268165
2.23689 55.3256 1.21964e-05 13392 0.27038
2.24337 53.46 1.16833e-05 12600 0.272736
2.24963 54.8901 1.18959e-05 13200 0.275027
2.25594 54.8022 1.17776e-05 12864 0.277346
2.26215 56.823 1.21115e-05 12270 0.279644
2.26834 56.036 1.18463e-05 13668 0.281946
2.27465 57.5659 1.20688e-05 13200 0.284304
2.28097 55.8244 1.16065e-05 13416 0.286682
2.28734 57.3928 1.18333e-05 12992 0.289088
2.2937 56.5806 1.15691e-05 13806 0.291506
2.29997 57.3664 1.16341e-05 13800 0.293904
2.30631 56.6085 1.13859e-05 13056 0.296342
2.31259 56.7554 1.13228e-05 14364 0.298768
2.31902 57.249 1.13265e-05 13248 0.301267
2.32549 57.5637 1.12939e-05 15054 0.303797
2.33213 58.1461 1.1311e-05 13680 0.306407
2.33841 58.5104 1.12904e-05 15152 0.308888
2.34514 58.5312 1.11975e-05 14376 0.311564
2.35149 58.9172 1.11803e-05 13932 0.314101
2.35808 58.0743 1.09282e-05 14910 0.316749
2.36456 59.4647 1.1098e-05 15648 0.31937
2.37106 60.2684 1.11558e-05 13680 0.32201
2.37766 60.0273 1.10189e-05 15816 0.324705
2.38432 59.5646 1.08427e-05 15030 0.32744
2.39081 59.7403 1.07863e-05 15104 0.330124
2.39768 60.9111 1.09034e-05 16548 0.332977
2.40438 61.2644 1.08752e-05 15360 0.335777
2.41105 61.1672 1.07681e-05 15768 0.338577
2.4176 61.778 1.07875e-05 14622 0.341343
2.42433 60.4332 1.0465e-05 17568 0.344204
2.43136 62.2074 1.0679e-05 16368 0.347208
2.43802 61.5661 1.04826e-05 15960 0.350068
2.44478 61.432 1.03733e-05 15732 0.352986
2.45148 63.3446 1.06088e-05 17006 0.355896
2.45825 62.8226 1.04346e-05 16680 0.358856
2.46533 62.4426 1.02824e-05 17712 0.361966
2.47205 63.6031 1.03884e-05 15576 0.364931
2.47856 63.6397 1.03127e-05 16974 0.367822
2.48564 64.2458 1.03221e-05 17436 0.370985
2.49249 62.227 9.91553e-06 17952 0.374062
2.49953 64.0607 1.01218e-05 17448 0.377238
2.50635 63.6948 9.98203e-06 17336 0.380334
2.51347 64.9471 1.00921e-05 17958 0.383583
2.52045 64.5895 9.95328e-06 19056 0.386791
2.52756 64.1192 9.79766e-06 17304 0.390073
2.53442 66.2762 1.00453e-05 18276 0.393255
2.5414 64.915 9.75808e-06 17838 0.396516
2.5483 65.0171 9.69427e-06 18984 0.399754
2.55573 66.4676 9.82439e-06 19616 0.403259
2.56269 65.6738 9.62813e-06 18168 0.406565
2.56979 66.7908 9.71104e-06 19320 0.40995
2.57712 66.5509 9.59379e-06 19170 0.41347
2.58402 67.1156 9.59793e-06 19008 0.416799
2.59124 66.6849 9.45675e-06 20472 0.420306
2.5986 68.0241 9.56502e-06 19128 0.423894
2.60574 67.4798 9.41066e-06 19998 0.4274
2.61294 67.1968 9.29397e-06 19808 0.430951
2.62018 68.8326 9.4415e-06 20724 0.434543
2.62754 69.6933 9.47946e-06 19896 0.438215
2.6346 68.7588 9.2774e-06 20304 0.441756
2.64214 68.7938 9.20282e-06 21030 0.445562
2.64935 70.3693 9.33696e-06 21168 0.449219
2.65671 70.3338 9.25485e-06 20736 0.452975
2.66416 71.3764 9.31352e-06 21356 0.456795
2.67173 71.2266 9.21521e-06 22206 0.460698
2.6791 70.5248 9.04929e-06 21360 0.464523
2.68651 70.7802 9.00711e-06 21456 0.468389
2.69384 70.3276 8.87663e-06 21648 0.472235
2.70134 71.7221 8.9775e-06 22326 0.476187
2.70887 72.0931 8.94887e-06 22212 0.480181
2.71619 70.4473 8.67407e-06 22128 0.484085
2.72367 72.9265 8.9056e-06 22640 0.488093
2.73137 71.6393 8.67457e-06 23022 0.492248
2.7391 72.1876 8.66717e-06 24168 0.496438
2.7466 72.3687 8.61795e-06 22416 0.500526
2.75431 74.3648 8.78148e-06 23700 0.504754
2.76199 73.3378 8.58815e-06 24222 0.508989
2.76962 74.123 8.60863e-06 22776 0.513215
2.77711 75.1159 8.65352e-06 24296 0.517392
2.78491 74.1048 8.46551e-06 24648 0.521763
2.79252 74.3247 8.42137e-06 22926 0.526054
2.80016 74.7492 8.40034e-06 25476 0.530383
2.80812 74.958 8.35242e-06 25608 0.534916
2.81589 76.0129 8.39998e-06 24576 0.539373
2.82378 77.0692 8.44555e-06 25134 0.543918
2.83157 76.9031 8.35802e-06 25928 0.548429
2.83951 77.0085 8.29941e-06 26148 0.553059
2.84746 77.4192 8.27398e-06 25632 0.557718
2.85525 77.6618 8.23219e-06 25926 0.562306
2.86324 78.0104 8.20007e-06 26232 0.567042
2.87111 76.4994 7.9753e-06 27216 0.57173
2.87917 77.5358 8.01567e-06 26736 0.576558
2.88739 78.1952 8.01503e-06 27698 0.581507
2.8953 78.5364 7.98419e-06 26640 0.5863
2.90311 79.3876 8.00577e-06 26880 0.591058
2.91139 80.1682 8.01569e-06 29160 0.596131
2.91957 78.6637 7.7993e-06 27318 0.601172
2.92751 79.6463 7.83264e-06 27984 0.606091
2.93565 81.3036 7.92936e-06 28364 0.611155
2.94365 79.8712 7.72627e-06 28464 0.61617
2.95199 81.4154 7.80909e-06 28974 0.621421
2.96007 81.7944 7.78142e-06 28920 0.626534
2.96818 82.4763 7.78215e-06 29640 0.631698
2.97653 82.6021 7.72859e-06 28884 0.637045
2.98472 83.1864 7.71939e-06 30558 0.642317
2.99318 83.9526 7.72457e-06 30776 0.647798
3.00137 81.9408 7.47793e-06 29040 0.653128
3.00959 82.3572 7.45453e-06 30984 0.658508
3.01806 83.2522 7.47224e-06 30930 0.664087
3.02658 83.1587 7.40103e-06 32712 0.669723
3.03503 86.0371 7.59342e-06 30528 0.675349
3.04327 84.0734 7.35996e-06 30326 0.680869
3.05173 84.1114 7.30226e-06 33624 0.686558
3.06034 85.8293 7.38866e-06 31824 0.692389
3.06872 85.4394 7.295e-06 31860 0.698092
3.07736 85.6803 7.2541e-06 33942 0.704007
3.08588 85.8589 7.20922e-06 31848 0.709867
3.09426 86.2293 7.18162e-06 33624 0.715669
3.10297 86.4423 7.13894e-06 33512 0.721726
3.11157 86.8724 7.11513e-06 33594 0.727745
3.12023 86.131 6.99585e-06 34944 0.733836
3.12889 88.4645 7.12584e-06 33624 0.739968
3.13752 87.6589 7.00288e-06 34710 0.746104
3.14616 88.1283 6.98256e-06 34704 0.752282
3.15488 88.4094 6.94687e-06 35468 0.758558
3.1637 89.5732 6.97962e-06 36096 0.764939
3.17266 88.616 6.84668e-06 35958 0.771458
3.18144 88.862 6.80902e-06 36576 0.777878
3.19023 89.6314 6.81134e-06 35976 0.784346
3.19904 89.4244 6.73962e-06 36396 0.790863
3.20798 90.8358 6.78893e-06 38030 0.797509
3.21678 91.2587 6.76473e-06 35784 0.804089
3.22564 91.4872 6.72593e-06 38712 0.810752
3.23477 90.794 6.6186e-06 38310 0.817657
3.24374 91.3339 6.60287e-06 37596 0.824478
3.25254 93.3656 6.69515e-06 39000 0.831202
3.26171 91.8789 6.53313e-06 38552 0.838252
3.2708 94.441 6.65945e-06 40206 0.845284
3.27984 93.398 6.53159e-06 39072 0.852312
3.28909 92.9525 6.44578e-06 41340 0.859539
3.2983 93.4751 6.42786e-06 39342 0.866782
3.30724 92.9616 6.34082e-06 40176 0.873852
3.31644 93.6653 6.33584e-06 41768 0.88116
3.32563 93.8198 6.29381e-06 40206 0.888507
3.33487 95.2426 6.33629e-06 42300 0.895935
3.34411 95.0012 6.26795e-06 42360 0.903408
3.35331 94.4539 6.18072e-06 40488 0.91088
3.3626 95.9479 6.22659e-06 44406 0.918472
3.37211 95.7957 6.16424e-06 43076 0.926289
3.38132 97.4658 6.22059e-06 42600 0.933901
3.39087 96.1014 6.08184e-06 45486 0.941834
3.40043 97.3731 6.11052e-06 43848 0.94982
3.40963 98.7878 6.14925e-06 43248 0.95755
3.41901 97.9884 6.04939e-06 44988 0.965479
3.42866 98.91 6.0549e-06 46454 0.973672
3.43818 98.7297 5.99382e-06 44928 0.981803
3.4478 99.0356 5.96217e-06 47256 0.990072
3.45736 99.6241 5.94799e-06 45126 0.99833
3.46696 100.272 5.93707e-06 48084 1.00667
3.47654 101.047 5.93362e-06 46320 1.01504
3.48629 101.812 5.92857e-06 47894 1.0236
3.49578 100.859 5.82531e-06 47160 1.03199
3.50539 101.345 5.80544e-06 48228 1.04051
3.51537 101.331 5.7553e-06 50598 1.04943
3.52506 101.632 5.72494e-06 47328 1.05813
3.53475 102.28 5.7142e-06 50696 1.06688
3.54459 102.642 5.68678e-06 49344 1.07581
3.55459 103.397 5.68043e-06 51570 1.08494
3.56441 104.595 5.69887e-06 50832 1.09397
3.5743 102.912 5.56075e-06 50424 1.1031
3.58421 104.553 5.60268e-06 52686 1.1123
3.59415 103.156 5.48208e-06 51092 1.12158
3.60407 104.433 5.50426e-06 53376 1.13089
3.61415 104.586 5.46633e-06 52374 1.1404
3.62404 105.629 5.47577e-06 52848 1.14979
3.63411 105.732 5.43563e-06 55488 1.15941
3.64445 106.739 5.44083e-06 54098 1.16933
3.65433 106.624 5.39104e-06 53688 1.17886
3.66443 107.812 5.40617e-06 55296 1.18866
3.67462 106.899 5.31592e-06 56358 1.19861
3.68502 109.469 5.39771e-06 57468 1.20882
3.69525 107.389 5.25135e-06 56000 1.21891
3.70559 108.054 5.23971e-06 57774 1.22917
3.71586 110.23 5.30107e-06 57648 1.23942
3.72609 108.649 5.18209e-06 57480 1.24968
3.73645 109.116 5.1612e-06 58122 1.26013
3.74669 110.194 5.16958e-06 59208 1.27053
3.75716 110.48 5.13979e-06 60032 1.2812
3.76768 110.742 5.10893e-06 60366 1.292
3.77814 111.497 5.10112e-06 60444 1.30279
3.78854 110.759 5.02575e-06 60912 1.31358
3.79912 111.762 5.02902e-06 61422 1.32462
3.80967 111.633 4.98161e-06 63032 1.33568
3.82029 112.98 4.99979e-06 62052 1.34688
3.83093 112.573 4.94039e-06 64038 1.35817
3.84147 113.829 4.9545e-06 61632 1.36941
3.85195 113.438 4.89729e-06 64896 1.38065
3.86282 113.934 4.8773e-06 64874 1.39237
3.87338 114.703 4.8702e-06 64200 1.40381
3.88424 114.261 4.81084e-06 68016 1.41566
3.89516 114.366 4.77486e-06 65694 1.42763
3.90592 115.823 4.79586e-06 67212 1.4395
3.91674 114.577 4.70503e-06 67088 1.45149
3.92755 116.311 4.73692e-06 67182 1.46355
3.93842 116.094 4.68904e-06 69768 1.47572
3.94935 116.959 4.68488e-06 67524 1.48805
3.96027 116.669 4.63467e-06 70758 1.50043
3.97123 117.321 4.62213e-06 69488 1.51292
3.98223 118.025 4.61144e-06 71640 1.52552
3.99344 117.589 4.55579e-06 72042 1.53844
4.00456 117.917 4.53056e-06 72960 1.55133
4.01559 119.853 4.5671e-06 70422 1.56419
4.02684 119.048 4.49851e-06 76784 1.57737
4.0381 119.054 4.4612e-06 72348 1.59064
4.04921 120.117 4.46408e-06 74094 1.6038
4.06038 121.145 4.46524e-06 74976 1.61711
4.0716 121.35 4.4359e-06 76200 1.63056
4.08307 121.041 4.38747e-06 77114 1.64437
4.09436 122.279 4.39576e-06 76872 1.65805
4.10573 122.67 4.37328e-06 77784 1.67191
4.1172 123.056 4.35045e-06 78654 1.68596
4.12861 123.09 4.31569e-06 79380 1.70001
4.14006 123.688 4.30078e-06 79256 1.71419
4.15155 124.283 4.28568e-06 80094 1.72851
4.16295 124.257 4.24969e-06 80760 1.74278
4.17466 125.317 4.24996e-06 83034 1.75754
4.18631 127.293 4.28107e-06 82664 1.77229
4.19786 125.6 4.18935e-06 81864 1.787
4.20942 126.109 4.17176e-06 83334 1.80181
4.22115 125.798 4.12688e-06 85980 1.81691
4.23288 127.569 4.1503e-06 84144 1.83209
4.24467 126.236 4.07276e-06 86486 1.84745
4.25637 127.26 4.07204e-06 86016 1.86277
4.26828 128.417 4.0748e-06 88290 1.87844
4.28011 128.096 4.03099e-06 87672 1.89411
4.29193 127.535 3.98027e-06 88608 1.90984
4.30383 129.82 4.01805e-06 88682 1.92577
4.31573 129.969 3.98948e-06 91200 1.9418
4.3279 129.463 3.94053e-06 92568 1.95826
4.33994 130.236 3.93113e-06 91014 1.97466
4.35196 132.704 3.97256e-06 92828 1.99111
4.36403 131.893 3.91559e-06 93054 2.00772
4.37602 132.392 3.89819e-06 92568 2.02432
4.38816 131.605 3.84295e-06 96768 2.04121
4.40051 132.504 3.83674e-06 95658 2.05849
4.41265 133.288 3.82766e-06 96368 2.07558
4.42502 133.481 3.80112e-06 98526 2.09309
4.43718 134.752 3.80585e-06 95436 2.11039
4.44945 134.441 3.76576e-06 101472 2.12794
4.46195 135.451 3.76224e-06 98582 2.14593
4.47415 137.025 3.77494e-06 99984 2.16357
4.48658 136.272 3.72305e-06 101298 2.18166
4.49915 136.125 3.68794e-06 104952 2.20005
4.51164 136.42 3.66534e-06 100568 2.21842
4.52414 137.654 3.66793e-06 105942 2.23691
4.5368 138.165 3.65079e-06 104892 2.25574
4.54929 137.891 3.61364e-06 103734 2.27443
4.56181 139.781 3.6331e-06 107160 2.29325
4.57457 139.919 3.60633e-06 108788 2.31255
4.58728 139.687 3.57051e-06 107070 2.33188
4.59999 140.258 3.55547e-06 110760 2.35131
4.6128 140.32 3.52749e-06 109182 2.37102
4.62563 141.359 3.52411e-06 112820 2.39086
4.63846 142.066 3.51244e-06 110280 2.4108
4.65132 142.058 3.4832e-06 114678 2.43091
4.66426 142.49 3.46478e-06 112668 2.45125
4.67718 141.577 3.41413e-06 116030 2.47169
4.69034 143.779 3.43813e-06 118032 2.49261
4.7033 143.483 3.40278e-06 113700 2.51332
4.71623 143.637 3.37847e-06 118566 2.53411
4.7294 144.714 3.37546e-06 119840 2.5554
4.74251 145.255 3.36006e-06 118278 2.5767
4.75558 146.592 3.36309e-06 120852 2.59807
4.76881 146.993 3.34431e-06 122166 2.61981
4.78209 147.089 3.3187e-06 123296 2.64176
4.79535 146.601 3.28031e-06 123300 2.6638
4.8087 147.815 3.28001e-06 126174 2.68611
4.82205 147.718 3.25071e-06 124800 2.70855
4.83537 149.155 3.25528e-06 126774 2.73104
4.8488 149.531 3.23644e-06 128900 2.75387
4.86226 148.797 3.19388e-06 127776 2.77687
4.87577 150.406 3.20165e-06 132246 2.80008
4.8893 151.409 3.19633e-06 129252 2.82345
4.90284 150.551 3.15197e-06 133118 2.84697
4.91643 151.707 3.1499e-06 133272 2.87071
4.93013 151.529 3.12003e-06 134970 2.89479
4.94379 152.378 3.11158e-06 136128 2.91891
4.95761 152.21 3.08225e-06 137270 2.94345
4.97145 153.62 3.08487e-06 139620 2.96818
4.98526 154.013 3.06715e-06 138312 2.99297
4.99912 153.353 3.02867e-06 140694 3.01801
5.01292 155.753 3.05072e-06 140888 3.04308
5.02687 155.174 3.01417e-06 143034 3.06855
5.04082 154.692 2.97992e-06 143688 3.09416
5.05472 154.966 2.96064e-06 143510 3.11983
5.06873 157.793 2.98971e-06 147828 3.14586
5.08293 156.848 2.94697e-06 147918 3.17236
5.09703 158.197 2.94772e-06 148992 3.19883
5.11123 159.293 2.94347e-06 150356 3.22565
5.12527 160.224 2.93642e-06 147606 3.25229
5.13948 159.827 2.9049e-06 156624 3.27943
5.15396 160.133 2.886e-06 153354 3.30723
5.16816 161.168 2.88078e-06 153968 3.33463
5.18246 160.915 2.85251e-06 155862 3.36239
5.19679 161.111 2.83244e-06 157524 3.39035
5.21123 163.193 2.84525e-06 159126 3.41871
5.22579 162.677 2.81262e-06 162488 3.44743
5.24033 163.44 2.80235e-06 159570 3.47629
5.25479 164.01 2.78897e-06 164304 3.50516
5.26952 164.493 2.7738e-06 165720 3.5347
5.28409 164.974 2.75896e-06 162866 3.56411
5.29868 165.707 2.74838e-06 169056 3.59372
5.31346 165.92 2.72901e-06 167502 3.62388
5.32816 164.647 2.68573e-06 169964 3.65402
5.34291 167.328 2.70691e-06 170478 3.68446
5.35779 166.708 2.67449e-06 175200 3.71533
5.37276 168.366 2.67856e-06 173130 3.74656
5.38758 167.677 2.64565e-06 175712 3.77764
5.4026 170.066 2.66103e-06 177438 3.80932
5.41755 170.674 2.64848e-06 178092 3.84105
5.43256 171.033 2.63212e-06 179694 3.87305
5.44764 171.229 2.61331e-06 182504 3.9054
5.4628 171.573 2.59684e-06 182394 3.93809
5.47789 171.519 2.5746e-06 184464 3.97083
5.49311 171.784 2.55721e-06 186398 4.00402
5.50841 173.156 2.55622e-06 188844 4.03756
5.52365 173.398 2.53865e-06 187230 4.07118
5.53901 175.017 2.54111e-06 193776 4.10522
5.55452 174.762 2.51621e-06 192218 4.1398
5.56983 176.427 2.51929e-06 192408 4.17414
5.58522 176.01 2.49262e-06 195510 4.20884
5.60076 175.992 2.47168e-06 198404 4.24405
5.6164 177.374 2.47033e-06 200310 4.27971
5.63203 177.743 2.45492e-06 201216 4.31554
5.64768 178.681 2.44741e-06 201618 4.35162
5.66335 177.924 2.41688e-06 204680 4.38794
5.67898 179.281 2.41526e-06 202770 4.42437
5.69478 179.483 2.39791e-06 211800 4.46141
5.71065 180.275 2.38847e-06 205718 4.4988
5.72637 181.592 2.38615e-06 211452 4.53606
5.74229 181.566 2.36602e-06 213150 4.574
5.75836 183.473 2.37091e-06 217512 4.6125
5.77442 183.463 2.35105e-06 214754 4.65121
5.79027 183.625 2.33387e-06 215424 4.6896
5.80643 184.067 2.32e-06 224574 4.72899
5.82259 184.676 2.30834e-06 218588 4.76858
5.83867 184.587 2.28822e-06 223902 4.8082
5.85483 186.081 2.28769e-06 224952 4.84824
5.87119 187.029 2.28018e-06 230258 4.88899
5.88752 187.335 2.26497e-06 227544 4.92989
5.90382 188.006 2.2543e-06 231018 4.97095
5.92021 188.095 2.23668e-06 234504 5.01248
5.93666 188.274 2.22025e-06 233102 5.05438
5.95305 190.216 2.22469e-06 236892 5.09635
5.96958 190.041 2.20422e-06 238830 5.13893
5.98612 190.057 2.18619e-06 241232 5.18175
6.00281 190.766 2.17609e-06 243906 5.22522
6.01948 192.916 2.18238e-06 244704 5.26888
6.03618 192.107 2.15524e-06 246698 5.31285
6.05287 193.06 2.14807e-06 248664 5.35704
6.06975 192.852 2.1279e-06 253494 5.40199
6.08663 194.27 2.12576e-06 251522 5.44718
6.10345 195.126 2.11753e-06 255336 5.49246
6.12039 196.419 2.1139e-06 257694 5.53833
6.13742 195.929 2.09113e-06 260988 5.58467
6.15452 197.533 2.09072e-06 261638 5.63148
6.17151 198.772 2.08651e-06 262356 5.67825
6.18861 200.144 2.08355e-06 266478 5.72559
6.20588 199.231 2.05677e-06 272048 5.77366
6.22322 200.338 2.05096e-06 269850 5.82219
6.24044 202.245 2.05339e-06 272544 5.87064
6.25776 201.507 2.02896e-06 275546 5.91967
6.27506 202.273 2.01987e-06 275334 5.96889
6.29257 202.972 2.00998e-06 285024 6.019
6.3102 203.41 1.99748e-06 282242 6.06974
6.32759 204.639 1.99303e-06 280800 6.12005
6.34509 204.709 1.97725e-06 288330 6.17097
6.36273 204.693 1.9607e-06 290024 6.2226
6.38041 206.459 1.96123e-06 290598 6.27461
6.39805 206.87 1.94892e-06 293748 6.3268
6.4159 208.016 1.9434e-06 299582 6.37989
6.43369 207.748 1.92485e-06 295914 6.4331
6.45145 208.682 1.91758e-06 302352 6.48653
6.46945 211.342 1.92586e-06 305342 6.54098
6.48737 210.44 1.90178e-06 305532 6.59549
6.50541 211.424 1.89482e-06 310806 6.65067
6.52346 213.098 1.89402e-06 310436 6.70617
6.54163 213.41 1.88103e-06 318006 6.76236
6.55978 214.36 1.87377e-06 312846 6.81881
6.57792 215.477 1.86799e-06 322508 6.87553
6.59626 215.134 1.84951e-06 321318 6.9332
6.61457 216.872 1.849e-06 327204 6.9911
6.63294 218.016 1.84336e-06 325766 7.04949
6.65129 218.418 1.83152e-06 330246 7.10817
6.6698 218.464 1.8167e-06 335868 7.16768
6.68842 219.912 1.8135e-06 336710 7.22788
6.70692 220.788 1.8057e-06 336636 7.28801
6.72554 221.322 1.79507e-06 343542 7.34891
6.74416 223.061 1.79423e-06 342092 7.41011
6.76288 223.486 1.78277e-06 349446 7.47197
6.78171 224.347 1.77477e-06 350118 7.53457
6.80049 226.192 1.77458e-06 352628 7.59732
6.81946 226.219 1.76003e-06 359334 7.66107
6.83836 227.587 1.75602e-06 356364 7.72497
6.8573 228.486 1.7484e-06 362990 7.78933
6.87632 229.522 1.74179e-06 364062 7.85434
6.8954 230.586 1.73538e-06 369756 7.91989
6.91452 231.464 1.72758e-06 368726 7.98596
6.93369 232.538 1.72124e-06 375786 8.05255
6.95298 233.312 1.71263e-06 378600 8.11995
6.97229 235.662 1.71555e-06 379394 8.18777
6.99165 235.628 1.70109e-06 386568 8.25619
7.01113 236.06 1.69004e-06 386906 8.3254
7.03054 237.426 1.68578e-06 388950 8.39474
7.05003 238.316 1.67811e-06 394512 8.46475
7.06964 239.487 1.67236e-06 396818 8.53557
7.08927 240.632 1.66644e-06 401112 8.60686
7.109 242.075 1.66251e-06 404850 8.67894
7.12874 242.259 1.64999e-06 405566 8.75143
7.14845 243.758 1.6465e-06 409308 8.82422
7.16828 245.664 1.64565e-06 413766 8.89785
7.18818 246.978 1.64075e-06 417050 8.97215
7.2082 247.725 1.63203e-06 425232 9.04735
7.22829 250.405 1.63597e-06 421862 9.12321
7.24825 250.419 1.62258e-06 426402 9.199
7.26841 252.157 1.62029e-06 434688 9.27596
7.28872 253.494 1.6153e-06 436634 9.35391
7.30888 254.451 1.60802e-06 434784 9.43177
7.32907 256.019 1.6046e-06 441018 9.51013
7.34941 256.225 1.59259e-06 447350 9.58953
7.36984 258.548 1.5937e-06 449868 9.66974
7.3903 259.343 1.58536e-06 453206 9.75049
7.4108 261.758 1.58688e-06 456570 9.83185
7.4314 263.438 1.58382e-06 463824 9.91407
7.45208 263.741 1.57248e-06 463718 9.99706
7.47272 266.769 1.57739e-06 468186 10.0804
7.49346 267.917 1.57106e-06 473448 10.1645
7.51434 269.606 1.56783e-06 479354 10.2497
7.5352 270.734 1.56134e-06 477702 10.3353
7.55605 272.735 1.5599e-06 485204 10.4214
7.5771 274.348 1.55608e-06 491454 10.5087
7.59817 276.252 1.55389e-06 491226 10.5966
7.61922 276.87 1.54448e-06 497648 10.685
7.64048 280.064 1.5493e-06 504930 10.7746
7.66167 281.665 1.54526e-06 500358 10.8645
7.6828 283.763 1.54396e-06 508652 10.9547
7.70418 285.914 1.54275e-06 516390 11.0464
7.72557 286.805 1.53474e-06 515642 11.1386
7.74695 287.96 1.5282e-06 521880 11.2314
7.76853 291.264 1.53288e-06 530850 11.3255
7.79012 292.598 1.52714e-06 527054 11.4202
7.8116 294.526 1.52456e-06 534156 11.5149
7.83338 297.451 1.52689e-06 545150 11.6115
7.85521 298.849 1.52131e-06 543474 11.7088
7.87691 301.716 1.52325e-06 545310 11.8062
7.89874 305.506 1.52963e-06 555788 11.9046
7.92074 306.195 1.52034e-06 559542 12.0043
7.94278 309.302 1.52302e-06 564146 12.1048
7.96481 311.655 1.5219e-06 566520 12.2058
7.98694 313.975 1.52052e-06 573594 12.3078
8.00914 316.552 1.52029e-06 577718 12.4108
8.03133 320.104 1.52465e-06 579300 12.5142
8.05362 322.655 1.52407e-06 586235 12.6187
8.07603 323.123 1.51361e-06 585156 12.7243
8.09843 325.567 1.51244e-06 582704 12.8305
8.12088 326.65 1.50492e-06 584544 12.9375
8.14345 327.034 1.4942e-06 585204 13.0456
8.16605 329.687 1.49384e-06 582812 13.1546
8.18871 328.846 1.4777e-06 584472 13.2644
8.21146 331.598 1.47771e-06 584132 13.3753
8.23424 332.421 1.46912e-06 582540 13.4869
8.25707 334.207 1.4648e-06 582096 13.5993
8.28004 335.272 1.45727e-06 586412 13.7132
8.30307 336.138 1.44891e-06 581640 13.8279
8.32613 338.672 1.44774e-06 583304 13.9434
8.34929 339.138 1.4377e-06 583536 14.0601
8.37244 342.23 1.4388e-06 578204 14.1774
8.39565 344.506 1.4364e-06 582180 14.2956
8.41901 345.443 1.42835e-06 582144 14.4153
8.44239 346.313 1.42008e-06 578780 14.5357
8.46576 348.775 1.41836e-06 577524 14.6568
8.48924 349.1 1.40794e-06 579584 14.779
8.51287 350.18 1.40056e-06 580752 14.9028
8.53655 352.011 1.3962e-06 576896 15.0275
8.5602 355.294 1.39758e-06 575412 15.1527
8.58391 355.883 1.38832e-06 575676 15.2791
8.60777 358.1 1.38539e-06 576392 15.4068
8.63167 358.433 1.37519e-06 574368 15.5355
8.6556 360.41 1.37134e-06 572624 15.6651
8.67964 363.839 1.37292e-06 574056 15.7959
8.70378 363.174 1.35904e-06 572864 15.9281
8.72791 364.848 1.35401e-06 568992 16.0609
8.75214 367.705 1.35331e-06 572024 16.1951
8.77648 369.231 1.34765e-06 569052 16.3306
8.80086 370.112 1.33967e-06 568236 16.467
8.82523 372.992 1.33894e-06 563612 16.6042
8.84969 374.734 1.33407e-06 567216 16.7427
8.8743 377.063 1.33122e-06 564740 16.8828
8.89896 378.261 1.32438e-06 563940 17.0239
8.92369 380.212 1.32018e-06 562172 17.1662
8.9485 383.814 1.32163e-06 561948 17.3097
8.97339 383.031 1.30799e-06 560084 17.4546
8.9983 386.939 1.31039e-06 556764 17.6004
9.02321 388.723 1.30556e-06 553976 17.7469
9.04824 391.543 1.30415e-06 556344 17.895
9.07338 393.365 1.29936e-06 552420 18.0446
9.09857 395.91 1.29693e-06 552200 18.1953
9.12381 396.361 1.28766e-06 548880 18.3472
9.14913 399.318 1.28653e-06 548696 18.5003
9.17454 401.302 1.28221e-06 546948 18.6549
9.20009 403.478 1.27845e-06 547364 18.8112
9.22565 405.303 1.27359e-06 540792 18.9684
9.2512 408.582 1.27328e-06 540320 19.1264
9.27686 410.142 1.26757e-06 538668 19.2861
9.30261 413.356 1.26692e-06 537260 19.4471
9.32845 415.419 1.26269e-06 534912 19.6096
9.35439 418.103 1.26031e-06 534812 19.7737
9.38034 422.056 1.2617e-06 527424 19.9386
9.40633 424.638 1.25892e-06 528968 20.1048
9.43243 426.752 1.25472e-06 525312 20.2727
9.45865 429.94 1.2536e-06 525968 20.4422
9.48493 433.032 1.25215e-06 520272 20.6131
9.51128 435.161 1.24788e-06 520256 20.7853
9.53767 437.976 1.24556e-06 514536 20.9589
9.56415 440.485 1.24231e-06 515732 21.1339
9.59074 443.2 1.23961e-06 510624 21.3106
9.61731 445.996 1.23711e-06 507288 21.4883
9.64399 449.752 1.23721e-06 505904 21.6676
9.67076 454.399 1.23964e-06 502608 21.8485
9.69767 455.963 1.23358e-06 502280 22.0314
9.72462 460.049 1.23432e-06 496404 22.2156
9.75161 462.003 1.2293e-06 494156 22.4011
9.77867 467.569 1.23381e-06 490572 22.5881
9.80581 469.254 1.228e-06 487856 22.7767
9.83305 473.47 1.22876e-06 485592 22.9671
9.86033 476.69 1.22688e-06 479840 23.1587
9.88774 480.774 1.22713e-06 480792 23.3524
9.91523 483.345 1.22346e-06 473276 23.5477
9.94267 488.059 1.22519e-06 469716 23.7438
9.97028 490.815 1.2219e-06 469388 23.9421
9.99798 498.545 1.23086e-06 463164 24.1422
10.0257 499.187 1.22223e-06 460964 24.3438
10.0536 504.37 1.22469e-06 456404 24.5473
10.0815 509.322 1.22647e-06 453096 24.7523
10.1095 514.603 1.22893e-06 447944 24.9589
10.1375 518.597 1.22822e-06 445104 25.1672
10.1657 523.448 1.22943e-06 440876 25.3776
10.1939 526.556 1.22647e-06 438372 25.5898
10.2223 534.161 1.23387e-06 431156 25.8038
10.2506 537.294 1.23085e-06 426816 26.0187
10.279 539.498 1.22568e-06 424208 26.2357
10.3076 547.394 1.23331e-06 420060 26.4551
10.3362 552.555 1.23462e-06 414500 26.6762
10.3649 557.009 1.23427e-06 409044 26.8987
10.3936 563.464 1.23825e-06 406184 27.1231
10.4225 567.52 1.2368e-06 401808 27.3503
10.4515 573.339 1.23913e-06 394448 27.5787
10.4804 579.946 1.24306e-06 390564 27.8085
10.5095 587.834 1.24952e-06 386420 28.0409
10.5387 592.241 1.24846e-06 380148 28.2752
10.568 602.191 1.25893e-06 375116 28.5111
10.5973 607.313 1.25911e-06 371108 28.7494
10.6268 611.895 1.2581e-06 363588 28.9896
10.6563 621.755 1.26778e-06 360704 29.2318
10.6859 624.7 1.26323e-06 352920 29.4761
10.7155 632.392 1.26819e-06 347888 29.7223
10.7453 640.691 1.27419e-06 342564 29.9707
10.7751 646.772 1.27563e-06 336104 30.221
10.805 658.061 1.28714e-06 329616 30.4733
10.835 660.295 1.28083e-06 324044 30.7274
10.865 673.271 1.2952e-06 317940 30.9838
10.8952 679.171 1.29572e-06 311516 31.2428
10.9255 687.865 1.30142e-06 306920 31.5041
10.9559 690.715 1.29597e-06 297936 31.7675
10.9864 704.461 1.31079e-06 293684 32.0334
11.0169 711.147 1.31228e-06 284568 32.3008
11.0473 716.024 1.31038e-06 276704 32.5693
11.078 726.738 1.31896e-06 274896 32.8418
11.1089 733.444 1.32008e-06 263228 33.1168
11.1396 743.417 1.32697e-06 257720 33.3927
11.1706 751.154 1.32967e-06 250968 33.6716
11.2016 755.694 1.32663e-06 242276 33.9529
11.2326 762.314 1.32717e-06 236220 34.2362
11.2638 764.436 1.31985e-06 227624 34.5222
11.2952 777.772 1.33173e-06 221304 34.811
11.3265 777.862 1.32084e-06 212204 35.1021
11.3579 778.735 1.31142e-06 203168 35.394
11.3893 788.299 1.31654e-06 197955 35.6892
11.4211 785.049 1.30021e-06 190268 35.9884
11.4529 793.443 1.3032e-06 184188 36.2897
11.4846 805.7 1.31239e-06 176492 36.5924
11.5165 807.262 1.30405e-06 172200 36.8977
11.5486 811.186 1.2995e-06 166544 37.207
11.5807 815.148 1.29502e-06 160160 37.518
11.6127 819.015 1.29041e-06 155010 37.8307
11.6449 833.512 1.30239e-06 149948 38.1461
11.6773 837.105 1.29717e-06 145458 38.4648
11.7097 850.097 1.30637e-06 140444 38.7866
11.7423 852.038 1.29851e-06 135596 39.1106
11.7747 860.419 1.30045e-06 130308 39.4362
11.8074 867.103 1.29973e-06 126860 39.7648
11.8402 879.564 1.30745e-06 122748 40.098
11.8732 888.128 1.30922e-06 118076 40.4338
11.9062 896.463 1.31055e-06 113774 40.7716
11.9391 910.727 1.32041e-06 109236 41.1112
11.9722 913.781 1.3139e-06 105638 41.4534
12.0054 927.234 1.32219e-06 102174 41.7998
12.0389 943.34 1.33397e-06 98708 42.1505
12.0724 957.114 1.3422e-06 94310 42.5035
12.1059 967.008 1.34487e-06 90414 42.8577
12.1394 984.893 1.35841e-06 87398 43.2153
12.1731 985.132 1.3475e-06 83462 43.5758
12.2067 1008.15 1.36762e-06 79902 43.9379
12.2406 1014.75 1.36517e-06 77558 44.3049
12.2748 1034.45 1.38009e-06 74094 44.6769
12.309 1044.43 1.38181e-06 71006 45.0516
12.3433 1073.09 1.40794e-06 67574 45.4289
12.3775 1089.87 1.41813e-06 64368 45.8078
12.4118 1102.35 1.42252e-06 61502 46.1894
12.446 1115.34 1.42743e-06 58214 46.573
12.4804 1144.73 1.45297e-06 55872 46.9597
12.515 1155.42 1.4544e-06 53270 47.3516
12.5498 1171.04 1.46184e-06 50742 47.7479
12.5848 1215.01 1.50412e-06 48032 48.1477
12.6198 1225.03 1.50393e-06 45638 48.551
12.6549 1244.14 1.51471e-06 43008 48.9576
12.6901 1268.78 1.53189e-06 40694 49.3673
12.7255 1311.66 1.5705e-06 38408 49.781
12.7609 1344.45 1.5964e-06 35958 50.1975
12.7963 1345.33 1.58421e-06 33920 50.6172
12.8319 1385.47 1.61794e-06 31622 51.0405
12.8675 1412.31 1.63563e-06 29640 51.4665
12.9033 1446.18 1.66097e-06 27662 51.8966
12.939 1462.32 1.66563e-06 25568 52.3291
12.9748 1494.92 1.68869e-06 23904 52.7651
13.0109 1577.76 1.76749e-06 22118 53.2064
13.0469 1575.62 1.75053e-06 20168 53.6491
13.083 1613.08 1.77734e-06 18816 54.096
13.1194 1680.28 1.83601e-06 17126 54.5488
13.1559 1674.78 1.81482e-06 15680 55.0052
13.1925 1727.76 1.85669e-06 14184 55.4658
13.2293 1849.24 1.97072e-06 12854 55.9307
13.2663 1986.3 2.0991e-06 11600 56.4017
13.3038 1954.21 2.0478e-06 10428 56.8805
13.3412 2008.63 2.08716e-06 9032 57.362
13.3781 2029.52 2.09145e-06 7838 57.8399
13.4149 2168.54 2.21636e-06 6816 58.3184
13.4517 2195.77 2.22585e-06 5840 58.7992
13.4884 2267.27 2.27964e-06 4952 59.2812
13.5246 2513.45 2.50692e-06 4062 59.7599
13.5603 2553.63 2.52692e-06 3368 60.2348
13.596 2576.72 2.5297e-06 2744 60.7124
13.6318 2541.7 2.47572e-06 2184 61.1931
13.6739 2734.14 2.63866e-06 2192 61.7614
13.7179 2818.27 2.69376e-06 1238 62.3597
13.7573 2844.76 2.69579e-06 728 62.8983
13.7931 2694.52 2.53357e-06 456 63.391
13.8288 3419.02 3.18997e-06 248 63.8846
13.8642 3523.6 3.26246e-06 104 64.3755
13.8983 2328.29 2.1399e-06 24 64.852
13.93 7093.73 6.47534e-06 1 65.2968
0.799813
1398
200
512
1.14126
0.502655 8.04731 0.000156344 6 0.00306796
0.710861 7.75501 5.32681e-05 12 0.00867751
0.870624 20.4489 7.6457e-05 8 0.0159416
1.00531 4.75317 1.15431e-05 6 0.0245437
1.12397 20.9442 3.63948e-05 24 0.0343009
1.23125 21.8292 2.88563e-05 24 0.0450896
1.42172 15.7206 1.34978e-05 12 0.06942
1.50796 33.6877 2.42403e-05 30 0.082835
1.58953 23.3042 1.43174e-05 24 0.0970175
1.66712 28.0835 1.49552e-05 24 0.111928
1.74125 40.5177 1.89367e-05 8 0.127533
1.81235 64.3846 2.66868e-05 24 0.143802
1.88076 47.1021 1.74694e-05 48 0.16071
2.01062 34.4532 1.04587e-05 6 0.19635
2.0725 73.7512 2.04421e-05 48 0.215042
2.13258 47.9712 1.2204e-05 36 0.234293
2.19102 69.8649 1.63892e-05 24 0.254086
2.24794 57.2435 1.2434e-05 24 0.274407
2.30345 43.1189 8.70501e-06 48 0.295242
2.35766 47.8755 9.01384e-06 24 0.31658
2.4625 46.8562 7.74249e-06 24 0.360717
2.51327 52.0363 8.08773e-06 30 0.383495
2.56305 67.6907 9.91971e-06 72 0.406733
2.61187 72.7645 1.00764e-05 32 0.430423
2.70688 76.2153 9.48146e-06 72 0.479123
2.75315 62.9449 7.44233e-06 48 0.504118
2.84345 163.066 1.75013e-05 12 0.55536
2.88753 51.5384 5.2819e-06 48 0.581595
2.93096 69.3243 6.79356e-06 48 0.608231
2.97375 81.6709 7.66294e-06 48 0.635261
3.01593 91.336 8.21521e-06 30 0.66268
3.05753 77.1642 6.66106e-06 24 0.690482
3.09857 71.4008 5.92185e-06 72 0.718663
3.17907 52.3654 4.02147e-06 24 0.77614
3.21856 77.5282 5.73738e-06 96 0.805426
3.25758 90.522 6.46116e-06 48 0.835072
3.29613 141.337 9.73829e-06 24 0.865073
3.33423 90.2193 6.00552e-06 24 0.895424
3.37191 105.918 6.81682e-06 72 0.926123
3.40917 106.878 6.65553e-06 48 0.957165
3.48249 46.5787 2.72117e-06 8 1.02026
3.51858 105.566 5.97946e-06 54 1.05231
3.55431 98.5088 5.41315e-06 84 1.08469
3.58967 108.023 5.76225e-06 48 1.11739
3.6247 112.425 5.82488e-06 24 1.15042
3.65938 76.8135 3.86771e-06 72 1.18376
3.69374 113.985 5.58069e-06 96 1.21742
3.76152 91.2997 4.2327e-06 48 1.28568
3.79496 107.831 4.86812e-06 48 1.32027
3.82811 188.154 8.27562e-06 24 1.35516
3.86096 80.6115 3.4558e-06 72 1.39036
3.92586 111.436 4.54422e-06 72 1.46165
3.95791 112.236 4.46658e-06 96 1.49774
4.02124 49.5406 1.87984e-06 6 1.5708
4.05253 93.9195 3.4819e-06 96 1.60776
4.08359 108.855 3.94425e-06 96 1.645
4.11441 116.47 4.12603e-06 24 1.68253
4.145 118.222 4.09603e-06 48 1.72034
4.17536 182.09 6.17224e-06 96 1.75842
4.20551 92.6347 3.07296e-06 48 1.79679
4.26517 171.279 5.44674e-06 36 1.87434
4.29468 94.6177 2.94726e-06 48 1.91353
4.324 166.16 5.07119e-06 120 1.95298
4.35312 119.231 3.56638e-06 56 1.9927
4.38204 106.401 3.12e-06 24 2.03269
4.41078 120.12 3.45391e-06 96 2.07294
4.43933 188.097 5.30481e-06 48 2.11345
4.49588 133.308 3.61953e-06 24 2.19525
4.52389 161.59 4.30643e-06 102 2.23654
4.55173 140.083 3.66518e-06 48 2.27809
4.5794 101.704 2.61308e-06 72 2.31989
4.60691 117.276 2.95952e-06 48 2.36194
4.63425 172.002 4.26418e-06 48 2.40424
4.66143 135.078 3.29055e-06 120 2.4468
4.71532 95.922 2.25748e-06 24 2.53264
4.74204 155.464 3.59729e-06 144 2.57594
4.7686 121.936 2.77458e-06 120 2.61947
4.79502 146.971 3.28928e-06 48 2.66325
4.84743 120.779 2.61636e-06 48 2.75153
4.87342 138.591 2.95443e-06 96 2.79603
4.92499 220.949 4.56368e-06 24 2.88574
4.95058 172.256 3.50305e-06 48 2.93094
4.97603 158.836 3.18083e-06 108 2.97638
5.00135 154.63 3.04981e-06 72 3.02206
5.02655 182.176 3.53933e-06 30 3.06796
5.05162 169.146 3.23751e-06 168 3.1141
5.07656 186.979 3.52633e-06 48 3.16046
5.12609 135.572 2.48342e-06 72 3.25387
5.15068 175.125 3.16224e-06 96 3.30091
5.17515 159.255 2.83508e-06 72 3.34818
5.1995 159.523 2.80013e-06 72 3.39567
5.22374 208.333 3.60622e-06 32 3.44338
5.24787 174.754 2.98344e-06 72 3.49132
5.27189 154.958 2.60949e-06 144 3.53948
5.34329 167.361 2.70687e-06 96 3.68526
5.36688 188.318 3.00583e-06 96 3.73428
5.39037 252.785 3.98231e-06 48 3.78353
5.41376 239.839 3.7296e-06 72 3.83298
5.43704 165.824 2.54565e-06 120 3.88265
5.46023 159.29 2.41433e-06 72 3.93254
5.50631 186.701 2.75934e-06 48 4.03294
5.5292 141.571 2.06646e-06 78 4.08346
5.552 197.592 2.84878e-06 120 4.13418
5.57471 123.901 1.76461e-06 48 4.18512
5.61985 182.625 2.53878e-06 144 4.28761
5.64229 202.26 2.77833e-06 144 4.33916
5.68689 180.001 2.41484e-06 12 4.44288
5.70906 162.582 2.15585e-06 144 4.49505
5.73115 199.9 2.62016e-06 48 4.54742
5.75315 193.656 2.50931e-06 120 4.59999
5.77506 161.067 2.06336e-06 48 4.65276
5.7969 182.865 2.31623e-06 48 4.70573
5.81865 169.951 2.12861e-06 168 4.75891
5.86191 78.6504 9.63436e-07 48 4.86585
5.88342 232.635 2.81854e-06 96 4.91961
5.90486 182.338 2.18518e-06 96 4.97357
5.92621 156.985 1.86109e-06 72 5.02773
5.94749 183.749 2.15508e-06 48 5.08209
5.9687 158.216 1.83592e-06 96 5.13663
5.98982 191.421 2.19779e-06 48 5.19138
6.03186 174.535 1.96231e-06 30 5.30144
6.05277 213.533 2.37598e-06 96 5.35676
6.0736 198.971 2.19124e-06 192 5.41227
6.09437 269.941 2.94254e-06 56 5.46797
6.11506 185.839 2.00527e-06 24 5.52386
6.13568 200.602 2.14282e-06 168 5.57994
6.15624 223.07 2.35903e-06 120 5.63621
6.19714 193.517 2.00624e-06 72 5.7493
6.2175 200.741 2.06077e-06 144 5.80613
6.23778 228.008 2.31793e-06 96 5.86315
6.258 144.823 1.45804e-06 96 5.92035
6.29825 220.981 2.1824e-06 72 6.03531
6.31827 174.992 1.71184e-06 96 6.09306
6.35814 251.344 2.41278e-06 24 6.20912
6.37797 225.152 2.14125e-06 192 6.26742
6.39775 225.857 2.1281e-06 108 6.3259
6.41747 240.416 2.24446e-06 24 6.38457
6.43712 254.891 2.35786e-06 96 6.44341
6.45672 201.646 1.84839e-06 96 6.50243
6.47625 202.003 1.83496e-06 120 6.56163
6.51515 206.951 1.84644e-06 48 6.68057
6.53451 226.124 1.99962e-06 78 6.74031
6.55382 242.854 2.12864e-06 144 6.80023
6.57306 215.836 1.87526e-06 120 6.86032
6.59226 131.163 1.12967e-06 24 6.92058
6.61139 176.774 1.50931e-06 168 6.98102
6.63047 229.378 1.94159e-06 144 7.04164
6.66847 294.727 2.45235e-06 24 7.1634
6.68739 249.218 2.05613e-06 48 7.22453
6.70625 232.31 1.9005e-06 96 7.28584
6.72506 228.866 1.85666e-06 120 7.34733
6.74382 161.128 1.29626e-06 72 7.40898
6.76253 191.08 1.5245e-06 120 7.47081
6.78118 262.972 2.08081e-06 144 7.53281
6.81834 169.705 1.32099e-06 48 7.65732
6.83684 219.533 1.69501e-06 192 7.71983
6.8553 209.63 1.60551e-06 144 7.7825
6.8737 200.382 1.52239e-06 48 7.84535
6.91036 219.017 1.63763e-06 192 7.97155
6.92862 183.403 1.36052e-06 48 8.0349
6.96499 170.331 1.24386e-06 8 8.1621
6.99816 215.884 1.55421e-06 288 8.27926
7.01919 219.358 1.56506e-06 96 8.35414
7.03717 159.968 1.13261e-06 54 8.41849
7.0551 209.014 1.46861e-06 120 8.483
7.07298 227.484 1.58629e-06 120 8.54767
7.10861 233.429 1.60339e-06 84 8.67751
7.12636 234.065 1.59578e-06 144 8.74267
7.14407 255.281 1.72752e-06 72 8.80799
7.16173 187.938 1.26241e-06 96 8.87348
7.19106 256.628 1.70281e-06 144 8.98295
7.21445 227.302 1.49359e-06 240 9.07091
7.24939 153.201 9.92195e-07 24 9.20333
7.2668 254.522 1.63658e-06 240 9.26978
7.28416 261.374 1.66864e-06 96 9.33639
7.31012 240.727 1.52052e-06 144 9.43656
7.33601 243.123 1.51945e-06 96 9.53717
7.35321 241.555 1.49909e-06 72 9.60441
7.38749 202.633 1.24011e-06 96 9.73936
7.40457 231.315 1.40587e-06 96 9.80708
7.42916 219.925 1.32341e-06 216 9.90512
7.4725 242.677 1.43506e-06 192 10.0795
7.48939 231.21 1.35802e-06 144 10.148
7.52305 245.112 1.42044e-06 48 10.2854
7.53982 263.422 1.51638e-06 150 10.3544
7.55656 217.988 1.24652e-06 96 10.4235
7.57326 249.011 1.41453e-06 120 10.4927
7.60179 251.407 1.41211e-06 168 10.6118
7.62314 252.487 1.4063e-06 240 10.7014
7.65621 198.196 1.08967e-06 24 10.8413
7.68256 267.31 1.45458e-06 360 10.9536
7.70555 340.182 1.83459e-06 48 11.0523
7.72193 222.177 1.19058e-06 72 11.1229
7.74479 246.921 1.3115e-06 240 11.222
7.81103 237.877 1.23159e-06 276 11.5124
7.83561 217.628 1.11618e-06 104 11.6214
7.85172 253.866 1.29405e-06 72 11.6932
7.87519 252.19 1.27404e-06 312 11.7984
7.91582 303.484 1.50969e-06 96 11.9819
7.93971 268.981 1.32601e-06 288 12.0908
7.96355 270.524 1.32168e-06 168 12.2
7.99521 201.674 9.73643e-07 48 12.3461
8.011 246.515 1.1831e-06 192 12.4194
8.05769 285.58 1.3469e-06 198 12.6378
8.07383 257.454 1.20698e-06 96 12.7139
8.09726 268.024 1.24566e-06 192 12.8249
8.12064 255.943 1.17927e-06 216 12.9363
8.13618 230.007 1.0537e-06 72 13.0107
8.16717 295.177 1.33692e-06 96 13.16
8.19364 260.49 1.16842e-06 336 13.2884
8.21345 251.474 1.11984e-06 48 13.385
8.24287 298.075 1.31319e-06 288 13.5293
8.25946 252.213 1.10447e-06 192 13.6112
8.29 312.179 1.35201e-06 48 13.7627
8.30522 273.667 1.17872e-06 96 13.8387
8.32731 241.057 1.03002e-06 264 13.9494
8.35073 275.312 1.16652e-06 96 14.0674
8.3764 252.509 1.06009e-06 240 14.1975
8.42353 263.667 1.08846e-06 288 14.4385
8.44101 206.562 8.47436e-07 96 14.5286
8.45596 271.2 1.10673e-06 72 14.6059
8.49216 284.307 1.14544e-06 336 14.7943
8.54127 284.807 1.12778e-06 138 15.0525
8.5599 298.316 1.17357e-06 240 15.1512
8.57955 272.336 1.06402e-06 144 15.2558
8.61048 263.443 1.01823e-06 384 15.4214
8.65698 274.535 1.04409e-06 312 15.6725
8.67717 213.64 8.06843e-07 72 15.7824
8.69499 239.694 8.99682e-07 248 15.8799
8.72942 305.507 1.1332e-06 240 16.0693
8.76409 379.705 1.39177e-06 24 16.2615
8.77849 280.96 1.02477e-06 192 16.3418
8.79618 260.12 9.43042e-07 312 16.4408
8.83014 286.74 1.0276e-06 240 16.6319
8.85015 278.103 9.89905e-07 96 16.7453
8.87865 336.1 1.18486e-06 48 16.9076
8.90372 260.251 9.09739e-07 408 17.0512
8.92124 302.38 1.05079e-06 144 17.152
8.94951 310.124 1.06752e-06 120 17.3157
8.96362 220.329 7.5485e-07 144 17.3977
9.00452 289.453 9.78217e-07 264 17.6369
9.02681 259.88 8.71785e-07 192 17.7682
9.04779 302.726 1.00847e-06 102 17.8924
9.07025 255.624 8.45247e-07 432 18.0259
9.10347 275.436 9.00824e-07 48 18.2247
9.12079 291.563 9.48144e-07 384 18.329
9.1519 272.99 8.78723e-07 144 18.5172
9.18009 322.083 1.02723e-06 264 18.6888
9.22295 313.125 9.84802e-07 144 18.9518
9.24727 257.747 8.04255e-07 324 19.1021
9.28041 341.729 1.05492e-06 384 19.3082
9.29572 298.339 9.16435e-07 216 19.4039
9.32887 333.622 1.01393e-06 216 19.6123
9.35667 264.293 7.96088e-07 240 19.7881
9.39037 239.92 7.1492e-07 168 20.0027
9.40381 313.689 9.30738e-07 240 20.0887
9.44254 298.212 8.73973e-07 216 20.3379
9.46184 273.163 7.95672e-07 288 20.4629
9.48939 275.279 7.94871e-07 240 20.6422
9.51068 257.671 7.39044e-07 72 20.7814
9.54398 316.458 8.98188e-07 246 21.0005
9.56795 300.144 8.45499e-07 320 21.1591
9.60101 327.79 9.13869e-07 288 21.3792
9.61635 276.826 7.68095e-07 144 21.4818
9.65568 315.713 8.65333e-07 288 21.7465
9.67622 307.925 8.38625e-07 336 21.8855
9.70415 290.509 7.8438e-07 168 22.0756
9.72088 313.248 8.41415e-07 336 22.19
9.75547 294.92 7.83789e-07 288 22.4277
9.77625 311.054 8.21407e-07 264 22.5713
9.81143 250.615 6.54712e-07 240 22.8159
9.8243 231.576 6.02598e-07 96 22.9058
9.86024 363.966 9.36781e-07 120 23.1581
9.88236 312.968 8.00123e-07 408 23.3143
9.91926 320.591 8.105e-07 456 23.5765
9.95206 280.538 7.02252e-07 108 23.8111
9.9705 349.803 8.70788e-07 264 23.9437
9.99351 311.105 7.69117e-07 264 24.1099
10.025 287.34 7.03687e-07 312 24.3386
10.0643 329.914 7.98536e-07 270 24.6255
10.0807 320.815 7.72721e-07 240 24.7464
10.1103 326.305 7.79068e-07 384 24.9648
10.1282 364.516 8.65682e-07 192 25.098
10.1697 295.804 6.93936e-07 432 25.4077
10.1904 326.635 7.61605e-07 144 25.563
10.2213 329.097 7.60398e-07 480 25.7966
10.2604 365.221 8.34264e-07 216 26.0935
10.2853 325.939 7.39137e-07 312 26.284
10.3082 283.337 6.38262e-07 216 26.4597
10.335 351.187 7.84955e-07 192 26.667
10.3681 328.752 7.27794e-07 624 26.924
10.3941 298.579 6.56044e-07 120 27.1273
10.4163 330.944 7.22518e-07 336 27.3015
10.4574 263.757 5.69084e-07 176 27.6254
10.4747 336.095 7.21578e-07 384 27.7625
10.5085 314.58 6.68887e-07 408 28.0323
10.5438 346.781 7.29973e-07 144 28.3158
10.564 325.852 6.81982e-07 486 28.4792
10.6035 263.352 5.45038e-07 96 28.7998
10.6154 370.008 7.63202e-07 384 28.897
10.6571 397.213 8.09733e-07 492 29.2389
10.6866 310.225 6.27191e-07 384 29.482
10.7102 367.335 7.37749e-07 168 29.6779
10.7506 347.363 6.89811e-07 504 30.0147
10.7714 264.156 5.21541e-07 240 30.1893
10.7949 352.803 6.92013e-07 456 30.3877
10.836 339.978 6.59302e-07 264 30.736
10.8632 321.875 6.19521e-07 384 30.9679
10.8921 350.436 6.69127e-07 432 31.2162
10.9282 331.382 6.26508e-07 216 31.527
10.9474 326.957 6.14887e-07 360 31.6939
10.9817 323.237 6.02219e-07 312 31.9924
11.0218 339.179 6.25046e-07 240 32.3442
11.0425 364.209 6.67404e-07 414 32.5268
11.0763 337.024 6.11956e-07 552 32.8262
11.1116 320.426 5.76287e-07 360 33.1412
11.1349 343.17 6.13319e-07 432 33.3505
11.1687 353.655 6.26348e-07 480 33.6546
11.2059 308.39 5.40749e-07 288 33.9926
11.2302 323.897 5.64269e-07 312 34.2137
11.2562 311.707 5.3928e-07 360 34.4519
11.2995 363.182 6.21139e-07 576 34.8511
11.3354 337.91 5.72439e-07 464 35.1845
11.3515 362.469 6.11428e-07 192 35.335
11.3899 352.626 5.88833e-07 396 35.6946
11.4181 337.052 5.58667e-07 432 35.9603
11.4446 439.809 7.23932e-07 240 36.2115
11.4797 386.193 6.2988e-07 624 36.5449
11.5178 354.574 5.72584e-07 504 36.9103
11.5584 344.825 5.5099e-07 198 37.3022
11.5777 323.256 5.13955e-07 600 37.4888
11.6115 313.865 4.94674e-07 384 37.8185
11.6469 422.871 6.60408e-07 432 38.1659
11.6775 356.133 5.5182e-07 336 38.4676
11.7053 339.051 5.21619e-07 336 38.7429
11.7408 343.573 5.23795e-07 744 39.0965
11.7788 400.526 6.04736e-07 624 39.4771
11.8151 376.093 5.62635e-07 192 39.8426
11.837 395.718 5.88706e-07 432 40.0652
11.8692 369.016 5.44534e-07 504 40.3925
11.9071 289.218 4.22714e-07 336 40.7812
11.9357 387.415 5.62175e-07 456 41.0757
11.961 339.707 4.89823e-07 408 41.3376
11.9967 369.101 5.27469e-07 696 41.7088
12.0375 399.706 5.6542e-07 384 42.1357
12.0797 331.935 4.64648e-07 330 42.5803
12.1079 360.508 5.01124e-07 624 42.8796
12.1368 359.679 4.96414e-07 384 43.1869
12.1679 391.455 5.3614e-07 728 43.5194
12.2048 339.704 4.61045e-07 432 43.9174
12.2458 405.026 5.44206e-07 696 44.3608
12.2726 407.823 5.44383e-07 408 44.6527
12.3135 368.311 4.86749e-07 456 45.1014
12.336 431.989 5.67793e-07 408 45.3485
12.3706 355.982 4.63973e-07 528 45.7315
12.4155 353.515 4.55779e-07 576 46.231
12.4491 365.01 4.66796e-07 672 46.6077
12.4869 414.58 5.25387e-07 384 47.0337
12.5204 374.039 4.70217e-07 600 47.4132
12.5516 410.307 5.11981e-07 294 47.7677
12.5804 378.583 4.69152e-07 600 48.098
12.6134 421.768 5.18581e-07 768 48.4771
12.6565 378.733 4.60925e-07 648 48.976
12.6923 410.233 4.95051e-07 408 49.3924
12.7292 415.746 4.9735e-07 552 49.8248
12.7636 417.242 4.95112e-07 648 50.2301
12.8023 406.149 4.77596e-07 348 50.688
12.8251 346.207 4.04945e-07 744 50.9589
12.8679 429.181 4.96998e-07 672 51.4713
12.9036 435.503 5.00142e-07 456 51.9012
12.9334 435.8 4.9704e-07 600 52.2607
12.9695 394.652 4.4636e-07 744 52.6997
13.006 443.748 4.9767e-07 288 53.1466
13.0495 410.833 4.56171e-07 704 53.6806
13.081 404.141 4.45503e-07 678 54.0708
13.1208 422.401 4.61404e-07 648 54.5662
13.1596 409.509 4.43375e-07 648 55.0519
13.1964 388.846 4.17494e-07 696 55.5145
13.2284 419.121 4.46745e-07 696 55.9191
13.2734 412.78 4.35527e-07 552 56.4915
13.3052 405.62 4.24905e-07 840 56.8994
13.3506 431.864 4.47804e-07 600 57.4831
13.3849 422.628 4.34868e-07 696 57.9271
13.4246 415.539 4.23786e-07 672 58.4447
13.4567 421.46 4.26761e-07 552 58.8642
13.5 411.335 4.12512e-07 492 59.4345
13.5339 389.756 3.87943e-07 840 59.8832
13.5717 404.113 3.9888e-07 606 60.3866
13.6079 426.247 4.17377e-07 936 60.8715
13.6493 421.582 4.09063e-07 528 61.4288
13.6785 421.825 4.06687e-07 696 61.8233
13.7222 379.098 3.6201e-07 648 62.4181
13.7547 436.907 4.14263e-07 936 62.8628
13.799 440.859 4.13997e-07 384 63.4721
13.8245 414.232 3.86842e-07 864 63.825
13.8698 464.146 4.29227e-07 768 64.4536
13.9077 389.639 3.57385e-07 528 64.984
13.9468 412.891 3.75536e-07 776 65.5335
13.985 449.384 4.05391e-07 960 66.0729
14.0235 386.249 3.45574e-07 696 66.6204
14.0543 439.876 3.90967e-07 582 67.0611
14.104 429.87 3.78051e-07 1008 67.7746
14.1396 417.754 3.64623e-07 408 68.2898
14.1747 446.687 3.8699e-07 960 68.7993
14.2207 447.507 3.8395e-07 852 69.4712
14.2588 474.642 4.03979e-07 912 70.0305
14.3027 448.278 3.78034e-07 1032 70.68
14.3334 532.94 4.46553e-07 384 71.1354
14.3782 433.729 3.60033e-07 864 71.8053
14.4126 431.126 3.55316e-07 840 72.3219
14.4524 425.107 3.47473e-07 912 72.9219
14.5014 471.028 3.81115e-07 792 73.6667
14.5381 435.084 3.49375e-07 744 74.2268
14.583 432.689 3.44251e-07 726 74.9171
14.6171 423.848 3.34863e-07 984 75.4438
14.6557 455.524 3.57053e-07 912 76.0429
14.6984 499.356 3.8801e-07 1104 76.7092
14.7399 447.162 3.44525e-07 744 77.3612
14.79 462.027 3.52372e-07 968 78.1531
14.8189 444.858 3.37299e-07 672 78.6116
14.8602 446.954 3.36067e-07 984 79.2714
14.9075 453.272 3.37586e-07 840 80.0305
14.945 456.537 3.37465e-07 1092 80.6357
14.993 460.331 3.37012e-07 840 81.415
15.0265 457.613 3.32787e-07 720 81.9621
15.0728 461.427 3.3248e-07 1110 82.7214
15.1154 449.161 3.20911e-07 1056 83.4253
15.1542 459.464 3.25757e-07 888 84.0693
15.1982 470.973 3.31025e-07 936 84.8037
15.2384 455.567 3.17668e-07 912 85.479
15.2828 483.649 3.3432e-07 1104 86.2279
15.3261 484.916 3.32363e-07 912 86.963
15.3668 462.29 3.14341e-07 1104 87.6584
15.413 468.92 3.15992e-07 1128 88.4511
15.4559 423.576 2.83068e-07 768 89.1909
15.4907 471.957 3.1328e-07 888 89.7945
15.5324 432.68 2.84896e-07 1224 90.5232
15.5906 437.321 2.84742e-07 750 91.5437
15.6187 416.07 2.69446e-07 1092 92.0395
15.6685 474.461 3.04342e-07 1472 92.922
15.7176 524.544 3.33323e-07 792 93.7986
15.755 509.886 3.21705e-07 1080 94.4704
15.7999 493.057 3.08441e-07 1584 95.2806
15.8457 478.379 2.9667e-07 624 96.1121
15.8875 504.387 3.10338e-07 1248 96.8745
15.9288 474.691 2.89802e-07 888 97.6315
15.9759 526.063 3.18335e-07 912 98.4994
16.0166 526.003 3.15877e-07 1368 99.2546
16.0594 497.778 2.96542e-07 960 100.053
16.1064 501.629 2.96226e-07 1542 100.934
16.1587 451.997 2.64334e-07 1152 101.921
16.2027 500.747 2.90467e-07 1008 102.755
16.2458 518.225 2.98221e-07 1248 103.576
16.2838 521.661 2.98098e-07 1056 104.306
16.329 502.392 2.8471e-07 1188 105.177
16.3776 495.036 2.78051e-07 1152 106.119
16.4263 505.595 2.81464e-07 1560 107.068
16.4754 512.97 2.83023e-07 1128 108.031
16.5151 489.299 2.68023e-07 1152 108.814
16.5586 522.289 2.83845e-07 920 109.675
16.6046 490.266 2.64231e-07 1470 110.593
16.6539 486.093 2.59665e-07 1200 111.58
16.7007 504.696 2.67342e-07 1440 112.524
16.7407 485.267 2.55211e-07 1224 113.334
16.7902 549.644 2.86522e-07 1296 114.342
16.8432 481.519 2.48646e-07 1560 115.428
16.8896 520.215 2.66417e-07 1272 116.386
16.9285 551.653 2.80575e-07 1080 117.192
16.975 512.121 2.58337e-07 1368 118.159
17.0245 502.516 2.51287e-07 1248 119.195
17.0763 531.037 2.63138e-07 1194 120.288
17.1189 515.966 2.53767e-07 1752 121.19
17.1714 528.872 2.57736e-07 1392 122.308
17.2134 518.469 2.50821e-07 1440 123.208
17.266 539.991 2.5885e-07 1488 124.342
17.3158 538.079 2.55716e-07 1248 125.42
17.3578 527.468 2.48859e-07 1512 126.335
17.4059 504.751 2.36172e-07 1112 127.388
17.4584 521.119 2.41637e-07 1848 128.544
17.5012 496.213 2.28406e-07 1224 129.491
17.5513 553.584 2.52634e-07 1536 130.609
17.6038 542.496 2.45365e-07 1638 131.784
17.652 570.3 2.55836e-07 1392 132.868
17.7 538.732 2.39715e-07 1632 133.955
17.756 517.023 2.27884e-07 1452 135.231
17.7986 525.304 2.29875e-07 1680 136.207
17.8449 563.456 2.44656e-07 1320 137.273
17.893 544.402 2.34481e-07 1752 138.386
17.9488 561.182 2.39461e-07 1776 139.685
18.0029 544.464 2.3024e-07 1104 140.951
18.0415 537.115 2.25679e-07 1728 141.859
18.0953 551.598 2.29701e-07 1446 143.133
18.1443 553.669 2.28703e-07 1920 144.298
18.201 564.175 2.30869e-07 1896 145.656
18.2474 537.74 2.18379e-07 1176 146.771
18.2919 580.657 2.34089e-07 1856 147.849
18.3431 531.315 2.1241e-07 1896 149.093
18.3976 580.995 2.30213e-07 1464 150.426
18.4552 570.768 2.24049e-07 1968 151.843
18.5038 567.933 2.21185e-07 1548 153.046
18.5557 554.038 2.13969e-07 1944 154.337
18.6063 546.041 2.09162e-07 1470 155.604
18.6575 558.439 2.12157e-07 1920 156.891
18.7093 606.888 2.28651e-07 2184 158.203
18.7648 574.105 2.14386e-07 1464 159.615
18.809 570.351 2.11487e-07 1608 160.745
18.8624 560.778 2.06176e-07 1944 162.119
18.9166 582.264 2.12242e-07 1872 163.519
18.9683 581.999 2.10416e-07 2256 164.863
19.021 589.273 2.11277e-07 1632 166.243
19.0776 607.76 2.15974e-07 1542 167.73
19.1277 590.842 2.08316e-07 2216 169.055
19.1825 591.57 2.06792e-07 2052 170.511
19.2349 562.48 1.95021e-07 1680 171.912
19.2854 547.788 1.88438e-07 2280 173.27
19.3414 581.141 1.98179e-07 1968 174.785
19.3966 570.825 1.93004e-07 2016 176.286
19.4477 590.84 1.98201e-07 1968 177.682
19.5069 609.324 2.02544e-07 1920 179.312
19.5637 597.229 1.96803e-07 2400 180.88
19.6219 594.558 1.94184e-07 1974 182.499
19.6656 628.359 2.03856e-07 1944 183.724
19.7215 594.614 1.91273e-07 1920 185.294
19.7735 596.801 1.90468e-07 2280 186.762
19.826 626.596 1.98391e-07 1968 188.255
19.8834 612.126 1.92137e-07 2220 189.894
19.9402 592.912 1.84519e-07 2352 191.527
19.9979 614.85 1.89694e-07 1968 193.195
20.0514 652.297 1.99642e-07 2504 194.749
20.1114 605.33 1.83614e-07 2118 196.502
20.1661 631.739 1.90069e-07 2352 198.11
20.2215 619.725 1.84927e-07 2136 199.747
20.2758 644.916 1.909e-07 2112 201.361
20.3301 648.287 1.90366e-07 2472 202.983
20.3859 627.107 1.82638e-07 2376 204.658
20.4424 601.524 1.73739e-07 2304 206.365
20.5033 675.071 1.93248e-07 2448 208.216
20.5597 648.867 1.84224e-07 2280 209.937
20.6226 658.656 1.85297e-07 2466 211.87
20.6734 645.447 1.80247e-07 2256 213.439
20.7288 602.004 1.66769e-07 2472 215.161
20.7863 643.643 1.76829e-07 2856 216.956
20.844 589.942 1.60734e-07 2112 218.768
20.9062 652.446 1.76181e-07 2720 220.732
20.9635 653.718 1.7508e-07 2136 222.553
21.0141 657.568 1.74843e-07 2736 224.168
21.0763 678.248 1.7875e-07 2376 226.163
21.1384 666.055 1.73993e-07 3126 228.17
21.2027 647.712 1.67668e-07 2568 230.257
21.2496 644.136 1.65639e-07 2112 231.79
21.3097 683.568 1.74298e-07 2748 233.76
21.3717 662.649 1.67496e-07 2928 235.808
21.4282 657.992 1.65008e-07 2640 237.682
21.4925 688.749 1.71174e-07 2856 239.83
21.5495 657.009 1.61994e-07 2352 241.742
21.6105 652.87 1.59615e-07 2910 243.8
21.6685 668.251 1.62066e-07 2784 245.769
21.731 649.346 1.56126e-07 2952 247.902
21.7905 666.994 1.59059e-07 2696 249.944
21.8483 700.073 1.65626e-07 3264 251.938
21.9108 709.83 1.66503e-07 2472 254.105
21.9713 679.943 1.58178e-07 3024 256.217
22.0383 686.581 1.5827e-07 2964 258.567
22.0973 716.907 1.6394e-07 2910 260.65
22.1561 693.112 1.5724e-07 2880 262.736
22.2134 689.766 1.55273e-07 3216 264.78
22.2831 687.996 1.53426e-07 3096 267.281
22.3394 703.565 1.55715e-07 2880 269.312
22.4021 729.055 1.60005e-07 2904 271.586
22.465 727.761 1.58383e-07 3504 273.879
22.5286 662.203 1.42899e-07 3168 276.212
22.5974 700.517 1.4979e-07 3054 278.751
22.6529 712.992 1.5134e-07 3032 280.809
22.7152 715.335 1.50591e-07 3000 283.134
22.7794 727.573 1.51877e-07 3780 285.539
22.8468 725.547 1.50116e-07 3504 288.084
22.9105 712.19 1.46128e-07 2904 290.498
22.9708 729.225 1.48448e-07 3336 292.798
23.0336 719.549 1.45282e-07 3144 295.208
23.0969 751.863 1.50562e-07 3414 297.648
23.1662 732.751 1.45422e-07 3552 300.335
23.2215 738.012 1.45422e-07 2928 302.492
23.2818 756.134 1.47839e-07 3840 304.853
23.3508 764.197 1.48094e-07 3312 307.573
23.4144 766.843 1.474e-07 3432 310.09
23.4796 756.986 1.44296e-07 3596 312.69
23.5507 771.062 1.45652e-07 4224 315.54
23.6216 723.51 1.35442e-07 3294 318.398
23.6816 769.051 1.42877e-07 3792 320.828
23.7459 766.364 1.41223e-07 3528 323.451
23.8201 758.742 1.38517e-07 3984 326.491
23.8821 768.73 1.3925e-07 3768 329.048
23.9469 771.631 1.38644e-07 3672 331.734
24.0113 755.487 1.34655e-07 3384 334.415
24.0749 754.394 1.33396e-07 3648 337.082
24.145 790.493 1.38566e-07 4098 340.033
24.211 796.182 1.38424e-07 4008 342.832
24.2803 779.085 1.34295e-07 4032 345.784
24.3436 760.743 1.30114e-07 3800 348.494
24.4106 789.762 1.33968e-07 3816 351.378
24.4813 755.168 1.26994e-07 4248 354.439
24.548 813.12 1.35626e-07 3720 357.347
24.616 808.69 1.33774e-07 4254 360.322
24.6841 789.114 1.29458e-07 4224 363.321
24.7539 801.735 1.30419e-07 4368 366.413
24.8247 821.383 1.32475e-07 4104 369.566
24.8945 817.729 1.3078e-07 4500 372.69
24.9619 849.77 1.34806e-07 3480 375.728
25.03 843.919 1.32787e-07 5328 378.813
25.1021 822.172 1.28254e-07 3342 382.096
25.1673 810.494 1.25452e-07 4800 385.081
25.2417 827.696 1.26985e-07 4184 388.506
25.3083 824.095 1.25437e-07 5064 391.59
25.3801 827.824 1.24938e-07 4032 394.932
25.4501 832.958 1.2468e-07 4632 398.205
25.522 836.779 1.24196e-07 4680 401.59
25.5928 852.836 1.25532e-07 3924 404.941
25.6619 843.204 1.23114e-07 5166 408.231
25.7329 844.897 1.22343e-07 4800 411.629
25.8063 860.409 1.23528e-07 4560 415.163
25.8751 867.422 1.23545e-07 4584 418.491
25.947 863.012 1.21898e-07 4848 421.987
26.0156 852.866 1.19515e-07 4560 425.344
26.0959 890.39 1.23624e-07 5600 429.297
26.1678 871.317 1.19981e-07 4686 432.857
26.2409 880.315 1.2021e-07 5016 436.494
26.3159 875.858 1.18582e-07 4956 440.244
26.3821 838.058 1.12613e-07 4872 443.574
26.458 899.264 1.198e-07 5376 447.415
26.5341 881.56 1.16434e-07 5088 451.286
26.6057 907.773 1.18931e-07 4710 454.948
26.6772 885.82 1.15124e-07 4848 458.627
26.7491 891.682 1.14954e-07 5976 462.345
26.825 901.511 1.15237e-07 5208 466.292
26.9003 932.65 1.18219e-07 5352 470.232
26.975 928.171 1.16676e-07 4820 474.16
27.0465 932.523 1.16297e-07 5760 477.938
27.1221 908.938 1.12409e-07 5166 481.962
27.1993 911.75 1.11801e-07 6168 486.084
27.2764 918.622 1.11691e-07 5136 490.23
27.3523 917.879 1.10673e-07 6240 494.337
27.4326 925.889 1.10661e-07 5568 498.705
27.507 932.685 1.10572e-07 5712 502.77
27.5818 913.19 1.07383e-07 5520 506.881
27.6605 914.128 1.06578e-07 5670 511.235
27.7351 949.066 1.09761e-07 6036 515.381
27.8136 986.69 1.13149e-07 6264 519.77
27.8936 961.504 1.09315e-07 5912 524.266
27.967 950.328 1.07195e-07 5736 528.419
28.0414 988.543 1.10621e-07 5400 532.644
28.1205 948.752 1.05274e-07 6342 537.17
28.2012 953.963 1.04946e-07 7032 541.806
28.2802 961.996 1.04946e-07 5448 546.369
28.3553 998.734 1.0809e-07 6528 550.738
28.4381 990.906 1.06309e-07 6468 555.575
28.5189 1008.92 1.07325e-07 6528 560.32
28.5929 994.678 1.0499e-07 5568 564.698
28.6695 1003.11 1.05034e-07 6798 569.246
28.7556 999.51 1.03719e-07 6560 574.393
28.8326 1048.95 1.07981e-07 6888 579.015
28.9133 1034.05 1.05557e-07 6624 583.894
28.9929 1020.6 1.03329e-07 6288 588.726
29.0725 1028.94 1.03319e-07 6960 593.594
29.1573 1025.52 1.0208e-07 6570 598.802
29.2314 1028.49 1.01599e-07 6600 603.378
29.315 1056.84 1.03509e-07 7776 608.57
29.4037 1062.79 1.03153e-07 7248 614.109
29.4863 1037.57 9.98615e-08 6672 619.297
29.5638 1051.03 1.00364e-07 6704 624.194
29.6425 1072.13 1.01565e-07 6942 629.192
29.7261 1062.44 9.97998e-08 7656 634.535
29.8087 1060.77 9.88175e-08 7128 639.837
29.8956 1084.08 1.0011e-07 7908 645.45
29.977 1061.72 9.72491e-08 6648 650.735
30.0528 1092.71 9.93316e-08 7320 655.686
30.1423 1101.43 9.92354e-08 7638 661.561
30.2243 1085.34 9.69924e-08 7416 666.975
30.3042 1091.26 9.67522e-08 7752 672.278
30.3935 1108.49 9.74157e-08 8448 678.237
30.4801 1091.38 9.50962e-08 7280 684.056
30.5639 1129.72 9.76305e-08 7668 689.707
30.6478 1088.71 9.3315e-08 8094 695.409
30.7311 1163.63 9.8928e-08 7656 701.094
30.8164 1108.25 9.34395e-08 8160 706.945
30.9021 1121.43 9.37658e-08 8472 712.863
30.9914 1177.45 9.76019e-08 7896 719.06
31.0735 1148.48 9.44473e-08 8088 724.791
31.1605 1167.03 9.51718e-08 8286 730.892
31.2495 1153.06 9.32313e-08 8676 737.172
31.3345 1138.06 9.12711e-08 8120 743.208
31.4202 1175.38 9.34954e-08 9024 749.323
31.5091 1188.8 9.37648e-08 8160 755.701
31.5932 1140.73 8.92565e-08 7944 761.768
31.6802 1162.86 9.0241e-08 8982 768.076
31.7688 1172.71 9.02457e-08 9528 774.541
31.8602 1216.17 9.27878e-08 8832 781.241
31.9516 1214.52 9.18688e-08 8916 787.982
32.039 1204.19 9.03434e-08 9240 794.471
32.1273 1219.16 9.07151e-08 8496 801.054
32.2155 1219.11 8.99684e-08 9422 807.669
32.303 1241.46 9.0875e-08 8976 814.273
32.3931 1206.23 8.75611e-08 9432 821.104
32.4832 1241.6 8.93814e-08 9864 827.97
32.5757 1267.17 9.04465e-08 9024 835.068
32.6663 1281.27 9.06944e-08 9762 842.056
32.7552 1282.7 9.00583e-08 9264 848.95
32.8445 1270.67 8.84885e-08 10056 855.908
32.9357 1256.77 8.67949e-08 9936 863.059
33.0325 1265.3 8.6618e-08 9624 870.695
33.1183 1290.2 8.76379e-08 9752 877.498
33.2122 1318.81 8.88237e-08 10446 884.978
33.3054 1294.63 8.64656e-08 10056 892.448
33.3956 1318.33 8.73362e-08 9876 899.722
33.491 1292.7 8.49089e-08 11160 907.454
33.5844 1314.35 8.56125e-08 10128 915.069
33.6785 1321.97 8.53892e-08 9726 922.784
33.7682 1345.69 8.62301e-08 11112 930.175
33.8643 1348.45 8.5674e-08 10776 938.136
33.9552 1330.85 8.38787e-08 10232 945.711
34.0498 1373.14 8.58246e-08 11184 953.639
34.1497 1377.59 8.53493e-08 11058 962.058
34.2449 1364.86 8.38573e-08 11472 970.123
34.3371 1360.67 8.29282e-08 10464 977.982
34.4285 1409.17 8.52018e-08 10584 985.815
34.5273 1406.51 8.43125e-08 12504 994.328
34.6247 1377.35 8.18703e-08 10560 1002.76
34.7179 1406.45 8.29281e-08 11694 1010.88
34.8164 1420.44 8.30447e-08 11420 1019.51
34.9125 1446.31 8.38605e-08 12504 1027.98
35.0084 1450.22 8.33984e-08 10800 1036.47
35.1074 1443.9 8.23349e-08 12456 1045.29
35.2074 1480.37 8.36967e-08 12030 1054.24
35.3017 1435.27 8.04986e-08 11232 1062.74
35.397 1464.47 8.14747e-08 13176 1071.37
35.4985 1503.36 8.29221e-08 11196 1080.62
35.593 1489.56 8.1509e-08 12720 1089.27
35.6922 1502.51 8.15333e-08 11918 1098.4
35.7902 1526.04 8.21317e-08 13392 1107.48
35.8939 1511.36 8.06392e-08 12600 1117.13
35.9941 1539.19 8.144e-08 13200 1126.51
36.095 1573.82 8.25759e-08 12864 1136.01
36.1944 1550.09 8.06621e-08 12270 1145.42
36.2935 1565.08 8.07775e-08 13668 1154.85
36.3944 1580.98 8.09213e-08 13200 1164.51
36.4956 1570.8 7.97333e-08 13416 1174.25
36.5974 1581.32 7.95993e-08 12992 1184.1
36.6991 1619.3 8.08352e-08 13806 1194.01
36.7995 1596.67 7.90553e-08 13800 1203.83
36.901 1620.85 7.95922e-08 13056 1213.82
37.0014 1624.54 7.91254e-08 14364 1223.75
37.1043 1600.07 7.72871e-08 13248 1233.99
37.2078 1636.05 7.83672e-08 15054 1244.35
37.3141 1691.22 8.03193e-08 13680 1255.04
37.4145 1683.93 7.93312e-08 15152 1265.21
37.5223 1707.73 7.97614e-08 14376 1276.17
37.6238 1681.55 7.79043e-08 13932 1286.56
37.7292 1659.8 7.62535e-08 14910 1297.4
37.833 1702.05 7.75528e-08 15648 1308.14
37.937 1729.06 7.81378e-08 13680 1318.95
38.0425 1707.31 7.65142e-08 15816 1329.99
38.1491 1752.21 7.78709e-08 15030 1341.2
38.253 1727.04 7.61284e-08 15104 1352.19
38.3629 1766.04 7.71804e-08 16548 1363.87
38.4701 1778.93 7.70953e-08 15360 1375.34
38.5768 1738.04 7.47002e-08 15768 1386.81
38.6815 1777.44 7.57745e-08 14622 1398.14
38.7893 1750.72 7.4015e-08 17568 1409.86
38.9018 1793.91 7.51848e-08 16368 1422.16
39.0083 1808.57 7.51802e-08 15960 1433.88
39.1164 1863.4 7.68189e-08 15732 1445.83
39.2236 1863.04 7.61763e-08 17006 1457.75
39.332 1842.45 7.47129e-08 16680 1469.87
39.4453 1883.69 7.57289e-08 17712 1482.61
39.5528 1874.16 7.47337e-08 15576 1494.76
39.6569 1874.56 7.41622e-08 16974 1506.6
39.7703 1916.94 7.51922e-08 17436 1519.56
39.8799 1910.8 7.43348e-08 17952 1532.16
39.9925 1927.26 7.4344e-08 17448 1545.17
40.1016 1926.96 7.37271e-08 17336 1557.85
40.2155 1949.19 7.3946e-08 17958 1571.16
40.3272 1958.19 7.36714e-08 19056 1584.29
40.441 1992.74 7.43405e-08 17304 1597.74
40.5506 2012.39 7.44662e-08 18276 1610.77
40.6624 2013.41 7.38909e-08 17838 1624.13
40.7728 1982.56 7.21695e-08 18984 1637.39
40.8917 2041.36 7.36639e-08 19616 1651.75
41.0031 2067.3 7.39933e-08 18168 1665.29
41.1166 2037.34 7.23192e-08 19320 1679.16
41.2339 2072.35 7.29357e-08 19170 1693.57
41.3443 2059.82 7.19155e-08 19008 1707.21
41.4599 2138.03 7.40234e-08 20472 1721.57
41.5775 2135.33 7.3304e-08 19128 1736.27
41.6919 2106.09 7.17071e-08 19998 1750.63
41.807 2116.03 7.14522e-08 19808 1765.17
41.9229 2137.9 7.15936e-08 20724 1779.89
42.0406 2165.84 7.19216e-08 19896 1794.93
42.1535 2130.57 7.01833e-08 20304 1809.43
42.2743 2171.48 7.09199e-08 21030 1825.02
42.3896 2202.28 7.13401e-08 21168 1840
42.5074 2246.66 7.21742e-08 20736 1855.39
42.6266 2227.53 7.09613e-08 21356 1871.03
42.7476 2271.09 7.17362e-08 22206 1887.02
42.8656 2291.62 7.17884e-08 21360 1902.69
42.9842 2313.45 7.18742e-08 21456 1918.52
43.1015 2295.52 7.07365e-08 21648 1934.27
43.2214 2337.87 7.14435e-08 22326 1950.46
43.3419 2360.8 7.15443e-08 22212 1966.82
43.4591 2343.31 7.04416e-08 22128 1982.81
43.5787 2389.44 7.12382e-08 22640 1999.23
43.702 2412.54 7.13199e-08 23022 2016.25
43.8256 2406.51 7.05411e-08 24168 2033.41
43.9456 2451.12 7.12618e-08 22416 2050.16
44.069 2440.05 7.03461e-08 23700 2067.47
44.1919 2415.05 6.90459e-08 24222 2084.82
44.3139 2470.9 7.00611e-08 22776 2102.13
44.4338 2476.99 6.96668e-08 24296 2119.24
44.5585 2494.96 6.95843e-08 24648 2137.14
44.6804 2492.96 6.89612e-08 22926 2154.72
44.8026 2522.11 6.9198e-08 25476 2172.45
44.9299 2528.58 6.87877e-08 25608 2191.02
45.0543 2579 6.95796e-08 24576 2209.27
45.1805 2542.98 6.80347e-08 25134 2227.89
45.3051 2619.3 6.95e-08 25928 2246.37
45.4322 2626.42 6.91057e-08 26136 2265.33
45.5594 2641.15 6.89127e-08 25644 2284.41
45.684 2699.32 6.98558e-08 25926 2303.2
45.8119 2674.05 6.86236e-08 26232 2322.6
45.9378 2716.27 6.91357e-08 27216 2341.81
46.0667 2740.2 6.91608e-08 26736 2361.58
46.1982 2739.85 6.85634e-08 27698 2381.85
46.3248 2758.56 6.84671e-08 26640 2401.49
46.4497 2774.76 6.8315e-08 26880 2420.97
46.5822 2818.36 6.87979e-08 29160 2441.75
46.7132 2752.49 6.66264e-08 27318 2462.4
46.8402 2823.73 6.77962e-08 27984 2482.55
46.9703 2833.74 6.74727e-08 28364 2503.29
47.0985 2888.1 6.82074e-08 28464 2523.83
47.2319 2896.11 6.78186e-08 28974 2545.34
47.3611 2923.37 6.78984e-08 28920 2566.28
47.4908 2958.73 6.81578e-08 29640 2587.44
47.6245 2980.73 6.80884e-08 28884 2609.34
47.7555 2998.39 6.79295e-08 30558 2630.93
47.8909 2980.73 6.6958e-08 30776 2653.38
48.0219 3066.13 6.83144e-08 29040 2675.21
48.1534 3037.22 6.71173e-08 30984 2697.25
48.289 3049.65 6.6826e-08 30930 2720.1
48.4252 3062.52 6.65433e-08 32712 2743.19
48.5604 3151.71 6.79108e-08 30528 2766.23
48.6924 3144.05 6.71964e-08 30326 2788.84
48.8276 3166.11 6.71072e-08 33624 2812.14
48.9655 3159.17 6.63961e-08 31824 2836.02
49.0996 3222.65 6.71769e-08 31860 2859.39
49.2378 3249.91 6.71761e-08 33942 2883.61
49.3741 3232.66 6.62679e-08 31848 2907.62
49.5082 3271.54 6.65213e-08 33624 2931.38
49.6475 3315.1 6.68413e-08 33512 2956.19
49.7851 3342.51 6.68365e-08 33594 2980.84
49.9236 3350.17 6.64335e-08 34944 3005.79
50.0623 3377.49 6.64203e-08 33624 3030.91
50.2003 3428.75 6.68738e-08 34710 3056.04
50.3385 3434.26 6.64313e-08 34704 3081.35
50.4781 3468.4 6.65366e-08 35468 3107.06
50.6192 3426.91 6.51923e-08 36096 3133.19
50.7626 3502.88 6.60743e-08 35958 3159.89
50.903 3473.62 6.49816e-08 36576 3186.19
51.0437 3505.56 6.50385e-08 35976 3212.68
51.1847 3538.32 6.51052e-08 36396 3239.37
51.3277 3633.3 6.62957e-08 38030 3266.6
51.4685 3631.2 6.57153e-08 35784 3293.55
51.6102 3666.21 6.58036e-08 38712 3320.84
51.7563 3663.49 6.51994e-08 38310 3349.12
51.8999 3715.05 6.557e-08 37596 3377.06
52.0406 3708.69 6.49283e-08 39000 3404.6
52.1873 3789.48 6.57847e-08 38552 3433.48
52.3328 3792.49 6.52894e-08 40206 3462.28
52.4775 3833.82 6.54565e-08 39072 3491.07
52.6254 3835.45 6.49337e-08 41340 3520.67
52.7728 3834.43 6.43742e-08 39342 3550.34
52.9159 3901.16 6.49644e-08 40176 3579.3
53.063 3923.85 6.48004e-08 41768 3609.23
53.21 3976.71 6.51303e-08 40206 3639.33
53.3579 3997.11 6.49216e-08 42300 3669.75
53.5058 4011.43 6.46154e-08 42360 3700.36
53.6529 4044.34 6.46111e-08 40488 3730.96
53.8016 4063.97 6.43881e-08 44406 3762.06
53.9538 4126.19 6.48222e-08 43076 3794.08
54.1012 4173.39 6.50293e-08 42600 3825.26
54.2539 4232.41 6.53933e-08 45486 3857.75
54.4068 4274.6 6.54899e-08 43848 3890.46
54.554 4250.7 6.45981e-08 43248 3922.12
54.7042 4285.5 6.45921e-08 44988 3954.6
54.8585 4310.56 6.44231e-08 46454 3988.16
55.0108 4331.76 6.42037e-08 44928 4021.46
55.1648 4427.67 6.50771e-08 47256 4055.34
55.3178 4412.06 6.43114e-08 45126 4089.16
55.4713 4474.05 6.46748e-08 48084 4123.31
55.6247 4479.55 6.42203e-08 46320 4157.6
55.7806 4541.37 6.45619e-08 47894 4192.67
55.9325 4558.11 6.42733e-08 47160 4227.02
56.0862 4581.62 6.40754e-08 48228 4261.95
56.246 4634.73 6.42673e-08 50598 4298.48
56.4009 4611.92 6.34254e-08 47328 4334.1
56.556 4665.25 6.36324e-08 50696 4369.95
56.7134 4771.51 6.45415e-08 49344 4406.53
56.8734 4728.12 6.34164e-08 51570 4443.93
57.0306 4789.4 6.37084e-08 50832 4480.89
57.1888 4844.71 6.39109e-08 50424 4518.28
57.3474 4914.44 6.42943e-08 52686 4555.98
57.5064 4918.79 6.38187e-08 51092 4593.99
57.6651 4959.13 6.38124e-08 53376 4632.12
57.8263 4978.65 6.35293e-08 52374 4671.08
57.9846 5063.41 6.40834e-08 52848 4709.53
58.1458 5095.07 6.39491e-08 55488 4748.93
58.3113 5097.84 6.34407e-08 54098 4789.58
58.4692 5106.8 6.30387e-08 53688 4828.61
58.6308 5197.75 6.36323e-08 55296 4868.76
58.7939 5198.2 6.31098e-08 56358 4909.5
58.9603 5306.82 6.38843e-08 57468 4951.31
59.1239 5284.22 6.30857e-08 56000 4992.64
59.2895 5343.82 6.32643e-08 57774 5034.69
59.4537 5401.94 6.34238e-08 57648 5076.65
59.6174 5500.57 6.40514e-08 57480 5118.7
59.7831 5510.27 6.36322e-08 58122 5161.51
59.9471 5545.84 6.3519e-08 59208 5204.08
60.1145 5573.23 6.33008e-08 60032 5247.81
60.2829 5633.59 6.34514e-08 60366 5292.05
60.4503 5651.81 6.31294e-08 60444 5336.25
60.6167 5667.66 6.27866e-08 60912 5380.43
60.786 5786.49 6.3569e-08 61422 5425.63
60.9547 5766.88 6.28286e-08 63032 5470.95
61.1246 5863.88 6.33544e-08 62052 5516.82
61.2949 5898.98 6.32039e-08 64038 5563.05
61.4635 5873.66 6.24161e-08 61632 5609.09
61.6312 6024.12 6.34937e-08 64896 5655.13
61.8052 6031.37 6.3035e-08 64874 5703.15
61.974 6096.29 6.31941e-08 64200 5750.02
62.1478 6164.61 6.33676e-08 68016 5798.54
62.3225 6156.78 6.27564e-08 65694 5847.57
62.4947 6186.07 6.25353e-08 67212 5896.17
62.6679 6295.18 6.31122e-08 67088 5945.32
62.8408 6306.92 6.27092e-08 67182 5994.68
63.0147 6358.31 6.26984e-08 69768 6044.56
63.1896 6400.67 6.25935e-08 67524 6095.04
63.3643 6471.44 6.27634e-08 70758 6145.75
63.5397 6527.74 6.27868e-08 69488 6196.91
63.7157 6598.11 6.29391e-08 71640 6248.55
63.895 6586.17 6.22976e-08 72042 6301.47
64.073 6685.13 6.27083e-08 72960 6354.27
64.2495 6764.88 6.29347e-08 70416 6406.93
64.4294 6779.74 6.25461e-08 76790 6460.9
64.6097 6854.75 6.27103e-08 72348 6515.27
64.7874 6891.03 6.25249e-08 74094 6569.18
64.966 6966.71 6.26915e-08 74976 6623.68
65.1456 6978.8 6.22823e-08 76200 6678.77
65.3291 7054.7 6.24308e-08 77114 6735.34
65.5098 7151.39 6.27642e-08 76872 6791.39
65.6917 7258.96 6.31805e-08 77784 6848.13
65.8753 7271.78 6.27644e-08 78654 6905.69
66.0578 7322.64 6.2681e-08 79380 6963.25
66.2409 7311.16 6.20651e-08 79256 7021.32
66.4249 7367.79 6.20276e-08 80094 7079.99
66.6071 7505.72 6.26714e-08 80760 7138.43
66.7946 7541.1 6.24382e-08 83034 7198.88
66.9809 7588.33 6.23063e-08 82664 7259.29
67.1658 7611.2 6.19797e-08 81864 7319.54
67.3508 7672.54 6.19657e-08 83334 7380.2
67.5384 7758.5 6.21391e-08 85980 7442.06
67.726 7800.36 6.19566e-08 84144 7504.24
67.9148 7961.51 6.27108e-08 86486 7567.17
68.1019 7939.45 6.20229e-08 86016 7629.89
68.2924 8071.99 6.25321e-08 88290 7694.1
68.4818 8051.66 6.18586e-08 87672 7758.27
68.6708 8166.4 6.22234e-08 88608 7822.71
68.8613 8284.74 6.26028e-08 88682 7887.97
69.0517 8296.28 6.21726e-08 91200 7953.6
69.2463 8336.08 6.19457e-08 92568 8021.04
69.4391 8458.95 6.23367e-08 91014 8088.21
69.6314 8510.28 6.2197e-08 92828 8155.58
69.8244 8525.39 6.17919e-08 93054 8223.62
70.0163 8596.38 6.17956e-08 92568 8291.6
70.2106 8610.98 6.13882e-08 96768 8360.8
70.4081 8816.19 6.23236e-08 95658 8431.57
70.6024 8839.78 6.19759e-08 96368 8501.56
70.8004 8976.45 6.24077e-08 98526 8573.28
70.9949 9001.32 6.20674e-08 95436 8644.15
71.1912 9104.59 6.22616e-08 101472 8716.05
71.3912 9118.72 6.18357e-08 98582 8789.72
71.5863 9288.37 6.24725e-08 99984 8861.98
71.7853 9369 6.24922e-08 101298 8936.09
71.9865 9443 6.24594e-08 104952 9011.41
72.1863 9292.81 6.09569e-08 100568 9086.66
72.3863 9558.24 6.21798e-08 105942 9162.39
72.5888 9683.96 6.24717e-08 104892 9239.53
72.7887 9690 6.19972e-08 103734 9316.05
72.9889 9850.53 6.2507e-08 107160 9393.16
73.1931 9814.35 6.17576e-08 108788 9472.2
73.3965 9892.13 6.17311e-08 107070 9551.38
73.5998 10046.3 6.21752e-08 110760 9630.97
73.8048 10049.5 6.16777e-08 109182 9711.68
74.0101 10165 6.18692e-08 112820 9792.95
74.2153 10309.6 6.22302e-08 110280 9874.65
74.4211 10309.5 6.17147e-08 114678 9957.01
74.6281 10442.6 6.19925e-08 112668 10040.3
74.835 10497.4 6.1803e-08 116030 10124
75.0455 10645.6 6.21495e-08 118032 10209.7
75.2528 10661.8 6.1731e-08 113700 10294.6
75.4597 10781.8 6.19136e-08 118566 10379.7
75.6704 10895.9 6.20473e-08 119840 10466.9
75.8801 10931.6 6.17364e-08 118278 10554.2
76.0893 11068.3 6.1994e-08 120852 10641.7
76.3009 11210.8 6.22715e-08 122166 10730.7
76.5134 11292.9 6.22059e-08 123296 10820.6
76.7256 11328.3 6.1885e-08 123300 10910.9
76.9392 11403.1 6.1776e-08 126174 11002.3
77.1528 11572.1 6.2172e-08 124800 11094.2
77.3659 11607.9 6.18509e-08 126774 11186.4
77.5809 11721.5 6.19382e-08 128900 11279.9
77.7962 11815.1 6.19159e-08 127776 11374.1
78.0124 11957.1 6.21403e-08 132246 11469.1
78.2288 11976.8 6.1728e-08 129252 11564.9
78.4454 12123.8 6.19693e-08 133118 11661.2
78.6629 12178 6.17315e-08 133272 11758.4
78.8821 12316.2 6.19127e-08 134970 11857
79.1006 12372.3 6.16809e-08 136128 11955.8
79.3217 12491.6 6.17562e-08 137270 12056.4
79.5433 12603.5 6.17904e-08 139620 12157.7
79.7641 12748.6 6.19841e-08 138312 12259.2
79.9859 12947.1 6.24268e-08 140694 12361.8
80.2068 12916.7 6.17672e-08 140888 12464.5
80.4299 13148.8 6.23552e-08 143034 12568.8
80.6531 13204 6.20985e-08 143688 12673.7
80.8755 13321.7 6.21369e-08 143510 12778.8
81.0998 13348.9 6.17483e-08 147828 12885.4
81.3269 13606.9 6.24161e-08 147918 12994
81.5524 13642.5 6.20618e-08 148992 13102.4
81.7797 13825.4 6.23707e-08 150356 13212.3
82.0043 13892.2 6.21587e-08 147606 13321.4
82.2317 14045 6.23223e-08 156624 13432.5
82.4634 14086.5 6.19808e-08 153354 13546.4
82.6905 14225.2 6.20768e-08 153968 13658.6
82.9194 14374.1 6.22091e-08 155862 13772.3
83.1486 14463 6.20774e-08 157524 13886.9
83.3797 14583.6 6.20758e-08 159126 14003
83.6126 14739.7 6.22176e-08 162488 14120.7
83.8452 14827.3 6.20678e-08 159570 14238.9
84.0767 15089.4 6.26448e-08 164304 14357.1
84.3123 15112 6.22141e-08 165720 14478.1
84.5455 15222.7 6.21527e-08 162866 14598.6
84.7789 15476.5 6.26686e-08 169056 14719.9
85.0154 15547.3 6.24312e-08 167502 14843.4
85.2505 15561.1 6.19709e-08 169964 14966.9
85.4866 15817.4 6.24714e-08 170478 15091.6
85.7246 15995.2 6.26488e-08 175200 15218
85.9642 16033.7 6.22759e-08 173130 15345.9
86.2012 16227.5 6.251e-08 175712 15473.2
86.4415 16300.3 6.22683e-08 177438 15603
86.6808 16555.9 6.27225e-08 178092 15732.9
86.9209 16629.6 6.24811e-08 179694 15864
87.1623 16788.8 6.25569e-08 182504 15996.5
87.4047 16945.5 6.26166e-08 182394 16130.4
87.6463 17089.4 6.26276e-08 184464 16264.5
87.8898 17325.9 6.29681e-08 186398 16400.5
88.1346 17361 6.25715e-08 188844 16537.9
88.3785 17471.9 6.24513e-08 187230 16675.5
88.6241 17689.8 6.27056e-08 193776 16815
88.8723 17815.6 6.26241e-08 192218 16956.6
89.1173 18048.4 6.29206e-08 192408 17097.3
89.3636 18072.6 6.24854e-08 195510 17239.4
89.6121 18319.1 6.28122e-08 198404 17383.6
89.8624 18525.9 6.29918e-08 200310 17529.7
90.1125 18706.2 6.30771e-08 201216 17676.4
90.3629 18694.8 6.25158e-08 201618 17824.3
90.6136 18944.5 6.28265e-08 204680 17973
90.8637 19136.1 6.29395e-08 202758 18122.2
91.1165 19230.2 6.27237e-08 211812 18273.9
91.3704 19527.9 6.31654e-08 205718 18427.1
91.6219 19559.3 6.27474e-08 211452 18579.7
91.8766 19847.6 6.31441e-08 213150 18735.1
92.1337 19987.5 6.30583e-08 217512 18892.8
92.3907 20245.2 6.33398e-08 214754 19051.3
92.6443 20330.9 6.3087e-08 215424 19208.6
92.9029 20615.6 6.34377e-08 224574 19369.9
93.1615 20751.4 6.33255e-08 218588 19532.1
93.4187 20831.9 6.30472e-08 223902 19694.4
93.6773 21182.4 6.35786e-08 224952 19858.4
93.9391 21228.1 6.31845e-08 230258 20025.3
94.2003 21567.8 6.36632e-08 227544 20192.8
94.4611 21672.4 6.34435e-08 231018 20361
94.7234 21838.3 6.33996e-08 234504 20531.1
94.9866 22028.1 6.34204e-08 233102 20702.7
95.2488 22142.4 6.32245e-08 236892 20874.6
95.5133 22466.4 6.36181e-08 238830 21049
95.7779 22676.3 6.3682e-08 241232 21224.4
96.045 22884.4 6.37316e-08 243906 21402.5
96.3117 23035.6 6.36212e-08 244704 21581.3
96.5789 23347.5 6.39488e-08 246698 21761.4
96.8459 23611.2 6.41378e-08 248664 21942.4
97.1161 23699 6.38405e-08 253494 22126.5
97.3861 23866.6 6.37586e-08 251522 22311.6
97.6552 24153.3 6.39926e-08 255336 22497.1
97.9263 24295.6 6.38367e-08 257694 22685
98.1987 24642.8 6.42114e-08 260988 22874.8
98.4723 24773 6.4014e-08 261638 23066.6
98.7442 25084.4 6.42851e-08 262356 23258.1
99.0178 25288.3 6.42716e-08 266478 23452
99.2941 25546.5 6.43875e-08 272048 23648.9
99.5716 25731.1 6.43119e-08 269850 23847.7
99.847 25972 6.43783e-08 272544 24046.2
100.124 26292.9 6.4634e-08 275546 24247
100.401 26429.6 6.44344e-08 275334 24448.6
100.681 26652.9 6.44378e-08 285024 24653.8
100.963 27063.4 6.48833e-08 282242 24861.7
101.241 27271.4 6.48444e-08 280800 25067.7
101.521 27475.1 6.47898e-08 288330 25276.3
101.804 27809.6 6.50345e-08 290024 25487.8
102.087 28060.2 6.50766e-08 290598 25700.8
102.369 28448.9 6.54337e-08 293748 25914.6
102.654 28559.5 6.51415e-08 299582 26132
102.939 28858.9 6.52799e-08 295914 26350
103.223 29134.6 6.53607e-08 302352 26568.8
103.511 29559.3 6.57614e-08 305342 26791.8
103.798 29728.2 6.55906e-08 305532 27015.1
104.087 30106.3 6.58738e-08 310806 27241.1
104.375 30322.7 6.5798e-08 310436 27468.5
104.666 30743.5 6.61568e-08 318006 27698.6
104.957 30990.1 6.61356e-08 312846 27929.8
105.247 31304.9 6.62562e-08 322508 28162.2
105.54 31557.1 6.62344e-08 321318 28398.4
105.833 31909.6 6.64195e-08 327204 28635.5
106.127 32217.2 6.65043e-08 325766 28874.7
106.421 32405.3 6.63405e-08 330246 29115.1
106.717 32756.2 6.65021e-08 335868 29358.8
107.015 33271.2 6.69849e-08 336710 29605.4
107.311 33521.5 6.69321e-08 336636 29851.7
107.609 33944.3 6.72147e-08 343542 30101.1
107.907 34058.7 6.68842e-08 342092 30351.8
108.206 34501.3 6.71924e-08 349446 30605.2
108.507 34808.3 6.72272e-08 350118 30861.6
108.808 35227.7 6.74752e-08 352628 31118.6
109.111 35658.8 6.77326e-08 359334 31379.7
109.414 35938 6.76983e-08 356364 31641.5
109.717 36524.2 6.8234e-08 362990 31905.1
110.021 36656 6.79134e-08 364062 32171.4
110.326 37182.1 6.8318e-08 369756 32439.9
110.632 37400.9 6.81514e-08 368726 32710.5
110.939 37810.1 6.83274e-08 375786 32983.3
111.248 38314.6 6.86644e-08 378600 33259.3
111.557 38707.6 6.87939e-08 379394 33537.1
111.866 38826.8 6.84339e-08 386568 33817.4
112.178 39517.2 6.9072e-08 386906 34100.8
112.489 39933.3 6.92226e-08 388950 34384.8
112.801 40258.7 6.92095e-08 394512 34671.6
113.114 40826.4 6.96031e-08 396818 34961.7
113.428 41314.4 6.98518e-08 401112 35253.7
113.744 41641.4 6.98198e-08 404850 35548.9
114.06 42364.9 7.04446e-08 405566 35845.9
114.375 42636.6 7.03115e-08 409308 36144
114.692 43132.2 7.05402e-08 413766 36445.6
115.011 43553.1 7.06387e-08 417050 36749.9
115.331 44082 7.09023e-08 425232 37057.9
115.653 44503.1 7.09845e-08 421862 37368.7
115.972 44944 7.10971e-08 426402 37679.1
116.295 45646.9 7.16098e-08 434688 37994.4
116.619 46105.7 7.17267e-08 436634 38313.6
116.942 46413.4 7.16095e-08 434784 38632.5
117.265 47131.4 7.2118e-08 441018 38953.5
117.591 47672.3 7.23418e-08 447350 39278.7
117.917 48196.7 7.25308e-08 449868 39607.2
118.245 48719.1 7.27098e-08 453206 39938
118.573 49364.9 7.3064e-08 456570 40271.3
118.902 49845.1 7.31628e-08 463824 40608
119.233 50411.3 7.33796e-08 463718 40948
119.564 50922.7 7.35114e-08 468186 41289.2
119.895 51503.9 7.3735e-08 473448 41633.9
120.229 52257.9 7.41925e-08 479354 41982.9
120.563 52692 7.4189e-08 477702 42333.6
120.897 53479.7 7.46767e-08 485204 42685.9
121.234 54243.7 7.51138e-08 491454 43043.7
121.571 54802.3 7.52579e-08 491226 43403.7
121.908 55499.6 7.55853e-08 497648 43765.6
122.248 56272.1 7.59995e-08 504930 44132.9
122.587 56845.5 7.61386e-08 500358 44501.1
122.925 57729.1 7.66859e-08 508652 44870.3
123.267 58410.2 7.69465e-08 516390 45246
123.609 58965.8 7.7035e-08 515642 45623.9
123.951 59911.9 7.76249e-08 521880 46003.7
124.297 60600.5 7.78644e-08 530850 46389.2
124.642 61318.9 7.81344e-08 527054 46777
124.986 62185.7 7.85868e-08 534156 47165.1
125.334 62846.5 7.87614e-08 545150 47560.6
125.683 63884.5 7.93968e-08 543474 47959.3
126.031 64735 7.97904e-08 545310 48358
126.38 65317.3 7.98427e-08 555788 48761.1
126.732 66287.4 8.0355e-08 559542 49169.8
127.084 67129.6 8.07006e-08 564146 49581.2
127.437 68087.3 8.11745e-08 566520 49995
127.791 69131.5 8.17362e-08 573594 50412.9
128.146 70141.8 8.22429e-08 577718 50834.5
128.501 71054.4 8.26245e-08 579303 51258.1
128.858 71727.6 8.27167e-08 586232 51686
129.216 72508.8 8.29234e-08 585156 52118.7
129.575 73448.4 8.33028e-08 582704 52553.7
129.934 73922.4 8.31472e-08 584544 52991.8
130.295 75052.3 8.3718e-08 585204 53434.9
130.657 75619.4 8.3652e-08 582812 53881.1
131.019 76488.9 8.39134e-08 584472 54331
131.383 76995.3 8.37688e-08 584132 54785
131.748 78030.8 8.41928e-08 582540 55242.2
132.113 78597.2 8.41026e-08 582096 55702.9
132.481 79447.5 8.43068e-08 586412 56169.1
132.849 79941.6 8.41272e-08 581640 56639.1
133.218 81132.4 8.4673e-08 583304 57112.3
133.589 81846.3 8.47091e-08 583536 57590.3
133.959 82538.7 8.4719e-08 578204 58070.6
134.33 83725.4 8.52265e-08 582180 58554.8
134.704 84620.3 8.54224e-08 582144 59045
135.078 85648 8.57435e-08 578780 59538.3
135.452 86366.6 8.57487e-08 577524 60034.1
135.828 87112.4 8.57737e-08 579584 60534.9
136.206 88030.8 8.5958e-08 580752 61042
136.585 89258.9 8.6434e-08 576896 61552.7
136.963 89736.4 8.61782e-08 575412 62065.7
137.343 91107.5 8.67716e-08 575676 62583
137.724 92114.8 8.70037e-08 576392 63106.2
138.107 92995.5 8.71078e-08 574368 63633.4
138.49 93852.9 8.71838e-08 572624 64164.1
138.874 94979.1 8.74991e-08 574056 64700.1
139.26 96127.4 8.78221e-08 572864 65241.4
139.647 96706.2 8.76201e-08 568992 65785.6
140.034 97927 8.79912e-08 572024 66335
140.424 99240.5 8.84316e-08 569052 66890.1
140.814 100000 8.83704e-08 568236 67448.9
141.204 101242 8.87286e-08 563612 68010.8
141.595 102199 8.88266e-08 567216 68577.9
141.989 103451 8.91689e-08 564740 69151.8
142.383 104395 8.92358e-08 563940 69729.9
142.779 105912 8.97823e-08 562172 70312.6
143.176 107296 9.02018e-08 561948 70900.7
143.574 108361 9.03402e-08 560084 71494.1
143.973 109971 9.09236e-08 556764 72091.1
144.371 110949 9.09749e-08 553976 72691.4
144.772 112048 9.11151e-08 556344 73298.1
145.174 113222 9.1307e-08 552420 73910.8
145.577 114332 9.14387e-08 552200 74528
145.981 116277 9.2224e-08 548880 75149.9
146.386 117614 9.25121e-08 548696 75777.4
146.793 118815 9.26821e-08 546948 76410.6
147.201 120349 9.3099e-08 547364 77050.6
147.61 121612 9.32964e-08 540792 77694.7
148.019 123318 9.38238e-08 540320 78341.9
148.43 124948 9.42768e-08 538668 78995.8
148.842 126301 9.45087e-08 537260 79655.3
149.255 127727 9.47839e-08 534912 80320.9
149.67 129543 9.5334e-08 534812 80992.9
150.085 131193 9.57495e-08 527424 81668.7
150.501 132706 9.60526e-08 528968 82349.4
150.919 134600 9.66174e-08 525312 83036.8
151.338 136028 9.68323e-08 525968 83731.3
151.759 137378 9.69827e-08 520272 84431.2
152.18 139430 9.76155e-08 520256 85136.6
152.603 141180 9.80227e-08 514536 85847.5
153.026 142575 9.81713e-08 515732 86564.5
153.452 144755 9.88458e-08 510624 87288.4
153.877 146703 9.93479e-08 507288 88016
154.304 148571 9.978e-08 505904 88750.6
154.732 151001 1.00572e-07 502608 89491.6
155.163 153050 1.01091e-07 502280 90240.8
155.594 155014 1.01539e-07 496404 90995.1
156.026 156486 1.01655e-07 494156 91754.8
156.459 158944 1.02396e-07 490572 92520.7
156.893 161001 1.02863e-07 487856 93293.3
157.329 163117 1.03351e-07 485592 94073.1
157.765 165564 1.04033e-07 479840 94858.1
158.204 167640 1.04464e-07 480792 95651.3
158.644 170482 1.05354e-07 473276 96451.5
159.083 172076 1.05461e-07 469716 97254.5
159.525 174825 1.06258e-07 469388 98067
159.968 177348 1.06898e-07 463164 98886.5
160.412 179796 1.07476e-07 460964 99712.4
160.858 182920 1.08437e-07 456404 100546
161.304 185504 1.09058e-07 453096 101385
161.752 187631 1.09395e-07 447944 102232
162.2 190991 1.10432e-07 445104 103085
162.651 193903 1.11187e-07 440876 103947
163.103 196409 1.1169e-07 438372 104816
163.556 198993 1.12221e-07 431156 105692
164.009 202505 1.13258e-07 426816 106572
164.464 206102 1.14317e-07 424208 107461
164.921 208613 1.1475e-07 420060 108360
165.379 211921 1.15603e-07 414500 109266
165.838 215895 1.16797e-07 409044 110177
166.298 219381 1.17701e-07 406184 111096
166.761 222438 1.1835e-07 401808 112027
167.224 225766 1.19126e-07 394448 112962
167.687 229484 1.20087e-07 390564 113904
168.153 233594 1.21225e-07 386420 114855
168.62 237622 1.22293e-07 380148 115815
169.087 240755 1.2288e-07 375116 116781
169.557 245107 1.24064e-07 371108 117757
170.028 249908 1.25447e-07 363588 118741
170.5 254046 1.26467e-07 360704 119734
170.974 258333 1.27535e-07 352920 120734
171.449 261489 1.28024e-07 347888 121742
171.925 266958 1.29618e-07 342564 122760
172.402 269954 1.29987e-07 336104 123785
172.881 275439 1.31531e-07 329616 124819
173.36 280358 1.32772e-07 324044 125860
173.841 284601 1.33666e-07 317940 126910
174.324 289967 1.35058e-07 311516 127971
174.808 294770 1.36156e-07 306920 129041
175.294 298765 1.36857e-07 297936 130120
175.782 303350 1.37804e-07 293684 131209
176.27 307785 1.38661e-07 284568 132304
176.757 314036 1.40311e-07 276704 133404
177.248 319187 1.41429e-07 274896 134520
177.742 324271 1.42488e-07 263228 135646
178.234 330259 1.43921e-07 257720 136777
178.729 333742 1.44234e-07 250968 137919
179.225 337767 1.44764e-07 242276 139071
179.722 342384 1.45528e-07 236220 140232
180.221 347255 1.46376e-07 227624 141403
180.722 352355 1.47294e-07 221304 142586
181.225 357091 1.48036e-07 212204 143778
181.726 360755 1.48321e-07 203168 144974
182.23 364653 1.48684e-07 197955 146183
182.737 368148 1.48861e-07 190268 147408
183.246 373896 1.4993e-07 184188 148643
183.754 377976 1.50312e-07 176492 149882
184.264 384676 1.51711e-07 172200 151133
184.777 387191 1.51433e-07 166544 152400
185.291 392239 1.52136e-07 160160 153674
185.804 402195 1.54708e-07 155010 154955
186.319 404381 1.54263e-07 149948 156246
186.836 410039 1.55125e-07 145458 157552
187.356 415289 1.55808e-07 140444 158870
187.876 425091 1.58164e-07 135596 160197
188.396 433352 1.59906e-07 130308 161531
188.918 439539 1.60849e-07 126860 162877
189.444 446486 1.62034e-07 122748 164241
189.971 456344 1.64236e-07 118076 165617
190.499 464531 1.65797e-07 113774 167000
191.026 469579 1.66214e-07 109236 168391
191.555 479954 1.68484e-07 105638 169793
192.087 485142 1.68894e-07 102174 171212
192.623 500080 1.72646e-07 98708 172648
193.159 506045 1.73254e-07 94310 174095
193.694 511017 1.73511e-07 90414 175545
194.231 529998 1.78467e-07 87398 177010
194.77 535181 1.78721e-07 83462 178487
195.308 542893 1.79802e-07 79902 179970
195.85 559081 1.8363e-07 77558 181473
196.397 570550 1.85836e-07 74094 182996
196.944 584635 1.8884e-07 71006 184531
197.492 590021 1.88997e-07 67574 186077
198.04 608473 1.93296e-07 64368 187629
198.588 618753 1.94937e-07 61502 189192
199.137 639095 1.99688e-07 58214 190763
199.686 646936 2.00473e-07 55872 192347
200.24 674759 2.07364e-07 53270 193952
200.797 682845 2.08108e-07 50742 195575
201.356 695039 2.10065e-07 48032 197213
201.917 718061 2.15221e-07 45638 198865
202.479 725318 2.1559e-07 43008 200530
203.042 743232 2.19082e-07 40694 202208
203.608 773299 2.2605e-07 38408 203903
204.174 786594 2.28028e-07 35958 205609
204.742 801914 2.30542e-07 33920 207328
205.311 838336 2.39014e-07 31622 209062
205.88 850678 2.40525e-07 29640 210807
206.452 871975 2.44503e-07 27662 212569
207.024 899193 2.50052e-07 25568 214340
207.598 916151 2.52662e-07 23904 216126
208.175 960235 2.62623e-07 22118 217934
208.75 971062 2.63393e-07 20168 219747
209.328 1.01186e+06 2.72192e-07 18816 221577
209.911 1.03534e+06 2.76197e-07 17126 223432
210.495 1.06521e+06 2.81807e-07 15680 225301
211.081 1.11273e+06 2.91935e-07 14184 227188
211.669 1.14471e+06 2.97828e-07 12854 229092
212.261 1.17494e+06 3.03141e-07 11600 231021
212.86 1.20399e+06 3.08021e-07 10428 232982
213.459 1.25702e+06 3.18889e-07 9032 234955
214.05 1.30673e+06 3.2876e-07 7838 236912
214.639 1.30323e+06 3.2519e-07 6816 238872
215.227 1.3853e+06 3.42841e-07 5840 240841
215.814 1.45233e+06 3.56506e-07 4952 242816
216.393 1.47944e+06 3.60253e-07 4062 244776
216.965 1.46416e+06 3.53722e-07 3368 246722
217.537 1.62071e+06 3.88461e-07 2744 248678
218.109 1.68098e+06 3.99743e-07 2184 250647
218.782 1.74032e+06 4.10047e-07 2192 252975
219.487 1.74031e+06 4.06109e-07 1238 255425
220.117 1.7825e+06 4.12393e-07 728 257632
220.69 1.98568e+06 4.55828e-07 456 259650
221.261 2.04113e+06 4.64939e-07 248 261671
221.827 2.01333e+06 4.55107e-07 104 263682
222.372 1.73427e+06 3.89147e-07 24 265634
222.88 2.16633e+07 4.82785e-06 1 267456
0.799813
1200
200
512
1.14126
8.04248 291.418 1.38225e-06 6 12.5664
11.3738 255.855 4.29061e-07 12 35.5431
13.93 288.345 2.63209e-07 8 65.2968
16.085 374.362 2.21959e-07 6 100.531
17.9835 737.05 3.12689e-07 24 140.496
19.7 473.236 1.52729e-07 24 184.687
22.7476 491.442 1.03017e-07 12 284.345
24.1274 544.654 9.56813e-08 30 339.292
25.4325 911.799 1.36763e-07 24 397.384
26.6739 899.647 1.16964e-07 24 458.457
27.86 1059.01 1.20837e-07 8 522.374
28.9976 881.045 8.91565e-08 24 589.013
30.0922 1192.03 1.07936e-07 48 658.267
32.1699 1230.98 9.1231e-08 6 804.248
33.16 999.052 6.7606e-08 48 880.812
34.1213 1787.12 1.10998e-07 36 959.663
35.0563 1234.05 7.06763e-08 24 1040.74
35.9671 1003.04 5.31917e-08 24 1123.97
36.8553 1418.02 6.98916e-08 48 1209.31
37.7226 2132.23 9.80101e-08 24 1296.71
39.3999 1662.51 6.70682e-08 24 1477.5
40.2124 2144.37 8.13692e-08 30 1570.8
41.0087 2016.62 7.21497e-08 72 1665.98
41.7899 1518.14 5.1326e-08 32 1763.01
43.3101 3747.67 1.13824e-07 72 1962.49
44.0505 3445.9 9.94698e-08 48 2064.87
45.4951 4583.76 1.20107e-07 12 2274.76
46.2005 2018.91 5.05144e-08 48 2382.21
46.8953 1818.3 4.35029e-08 48 2491.31
47.5799 1850.68 4.23936e-08 48 2602.03
48.2549 2836.81 6.22941e-08 30 2714.34
48.9205 4052.84 8.54136e-08 24 2828.22
49.5772 2977.88 6.0298e-08 72 2943.64
50.8651 2916.7 5.46856e-08 24 3179.07
51.497 3121.16 5.63911e-08 96 3299.03
52.1212 3050.77 5.31625e-08 48 3420.45
52.738 4851.78 8.16148e-08 24 3543.34
53.3478 4267.51 6.93531e-08 24 3667.66
53.9506 2764.9 4.34442e-08 72 3793.4
54.5467 5211.92 7.92376e-08 48 3920.55
55.7199 2947.73 4.20433e-08 8 4178.99
56.2973 5227.09 7.22831e-08 54 4310.27
56.8689 4577.63 6.14123e-08 84 4442.88
57.4348 3837.01 4.99698e-08 48 4576.83
57.9951 8282.49 1.04767e-07 24 4712.1
58.5501 4371.25 5.37356e-08 72 4848.68
59.0999 5223.75 6.24399e-08 96 4986.55
60.1844 5883.43 6.65915e-08 48 5266.13
60.7194 6076.73 6.69774e-08 48 5407.82
61.2497 6021.2 6.46564e-08 24 5550.75
61.7754 5542.15 5.80057e-08 72 5694.92
62.8138 5815.9 5.79019e-08 72 5986.94
63.3265 7187.19 6.983e-08 96 6134.76
64.3398 6467.43 5.99145e-08 6 6433.98
64.8405 7381.58 6.68113e-08 96 6585.37
65.3374 5810.75 5.14028e-08 96 6737.92
65.8305 8541.33 7.38727e-08 24 6891.63
66.32 9085.88 7.68553e-08 48 7046.5
66.8058 8509.05 7.0417e-08 96 7202.5
67.2882 6519.71 5.28021e-08 48 7359.65
68.2427 7015.26 5.44647e-08 36 7677.3
68.715 9051.97 6.88381e-08 48 7837.8
69.184 8343.02 6.2165e-08 120 7999.4
69.6499 7760.6 5.66727e-08 56 8162.1
70.1127 10519.8 7.53105e-08 24 8325.88
70.5725 7243.69 5.08504e-08 96 8490.75
71.0292 9089.98 6.2588e-08 48 8656.69
71.9341 10238.6 6.78698e-08 24 8991.76
72.3823 10907 7.09657e-08 102 9160.88
72.8277 6623.37 4.23086e-08 48 9331.05
73.2705 8122.93 5.09525e-08 72 9502.26
73.7105 9132.87 5.62676e-08 48 9674.51
74.148 11192.9 6.77459e-08 48 9847.78
74.5829 10003.9 5.94966e-08 120 10022.1
75.4451 12998 7.46832e-08 24 10373.7
75.8726 12316 6.95751e-08 144 10551
76.2976 12510.5 6.94991e-08 120 10729.4
76.7203 9592.94 5.24155e-08 48 10908.7
77.5588 13562.3 7.17262e-08 48 11270.3
77.9747 10163.2 5.28941e-08 96 11452.5
78.7999 15772.6 7.95366e-08 24 11820
79.2092 10415.2 5.17106e-08 48 12005.1
79.6165 13265.9 6.48588e-08 108 12191.3
80.0216 9985.18 4.8081e-08 72 12378.3
80.4248 17383.6 8.24537e-08 30 12566.4
80.8259 11525 5.38555e-08 168 12755.3
81.225 12143.7 5.59139e-08 48 12945.2
82.0175 14802.5 6.61994e-08 72 13327.8
82.4109 14731.5 6.49431e-08 96 13520.5
82.8024 14873.7 6.46443e-08 72 13714.1
83.192 15072.2 6.45908e-08 72 13908.7
83.5799 11060.7 4.67431e-08 32 14104.1
83.9659 15228.1 6.34712e-08 72 14300.4
84.3502 15472 6.36104e-08 144 14497.7
85.4927 17194.9 6.78973e-08 96 15094.8
85.8702 12818.2 4.99504e-08 96 15295.6
86.246 18692.3 7.18929e-08 48 15497.3
86.6201 22341 8.48174e-08 72 15699.9
86.9927 15548.1 5.82732e-08 120 15903.4
87.3637 19907.9 7.36669e-08 72 16107.7
88.1009 19624.9 7.0812e-08 48 16518.9
88.4672 16554.1 5.89927e-08 78 16725.8
88.8321 17315.9 6.09503e-08 120 16933.6
89.1954 17479.8 6.07782e-08 48 17142.2
89.9176 18207.2 6.17943e-08 144 17562
90.2766 19064.9 6.39365e-08 144 17773.2
90.9902 24130.4 7.90351e-08 12 18198
91.345 17445.8 5.64775e-08 144 18411.7
91.6983 26851.7 8.59266e-08 48 18626.2
92.0504 21161.5 6.69436e-08 120 18841.6
92.401 18824.4 5.8875e-08 48 19057.7
92.7504 21721.5 6.71711e-08 48 19274.7
93.0984 16571.7 5.06733e-08 168 19492.5
93.7906 14572.2 4.35799e-08 48 19930.5
94.1348 18388.1 5.43909e-08 96 20150.7
94.4777 20148.3 5.8951e-08 96 20371.8
94.8194 20191.9 5.84421e-08 72 20593.6
95.1599 16663.8 4.77147e-08 48 20816.2
95.4991 18031.5 5.10826e-08 96 21039.7
95.8372 23117.3 6.48e-08 48 21263.9
96.5097 21932.5 6.02024e-08 30 21714.7
96.8442 20131.3 5.46878e-08 96 21941.3
97.1776 19469.6 5.23476e-08 192 22168.6
97.5099 22153.5 5.89572e-08 56 22396.8
97.841 34536.1 9.09811e-08 24 22625.7
98.1709 18814.1 4.90652e-08 168 22855.4
98.4998 24130.2 6.23009e-08 120 23085.9
99.1543 14974.1 3.79005e-08 72 23549.2
99.4799 22342.6 5.59972e-08 144 23781.9
99.8045 20295.5 5.03719e-08 96 24015.5
100.128 21826.2 5.36477e-08 96 24249.8
100.772 26734.1 6.44594e-08 72 24720.6
101.092 27994.5 6.68586e-08 96 24957.2
101.73 20710.7 4.85383e-08 24 25432.5
102.048 26449.1 6.14105e-08 192 25671.3
102.364 23397.4 5.38227e-08 108 25910.9
102.679 27682.7 6.30953e-08 24 26151.2
102.994 24905.8 5.62478e-08 96 26392.2
103.307 29369.7 6.57269e-08 96 26634
103.62 20212.3 4.48254e-08 120 26876.5
104.242 31338.5 6.82628e-08 48 27363.6
104.552 26016.4 5.61678e-08 78 27608.3
104.861 28987.5 6.20308e-08 144 27853.7
105.169 27136.1 5.75604e-08 120 28099.9
105.476 23139.2 4.86549e-08 24 28346.7
105.782 23225.3 4.84131e-08 168 28594.3
106.088 24509.9 5.06511e-08 144 28842.6
106.696 25343 5.14824e-08 24 29341.3
106.998 33308.5 6.70913e-08 48 29591.7
107.3 25194 5.03196e-08 96 29842.8
107.601 38396.2 7.60464e-08 120 30094.7
107.901 33693.6 6.61772e-08 72 30347.2
108.2 32120.9 6.25662e-08 120 30600.4
108.499 35103.1 6.78124e-08 144 30854.4
109.093 42164 8.01282e-08 48 31364.4
109.39 31327.7 5.90529e-08 192 31620.4
109.685 37439.2 7.00048e-08 144 31877.1
109.979 31372.5 5.81912e-08 48 32134.6
110.566 33315.5 6.08168e-08 192 32651.5
110.858 29092.4 5.26889e-08 48 32910.9
111.44 53703.7 9.57465e-08 8 33431.9
111.971 30771.5 5.4085e-08 288 33911.8
112.307 42782.9 7.45226e-08 96 34218.6
112.595 21147.7 3.65552e-08 54 34482.1
112.882 32556.1 5.58474e-08 120 34746.4
113.168 38112.4 6.48841e-08 120 35011.3
113.738 37164.8 6.23242e-08 84 35543.1
114.022 37813.1 6.29388e-08 144 35810
114.305 38684.1 6.3911e-08 72 36077.5
114.588 39478.8 6.47426e-08 96 36345.8
115.057 37260.8 6.03605e-08 144 36794.2
115.431 38189.1 6.12644e-08 240 37154.4
115.99 47215 7.46544e-08 24 37696.8
116.269 35208 5.52704e-08 240 37969
116.547 35890.3 5.59394e-08 96 38241.8
116.962 40878.5 6.30378e-08 144 38652.1
117.376 36757.1 5.60844e-08 96 39064.2
117.651 35110.9 5.31976e-08 72 39339.7
118.2 36799.5 5.49834e-08 96 39892.4
118.473 36522.7 5.41931e-08 96 40169.8
118.867 35743.1 5.25112e-08 216 40571.4
119.56 39979.5 5.77191e-08 192 41285.6
119.83 44197.5 6.3378e-08 144 41566.1
120.369 35154.2 4.97365e-08 48 42129.1
120.637 43477.7 6.11031e-08 150 42411.5
120.905 49276.4 6.87934e-08 96 42694.6
121.172 49057 6.8035e-08 120 42978.2
121.629 49823 6.83222e-08 168 43465.9
121.97 41886.3 5.69574e-08 240 43833
122.499 54911.1 7.37053e-08 24 44406
122.921 44944.7 5.97092e-08 360 44866
123.289 41817.2 5.50583e-08 48 45270.1
123.551 50486.3 6.60504e-08 72 45559.4
123.917 47346.4 6.13956e-08 240 45965.2
124.977 43354.5 5.48011e-08 276 47154.8
125.37 57906.7 7.25086e-08 104 47601.4
125.628 54455.5 6.77684e-08 72 47895.5
126.003 49284.2 6.0786e-08 312 48326.3
126.653 43029.2 5.22584e-08 96 49078.1
127.035 56967 6.85629e-08 288 49523.8
127.417 47509.1 5.66678e-08 168 49971.3
127.923 51225.4 6.03775e-08 48 50569.7
128.176 40339.7 4.72664e-08 192 50869.8
128.68 36326.2 4.20659e-08 6 51471.9
128.931 50299.8 5.79077e-08 192 51773.7
129.181 52514.8 6.01066e-08 96 52076.2
129.556 46231.9 5.24575e-08 192 52530.9
129.93 62895.5 7.07504e-08 216 52987.2
130.179 58155.3 6.50441e-08 72 53292
130.675 57080.4 6.31177e-08 96 53903.3
131.098 47523.6 5.20424e-08 336 54429.1
131.415 54829.4 5.96097e-08 48 54824.8
131.886 53399.3 5.74354e-08 288 55416.1
132.151 53117.8 5.67891e-08 192 55751.4
132.64 74052.1 7.82987e-08 48 56372
132.884 53506.8 5.62646e-08 96 56683.1
133.237 59056.7 6.16077e-08 264 57136.6
133.612 48243.5 4.99052e-08 96 57620
134.022 60996 6.25185e-08 240 58153.1
134.776 57055.4 5.75036e-08 288 59140.1
135.056 76634 7.6757e-08 96 59509.1
135.295 43577.7 4.34165e-08 72 59825.9
135.875 64526.6 6.34693e-08 336 60597.5
136.66 56762 5.48744e-08 138 61654.9
136.958 59877.3 5.75089e-08 240 62059.3
137.273 50639.9 4.83035e-08 144 62487.7
137.768 62081.4 5.85813e-08 384 63165.9
138.512 59193.7 5.49612e-08 312 64194.7
138.835 87847.8 8.09985e-08 72 64644.9
139.12 63790 5.84555e-08 248 65044.1
139.671 66587.3 6.02998e-08 240 65819.7
140.225 49283.9 4.41027e-08 24 66607.1
140.456 66347.4 5.90805e-08 192 66936
140.739 69431.9 6.1455e-08 312 67341.5
141.282 67925.8 5.94308e-08 240 68124.4
141.602 59377.9 5.16003e-08 96 68588.7
142.058 68276.5 5.87638e-08 48 69253.5
142.46 74229.2 6.3349e-08 408 69841.8
142.74 66534.5 5.64483e-08 144 70254.8
143.192 91239.7 7.66771e-08 120 70924.9
143.418 63299.4 5.29455e-08 144 71260.8
144.072 62646.9 5.16888e-08 264 72240.8
144.429 64016.4 5.24285e-08 192 72778.6
144.765 82247.7 6.68923e-08 102 73287.1
145.124 66306.3 5.35275e-08 432 73834.3
145.655 76557.2 6.11287e-08 48 74648.4
145.933 74656.7 5.92722e-08 384 75075.5
146.43 83354 6.55047e-08 144 75846.3
146.882 84055.9 6.54496e-08 264 76549.4
147.567 84525.3 6.49019e-08 144 77626.4
147.956 77448.8 5.90003e-08 324 78242.1
148.487 81633.6 6.15243e-08 384 79086.5
148.731 80261.2 6.01917e-08 216 79478.4
149.262 91713.6 6.80497e-08 216 80331.9
149.707 71466.5 5.25555e-08 240 81052.1
150.246 81770.7 5.94881e-08 168 81931
150.461 82020.7 5.94144e-08 240 82283.3
151.081 78795.1 5.63784e-08 216 83304.1
151.389 93275.6 6.63317e-08 288 83816.1
151.83 87784.5 6.18846e-08 240 84550.4
152.171 79990.4 5.60123e-08 72 85120.5
152.704 96184.5 6.66494e-08 246 86018
153.087 89907.6 6.18329e-08 320 86667.6
153.616 82564.3 5.6198e-08 288 87569.2
153.862 81869.9 5.54591e-08 144 87989.6
154.491 92898.1 6.21638e-08 288 89073.7
154.819 72832.1 4.84268e-08 336 89643.2
155.266 82801.6 5.45815e-08 168 90421.9
155.534 88368.7 5.79511e-08 336 90890.2
156.088 87290.9 5.66375e-08 288 91864
156.42 98753 6.36669e-08 264 92452.1
156.983 85973.8 5.48339e-08 240 93453.9
157.189 90064.5 5.72175e-08 96 93822
157.764 83846.4 5.26869e-08 120 94855.4
158.118 101555 6.33866e-08 408 95495.4
158.708 86340.3 5.32911e-08 456 96569.2
159.233 113282 6.92314e-08 108 97530.2
159.528 109517 6.65599e-08 264 98073.4
159.896 108938 6.57516e-08 264 98754
160.4 98872.4 5.91152e-08 312 99691.1
161.028 101316 5.98703e-08 270 100866
161.291 102580 6.0321e-08 240 101361
161.764 101721 5.92927e-08 384 102256
162.051 96583.1 5.59992e-08 192 102801
162.715 109270 6.25828e-08 432 104070
163.046 101437 5.77433e-08 144 104706
163.541 119750 6.75513e-08 480 105663
164.166 104236 5.81307e-08 216 106879
164.565 117540 6.5075e-08 312 107659
164.931 132862 7.30693e-08 216 108379
165.36 94578.7 5.16107e-08 192 109228
165.89 107993 5.83682e-08 624 110281
166.306 116621 6.25592e-08 120 111113
166.661 106797 5.69236e-08 336 111827
167.318 119515 6.29558e-08 176 113153
167.594 110233 5.77795e-08 384 113715
168.136 108604 5.63774e-08 408 114820
168.7 113188 5.81691e-08 144 115982
169.024 114486 5.84987e-08 486 116651
169.656 139980 7.07286e-08 96 117964
169.847 131855 6.63992e-08 384 118362
170.514 116713 5.80868e-08 492 119763
170.985 128957 6.36514e-08 384 120758
171.363 105608 5.17824e-08 168 121561
172.009 120950 5.86398e-08 504 122940
172.342 137950 6.64949e-08 240 123655
172.719 131433 6.29401e-08 456 124468
173.376 132356 6.26641e-08 264 125895
173.811 138725 6.51875e-08 384 126844
174.274 130279 6.07315e-08 432 127862
174.851 121807 5.62223e-08 216 129134
175.159 146380 6.7209e-08 360 129818
175.707 121738 5.53733e-08 312 131041
176.349 133408 6.00214e-08 240 132482
176.68 145873 6.52611e-08 414 133230
177.22 127334 5.64474e-08 552 134456
177.785 129970 5.70683e-08 360 135746
178.159 127383 5.55813e-08 432 136604
178.699 133902 5.78978e-08 480 137849
179.295 143587 6.14683e-08 288 139234
179.683 132956 5.65494e-08 312 140139
180.099 145671 6.15289e-08 360 141115
180.792 150936 6.30227e-08 576 142750
181.367 141595 5.85621e-08 464 144116
181.625 149951 6.1754e-08 192 144732
182.239 136137 5.55e-08 396 146205
182.69 151891 6.1465e-08 432 147294
183.114 161279 6.48113e-08 240 148322
183.674 169162 6.73591e-08 624 149688
184.285 168039 6.62497e-08 504 151185
184.935 173668 6.77494e-08 198 152790
185.242 162894 6.32301e-08 600 153554
185.784 144074 5.54374e-08 384 154904
186.351 144121 5.49507e-08 432 156328
186.841 172148 6.51218e-08 336 157563
187.285 146282 5.49439e-08 336 158691
187.853 156735 5.83377e-08 744 160139
188.461 159272 5.87103e-08 624 161698
189.041 176250 6.43725e-08 192 163195
189.392 176658 6.41634e-08 432 164107
189.907 172416 6.21151e-08 504 165448
190.514 170526 6.08488e-08 336 167040
190.971 170282 6.0326e-08 456 168246
191.376 167291 5.88908e-08 408 169319
191.948 171766 5.99279e-08 696 170839
192.6 149510 5.16346e-08 384 172588
193.275 187318 6.40163e-08 330 174409
193.727 161344 5.47549e-08 624 175635
194.189 223098 7.51732e-08 384 176893
194.686 174251 5.82656e-08 728 178256
195.277 179856 5.95947e-08 432 179886
195.932 189540 6.21758e-08 696 181702
196.361 187806 6.12043e-08 408 182897
197.017 175617 5.66626e-08 456 184735
197.376 158311 5.08006e-08 408 185747
197.93 178593 5.68289e-08 528 187316
198.648 190593 5.99921e-08 576 189362
199.186 205832 6.42653e-08 672 190905
199.791 182666 5.65157e-08 384 192650
200.327 190890 5.85874e-08 600 194204
200.825 204902 6.24212e-08 294 195657
201.287 177185 5.36069e-08 600 197009
201.814 194330 5.83341e-08 768 198562
202.504 206582 6.13802e-08 648 200606
203.077 215576 6.35127e-08 408 202311
203.668 196281 5.7326e-08 552 204083
204.218 204786 5.93274e-08 648 205743
204.837 230946 6.63017e-08 348 207618
205.201 198611 5.67156e-08 744 208728
205.887 207866 5.87677e-08 672 210827
206.458 213365 5.98227e-08 456 212587
206.934 205956 5.73481e-08 600 214060
207.512 201840 5.5734e-08 744 215858
208.097 231439 6.33695e-08 288 217689
208.791 211153 5.72401e-08 704 219876
209.296 225243 6.06191e-08 678 221474
209.933 245667 6.55154e-08 648 223503
210.554 228763 6.0469e-08 648 225493
211.142 232594 6.09694e-08 696 227388
211.654 225152 5.85917e-08 696 229045
212.374 225625 5.81198e-08 552 231389
212.884 242419 6.19983e-08 840 233060
213.609 234871 5.94578e-08 600 235451
214.158 231280 5.81001e-08 696 237269
214.794 238560 5.93981e-08 672 239389
215.306 239457 5.91966e-08 552 241108
216 244713 5.99153e-08 492 243444
216.542 261625 6.35762e-08 840 245282
217.147 228122 5.49726e-08 606 247344
217.726 249467 5.96376e-08 936 249329
218.389 239597 5.67582e-08 528 251612
218.855 244990 5.76657e-08 696 253228
219.555 283814 6.61672e-08 648 255665
220.075 258414 5.98194e-08 936 257486
220.784 270676 6.20565e-08 384 259982
221.192 263838 6.01542e-08 864 261427
221.916 285228 6.43968e-08 768 264002
222.523 269560 6.03628e-08 528 266174
223.149 267228 5.93388e-08 776 268425
223.759 276228 6.08365e-08 960 270635
224.376 262054 5.72404e-08 696 272877
224.869 258931 5.61867e-08 582 274682
225.664 262114 5.62787e-08 1008 277605
226.234 264450 5.63517e-08 408 279715
226.796 269739 5.70532e-08 960 281802
227.531 282578 5.91906e-08 852 284554
228.14 302910 6.29429e-08 912 286845
228.844 305805 6.29605e-08 1032 289505
229.334 336214 6.87782e-08 384 291370
230.052 297503 6.02914e-08 864 294114
230.602 299222 6.02066e-08 840 296231
231.238 292087 5.82873e-08 912 298688
232.023 304880 6.02252e-08 792 301739
232.609 284224 5.57211e-08 744 304033
233.328 302731 5.88025e-08 726 306860
233.873 323993 6.24931e-08 984 309018
234.491 315081 6.02954e-08 912 311472
235.174 331712 6.29265e-08 1104 314201
235.838 315699 5.9384e-08 744 316872
236.64 317091 5.90415e-08 968 320115
237.102 324882 6.01395e-08 672 321993
237.764 331910 6.0929e-08 984 324696
238.52 292797 5.32393e-08 840 327805
239.12 338942 6.11671e-08 1092 330284
239.888 330036 5.89899e-08 840 333476
240.424 310989 5.52143e-08 720 335717
241.164 328101 5.77178e-08 1110 338827
241.846 312601 5.45271e-08 1056 341710
242.467 363981 6.3003e-08 888 344348
243.171 355381 6.09817e-08 936 347356
243.815 351569 5.9851e-08 912 350122
244.525 347094 5.8576e-08 1104 353190
245.217 387207 6.47932e-08 912 356200
245.869 349220 5.7973e-08 1104 359049
246.608 371056 6.10459e-08 1128 362296
247.294 367537 5.99655e-08 768 365326
247.85 381624 6.18453e-08 888 367798
248.519 369128 5.93386e-08 1224 370783
249.45 345517 5.49239e-08 750 374963
249.899 394461 6.23664e-08 1092 376994
250.695 377086 5.90531e-08 1472 380609
251.481 394991 6.1279e-08 792 384199
252.08 376656 5.80189e-08 1080 386951
252.799 390132 5.95836e-08 1584 390269
253.532 410817 6.22e-08 624 393675
254.2 402322 6.04344e-08 1248 396798
254.861 364346 5.43055e-08 888 399899
255.614 392017 5.79151e-08 912 403454
256.265 395009 5.79131e-08 1368 406547
256.953 380564 5.53485e-08 966 409828
257.704 418062 6.02718e-08 1536 413434
258.54 440571 6.29033e-08 1152 417467
259.243 451841 6.39887e-08 1008 420884
259.932 409073 5.74726e-08 1248 424248
260.541 430114 6.0006e-08 1056 427237
261.264 416482 5.76229e-08 1188 430805
262.042 431030 5.91064e-08 1152 434663
262.821 415157 5.64253e-08 1560 438550
263.607 467969 6.30359e-08 1128 442496
264.241 435018 5.81761e-08 1152 445700
264.937 432307 5.73592e-08 920 449230
265.674 459511 6.04629e-08 1470 452989
266.462 461048 6.01283e-08 1200 457032
267.211 449036 5.80708e-08 1440 460896
267.851 492310 6.32116e-08 1224 464218
268.643 449802 5.72449e-08 1296 468344
269.491 463196 5.83946e-08 1560 472794
270.234 495084 6.1901e-08 1272 476717
270.856 491423 6.10209e-08 1080 480017
271.599 491667 6.05514e-08 1368 483980
272.391 474609 5.79424e-08 1248 488225
273.221 512698 6.20242e-08 1194 492698
273.902 472880 5.67812e-08 1752 496394
274.742 490983 5.84159e-08 1392 500974
275.414 503542 5.94726e-08 1440 504660
276.257 499249 5.84277e-08 1488 509306
277.053 527197 6.11682e-08 1248 513721
277.725 485109 5.58774e-08 1512 517468
278.494 509367 5.81866e-08 1112 521781
279.334 499713 5.65703e-08 1848 526517
280.018 526020 5.91129e-08 1224 530396
280.822 532529 5.93324e-08 1536 534973
281.662 546648 6.03621e-08 1638 539788
282.432 538818 5.90121e-08 1392 544228
283.2 557973 6.06143e-08 1632 548679
284.096 575514 6.19299e-08 1452 553906
284.778 559289 5.97527e-08 1680 557903
285.519 568767 6.02935e-08 1320 562269
286.288 557170 5.85891e-08 1752 566828
287.181 573175 5.97116e-08 1776 572149
288.046 534874 5.52209e-08 1104 577335
288.664 569552 5.84248e-08 1728 581054
289.525 587325 5.97116e-08 1446 586273
290.308 598843 6.03912e-08 1920 591043
291.216 604391 6.03824e-08 1896 596607
291.958 583707 5.78727e-08 1176 601176
292.671 620680 6.10898e-08 1856 605591
293.489 597229 5.82914e-08 1896 610684
294.361 621530 6.01255e-08 1464 616145
295.283 633331 6.06953e-08 1968 621951
296.06 616952 5.86611e-08 1548 626876
296.89 638913 6.02411e-08 1944 632163
297.701 623192 5.82802e-08 1470 637355
298.52 615449 5.70839e-08 1920 642627
299.349 641676 5.9023e-08 2184 648000
300.237 610566 5.56644e-08 1464 653785
300.944 606501 5.49052e-08 1608 658413
301.799 674124 6.051e-08 1944 664038
302.665 660444 5.87744e-08 1872 669773
303.492 678330 5.98739e-08 2256 675280
304.337 705853 6.17861e-08 1632 680932
305.241 716693 6.21788e-08 1542 687023
306.043 712495 6.13302e-08 2216 692449
306.919 703870 6.00703e-08 2052 698414
307.758 645381 5.46298e-08 1680 704153
308.566 729186 6.12398e-08 2280 709716
309.463 751091 6.25328e-08 1968 715920
310.346 740162 6.10984e-08 2016 722066
311.163 722093 5.91383e-08 1968 727787
312.111 698700 5.67026e-08 1920 734460
313.019 730413 5.87622e-08 2400 740885
313.95 755339 6.02285e-08 1974 747516
314.65 766633 6.07215e-08 1944 752532
315.544 801761 6.29657e-08 1920 758963
316.375 762760 5.94319e-08 2280 764977
317.216 745621 5.76357e-08 1968 771092
318.134 805078 6.16947e-08 2220 777804
319.043 775877 5.895e-08 2352 784494
319.967 759129 5.71796e-08 1968 791325
320.822 786689 5.87826e-08 2504 797691
321.782 809411 5.99409e-08 2118 804870
322.658 823090 6.0459e-08 2352 811458
323.544 819859 5.97282e-08 2136 818163
324.413 810168 5.8549e-08 2112 824776
325.282 808081 5.79318e-08 2472 831416
326.174 855146 6.08038e-08 2376 838281
327.078 848189 5.98104e-08 2304 845270
328.053 835077 5.83623e-08 2448 852852
328.955 874762 6.06347e-08 2280 859902
329.961 907537 6.23326e-08 2466 867820
330.774 822959 5.6108e-08 2256 874246
331.661 886007 5.99229e-08 2472 881301
332.581 891904 5.98228e-08 2856 888652
333.504 912221 6.06788e-08 2112 896072
334.499 923898 6.09086e-08 2720 904119
335.416 897635 5.8693e-08 2136 911577
336.226 891745 5.78879e-08 2736 918191
337.22 932540 6.0002e-08 2376 926365
338.215 917411 5.85093e-08 3126 934586
339.243 953309 6.02478e-08 2568 943132
339.994 996379 6.25534e-08 2112 949411
340.955 927421 5.77333e-08 2748 957482
341.947 981325 6.05585e-08 2928 965869
342.851 974752 5.96786e-08 2640 973544
343.881 997747 6.05393e-08 2856 982343
344.792 1.03975e+06 6.25887e-08 2352 990177
345.768 1.00674e+06 6.00904e-08 2910 998604
346.696 1.0074e+06 5.96478e-08 2784 1.00667e+06
347.696 1.0048e+06 5.89823e-08 2952 1.01541e+06
348.648 1.01067e+06 5.88417e-08 2696 1.02377e+06
349.573 1.08295e+06 6.2551e-08 3264 1.03194e+06
350.572 1.06864e+06 6.11981e-08 2472 1.04081e+06
351.541 1.0873e+06 6.17536e-08 3024 1.04946e+06
352.612 1.0831e+06 6.0956e-08 2964 1.05909e+06
353.557 1.08654e+06 6.06609e-08 2910 1.06762e+06
354.497 1.04556e+06 5.79093e-08 2880 1.07617e+06
355.414 1.11107e+06 6.10627e-08 3216 1.08454e+06
356.53 1.09869e+06 5.98174e-08 3096 1.09478e+06
357.43 1.13134e+06 6.11304e-08 2880 1.1031e+06
358.434 1.08139e+06 5.79421e-08 2904 1.11242e+06
359.44 1.08946e+06 5.7886e-08 3504 1.12181e+06
360.458 1.10849e+06 5.83996e-08 3168 1.13137e+06
361.559 1.13578e+06 5.92924e-08 3054 1.14176e+06
362.446 1.16651e+06 6.045e-08 3032 1.15019e+06
363.444 1.20517e+06 6.1941e-08 3000 1.15972e+06
364.47 1.13214e+06 5.76972e-08 3780 1.16957e+06
365.549 1.18506e+06 5.98607e-08 3504 1.17999e+06
366.568 1.1905e+06 5.96357e-08 2904 1.18988e+06
367.533 1.18425e+06 5.88565e-08 3336 1.1993e+06
368.538 1.19722e+06 5.90157e-08 3144 1.20917e+06
369.551 1.22092e+06 5.96903e-08 3414 1.21917e+06
370.659 1.26469e+06 6.1277e-08 3552 1.23017e+06
371.545 1.28024e+06 6.15881e-08 2928 1.23901e+06
372.509 1.25377e+06 5.98478e-08 3840 1.24868e+06
373.613 1.19748e+06 5.66551e-08 3312 1.25982e+06
374.63 1.17595e+06 5.51848e-08 3432 1.27013e+06
375.674 1.24782e+06 5.80707e-08 3596 1.28078e+06
376.812 1.36278e+06 6.28482e-08 4224 1.29245e+06
377.946 1.31275e+06 5.99972e-08 3294 1.30416e+06
378.905 1.31333e+06 5.95693e-08 3792 1.31411e+06
379.935 1.28469e+06 5.77975e-08 3528 1.32486e+06
381.122 1.34487e+06 5.99417e-08 3984 1.33731e+06
382.114 1.33587e+06 5.90779e-08 3768 1.34778e+06
383.151 1.33132e+06 5.84e-08 3672 1.35878e+06
384.18 1.34828e+06 5.86699e-08 3384 1.36977e+06
385.199 1.41169e+06 6.09431e-08 3648 1.38069e+06
386.32 1.42074e+06 6.08016e-08 4098 1.39277e+06
387.377 1.42829e+06 6.06257e-08 4008 1.40424e+06
388.485 1.41523e+06 5.95585e-08 4032 1.41633e+06
389.498 1.46551e+06 6.11947e-08 3800 1.42743e+06
390.569 1.43115e+06 5.92697e-08 3816 1.43924e+06
391.7 1.49288e+06 6.12921e-08 4248 1.45178e+06
392.769 1.44916e+06 5.90127e-08 3720 1.46369e+06
393.856 1.49219e+06 6.02635e-08 4254 1.47588e+06
394.945 1.51703e+06 6.07608e-08 4224 1.48816e+06
396.062 1.50251e+06 5.96713e-08 4368 1.50083e+06
397.195 1.56072e+06 6.14546e-08 4104 1.51374e+06
398.311 1.55881e+06 6.08646e-08 4500 1.52654e+06
399.391 1.55472e+06 6.0214e-08 3480 1.53898e+06
400.481 1.57741e+06 6.05953e-08 5328 1.55162e+06
401.634 1.56612e+06 5.96448e-08 3342 1.56506e+06
402.677 1.56665e+06 5.92024e-08 4800 1.57729e+06
403.868 1.58556e+06 5.93889e-08 4184 1.59132e+06
404.934 1.63563e+06 6.07817e-08 5064 1.60395e+06
406.082 1.63694e+06 6.03157e-08 4032 1.61764e+06
407.201 1.53837e+06 5.6218e-08 4632 1.63105e+06
408.351 1.66497e+06 6.03315e-08 4680 1.64491e+06
409.484 1.67156e+06 6.00691e-08 3924 1.65864e+06
410.59 1.67346e+06 5.96528e-08 5166 1.67211e+06
411.726 1.6695e+06 5.90202e-08 4800 1.68603e+06
412.901 1.73163e+06 6.06956e-08 4560 1.70051e+06
414.001 1.65824e+06 5.76611e-08 4584 1.71414e+06
415.151 1.6676e+06 5.75059e-08 4848 1.72846e+06
416.249 1.74688e+06 5.97643e-08 4560 1.74221e+06
417.535 1.73162e+06 5.86969e-08 5600 1.7584e+06
418.686 1.73959e+06 5.84821e-08 4686 1.77298e+06
419.855 1.78586e+06 5.95374e-08 5016 1.78788e+06
421.054 1.79692e+06 5.93958e-08 4956 1.80324e+06
422.113 1.81852e+06 5.96584e-08 4872 1.81688e+06
423.328 1.92218e+06 6.25178e-08 5376 1.83261e+06
424.545 1.8622e+06 6.00473e-08 5088 1.84847e+06
425.69 1.8428e+06 5.89436e-08 4710 1.86347e+06
426.835 1.91435e+06 6.0741e-08 4848 1.87854e+06
427.985 1.93251e+06 6.08242e-08 5976 1.89376e+06
429.2 1.94319e+06 6.06426e-08 5208 1.90993e+06
430.405 1.87952e+06 5.81641e-08 5352 1.92607e+06
431.6 1.94663e+06 5.97417e-08 4820 1.94216e+06
432.743 1.93278e+06 5.88479e-08 5760 1.95763e+06
433.954 2.00145e+06 6.04301e-08 5166 1.97412e+06
435.188 1.96609e+06 5.88588e-08 6168 1.991e+06
436.422 1.98359e+06 5.88806e-08 5136 2.00798e+06
437.637 2.07611e+06 6.11149e-08 6240 2.02481e+06
438.922 1.94179e+06 5.66602e-08 5568 2.0427e+06
440.112 2.06621e+06 5.98033e-08 5712 2.05935e+06
441.308 2.08231e+06 5.97804e-08 5520 2.07618e+06
442.568 2.12479e+06 6.04805e-08 5670 2.09402e+06
443.761 2.06373e+06 5.82698e-08 6036 2.111e+06
445.017 2.25054e+06 6.30079e-08 6264 2.12898e+06
446.297 2.15718e+06 5.98763e-08 5912 2.14739e+06
447.472 2.22266e+06 6.12088e-08 5736 2.1644e+06
448.662 2.21604e+06 6.05424e-08 5400 2.18171e+06
449.929 2.24705e+06 6.08726e-08 6342 2.20025e+06
451.219 2.2577e+06 6.06376e-08 7032 2.21924e+06
452.483 2.29791e+06 6.12022e-08 5448 2.23793e+06
453.686 2.28261e+06 6.03123e-08 6528 2.25582e+06
455.01 2.25717e+06 5.91212e-08 6468 2.27563e+06
456.302 2.27731e+06 5.91433e-08 6528 2.29507e+06
457.487 2.34226e+06 6.03587e-08 5568 2.313e+06
458.712 2.33529e+06 5.96983e-08 6798 2.33163e+06
460.09 2.34881e+06 5.95059e-08 6560 2.35271e+06
461.321 2.34425e+06 5.89162e-08 6888 2.37165e+06
462.613 2.3081e+06 5.7523e-08 6624 2.39163e+06
463.886 2.40353e+06 5.94096e-08 6288 2.41142e+06
465.161 2.42057e+06 5.934e-08 6960 2.43136e+06
466.517 2.48519e+06 6.03943e-08 6570 2.45269e+06
467.702 2.44125e+06 5.88767e-08 6600 2.47144e+06
469.04 2.51715e+06 6.01892e-08 7776 2.4927e+06
470.459 2.49435e+06 5.91061e-08 7248 2.51539e+06
471.78 2.56821e+06 6.03465e-08 6672 2.53664e+06
473.02 2.53195e+06 5.90276e-08 6704 2.5567e+06
474.279 2.64419e+06 6.11546e-08 6942 2.57717e+06
475.618 2.52364e+06 5.78752e-08 7656 2.59905e+06
476.939 2.62146e+06 5.96202e-08 7128 2.62077e+06
478.33 2.68367e+06 6.05044e-08 7908 2.64376e+06
479.632 2.59737e+06 5.80831e-08 6648 2.66541e+06
480.845 2.6891e+06 5.96803e-08 7320 2.68569e+06
482.277 2.77232e+06 6.09808e-08 7638 2.70975e+06
483.589 2.70614e+06 5.9042e-08 7416 2.73193e+06
484.867 2.72722e+06 5.90324e-08 7752 2.75365e+06
486.296 2.84864e+06 6.11189e-08 8448 2.77806e+06
487.682 2.88603e+06 6.13945e-08 7280 2.80189e+06
489.022 2.77181e+06 5.84816e-08 7668 2.82504e+06
490.366 2.80062e+06 5.86049e-08 8094 2.8484e+06
491.698 2.97622e+06 6.17744e-08 7656 2.87168e+06
493.062 2.86725e+06 5.902e-08 8160 2.89565e+06
494.434 2.89936e+06 5.91856e-08 8472 2.91989e+06
495.863 2.97231e+06 6.01518e-08 7896 2.94527e+06
497.177 2.95628e+06 5.93544e-08 8088 2.96874e+06
498.568 2.98347e+06 5.94003e-08 8286 2.99373e+06
499.992 2.99759e+06 5.9173e-08 8676 3.01946e+06
501.353 3.10536e+06 6.08026e-08 8120 3.04418e+06
502.724 3.09051e+06 6.0018e-08 9024 3.06923e+06
504.146 3.09687e+06 5.96339e-08 8160 3.09535e+06
505.492 3.06894e+06 5.86253e-08 7944 3.1202e+06
506.883 3.09469e+06 5.86317e-08 8982 3.14604e+06
508.301 3.17133e+06 5.95823e-08 9528 3.17252e+06
509.763 3.1981e+06 5.95699e-08 8832 3.19996e+06
511.225 3.2439e+06 5.99061e-08 8916 3.22757e+06
512.624 3.28685e+06 6.02036e-08 9240 3.25415e+06
514.037 3.28127e+06 5.96073e-08 8502 3.28113e+06
515.448 3.25496e+06 5.86451e-08 9416 3.30822e+06
516.848 3.34751e+06 5.98235e-08 8976 3.33526e+06
518.29 3.31683e+06 5.87821e-08 9432 3.36324e+06
519.73 3.40573e+06 5.9857e-08 9864 3.39137e+06
521.211 3.35174e+06 5.84075e-08 9024 3.42044e+06
522.661 3.4405e+06 5.94567e-08 9762 3.44906e+06
524.084 3.52099e+06 6.03535e-08 9264 3.4773e+06
525.512 3.53619e+06 6.01213e-08 10056 3.5058e+06
526.971 3.54444e+06 5.97623e-08 9936 3.53509e+06
528.52 3.53056e+06 5.90062e-08 9624 3.56636e+06
529.893 3.63612e+06 6.02993e-08 9752 3.59423e+06
531.395 3.58797e+06 5.89979e-08 10446 3.62487e+06
532.886 3.61921e+06 5.90135e-08 10056 3.65547e+06
534.33 3.67884e+06 5.95008e-08 9876 3.68526e+06
535.856 3.70157e+06 5.93582e-08 11160 3.71693e+06
537.351 3.78139e+06 6.01336e-08 10128 3.74812e+06
538.857 3.80148e+06 5.99477e-08 9726 3.77972e+06
540.292 3.73381e+06 5.84128e-08 11112 3.81e+06
541.829 3.77039e+06 5.84845e-08 10776 3.84261e+06
543.283 3.86853e+06 5.95261e-08 10232 3.87363e+06
544.797 3.88866e+06 5.93385e-08 11184 3.90611e+06
546.395 3.92962e+06 5.94387e-08 11058 3.94059e+06
547.918 4.00438e+06 6.0066e-08 11472 3.97362e+06
549.394 3.89305e+06 5.79267e-08 10464 4.00582e+06
550.856 3.92803e+06 5.79828e-08 10584 4.0379e+06
552.438 4.03445e+06 5.90438e-08 12504 4.07277e+06
553.995 4.18852e+06 6.0783e-08 10560 4.10732e+06
555.487 4.17586e+06 6.01125e-08 11694 4.14058e+06
557.062 4.10522e+06 5.85957e-08 11420 4.17591e+06
558.601 4.16781e+06 5.89988e-08 12504 4.21061e+06
560.134 4.2269e+06 5.93452e-08 10800 4.24538e+06
561.718 4.1364e+06 5.75848e-08 12456 4.28149e+06
563.318 4.30632e+06 5.94409e-08 12030 4.31818e+06
564.827 4.37241e+06 5.98709e-08 11232 4.35297e+06
566.351 4.35613e+06 5.91674e-08 13176 4.38832e+06
567.977 4.3686e+06 5.88289e-08 11196 4.42621e+06
569.488 4.53718e+06 6.06139e-08 12720 4.46163e+06
571.076 4.60223e+06 6.09714e-08 11918 4.49906e+06
572.644 4.57101e+06 6.00617e-08 13392 4.53622e+06
574.302 4.54292e+06 5.91771e-08 12600 4.57575e+06
575.906 4.56765e+06 5.90035e-08 13200 4.61419e+06
577.52 4.68545e+06 6.00192e-08 12864 4.65309e+06
579.111 4.80994e+06 6.11074e-08 12270 4.69165e+06
580.695 4.67166e+06 5.88661e-08 13668 4.73027e+06
582.31 4.78033e+06 5.97359e-08 13200 4.76983e+06
583.929 4.78934e+06 5.93519e-08 13416 4.80973e+06
585.558 4.86844e+06 5.98301e-08 12992 4.85009e+06
587.186 4.85753e+06 5.92008e-08 13806 4.89067e+06
588.791 4.9323e+06 5.96218e-08 13800 4.93088e+06
590.416 5.0444e+06 6.0475e-08 13056 4.9718e+06
592.022 5.06093e+06 6.01805e-08 14364 5.0125e+06
593.668 4.99198e+06 5.88682e-08 13248 5.05442e+06
595.325 5.03239e+06 5.88506e-08 15054 5.09686e+06
597.026 5.04728e+06 5.85219e-08 13680 5.14066e+06
598.633 5.25966e+06 6.04945e-08 15152 5.18229e+06
600.356 5.27194e+06 6.01151e-08 14376 5.22718e+06
601.981 5.36648e+06 6.06989e-08 13932 5.26974e+06
603.668 5.33531e+06 5.98419e-08 14910 5.31416e+06
605.328 5.32621e+06 5.92495e-08 15648 5.35813e+06
606.992 5.38427e+06 5.94043e-08 13680 5.40243e+06
608.681 5.39067e+06 5.89812e-08 15816 5.44765e+06
610.385 5.5278e+06 5.99764e-08 15030 5.49353e+06
612.048 5.52983e+06 5.95107e-08 15104 5.53856e+06
613.806 5.68779e+06 6.06861e-08 16548 5.58642e+06
615.522 5.59907e+06 5.92413e-08 15360 5.63341e+06
617.228 5.5523e+06 5.82607e-08 15768 5.68038e+06
618.905 5.7316e+06 5.96547e-08 14622 5.72679e+06
620.629 5.81772e+06 6.00478e-08 17568 5.77478e+06
622.429 5.88255e+06 6.01916e-08 16368 5.82518e+06
624.133 5.95077e+06 6.03923e-08 15960 5.87316e+06
625.863 5.8149e+06 5.85255e-08 15732 5.92212e+06
627.578 6.00963e+06 5.99908e-08 17006 5.97094e+06
629.313 5.93255e+06 5.87329e-08 16680 6.0206e+06
631.126 6.06535e+06 5.95317e-08 17712 6.07278e+06
632.844 6.18534e+06 6.02162e-08 15576 6.12253e+06
634.511 6.18786e+06 5.97673e-08 16974 6.17102e+06
636.325 6.16323e+06 5.90217e-08 17436 6.2241e+06
638.079 6.36559e+06 6.04582e-08 17952 6.27571e+06
639.88 6.40661e+06 6.03355e-08 17448 6.329e+06
641.626 6.43499e+06 6.01094e-08 17336 6.38095e+06
643.448 6.46952e+06 5.99201e-08 17958 6.43546e+06
645.236 6.55293e+06 6.01893e-08 19056 6.48927e+06
647.056 6.42521e+06 5.85197e-08 17304 6.54434e+06
648.81 6.61956e+06 5.9802e-08 18276 6.59772e+06
650.599 6.70633e+06 6.00875e-08 17838 6.65243e+06
652.365 6.64639e+06 5.90681e-08 18984 6.70676e+06
654.267 6.69536e+06 5.89861e-08 19616 6.76557e+06
656.049 7.01027e+06 6.12583e-08 18168 6.82103e+06
657.865 6.72752e+06 5.83021e-08 19320 6.87782e+06
659.743 6.87888e+06 5.91063e-08 19170 6.93687e+06
661.508 6.85811e+06 5.84573e-08 19008 6.99272e+06
663.358 7.1488e+06 6.04266e-08 20472 7.05156e+06
665.241 7.08848e+06 5.94096e-08 19128 7.11176e+06
667.07 7.07071e+06 5.87745e-08 19998 7.17057e+06
668.912 7.2057e+06 5.94031e-08 19808 7.23015e+06
670.766 7.38856e+06 6.0407e-08 20724 7.29042e+06
672.65 7.3446e+06 5.95444e-08 19896 7.35204e+06
674.456 7.29306e+06 5.86527e-08 20304 7.41143e+06
676.388 7.53902e+06 6.01127e-08 21030 7.4753e+06
678.233 7.59656e+06 6.00785e-08 21168 7.53664e+06
680.119 7.63905e+06 5.99136e-08 20736 7.59966e+06
682.025 7.68003e+06 5.97313e-08 21356 7.66375e+06
683.962 7.69934e+06 5.93741e-08 22206 7.72924e+06
685.85 7.75837e+06 5.93367e-08 21360 7.79341e+06
687.747 7.80034e+06 5.91653e-08 21456 7.85826e+06
689.624 7.92667e+06 5.96339e-08 21648 7.92278e+06
691.543 8.00782e+06 5.97444e-08 22326 7.98909e+06
693.471 8.00338e+06 5.92146e-08 22212 8.0561e+06
695.345 8.16172e+06 5.98991e-08 22128 8.1216e+06
697.259 8.37588e+06 6.09661e-08 22640 8.18884e+06
699.232 8.18718e+06 5.90896e-08 23022 8.25855e+06
701.21 8.46134e+06 6.05528e-08 24168 8.32885e+06
703.13 8.43565e+06 5.98759e-08 22416 8.39744e+06
705.104 8.55028e+06 6.01812e-08 23700 8.46836e+06
707.07 8.59619e+06 6.00009e-08 24222 8.53941e+06
709.022 8.60912e+06 5.95964e-08 22776 8.61032e+06
710.94 8.60267e+06 5.9071e-08 24296 8.68039e+06
712.937 8.79889e+06 5.99122e-08 24648 8.75373e+06
714.886 8.91608e+06 6.02148e-08 22926 8.82573e+06
716.842 8.99823e+06 6.02736e-08 25476 8.89836e+06
718.878 8.95524e+06 5.94774e-08 25608 8.9744e+06
720.869 9.13923e+06 6.01978e-08 24576 9.04918e+06
722.888 9.01402e+06 5.8877e-08 25134 9.12542e+06
724.881 9.18815e+06 5.95206e-08 25928 9.20111e+06
726.915 9.30913e+06 5.97996e-08 26136 9.27878e+06
728.95 9.40075e+06 5.98837e-08 25644 9.35694e+06
730.944 9.43021e+06 5.95812e-08 25926 9.43392e+06
732.99 9.49283e+06 5.94758e-08 26232 9.51339e+06
735.005 9.58194e+06 5.95419e-08 27216 9.59204e+06
737.068 9.64872e+06 5.94548e-08 26736 9.67303e+06
739.171 9.7085e+06 5.9314e-08 27698 9.75607e+06
741.196 9.99482e+06 6.05641e-08 26640 9.83649e+06
743.196 9.91205e+06 5.95791e-08 26880 9.9163e+06
745.316 9.874e+06 5.88453e-08 29160 1.00014e+07
747.411 1.01215e+07 5.98145e-08 27318 1.0086e+07
749.444 1.01584e+07 5.95455e-08 27984 1.01685e+07
751.526 1.01873e+07 5.92196e-08 28364 1.02535e+07
753.575 1.03648e+07 5.97616e-08 28464 1.03376e+07
755.71 1.0597e+07 6.05837e-08 28974 1.04257e+07
757.777 1.0519e+07 5.96472e-08 28920 1.05115e+07
759.853 1.04925e+07 5.90108e-08 29640 1.05981e+07
761.991 1.07553e+07 5.99806e-08 28884 1.06878e+07
764.087 1.08078e+07 5.97791e-08 30558 1.07763e+07
766.255 1.10068e+07 6.03646e-08 30776 1.08683e+07
768.35 1.09215e+07 5.94081e-08 29040 1.09577e+07
770.454 1.09857e+07 5.9269e-08 30984 1.10479e+07
772.624 1.10643e+07 5.91913e-08 30930 1.11415e+07
774.804 1.11278e+07 5.90302e-08 32712 1.12361e+07
776.967 1.13256e+07 5.95789e-08 30528 1.13305e+07
779.078 1.13408e+07 5.91754e-08 30326 1.14231e+07
781.242 1.15513e+07 5.97742e-08 33624 1.15185e+07
783.447 1.17836e+07 6.04627e-08 31824 1.16164e+07
785.593 1.18126e+07 6.01164e-08 31860 1.1712e+07
787.805 1.17352e+07 5.92209e-08 33942 1.18113e+07
789.985 1.20905e+07 6.05099e-08 31848 1.19096e+07
792.132 1.20709e+07 5.99221e-08 33624 1.20069e+07
794.36 1.22074e+07 6.00912e-08 33512 1.21086e+07
796.562 1.22371e+07 5.97391e-08 33594 1.22095e+07
798.778 1.24346e+07 6.01996e-08 34944 1.23117e+07
800.997 1.23643e+07 5.9363e-08 33624 1.24146e+07
803.205 1.25441e+07 5.97309e-08 34710 1.25176e+07
805.416 1.24489e+07 5.87911e-08 34704 1.26212e+07
807.649 1.27546e+07 5.97365e-08 35468 1.27265e+07
809.907 1.30015e+07 6.03848e-08 36096 1.28335e+07
812.202 1.28211e+07 5.90436e-08 35958 1.29429e+07
814.448 1.30943e+07 5.98039e-08 36576 1.30506e+07
816.7 1.32388e+07 5.99656e-08 35976 1.31591e+07
818.955 1.31838e+07 5.92245e-08 36396 1.32685e+07
821.243 1.33665e+07 5.95445e-08 38030 1.338e+07
823.495 1.35764e+07 5.99849e-08 35784 1.34904e+07
825.764 1.3471e+07 5.903e-08 38712 1.36022e+07
828.102 1.37194e+07 5.96107e-08 38310 1.3718e+07
830.398 1.38974e+07 5.98845e-08 37596 1.38324e+07
832.649 1.39865e+07 5.97809e-08 39000 1.39453e+07
834.997 1.4079e+07 5.967e-08 38552 1.40635e+07
837.325 1.43088e+07 6.01398e-08 40206 1.41815e+07
839.639 1.43751e+07 5.99202e-08 39072 1.42994e+07
842.006 1.4508e+07 5.99657e-08 41340 1.44207e+07
844.364 1.45877e+07 5.97911e-08 39342 1.45422e+07
846.654 1.47224e+07 5.98551e-08 40176 1.46608e+07
849.007 1.47432e+07 5.94426e-08 41768 1.47834e+07
851.36 1.4944e+07 5.9754e-08 40206 1.49067e+07
853.726 1.52508e+07 6.04749e-08 42300 1.50313e+07
856.093 1.51142e+07 5.94378e-08 42360 1.51567e+07
858.447 1.52859e+07 5.96198e-08 40488 1.5282e+07
860.825 1.53817e+07 5.94975e-08 44406 1.54094e+07
863.261 1.55553e+07 5.96614e-08 43076 1.55405e+07
865.619 1.57323e+07 5.98482e-08 42600 1.56683e+07
868.063 1.59351e+07 6.01092e-08 45486 1.58014e+07
870.51 1.5997e+07 5.98355e-08 43848 1.59353e+07
872.865 1.63496e+07 6.06605e-08 43248 1.6065e+07
875.268 1.6274e+07 5.98841e-08 44988 1.61981e+07
877.736 1.65082e+07 6.02346e-08 46454 1.63355e+07
880.173 1.65832e+07 6.00075e-08 44928 1.64719e+07
882.637 1.67598e+07 6.01398e-08 47256 1.66107e+07
885.084 1.68468e+07 5.99521e-08 45126 1.67492e+07
887.541 1.69291e+07 5.9746e-08 48084 1.68891e+07
889.995 1.70124e+07 5.95449e-08 46320 1.70295e+07
892.49 1.70909e+07 5.93192e-08 47894 1.71732e+07
894.921 1.74923e+07 6.0219e-08 47160 1.73139e+07
897.379 1.75258e+07 5.98398e-08 48228 1.74569e+07
899.935 1.75384e+07 5.93739e-08 50598 1.76066e+07
902.415 1.7965e+07 6.03181e-08 47328 1.77525e+07
904.896 1.78747e+07 5.95226e-08 50696 1.78993e+07
907.414 1.81309e+07 5.98745e-08 49344 1.80492e+07
909.974 1.8316e+07 5.9977e-08 51570 1.82023e+07
912.489 1.83787e+07 5.96857e-08 50832 1.83537e+07
915.021 1.86205e+07 5.99706e-08 50424 1.85069e+07
917.558 1.88236e+07 6.0123e-08 52686 1.86613e+07
920.103 1.87369e+07 5.93509e-08 51092 1.8817e+07
922.642 1.90651e+07 5.98934e-08 53376 1.89732e+07
925.222 1.91607e+07 5.96918e-08 52374 1.91328e+07
927.753 1.94017e+07 5.9949e-08 52848 1.92902e+07
930.333 1.94059e+07 5.94647e-08 55488 1.94516e+07
932.98 1.99367e+07 6.05726e-08 54098 1.96181e+07
935.507 2.01619e+07 6.07616e-08 53688 1.9778e+07
938.093 2.02211e+07 6.04375e-08 55296 1.99424e+07
940.702 2.02413e+07 5.9996e-08 56358 2.01093e+07
943.366 2.0255e+07 5.95296e-08 57468 2.02806e+07
945.983 2.08199e+07 6.06832e-08 56000 2.04499e+07
948.631 2.08078e+07 6.01413e-08 57774 2.06221e+07
951.26 2.09717e+07 6.0114e-08 57648 2.0794e+07
953.878 2.08904e+07 5.93891e-08 57480 2.09662e+07
956.53 2.12969e+07 6.00427e-08 58122 2.11415e+07
959.153 2.14429e+07 5.99598e-08 59208 2.13159e+07
961.832 2.16242e+07 5.99628e-08 60032 2.1495e+07
964.527 2.17066e+07 5.9688e-08 60366 2.16762e+07
967.205 2.18048e+07 5.94616e-08 60444 2.18573e+07
969.867 2.199e+07 5.94741e-08 60912 2.20382e+07
972.575 2.21336e+07 5.93639e-08 61422 2.22234e+07
975.276 2.22957e+07 5.93031e-08 63032 2.2409e+07
977.994 2.27094e+07 5.99014e-08 62052 2.25969e+07
980.718 2.2923e+07 5.99624e-08 64038 2.27863e+07
983.416 2.31388e+07 6.003e-08 61632 2.29748e+07
986.1 2.34313e+07 6.02939e-08 64896 2.31634e+07
988.883 2.34297e+07 5.97823e-08 64874 2.33601e+07
991.584 2.36958e+07 5.99684e-08 64200 2.35521e+07
994.365 2.3928e+07 6.00493e-08 68016 2.37508e+07
997.161 2.40249e+07 5.9787e-08 65694 2.39517e+07
999.915 2.41931e+07 5.97094e-08 67212 2.41507e+07
1002.69 2.43943e+07 5.97081e-08 67088 2.4352e+07
1005.45 2.49665e+07 6.06053e-08 67182 2.45542e+07
1008.23 2.46296e+07 5.92943e-08 69768 2.47585e+07
1011.03 2.5174e+07 6.0103e-08 67524 2.49653e+07
1013.83 2.51362e+07 5.95175e-08 70758 2.5173e+07
1016.63 2.55359e+07 5.99647e-08 69488 2.53825e+07
1019.45 2.58894e+07 6.02925e-08 71640 2.5594e+07
1022.32 2.60589e+07 6.01775e-08 72042 2.58108e+07
1025.17 2.62067e+07 6.00159e-08 72960 2.60271e+07
1027.99 2.64022e+07 5.99668e-08 70422 2.62428e+07
1030.87 2.64865e+07 5.96556e-08 76784 2.64638e+07
1033.75 2.68911e+07 6.00614e-08 72348 2.66866e+07
1036.6 2.7089e+07 6.00069e-08 74094 2.69074e+07
1039.46 2.73177e+07 6.00157e-08 74976 2.71306e+07
1042.33 2.75078e+07 5.99349e-08 76200 2.73562e+07
1045.27 2.79026e+07 6.02844e-08 77114 2.7588e+07
1048.16 2.80136e+07 6.00247e-08 76872 2.78175e+07
1051.07 2.85655e+07 6.07001e-08 77784 2.80499e+07
1054 2.86991e+07 6.04758e-08 78654 2.82857e+07
1056.92 2.85441e+07 5.96519e-08 79380 2.85215e+07
1059.85 2.89755e+07 6.00526e-08 79256 2.87593e+07
1062.8 2.92957e+07 6.02132e-08 80094 2.89996e+07
1065.71 2.97325e+07 6.06107e-08 80760 2.9239e+07
1068.71 2.98679e+07 6.03755e-08 83034 2.94866e+07
1071.7 3.00367e+07 6.02114e-08 82664 2.9734e+07
1074.65 3.01975e+07 6.00353e-08 81864 2.99808e+07
1077.61 3.05469e+07 6.02309e-08 83334 3.02293e+07
1080.61 3.08488e+07 6.03205e-08 85980 3.04827e+07
1083.62 3.09751e+07 6.00656e-08 84144 3.07374e+07
1086.64 3.1184e+07 5.9968e-08 86486 3.09951e+07
1089.63 3.15089e+07 6.00945e-08 86016 3.1252e+07
1092.68 3.19281e+07 6.03859e-08 88290 3.1515e+07
1095.71 3.2045e+07 6.01056e-08 87672 3.17779e+07
1098.73 3.25298e+07 6.05123e-08 88608 3.20418e+07
1101.78 3.28955e+07 6.06864e-08 88682 3.23091e+07
1104.83 3.28459e+07 6.00949e-08 91200 3.2578e+07
1107.94 3.32733e+07 6.0365e-08 92568 3.28542e+07
1111.03 3.35802e+07 6.04158e-08 91014 3.31293e+07
1114.1 3.3609e+07 5.99683e-08 92828 3.34053e+07
1117.19 3.42498e+07 6.0606e-08 93054 3.36839e+07
1120.26 3.43189e+07 6.02302e-08 92568 3.39624e+07
1123.37 3.46753e+07 6.03522e-08 96768 3.42458e+07
1126.53 3.51235e+07 6.06191e-08 95658 3.45357e+07
1129.64 3.48111e+07 5.95854e-08 96368 3.48224e+07
1132.81 3.54937e+07 6.02455e-08 98526 3.51162e+07
1135.92 3.58442e+07 6.03416e-08 95436 3.54064e+07
1139.06 3.59893e+07 6.00861e-08 101472 3.57009e+07
1142.26 3.62281e+07 5.99778e-08 98582 3.60027e+07
1145.38 3.68319e+07 6.04802e-08 99984 3.62987e+07
1148.57 3.70963e+07 6.04092e-08 101298 3.66022e+07
1151.78 3.74008e+07 6.0396e-08 104952 3.69107e+07
1154.98 3.76504e+07 6.02956e-08 100568 3.7219e+07
1158.18 3.79904e+07 6.03371e-08 105942 3.75291e+07
1161.42 3.80862e+07 5.99843e-08 104892 3.78451e+07
1164.62 3.87168e+07 6.04766e-08 103734 3.81585e+07
1167.82 3.90446e+07 6.0488e-08 107160 3.84744e+07
1171.09 3.92362e+07 6.02776e-08 108788 3.87982e+07
1174.34 3.99179e+07 6.08166e-08 107070 3.91224e+07
1177.6 3.99816e+07 6.04102e-08 110760 3.94484e+07
1180.88 4.01826e+07 6.02093e-08 109182 3.9779e+07
1184.16 4.05378e+07 6.02375e-08 112820 4.01119e+07
1187.45 4.08971e+07 6.02685e-08 110280 4.04466e+07
1190.74 4.13784e+07 6.04735e-08 114678 4.07839e+07
1194.05 4.16447e+07 6.03575e-08 112668 4.11252e+07
1197.36 4.20365e+07 6.04216e-08 116030 4.14681e+07
1200.73 4.2524e+07 6.06095e-08 118032 4.1819e+07
1204.04 4.28674e+07 6.05955e-08 113700 4.21665e+07
1207.36 4.35135e+07 6.10039e-08 118566 4.25154e+07
1210.73 4.3698e+07 6.07523e-08 119840 4.28725e+07
1214.08 4.38622e+07 6.04764e-08 118278 4.32299e+07
1217.43 4.43092e+07 6.05904e-08 120852 4.35883e+07
1220.81 4.47295e+07 6.06575e-08 122166 4.39531e+07
1224.21 4.52689e+07 6.0879e-08 123296 4.43213e+07
1227.61 4.51367e+07 6.01989e-08 123300 4.46911e+07
1231.03 4.57544e+07 6.05159e-08 126174 4.50654e+07
1234.45 4.64764e+07 6.09616e-08 124800 4.54419e+07
1237.85 4.64982e+07 6.04877e-08 126774 4.58193e+07
1241.29 4.71777e+07 6.0863e-08 128900 4.62023e+07
1244.74 4.72813e+07 6.04914e-08 127776 4.65882e+07
1248.2 4.80891e+07 6.10148e-08 132246 4.69776e+07
1251.66 4.83168e+07 6.07964e-08 129252 4.73696e+07
1255.13 4.83504e+07 6.03361e-08 133118 4.77642e+07
1258.61 4.9107e+07 6.07734e-08 133272 4.81626e+07
1262.11 4.90257e+07 6.01683e-08 134970 4.85665e+07
1265.61 5.01108e+07 6.09917e-08 136128 4.89711e+07
1269.15 5.06114e+07 6.10875e-08 137270 4.93829e+07
1272.69 5.08145e+07 6.08215e-08 139620 4.97979e+07
1276.23 5.14123e+07 6.10273e-08 138312 5.02137e+07
1279.77 5.18141e+07 6.09941e-08 140694 5.06338e+07
1283.31 5.20318e+07 6.07456e-08 140888 5.10545e+07
1286.88 5.28211e+07 6.11554e-08 143034 5.14817e+07
1290.45 5.30223e+07 6.08802e-08 143688 5.19114e+07
1294.01 5.34857e+07 6.09069e-08 143510 5.23421e+07
1297.6 5.41521e+07 6.11556e-08 147828 5.27787e+07
1301.23 5.42164e+07 6.07166e-08 147918 5.32234e+07
1304.84 5.48858e+07 6.09578e-08 148992 5.36674e+07
1308.48 5.58434e+07 6.15056e-08 150356 5.41174e+07
1312.07 5.63167e+07 6.15188e-08 147606 5.45644e+07
1315.71 5.61338e+07 6.08117e-08 156624 5.50196e+07
1319.41 5.71084e+07 6.13473e-08 153354 5.54861e+07
1323.05 5.73545e+07 6.11054e-08 153968 5.59458e+07
1326.71 5.7985e+07 6.12672e-08 155862 5.64115e+07
1330.38 5.85532e+07 6.13572e-08 157524 5.68807e+07
1334.08 5.91269e+07 6.14445e-08 159126 5.73564e+07
1337.8 5.96499e+07 6.14715e-08 162488 5.78383e+07
1341.52 6.00513e+07 6.13716e-08 159570 5.83224e+07
1345.23 6.06449e+07 6.14677e-08 164304 5.88068e+07
1349 6.14392e+07 6.17523e-08 165720 5.93024e+07
1352.73 6.1524e+07 6.13272e-08 162866 5.97959e+07
1356.46 6.18474e+07 6.11418e-08 169056 6.02925e+07
1360.25 6.28866e+07 6.16517e-08 167502 6.07986e+07
1364.01 6.33827e+07 6.16254e-08 169964 6.13043e+07
1367.79 6.39606e+07 6.16735e-08 170478 6.1815e+07
1371.59 6.40475e+07 6.12442e-08 175200 6.23329e+07
1375.43 6.4897e+07 6.15393e-08 173130 6.28568e+07
1379.22 6.55882e+07 6.16829e-08 175712 6.33784e+07
1383.06 6.63161e+07 6.18488e-08 177438 6.39098e+07
1386.89 6.64546e+07 6.14661e-08 178092 6.44421e+07
1390.73 6.68318e+07 6.13043e-08 179694 6.4979e+07
1394.6 6.78534e+07 6.17257e-08 182504 6.55218e+07
1398.48 6.89486e+07 6.22014e-08 182394 6.60701e+07
1402.34 6.9086e+07 6.18115e-08 184464 6.66194e+07
1406.24 6.95839e+07 6.17409e-08 186398 6.71763e+07
1410.15 7.03426e+07 6.18956e-08 188844 6.77391e+07
1414.06 7.0673e+07 6.16728e-08 187230 6.8303e+07
1417.99 7.1686e+07 6.20381e-08 193776 6.88741e+07
1421.96 7.26194e+07 6.23209e-08 192218 6.94543e+07
1425.88 7.30728e+07 6.21941e-08 192408 7.00304e+07
1429.82 7.33428e+07 6.19092e-08 195510 7.06125e+07
1433.79 7.43292e+07 6.22212e-08 198404 7.12034e+07
1437.8 7.49713e+07 6.22358e-08 200310 7.18017e+07
1441.8 7.49399e+07 6.16933e-08 201216 7.24027e+07
1445.81 7.60504e+07 6.20884e-08 201618 7.30081e+07
1449.82 7.6689e+07 6.20915e-08 204680 7.36174e+07
1453.82 7.75213e+07 6.22487e-08 202758 7.42285e+07
1457.86 7.82248e+07 6.22921e-08 211812 7.485e+07
1461.93 7.92172e+07 6.2558e-08 205718 7.54774e+07
1465.95 7.9333e+07 6.21349e-08 211452 7.61024e+07
1470.03 8.0193e+07 6.22875e-08 213150 7.67389e+07
1474.14 8.1078e+07 6.24492e-08 217512 7.73849e+07
1478.25 8.19768e+07 6.2616e-08 214754 7.80343e+07
1482.31 8.2788e+07 6.27179e-08 215424 7.86785e+07
1486.45 8.30713e+07 6.24084e-08 224574 7.93393e+07
1490.58 8.40956e+07 6.26533e-08 218588 8.00036e+07
1494.7 8.4335e+07 6.2314e-08 223902 8.06682e+07
1498.84 8.54811e+07 6.26392e-08 224952 8.134e+07
1503.03 8.64883e+07 6.28489e-08 230258 8.20237e+07
1507.2 8.7143e+07 6.27995e-08 227544 8.27098e+07
1511.38 8.8285e+07 6.30968e-08 231018 8.33987e+07
1515.57 8.89984e+07 6.30797e-08 234504 8.40954e+07
1519.79 8.96126e+07 6.29885e-08 233102 8.47984e+07
1523.98 9.01114e+07 6.28176e-08 236892 8.55025e+07
1528.21 9.13722e+07 6.31687e-08 238830 8.62169e+07
1532.45 9.21469e+07 6.31778e-08 241232 8.69353e+07
1536.72 9.31547e+07 6.33375e-08 243906 8.76646e+07
1540.99 9.36487e+07 6.31458e-08 244704 8.83971e+07
1545.26 9.51692e+07 6.36398e-08 246698 8.91349e+07
1549.54 9.54781e+07 6.33198e-08 248664 8.98762e+07
1553.86 9.66828e+07 6.35852e-08 253494 9.06303e+07
1558.18 9.69493e+07 6.32315e-08 251522 9.13885e+07
1562.48 9.86187e+07 6.379e-08 255336 9.21481e+07
1566.82 9.90401e+07 6.3532e-08 257694 9.29177e+07
1571.18 9.99502e+07 6.35838e-08 260988 9.36952e+07
1575.56 1.009e+08 6.36543e-08 261638 9.44806e+07
1579.91 1.0188e+08 6.37436e-08 262356 9.52652e+07
1584.28 1.02401e+08 6.35395e-08 266478 9.60595e+07
1588.71 1.04723e+08 6.44392e-08 272048 9.68659e+07
1593.14 1.04885e+08 6.4001e-08 269850 9.76801e+07
1597.55 1.05526e+08 6.38606e-08 272544 9.84931e+07
1601.99 1.06677e+08 6.40225e-08 275546 9.93156e+07
1606.41 1.07929e+08 6.424e-08 275334 1.00141e+08
1610.9 1.09256e+08 6.44884e-08 285024 1.00982e+08
1615.41 1.10266e+08 6.45401e-08 282242 1.01833e+08
1619.86 1.11097e+08 6.44921e-08 280800 1.02677e+08
1624.34 1.12356e+08 6.46851e-08 288330 1.03532e+08
1628.86 1.1312e+08 6.45845e-08 290024 1.04398e+08
1633.39 1.14472e+08 6.48149e-08 290598 1.0527e+08
1637.9 1.15383e+08 6.47916e-08 293748 1.06146e+08
1642.47 1.16805e+08 6.50444e-08 299582 1.07037e+08
1647.02 1.17609e+08 6.49503e-08 295914 1.0793e+08
1651.57 1.19176e+08 6.52732e-08 302352 1.08826e+08
1656.18 1.19876e+08 6.51102e-08 305342 1.09739e+08
1660.77 1.20554e+08 6.49374e-08 305532 1.10654e+08
1665.39 1.22558e+08 6.54691e-08 310806 1.1158e+08
1670.01 1.23637e+08 6.54987e-08 310436 1.12511e+08
1674.66 1.24759e+08 6.55439e-08 318006 1.13454e+08
1679.3 1.26047e+08 6.56728e-08 312846 1.14401e+08
1683.95 1.26882e+08 6.55625e-08 322508 1.15352e+08
1688.64 1.29016e+08 6.61106e-08 321318 1.1632e+08
1693.33 1.29777e+08 6.59496e-08 327204 1.17291e+08
1698.03 1.31151e+08 6.60957e-08 325766 1.18271e+08
1702.73 1.32362e+08 6.61557e-08 330246 1.19255e+08
1707.47 1.33697e+08 6.62679e-08 335868 1.20254e+08
1712.24 1.353e+08 6.65037e-08 336710 1.21264e+08
1716.97 1.36168e+08 6.63781e-08 336636 1.22273e+08
1721.74 1.38156e+08 6.67892e-08 343542 1.23294e+08
1726.51 1.39588e+08 6.69241e-08 342092 1.24321e+08
1731.3 1.41215e+08 6.7144e-08 349446 1.25359e+08
1736.12 1.41646e+08 6.67893e-08 350118 1.26409e+08
1740.93 1.43703e+08 6.71995e-08 352628 1.27462e+08
1745.78 1.45454e+08 6.74522e-08 359334 1.28531e+08
1750.62 1.46827e+08 6.75256e-08 356364 1.29603e+08
1755.47 1.4768e+08 6.73571e-08 362990 1.30683e+08
1760.34 1.49713e+08 6.77192e-08 364062 1.31774e+08
1765.22 1.51254e+08 6.78499e-08 369756 1.32874e+08
1770.12 1.53725e+08 6.83875e-08 368726 1.33982e+08
1775.02 1.54754e+08 6.8276e-08 375786 1.35099e+08
1779.96 1.56255e+08 6.83663e-08 378600 1.3623e+08
1784.91 1.57735e+08 6.84418e-08 379394 1.37368e+08
1789.86 1.59113e+08 6.84676e-08 386568 1.38516e+08
1794.85 1.6145e+08 6.8896e-08 386906 1.39677e+08
1799.82 1.62821e+08 6.89069e-08 388950 1.4084e+08
1804.81 1.6444e+08 6.90165e-08 394512 1.42015e+08
1809.83 1.66539e+08 6.93178e-08 396818 1.43203e+08
1814.85 1.69083e+08 6.97935e-08 401112 1.44399e+08
1819.91 1.70193e+08 6.96683e-08 404850 1.45608e+08
1824.96 1.71916e+08 6.97908e-08 405566 1.46825e+08
1830 1.74497e+08 7.02542e-08 409308 1.48046e+08
1835.08 1.76121e+08 7.03211e-08 413766 1.49281e+08
1840.17 1.78009e+08 7.04863e-08 417050 1.50528e+08
1845.3 1.79423e+08 7.04558e-08 425232 1.51789e+08
1850.44 1.81854e+08 7.08165e-08 421862 1.53062e+08
1855.55 1.83516e+08 7.08752e-08 426402 1.54334e+08
1860.71 1.85522e+08 7.10553e-08 434688 1.55625e+08
1865.91 1.87756e+08 7.13116e-08 436634 1.56933e+08
1871.07 1.90013e+08 7.1573e-08 434784 1.58239e+08
1876.24 1.9233e+08 7.18492e-08 441018 1.59553e+08
1881.45 1.94908e+08 7.22091e-08 447350 1.60886e+08
1886.68 1.96447e+08 7.21756e-08 449868 1.62231e+08
1891.92 1.994e+08 7.26538e-08 453206 1.63586e+08
1897.16 2.00875e+08 7.25855e-08 456570 1.64951e+08
1902.44 2.04041e+08 7.31184e-08 463824 1.6633e+08
1907.73 2.06017e+08 7.32133e-08 463718 1.67723e+08
1913.02 2.08124e+08 7.3351e-08 468186 1.69121e+08
1918.32 2.11364e+08 7.38763e-08 473448 1.70532e+08
1923.67 2.13955e+08 7.416e-08 479354 1.71962e+08
1929.01 2.16449e+08 7.4403e-08 477702 1.73398e+08
1934.35 2.18588e+08 7.45182e-08 485204 1.74841e+08
1939.74 2.20402e+08 7.45119e-08 491454 1.76307e+08
1945.13 2.24271e+08 7.5191e-08 491226 1.77782e+08
1950.52 2.26248e+08 7.52267e-08 497648 1.79264e+08
1955.96 2.29647e+08 7.57213e-08 504930 1.80768e+08
1961.39 2.32557e+08 7.60462e-08 500358 1.82277e+08
1966.8 2.35527e+08 7.63837e-08 508652 1.83789e+08
1972.27 2.38299e+08 7.66413e-08 516390 1.85327e+08
1977.75 2.41203e+08 7.69327e-08 515642 1.86875e+08
1983.22 2.44099e+08 7.72135e-08 521880 1.88431e+08
1988.74 2.46838e+08 7.74309e-08 530850 1.9001e+08
1994.27 2.50139e+08 7.78161e-08 527054 1.91599e+08
1999.77 2.5378e+08 7.82991e-08 534156 1.93188e+08
2005.35 2.57676e+08 7.88398e-08 545150 1.94808e+08
2010.93 2.61158e+08 7.92412e-08 543474 1.96441e+08
2016.49 2.63751e+08 7.93682e-08 545310 1.98074e+08
2022.08 2.67369e+08 7.97918e-08 555788 1.99725e+08
2027.71 2.71207e+08 8.02643e-08 559542 2.01399e+08
2033.35 2.7436e+08 8.05236e-08 564146 2.03085e+08
2038.99 2.79424e+08 8.13313e-08 566520 2.04779e+08
2044.66 2.82045e+08 8.14137e-08 573594 2.06491e+08
2050.34 2.85145e+08 8.16258e-08 577718 2.08218e+08
2056.02 2.90043e+08 8.23417e-08 579300 2.09953e+08
6.9058e+07
1.67772e+07
1.67772e+07
