0.200224
1398
200
512
3.93599
0.0314159 0.000877272 6.98111e-05 6 7.49014e-07
0.0444288 0.00434079 0.000122128 12 2.11853e-06
0.054414 0.015104 0.000231312 8 3.89199e-06
0.0628319 0.00501953 4.99302e-05 6 5.99211e-06
0.0702481 0.00983749 7.00196e-05 24 8.37423e-06
0.076953 0.00932467 5.0489e-05 24 1.10082e-05
0.0888577 0.0171794 6.04177e-05 12 1.69483e-05
0.0942478 0.0181176 5.33982e-05 30 2.02234e-05
0.0993459 0.0135609 3.41256e-05 24 2.36859e-05
0.104195 0.0171934 3.75027e-05 24 2.73262e-05
0.108828 0.0356726 6.82894e-05 8 3.11359e-05
0.113272 0.0233999 3.97272e-05 24 3.51079e-05
0.117548 0.027974 4.24965e-05 48 3.92358e-05
0.125664 0.0487267 6.05866e-05 6 4.79369e-05
0.129531 0.0333527 3.78658e-05 48 5.25005e-05
0.133286 0.0254741 2.65448e-05 36 5.72004e-05
0.136939 0.0243505 2.33974e-05 24 6.20327e-05
0.140496 0.0208264 1.85293e-05 24 6.69939e-05
0.143966 0.029959 2.47735e-05 48 7.20807e-05
0.147354 0.0399525 3.08106e-05 24 7.72901e-05
0.153906 0.0318348 2.15464e-05 24 8.80657e-05
0.15708 0.0422404 2.68911e-05 30 9.36268e-05
0.16019 0.0395438 2.37361e-05 72 9.93002e-05
0.163242 0.0256736 1.45623e-05 32 0.000105084
0.16918 0.0409285 2.08554e-05 72 0.000116973
0.172072 0.0360014 1.74352e-05 48 0.000123076
0.177715 0.0702099 3.08648e-05 12 0.000135586
0.180471 0.0400421 1.68088e-05 48 0.000141991
0.183185 0.0439616 1.76459e-05 48 0.000148494
0.185859 0.0414864 1.59439e-05 48 0.000155093
0.188496 0.0450967 1.66143e-05 30 0.000161787
0.191096 0.0579101 2.04758e-05 24 0.000168575
0.193661 0.0584908 1.98702e-05 72 0.000175455
0.198692 0.0430156 1.35309e-05 24 0.000189487
0.20116 0.055189 1.67289e-05 96 0.000196637
0.203598 0.0595965 1.74236e-05 48 0.000203875
0.206008 0.0384726 1.08577e-05 24 0.000211199
0.20839 0.0439366 1.19795e-05 24 0.000218609
0.210744 0.036338 9.57927e-06 72 0.000226104
0.213073 0.0484001 1.23452e-05 48 0.000233683
0.217656 0.0695941 1.66533e-05 8 0.000249087
0.219911 0.0523375 1.21425e-05 54 0.000256912
0.222144 0.0586762 1.32068e-05 84 0.000264816
0.224355 0.0912165 1.993e-05 48 0.000272801
0.226543 0.067667 1.43602e-05 24 0.000280863
0.228711 0.0525792 1.0844e-05 72 0.000289004
0.230859 0.0642315 1.28809e-05 96 0.000297222
0.235095 0.0462418 8.78097e-06 48 0.000313886
0.237185 0.0486009 8.98715e-06 48 0.000322331
0.239257 0.041735 7.5188e-06 24 0.000330851
0.24131 0.0673854 1.18325e-05 72 0.000339444
0.245366 0.075157 1.25535e-05 72 0.000356849
0.247369 0.053759 8.76302e-06 96 0.00036566
0.251327 0.00620789 9.64859e-07 6 0.000383495
0.253283 0.0572062 8.68686e-06 96 0.000392518
0.255224 0.0608961 9.03783e-06 96 0.000401611
0.25715 0.0599045 8.69235e-06 24 0.000410773
0.259062 0.044949 6.37892e-06 48 0.000420004
0.26096 0.058276 8.09107e-06 96 0.000429303
0.262844 0.0787205 1.06962e-05 48 0.000438669
0.266573 0.0500575 6.52019e-06 36 0.000457603
0.268418 0.0555545 7.08802e-06 48 0.000467169
0.27025 0.0792499 9.90698e-06 120 0.000476801
0.27207 0.0664472 8.14095e-06 56 0.000486499
0.273878 0.054326 6.52495e-06 24 0.000496261
0.275674 0.0623816 7.34701e-06 96 0.000506088
0.277458 0.10084 1.16488e-05 48 0.000515979
0.280993 0.0711988 7.91822e-06 24 0.000535951
0.282743 0.085892 9.37596e-06 102 0.000546031
0.284483 0.100741 1.07964e-05 48 0.000556174
0.286213 0.0742431 7.81321e-06 72 0.000566379
0.287932 0.0810138 8.37395e-06 48 0.000576645
0.289641 0.0822322 8.35033e-06 48 0.000586973
0.291339 0.091806 9.16038e-06 120 0.000597362
0.294708 0.0435491 4.19803e-06 24 0.000618321
0.296377 0.0934027 8.85247e-06 144 0.00062889
0.298038 0.0887274 8.2696e-06 120 0.000639519
0.299689 0.0726607 6.66082e-06 48 0.000650208
0.302964 0.0773905 6.86678e-06 48 0.00067176
0.304589 0.0630682 5.50692e-06 96 0.000682624
0.307812 0.11489 9.72001e-06 24 0.000704526
0.309411 0.0848538 7.06812e-06 48 0.000715562
0.311002 0.0718024 5.88966e-06 108 0.000726656
0.312585 0.0897089 7.24724e-06 72 0.000737807
0.314159 0.0866155 6.89264e-06 30 0.000749014
0.315726 0.0784639 6.15146e-06 168 0.000760277
0.317285 0.106471 8.22469e-06 48 0.000771596
0.320381 0.084226 6.31955e-06 72 0.000794401
0.321917 0.0605529 4.47859e-06 96 0.000805887
0.323447 0.0992884 7.23985e-06 72 0.000817427
0.324969 0.106093 7.62785e-06 72 0.000829021
0.326484 0.0872076 6.18314e-06 32 0.00084067
0.327992 0.0951299 6.65223e-06 72 0.000852373
0.329493 0.0951368 6.5622e-06 144 0.00086413
0.333956 0.114338 7.57467e-06 96 0.000899721
0.33543 0.0882413 5.76906e-06 96 0.00091169
0.336898 0.115397 7.44624e-06 48 0.000923712
0.33836 0.0712409 4.53766e-06 72 0.000935787
0.339815 0.0972968 6.11801e-06 120 0.000947914
0.341264 0.104853 6.50948e-06 72 0.000960092
0.344144 0.100061 6.05737e-06 48 0.000984605
0.345575 0.0988703 5.91123e-06 78 0.000996938
0.347 0.0940944 5.55666e-06 120 0.00100932
0.348419 0.0739239 4.31238e-06 48 0.00102176
0.351241 0.0854361 4.86482e-06 144 0.00104678
0.352643 0.0923851 5.198e-06 144 0.00105937
0.355431 0.104623 5.74915e-06 12 0.00108469
0.356816 0.0854742 4.64238e-06 144 0.00109742
0.358197 0.11745 6.3056e-06 48 0.00111021
0.359572 0.118415 6.28476e-06 120 0.00112304
0.360942 0.0728148 3.82075e-06 48 0.00113593
0.362306 0.0651402 3.37957e-06 48 0.00114886
0.363666 0.0936852 4.80622e-06 168 0.00116184
0.36637 0.131877 6.61684e-06 48 0.00118795
0.367714 0.118714 5.89132e-06 96 0.00120108
0.369054 0.104781 5.14346e-06 96 0.00121425
0.370388 0.0864641 4.19859e-06 72 0.00122747
0.371718 0.104344 5.01264e-06 48 0.00124074
0.373043 0.0831612 3.95259e-06 96 0.00125406
0.374364 0.0964803 4.53729e-06 48 0.00126743
0.376991 0.100966 4.64965e-06 30 0.0012943
0.378298 0.105463 4.80661e-06 96 0.0013078
0.3796 0.0912138 4.11454e-06 192 0.00132135
0.380898 0.0863589 3.85586e-06 56 0.00133495
0.382191 0.134855 5.96027e-06 24 0.0013486
0.38348 0.104815 4.58599e-06 168 0.00136229
0.384765 0.121867 5.27886e-06 120 0.00137603
0.387322 0.14055 5.96838e-06 72 0.00140364
0.388594 0.112123 4.71461e-06 144 0.00141751
0.389861 0.108257 4.5078e-06 96 0.00143143
0.391125 0.0982856 4.05306e-06 96 0.0014454
0.39364 0.146626 5.93133e-06 72 0.00147346
0.394892 0.0828162 3.31833e-06 96 0.00148756
0.397384 0.0896588 3.52536e-06 24 0.0015159
0.398623 0.115972 4.51757e-06 192 0.00153013
0.399859 0.149021 5.75129e-06 108 0.00154441
0.401092 0.0756658 2.8934e-06 24 0.00155873
0.40232 0.0995175 3.77072e-06 96 0.0015731
0.403545 0.112124 4.20981e-06 96 0.00158751
0.404766 0.0974286 3.62505e-06 120 0.00160196
0.407197 0.106071 3.87634e-06 48 0.001631
0.408407 0.0950669 3.44342e-06 78 0.00164558
0.409614 0.103327 3.70964e-06 144 0.00166021
0.410817 0.107125 3.8123e-06 120 0.00167488
0.412016 0.0619274 2.18464e-06 24 0.0016896
0.413212 0.132897 4.64769e-06 168 0.00170435
0.414405 0.110006 3.81401e-06 144 0.00171915
0.416779 0.0750902 2.5592e-06 24 0.00174888
0.417962 0.102015 3.44741e-06 48 0.0017638
0.419141 0.153471 5.14264e-06 96 0.00177877
0.420316 0.119384 3.96695e-06 120 0.00179378
0.421489 0.137486 4.53042e-06 72 0.00180883
0.422658 0.118199 3.86266e-06 120 0.00182393
0.423824 0.142987 4.63425e-06 144 0.00183906
0.426146 0.1276 4.0683e-06 48 0.00186946
0.427303 0.126192 3.99085e-06 192 0.00188472
0.428456 0.111271 3.49063e-06 144 0.00190003
0.429606 0.0848098 2.63921e-06 48 0.00191537
0.431898 0.11847 3.62832e-06 192 0.00194618
0.433039 0.149421 4.54016e-06 48 0.00196164
0.435312 0.111227 3.32695e-06 8 0.0019927
0.437385 0.124572 3.67342e-06 288 0.0020213
0.4387 0.112954 3.30096e-06 96 0.00203959
0.439823 0.11741 3.40495e-06 54 0.00205529
0.440944 0.109178 3.14213e-06 120 0.00207104
0.442061 0.0978001 2.79339e-06 120 0.00208683
0.444288 0.117009 3.29203e-06 84 0.00211853
0.445398 0.119353 3.33295e-06 144 0.00213444
0.446504 0.170964 4.73879e-06 72 0.00215039
0.447608 0.13765 3.78724e-06 96 0.00216638
0.449441 0.0999533 2.71655e-06 144 0.0021931
0.450903 0.143555 3.86374e-06 240 0.00221458
0.453087 0.165953 4.40231e-06 24 0.00224691
0.454175 0.128312 3.3794e-06 240 0.00226313
0.45526 0.1481 3.87272e-06 96 0.00227939
0.456882 0.11745 3.03863e-06 144 0.00230385
0.4585 0.145897 3.73479e-06 96 0.00232841
0.459575 0.130285 3.3118e-06 72 0.00234483
0.461718 0.0964777 2.41845e-06 96 0.00237777
0.462785 0.12945 3.22256e-06 96 0.00239431
0.464323 0.160405 3.95365e-06 216 0.00241824
0.467031 0.148072 3.58652e-06 192 0.00246081
0.468087 0.121026 2.91165e-06 144 0.00247753
0.470191 0.0744206 1.76649e-06 48 0.00251109
0.471239 0.109233 2.57555e-06 150 0.00252792
0.472285 0.142242 3.33162e-06 96 0.00254479
0.473329 0.137051 3.18885e-06 120 0.0025617
0.475112 0.132653 3.0519e-06 168 0.00259077
0.476446 0.105604 2.40924e-06 240 0.00261265
0.478513 0.110622 2.49116e-06 24 0.0026468
0.48016 0.145663 3.24663e-06 360 0.00267422
0.481597 0.130409 2.88068e-06 48 0.00269831
0.482621 0.155336 3.40952e-06 72 0.00271555
0.484049 0.11657 2.53605e-06 240 0.00273974
0.488189 0.139321 2.95454e-06 276 0.00281064
0.489726 0.135696 2.85068e-06 104 0.00283726
0.490732 0.120494 2.51578e-06 72 0.00285479
0.492199 0.150359 3.11133e-06 312 0.00288047
0.494739 0.143559 2.92513e-06 96 0.00292528
0.496232 0.130231 2.62967e-06 288 0.00295185
0.497722 0.132851 2.65854e-06 168 0.00297852
0.499701 0.1417 2.80207e-06 48 0.00301419
0.500687 0.143967 2.83011e-06 192 0.00303208
0.503606 0.115995 2.24082e-06 198 0.00308541
0.504614 0.125309 2.40626e-06 96 0.00310398
0.506079 0.131764 2.50831e-06 192 0.00313108
0.50754 0.134779 2.54361e-06 216 0.00315828
0.508511 0.123616 2.31959e-06 72 0.00317645
0.510448 0.209133 3.87979e-06 96 0.00321289
0.512103 0.143168 2.63035e-06 336 0.00324423
0.51334 0.139929 2.55229e-06 48 0.00326781
0.51518 0.1411 2.5462e-06 288 0.00330306
0.516216 0.125716 2.25495e-06 192 0.00332304
0.518125 0.142117 2.52105e-06 48 0.00336003
0.519076 0.119382 2.10613e-06 96 0.00337858
0.520457 0.159021 2.78317e-06 264 0.00340561
0.521921 0.143808 2.49579e-06 96 0.00343442
0.523525 0.158985 2.7339e-06 240 0.00346619
0.52647 0.135487 2.29095e-06 288 0.00352503
0.527563 0.143245 2.40711e-06 96 0.00354702
0.528498 0.144552 2.41621e-06 72 0.0035659
0.53076 0.15785 2.60488e-06 336 0.0036119
0.533829 0.158696 2.57393e-06 138 0.00367492
0.534994 0.180173 2.90324e-06 240 0.00369902
0.536222 0.155857 2.4942e-06 144 0.00372455
0.538155 0.152358 2.41203e-06 384 0.00376498
0.541061 0.146903 2.2884e-06 312 0.00382631
0.542323 0.146154 2.26088e-06 72 0.00385314
0.543437 0.160983 2.47499e-06 248 0.00387693
0.545589 0.14737 2.239e-06 240 0.00392316
0.547755 0.15177 2.27859e-06 24 0.00397009
0.548656 0.160704 2.40086e-06 192 0.0039897
0.549761 0.134624 1.99912e-06 312 0.00401386
0.551884 0.150461 2.20863e-06 240 0.00406053
0.553134 0.143426 2.0911e-06 96 0.0040882
0.554916 0.156825 2.2645e-06 48 0.00412783
0.556483 0.157049 2.24864e-06 408 0.0041629
0.557577 0.148421 2.11261e-06 144 0.00418751
0.559345 0.171091 2.41229e-06 120 0.00422745
0.560226 0.123053 1.7268e-06 144 0.00424747
0.562783 0.156275 2.16325e-06 264 0.00430589
0.564176 0.113281 1.55651e-06 192 0.00433794
0.565487 0.181858 2.48145e-06 102 0.00436825
0.566891 0.147107 1.9924e-06 432 0.00440087
0.568967 0.18169 2.43394e-06 48 0.00444939
0.57005 0.174287 2.3215e-06 384 0.00447485
0.571994 0.178728 2.35644e-06 144 0.00452079
0.573756 0.182941 2.38985e-06 264 0.0045627
0.576434 0.13085 1.68563e-06 144 0.00462689
0.577954 0.149234 1.90733e-06 324 0.00466359
0.580026 0.16376 2.07065e-06 384 0.00471392
0.580982 0.17875 2.24904e-06 216 0.00473728
0.583055 0.172392 2.146e-06 216 0.00478815
0.584792 0.158282 1.95285e-06 240 0.00483108
0.586898 0.178211 2.17513e-06 168 0.00488347
0.587738 0.171371 2.0827e-06 240 0.00490447
0.590159 0.159719 1.9173e-06 216 0.00496531
0.591365 0.153195 1.82775e-06 288 0.00499583
0.593087 0.172456 2.03968e-06 240 0.0050396
0.594417 0.171319 2.01266e-06 72 0.00507358
0.596499 0.156913 1.82419e-06 246 0.00512707
0.597997 0.188398 2.17379e-06 320 0.00516579
0.600063 0.200895 2.29412e-06 288 0.00521953
0.601022 0.160318 1.82201e-06 144 0.00524459
0.60348 0.162936 1.82923e-06 288 0.00530921
0.604764 0.143393 1.5996e-06 336 0.00534315
0.60651 0.153488 1.69747e-06 168 0.00538956
0.607555 0.171781 1.88998e-06 336 0.00541748
0.609717 0.179697 1.95612e-06 288 0.00547552
0.611016 0.196359 2.12389e-06 264 0.00551058
0.613214 0.13607 1.45601e-06 240 0.00557029
0.614019 0.135153 1.44052e-06 96 0.00559223
0.616265 0.184752 1.94772e-06 120 0.00565382
0.617648 0.167135 1.75018e-06 408 0.00569197
0.619954 0.187384 1.94042e-06 456 0.00575597
0.622004 0.173714 1.78113e-06 108 0.00581325
0.623156 0.168833 1.7215e-06 264 0.00584563
0.624595 0.168335 1.70459e-06 264 0.0058862
0.626564 0.191154 1.91746e-06 312 0.00594205
0.629016 0.186596 1.84994e-06 270 0.00601209
0.630044 0.191011 1.88445e-06 240 0.00604161
0.631892 0.180937 1.76945e-06 384 0.00609492
0.633013 0.177145 1.72318e-06 192 0.00612744
0.635606 0.178635 1.71649e-06 432 0.00620304
0.636899 0.187585 1.79153e-06 144 0.00624098
0.638833 0.173798 1.64483e-06 480 0.006298
0.641275 0.149777 1.40137e-06 216 0.00637049
0.642832 0.181408 1.68502e-06 312 0.006417
0.64426 0.160385 1.47986e-06 216 0.00645988
0.645938 0.206275 1.88848e-06 192 0.00651049
0.648007 0.174699 1.58413e-06 624 0.00657325
0.649634 0.184487 1.66035e-06 120 0.00662287
0.651021 0.173799 1.55418e-06 336 0.0066654
0.653586 0.221592 1.95833e-06 176 0.00674447
0.654666 0.188705 1.65945e-06 384 0.00677797
0.656779 0.178906 1.55814e-06 408 0.00684383
0.658986 0.177962 1.5344e-06 144 0.00691304
0.660251 0.181466 1.55564e-06 486 0.00695292
0.66272 0.131351 1.11348e-06 96 0.00703121
0.663464 0.182507 1.54194e-06 384 0.00705492
0.666071 0.191968 1.60291e-06 492 0.00713841
0.667911 0.178663 1.47951e-06 384 0.00719774
0.669388 0.187305 1.54083e-06 168 0.00724559
0.67191 0.188095 1.52997e-06 504 0.00732781
0.67321 0.170716 1.38058e-06 240 0.00737043
0.674682 0.208163 1.67242e-06 456 0.00741888
0.67725 0.186733 1.48325e-06 264 0.0075039
0.678949 0.193545 1.52585e-06 384 0.00756052
0.680759 0.190683 1.49132e-06 432 0.00762114
0.68301 0.203883 1.57885e-06 216 0.00769701
0.684213 0.209535 1.61406e-06 360 0.00773776
0.686355 0.20113 1.53486e-06 312 0.00781065
0.688862 0.160636 1.21251e-06 240 0.00789653
0.690156 0.185161 1.38979e-06 414 0.00794112
0.692267 0.208598 1.55142e-06 552 0.00801421
0.694474 0.214184 1.57782e-06 360 0.00809112
0.695933 0.194018 1.4203e-06 432 0.00814222
0.698042 0.19095 1.38521e-06 480 0.00821645
0.700371 0.177915 1.27781e-06 288 0.00829898
0.701886 0.194361 1.38691e-06 312 0.00835296
0.703511 0.217555 1.54169e-06 360 0.0084111
0.706218 0.199308 1.3962e-06 576 0.00850856
0.708463 0.207155 1.43742e-06 464 0.00858997
0.709472 0.22108 1.52751e-06 192 0.00862671
0.71187 0.213662 1.46138e-06 396 0.0087145
0.713632 0.19933 1.35328e-06 432 0.00877938
0.71529 0.204117 1.37617e-06 240 0.0088407
0.717478 0.188205 1.25732e-06 624 0.00892209
0.719862 0.197578 1.30686e-06 504 0.0090113
0.722401 0.183631 1.20185e-06 198 0.00910699
0.723603 0.208164 1.35564e-06 600 0.00915255
0.725718 0.212037 1.36882e-06 384 0.00923302
0.727934 0.216905 1.3875e-06 432 0.00931785
0.729846 0.200258 1.27097e-06 336 0.0093915
0.731583 0.235474 1.48385e-06 336 0.0094587
0.733803 0.210944 1.31726e-06 744 0.00954504
0.736176 0.219037 1.35461e-06 624 0.00963796
0.738441 0.219171 1.343e-06 192 0.00972721
0.739813 0.205969 1.25509e-06 432 0.00978153
0.741823 0.208273 1.25885e-06 504 0.00986144
0.744194 0.217466 1.30188e-06 336 0.00995634
0.745982 0.198194 1.178e-06 456 0.0100283
0.747564 0.235394 1.39024e-06 408 0.0100922
0.749795 0.209513 1.22637e-06 696 0.0101828
0.752344 0.233573 1.35336e-06 384 0.010287
0.754981 0.224942 1.28974e-06 330 0.0103956
0.756746 0.210182 1.1967e-06 624 0.0104686
0.758549 0.179804 1.01645e-06 384 0.0105437
0.760491 0.203153 1.13967e-06 728 0.0106249
0.762803 0.202109 1.12354e-06 432 0.010722
0.765361 0.210563 1.15884e-06 696 0.0108303
0.767036 0.18631 1.01866e-06 408 0.0109015
0.769597 0.22818 1.23517e-06 456 0.0110111
0.771 0.219188 1.18004e-06 408 0.0110714
0.773164 0.225151 1.20198e-06 528 0.0111649
0.775969 0.219749 1.16047e-06 576 0.0112869
0.778071 0.219714 1.1509e-06 672 0.0113788
0.780434 0.228897 1.18815e-06 384 0.0114828
0.782527 0.236847 1.21957e-06 600 0.0115755
0.784473 0.22644 1.15733e-06 294 0.011662
0.786277 0.205679 1.044e-06 600 0.0117427
0.788337 0.228708 1.15182e-06 768 0.0118352
0.791032 0.208977 1.04173e-06 648 0.011957
0.793268 0.224953 1.11191e-06 408 0.0120587
0.795576 0.212526 1.04137e-06 552 0.0121643
0.797728 0.212866 1.03462e-06 648 0.0122632
0.800144 0.239957 1.15576e-06 348 0.012375
0.801567 0.224994 1.07793e-06 744 0.0124411
0.804245 0.219957 1.04331e-06 672 0.0125662
0.806478 0.232375 1.09308e-06 456 0.0126712
0.808336 0.235388 1.09963e-06 600 0.012759
0.810593 0.215769 9.99587e-07 744 0.0128661
0.812878 0.259164 1.19052e-06 288 0.0129752
0.815591 0.240931 1.09576e-06 704 0.0131056
0.817562 0.249443 1.12629e-06 678 0.0132009
0.820052 0.234502 1.04921e-06 648 0.0133218
0.822478 0.248298 1.10113e-06 648 0.0134404
0.824775 0.216401 9.51682e-07 696 0.0135534
0.826774 0.227186 9.91886e-07 696 0.0136521
0.829585 0.244424 1.05633e-06 552 0.0137919
0.831577 0.244139 1.04754e-06 840 0.0138914
0.834411 0.216659 9.20191e-07 600 0.0140339
0.836554 0.240805 1.0149e-06 696 0.0141424
0.839038 0.233185 9.74084e-07 672 0.0142687
0.841041 0.222781 9.23988e-07 552 0.0143711
0.843748 0.245002 1.0064e-06 492 0.0145104
0.845866 0.235025 9.58185e-07 840 0.0146199
0.84823 0.233023 9.42103e-07 606 0.0147428
0.850494 0.257925 1.03447e-06 936 0.0148612
0.853082 0.240015 9.53908e-07 528 0.0149973
0.854904 0.244667 9.66192e-07 696 0.0150936
0.857637 0.254025 9.93588e-07 648 0.0152388
0.859669 0.246624 9.57817e-07 936 0.0153474
0.862437 0.251101 9.65843e-07 384 0.0154961
0.864033 0.238718 9.13133e-07 864 0.0155823
0.86686 0.237319 8.98928e-07 768 0.0157358
0.869231 0.250337 9.40501e-07 528 0.0158652
0.871675 0.238957 8.90218e-07 776 0.0159994
0.87406 0.249569 9.22162e-07 960 0.0161311
0.876467 0.263268 9.64785e-07 696 0.0162648
0.878396 0.25336 9.22376e-07 582 0.0163723
0.8815 0.251552 9.0615e-07 1008 0.0165465
0.883728 0.235796 8.42986e-07 408 0.0166723
0.88592 0.266312 9.45033e-07 960 0.0167967
0.888795 0.245709 8.63488e-07 852 0.0169607
0.891174 0.253581 8.84036e-07 912 0.0170973
0.89392 0.260451 8.99643e-07 1032 0.0172559
0.895836 0.237906 8.16505e-07 384 0.017367
0.898639 0.264395 8.98953e-07 864 0.0175306
0.900789 0.234944 7.93111e-07 840 0.0176567
0.903273 0.266659 8.92767e-07 912 0.0178032
0.906338 0.252489 8.36779e-07 792 0.017985
0.90863 0.260652 8.57314e-07 744 0.0181218
0.911438 0.264132 8.60755e-07 726 0.0182903
0.913568 0.273693 8.85688e-07 984 0.0184189
0.91598 0.254458 8.16954e-07 912 0.0185652
0.918648 0.273411 8.70178e-07 1104 0.0187278
0.921243 0.244956 7.73044e-07 744 0.018887
0.924376 0.270621 8.45386e-07 968 0.0190803
0.92618 0.276751 8.59493e-07 672 0.0191923
0.928764 0.288919 8.89816e-07 984 0.0193534
0.931719 0.255795 7.80327e-07 840 0.0195387
0.934062 0.272748 8.25798e-07 1092 0.0196864
0.937061 0.271771 8.14964e-07 840 0.0198767
0.939156 0.258413 7.69736e-07 720 0.0200103
0.942047 0.272692 8.04813e-07 1110 0.0201957
0.944712 0.261238 7.64502e-07 1056 0.0203675
0.947136 0.267986 7.78243e-07 888 0.0205247
0.949886 0.270564 7.78924e-07 936 0.020704
0.952401 0.255002 7.28322e-07 912 0.0208689
0.955174 0.28603 8.09848e-07 1104 0.0210517
0.957881 0.276274 7.75614e-07 912 0.0212312
0.960427 0.275115 7.66232e-07 1104 0.021401
0.963313 0.245546 6.77749e-07 1128 0.0215945
0.965992 0.254998 6.98002e-07 768 0.0217751
0.968166 0.285719 7.76837e-07 888 0.0219225
0.970778 0.278218 7.50353e-07 1224 0.0221004
0.974412 0.27813 7.41754e-07 750 0.0223495
0.976168 0.287683 7.63097e-07 1092 0.0224706
0.979278 0.273565 7.18757e-07 1472 0.022686
0.982348 0.271497 7.06658e-07 792 0.0229001
0.984688 0.277836 7.18012e-07 1080 0.0230641
0.987495 0.273326 7.00352e-07 1584 0.0232619
0.990359 0.280972 7.13715e-07 624 0.0234649
0.992971 0.293869 7.40601e-07 1248 0.023651
0.99555 0.30206 7.5534e-07 888 0.0238358
0.998492 0.276677 6.85771e-07 912 0.0240477
1.00104 0.283791 6.98053e-07 1368 0.0242321
1.00371 0.301495 7.35684e-07 960 0.0244269
1.00665 0.269831 6.52668e-07 1542 0.0246422
1.00992 0.29072 6.96391e-07 1152 0.024883
1.01267 0.288094 6.84499e-07 1008 0.0250866
1.01536 0.290543 6.84841e-07 1248 0.0252872
1.01774 0.2837 6.64034e-07 1056 0.0254653
1.02056 0.302556 7.02303e-07 1188 0.025678
1.0236 0.274597 6.31745e-07 1152 0.025908
1.02664 0.301597 6.87715e-07 1560 0.0261396
1.02971 0.310631 7.01997e-07 1128 0.0263748
1.03219 0.303387 6.80699e-07 1152 0.0265658
1.03491 0.294143 6.54771e-07 920 0.0267762
1.03779 0.305071 6.73463e-07 1470 0.0270002
1.04087 0.2882 6.3059e-07 1200 0.0272412
1.04379 0.29897 6.48672e-07 1440 0.0274716
1.04629 0.307087 6.61515e-07 1224 0.0276695
1.04938 0.304466 6.5009e-07 1296 0.0279155
1.0527 0.31396 6.64052e-07 1560 0.0281807
1.0556 0.300618 6.30601e-07 1272 0.0284146
1.05803 0.297322 6.19398e-07 1080 0.0286112
1.06094 0.30519 6.30585e-07 1368 0.0288474
1.06403 0.298649 6.11705e-07 1248 0.0291005
1.06727 0.306446 6.21975e-07 1194 0.0293671
1.06993 0.324269 6.5325e-07 1752 0.0295874
1.07321 0.306636 6.12079e-07 1392 0.0298604
1.07584 0.325048 6.44093e-07 1440 0.0300801
1.07913 0.285383 5.60337e-07 1488 0.030357
1.08224 0.316276 6.15657e-07 1248 0.0306201
1.08486 0.310683 6.0039e-07 1512 0.0308435
1.08787 0.325508 6.2384e-07 1112 0.0311006
1.09115 0.306989 5.83056e-07 1848 0.0313829
1.09382 0.323451 6.0983e-07 1224 0.0316141
1.09696 0.303813 5.67903e-07 1536 0.0318869
1.10024 0.31322 5.80264e-07 1638 0.0321739
1.10325 0.312736 5.74642e-07 1392 0.0324385
1.10625 0.310088 5.65154e-07 1632 0.0327038
1.10975 0.337525 6.09355e-07 1452 0.0330154
1.11241 0.313111 5.61229e-07 1680 0.0332536
1.11531 0.338455 6.01945e-07 1320 0.0335138
1.11831 0.32509 5.73525e-07 1752 0.0337856
1.1218 0.32701 5.71548e-07 1776 0.0341027
1.12518 0.323702 5.60683e-07 1104 0.0344119
1.12759 0.312119 5.3716e-07 1728 0.0346335
1.13096 0.315876 5.38786e-07 1446 0.0349446
1.13402 0.319034 5.3978e-07 1920 0.0352289
1.13756 0.323634 5.42457e-07 1896 0.0355605
1.14046 0.333784 5.55219e-07 1176 0.0358329
1.14325 0.320195 5.28732e-07 1856 0.036096
1.14644 0.333875 5.46723e-07 1896 0.0363996
1.14985 0.337112 5.47131e-07 1464 0.0367251
1.15345 0.324817 5.22255e-07 1968 0.0370711
1.15649 0.31533 5.03019e-07 1548 0.0373647
1.15973 0.338939 5.36157e-07 1944 0.0376799
1.16289 0.354746 5.56591e-07 1470 0.0379893
1.16609 0.342982 5.3372e-07 1920 0.0383035
1.16933 0.342903 5.29171e-07 2184 0.0386238
1.1728 0.339065 5.18619e-07 1464 0.0389686
1.17556 0.338202 5.13662e-07 1608 0.0392445
1.1789 0.321167 4.83657e-07 1944 0.0395797
1.18229 0.339045 5.06208e-07 1872 0.0399216
1.18552 0.351044 5.1985e-07 2256 0.0402498
1.18882 0.351075 5.15581e-07 1632 0.0405867
1.19235 0.324672 4.72578e-07 1542 0.0409497
1.19548 0.343096 4.95482e-07 2216 0.0412732
1.1989 0.359178 5.14276e-07 2052 0.0416287
1.20218 0.363698 5.16504e-07 1680 0.0419708
1.20534 0.341675 4.81425e-07 2280 0.0423024
1.20884 0.337086 4.70843e-07 1968 0.0426722
1.21229 0.336161 4.65555e-07 2016 0.0430385
1.21548 0.351258 4.82639e-07 1968 0.0433795
1.21918 0.333329 4.53843e-07 1920 0.0437772
1.22273 0.355023 4.79188e-07 2400 0.0441602
1.22637 0.341685 4.57094e-07 1974 0.0445554
1.2291 0.362143 4.81233e-07 1944 0.0448544
1.23259 0.36859 4.85649e-07 1920 0.0452377
1.23584 0.36114 4.72093e-07 2280 0.0455962
1.23913 0.37419 4.85273e-07 1968 0.0459607
1.24271 0.36443 4.68538e-07 2220 0.0463607
1.24626 0.351512 4.48075e-07 2352 0.0467595
1.24987 0.371887 4.69955e-07 1968 0.0471667
1.25321 0.363289 4.55426e-07 2504 0.0475461
1.25696 0.354995 4.41059e-07 2118 0.047974
1.26038 0.372542 4.59102e-07 2352 0.0483667
1.26384 0.366573 4.48044e-07 2136 0.0487663
1.26724 0.37306 4.52317e-07 2112 0.0491605
1.27063 0.3509 4.22051e-07 2472 0.0495563
1.27412 0.39619 4.72622e-07 2376 0.0499654
1.27765 0.366503 4.33593e-07 2304 0.050382
1.28146 0.367199 4.30555e-07 2448 0.0508339
1.28498 0.365373 4.24901e-07 2280 0.0512542
1.28891 0.379628 4.3745e-07 2466 0.0517261
1.29209 0.399791 4.57298e-07 2256 0.0521091
1.29555 0.396922 4.50381e-07 2472 0.0525296
1.29914 0.388812 4.3753e-07 2856 0.0529678
1.30275 0.36306 4.05169e-07 2112 0.05341
1.30664 0.374835 4.14586e-07 2720 0.0538897
1.31022 0.380802 4.1774e-07 2136 0.0543342
1.31338 0.387345 4.21856e-07 2736 0.0547285
1.31727 0.382396 4.12792e-07 2376 0.0552156
1.32115 0.365543 3.91128e-07 3126 0.0557057
1.32517 0.355018 3.76424e-07 2568 0.056215
1.3281 0.382112 4.02473e-07 2112 0.0565893
1.33185 0.391643 4.09035e-07 2748 0.0570704
1.33573 0.379669 3.93085e-07 2928 0.0575703
1.33926 0.396818 4.07601e-07 2640 0.0580277
1.34328 0.392537 3.99593e-07 2856 0.0585522
1.34684 0.380625 3.84401e-07 2352 0.0590191
1.35065 0.392914 3.93463e-07 2910 0.0595215
1.35428 0.404351 4.01672e-07 2784 0.0600021
1.35819 0.401354 3.95265e-07 2952 0.0605229
1.36191 0.39726 3.88036e-07 2696 0.0610216
1.36552 0.397987 3.8567e-07 3264 0.0615083
1.36942 0.400551 3.84844e-07 2472 0.0620373
1.37321 0.394112 3.75536e-07 3024 0.0625529
1.37739 0.409352 3.86513e-07 2964 0.0631266
1.38108 0.394518 3.6953e-07 2910 0.0636352
1.38476 0.37895 3.52129e-07 2880 0.0641445
1.38834 0.418927 3.86272e-07 3216 0.0646435
1.39269 0.399457 3.64874e-07 3096 0.065254
1.39621 0.415944 3.77068e-07 2880 0.0657499
1.40013 0.427825 3.84591e-07 2904 0.0663052
1.40406 0.386955 3.44938e-07 3504 0.0668651
1.40804 0.426404 3.76893e-07 3168 0.0674346
1.41234 0.433685 3.79838e-07 3054 0.0680545
1.41581 0.420808 3.65858e-07 3032 0.0685569
1.4197 0.431242 3.71852e-07 3000 0.0691244
1.42371 0.420523 3.59554e-07 3780 0.0697116
1.42793 0.422094 3.57709e-07 3504 0.0703329
1.43191 0.418302 3.5155e-07 2904 0.0709225
1.43567 0.415196 3.46198e-07 3336 0.0714839
1.4396 0.410422 3.39424e-07 3144 0.0720723
1.44356 0.416669 3.41765e-07 3414 0.072668
1.44789 0.413273 3.35947e-07 3552 0.0733239
1.45135 0.430707 3.47623e-07 2928 0.0738505
1.45511 0.432266 3.46179e-07 3840 0.074427
1.45943 0.42068 3.33921e-07 3312 0.075091
1.4634 0.425786 3.3523e-07 3432 0.0757057
1.46748 0.431305 3.36752e-07 3596 0.0763404
1.47192 0.412366 3.19057e-07 4224 0.0770361
1.47635 0.437377 3.3537e-07 3294 0.077734
1.4801 0.448344 3.41176e-07 3792 0.0783272
1.48412 0.453311 3.42158e-07 3528 0.0789676
1.48876 0.429284 3.21006e-07 3984 0.0797097
1.49263 0.449865 3.33782e-07 3768 0.0803339
1.49668 0.447596 3.29409e-07 3672 0.0809898
1.5007 0.463612 3.38461e-07 3384 0.0816444
1.50468 0.456146 3.30376e-07 3648 0.0822954
1.50906 0.431381 3.09728e-07 4098 0.0830158
1.51319 0.446239 3.1778e-07 4008 0.0836992
1.51752 0.433767 3.06261e-07 4032 0.0844198
1.52148 0.438368 3.07103e-07 3800 0.0850816
1.52566 0.439645 3.0547e-07 3816 0.0857856
1.53008 0.455375 3.13666e-07 4248 0.0865329
1.53425 0.460381 3.14534e-07 3720 0.087243
1.5385 0.453963 3.07588e-07 4254 0.0879693
1.54275 0.451325 3.03276e-07 4224 0.0887015
1.54712 0.468298 3.12026e-07 4368 0.0894564
1.55154 0.463663 3.06303e-07 4104 0.090226
1.5559 0.451315 2.95646e-07 4500 0.0909888
1.56012 0.456113 2.96373e-07 3480 0.0917305
1.56438 0.465616 3.00084e-07 5328 0.0924836
1.56888 0.45861 2.9303e-07 3342 0.0932851
1.57296 0.463252 2.93701e-07 4800 0.0940139
1.57761 0.462192 2.90445e-07 4184 0.0948501
1.58177 0.481793 3.00379e-07 5064 0.0956031
1.58626 0.474381 2.93254e-07 4032 0.0964191
1.59063 0.460118 2.821e-07 4632 0.0972179
1.59512 0.480925 2.92371e-07 4680 0.0980443
1.59955 0.46049 2.77631e-07 3924 0.0988627
1.60387 0.492079 2.94286e-07 5166 0.0996657
1.60831 0.496036 2.94203e-07 4800 0.100495
1.6129 0.487794 2.86852e-07 4560 0.101358
1.61719 0.463989 2.70684e-07 4584 0.102171
1.62168 0.481013 2.7829e-07 4848 0.103024
1.62597 0.456562 2.62059e-07 4560 0.103844
1.631 0.476531 2.71002e-07 5600 0.104809
1.63549 0.472085 2.66266e-07 4686 0.105678
1.64006 0.490671 2.74443e-07 5016 0.106566
1.64474 0.50226 2.78532e-07 4956 0.107481
1.64888 0.497169 2.73639e-07 4872 0.108295
1.65362 0.504946 2.75533e-07 5376 0.109232
1.65838 0.489563 2.64848e-07 5088 0.110177
1.66285 0.5047 2.70839e-07 4710 0.111071
1.66732 0.495543 2.63792e-07 4848 0.111969
1.67182 0.529824 2.79773e-07 5976 0.112877
1.67656 0.501169 2.62401e-07 5208 0.113841
1.68127 0.502892 2.61098e-07 5352 0.114803
1.68594 0.502663 2.58816e-07 4820 0.115762
1.6904 0.498988 2.54893e-07 5760 0.116684
1.69513 0.500556 2.5356e-07 5166 0.117666
1.69995 0.505934 2.5411e-07 6168 0.118673
1.70477 0.502365 2.50184e-07 5136 0.119685
1.70952 0.508839 2.51303e-07 6240 0.120688
1.71454 0.506066 2.47744e-07 5568 0.121754
1.71919 0.52337 2.54144e-07 5712 0.122747
1.72386 0.51058 2.45922e-07 5520 0.12375
1.72878 0.510509 2.43794e-07 5670 0.124813
1.73344 0.530017 2.51074e-07 6036 0.125825
1.73835 0.535405 2.51485e-07 6264 0.126897
1.74335 0.509458 2.37245e-07 5912 0.127995
1.74794 0.524046 2.4212e-07 5736 0.129009
1.75258 0.538768 2.46947e-07 5400 0.13004
1.75753 0.519749 2.36223e-07 6342 0.131145
1.76258 0.547131 2.4654e-07 7032 0.132277
1.76751 0.529164 2.36453e-07 5448 0.133391
1.77221 0.526176 2.33252e-07 6528 0.134458
1.77738 0.548029 2.40825e-07 6468 0.135638
1.78243 0.544275 2.37149e-07 6528 0.136797
1.78706 0.525529 2.27206e-07 5568 0.137866
1.79184 0.538926 2.31137e-07 6798 0.138976
1.79723 0.532731 2.26432e-07 6560 0.140233
1.80203 0.538559 2.27082e-07 6888 0.141361
1.80708 0.549853 2.29907e-07 6624 0.142552
1.81205 0.542475 2.24961e-07 6288 0.143732
1.81703 0.560327 2.30458e-07 6960 0.14492
1.82233 0.546967 2.23007e-07 6570 0.146192
1.82696 0.56111 2.27038e-07 6600 0.147309
1.83219 0.561429 2.25229e-07 7776 0.148577
1.83773 0.544243 2.16365e-07 7248 0.149929
1.84289 0.552595 2.17845e-07 6672 0.151196
1.84774 0.554906 2.1704e-07 6704 0.152391
1.85265 0.565312 2.19354e-07 6942 0.153611
1.85788 0.575728 2.21514e-07 7656 0.154916
1.86304 0.555933 2.12125e-07 7128 0.15621
1.86848 0.56877 2.15136e-07 7908 0.157581
1.87356 0.56348 2.11404e-07 6648 0.158871
1.8783 0.570161 2.12296e-07 7320 0.16008
1.88389 0.582206 2.14856e-07 7638 0.161514
1.88902 0.581347 2.12797e-07 7416 0.162836
1.89401 0.581582 2.11204e-07 7752 0.16413
1.89959 0.571734 2.05804e-07 8448 0.165585
1.90501 0.563996 2.01291e-07 7280 0.167006
1.91024 0.563336 1.99408e-07 7668 0.168386
1.91549 0.576346 2.02341e-07 8094 0.169778
1.9207 0.587441 2.04563e-07 7656 0.171166
1.92602 0.576192 1.98986e-07 8160 0.172594
1.93138 0.597594 2.04663e-07 8472 0.174039
1.93696 0.600401 2.03852e-07 7896 0.175552
1.9421 0.587063 1.97748e-07 8088 0.176951
1.94753 0.595905 1.99051e-07 8286 0.17844
1.95309 0.598533 1.98225e-07 8676 0.179974
1.95841 0.587983 1.9315e-07 8120 0.181447
1.96377 0.604026 1.96801e-07 9024 0.18294
1.96932 0.592086 1.91282e-07 8160 0.184497
1.97458 0.589811 1.8903e-07 7944 0.185979
1.98001 0.607529 1.93109e-07 8982 0.187519
1.98555 0.597051 1.88195e-07 9528 0.189097
1.99126 0.612737 1.91483e-07 8832 0.190733
1.99697 0.597062 1.84988e-07 8916 0.192378
2.00244 0.616041 1.89309e-07 9240 0.193963
2.00796 0.610507 1.86066e-07 8502 0.19557
2.01347 0.615619 1.86088e-07 9416 0.197185
2.01894 0.634211 1.90153e-07 8976 0.198797
2.02457 0.613445 1.82397e-07 9432 0.200465
2.0302 0.618546 1.82389e-07 9864 0.202141
2.03598 0.61915 1.81015e-07 9024 0.203874
2.04164 0.633559 1.8369e-07 9762 0.20558
2.0472 0.627774 1.80535e-07 9264 0.207263
2.05278 0.630754 1.79917e-07 10056 0.208962
2.05848 0.63603 1.79919e-07 9936 0.210708
2.06453 0.64545 1.80983e-07 9624 0.212572
2.0699 0.637942 1.77491e-07 9752 0.214233
2.07576 0.653015 1.80149e-07 10446 0.216059
2.08159 0.619743 1.69539e-07 10056 0.217883
2.08723 0.639361 1.73491e-07 9876 0.219659
2.09319 0.641968 1.72714e-07 11160 0.221546
2.09903 0.653634 1.7439e-07 10128 0.223405
2.10491 0.64166 1.69764e-07 9726 0.225289
2.11051 0.650665 1.70778e-07 11112 0.227094
2.11652 0.662319 1.72362e-07 10776 0.229037
2.1222 0.659091 1.70148e-07 10232 0.230887
2.12811 0.660804 1.69172e-07 11184 0.232822
2.13436 0.650948 1.65191e-07 11058 0.234877
2.1403 0.653178 1.64378e-07 11472 0.236846
2.14607 0.669411 1.6711e-07 10464 0.238765
2.15178 0.657563 1.62848e-07 10584 0.240678
2.15796 0.67208 1.65018e-07 12504 0.242756
2.16404 0.678308 1.65146e-07 10560 0.244815
2.16987 0.692446 1.67234e-07 11694 0.246798
2.17602 0.672929 1.61145e-07 11420 0.248904
2.18203 0.684631 1.62597e-07 12504 0.250972
2.18802 0.686398 1.61681e-07 10800 0.253044
2.19421 0.686902 1.60435e-07 12456 0.255197
2.20046 0.68385 1.58365e-07 12030 0.257383
2.20635 0.700335 1.60887e-07 11232 0.259457
2.21231 0.702247 1.60026e-07 13176 0.261564
2.21866 0.697168 1.57509e-07 11196 0.263823
2.22456 0.678517 1.52078e-07 12720 0.265934
2.23077 0.68264 1.51729e-07 11918 0.268165
2.23689 0.70039 1.54399e-07 13392 0.27038
2.24337 0.71453 1.56156e-07 12600 0.272736
2.24963 0.710641 1.54012e-07 13200 0.275027
2.25594 0.703405 1.51169e-07 12864 0.277346
2.26215 0.713576 1.52095e-07 12270 0.279644
2.26834 0.71701 1.51579e-07 13668 0.281946
2.27465 0.713941 1.49679e-07 13200 0.284304
2.28097 0.705766 1.46737e-07 13416 0.286682
2.28734 0.714338 1.47284e-07 12992 0.289088
2.2937 0.699163 1.42959e-07 13806 0.291506
2.29997 0.717076 1.45425e-07 13800 0.293904
2.30631 0.723083 1.45437e-07 13056 0.296342
2.31259 0.721446 1.43929e-07 14364 0.298768
2.31902 0.722469 1.42938e-07 13248 0.301267
2.32549 0.745974 1.4636e-07 15054 0.303797
2.33213 0.745568 1.45033e-07 13680 0.306407
2.33841 0.736418 1.42103e-07 15152 0.308888
2.34514 0.727702 1.39215e-07 14376 0.311564
2.35149 0.747372 1.41823e-07 13932 0.314101
2.35808 0.736275 1.3855e-07 14910 0.316749
2.36456 0.739859 1.38081e-07 15648 0.31937
2.37106 0.747961 1.38449e-07 13680 0.32201
2.37766 0.752409 1.38116e-07 15816 0.324705
2.38432 0.753363 1.37136e-07 15030 0.32744
2.39081 0.760599 1.37328e-07 15104 0.330124
2.39768 0.75988 1.36023e-07 16548 0.332977
2.40438 0.759458 1.34813e-07 15360 0.335777
2.41105 0.760068 1.33806e-07 15768 0.338577
2.4176 0.766016 1.3376e-07 14622 0.341343
2.42433 0.75916 1.31461e-07 17568 0.344204
2.43136 0.766627 1.31606e-07 16368 0.347208
2.43802 0.76068 1.29518e-07 15960 0.350068
2.44478 0.767436 1.29588e-07 15732 0.352986
2.45148 0.764797 1.28086e-07 17006 0.355896
2.45825 0.782677 1.3e-07 16680 0.358856
2.46533 0.789923 1.30076e-07 17712 0.361966
2.47205 0.780893 1.27544e-07 15576 0.364931
2.47856 0.774522 1.25509e-07 16974 0.367822
2.48564 0.782354 1.25697e-07 17436 0.370985
2.49249 0.801003 1.27635e-07 17952 0.374062
2.49953 0.795766 1.25733e-07 17448 0.377238
2.50635 0.79063 1.23905e-07 17336 0.380334
2.51347 0.804838 1.25063e-07 17958 0.383583
2.52045 0.815792 1.25714e-07 19056 0.386791
2.52756 0.811529 1.24005e-07 17304 0.390073
2.53442 0.80811 1.22483e-07 18276 0.393255
2.5414 0.817032 1.22817e-07 17838 0.396516
2.5483 0.818002 1.21967e-07 18984 0.399754
2.55573 0.824577 1.21878e-07 19616 0.403259
2.56269 0.821764 1.20475e-07 18168 0.406565
2.56979 0.814867 1.18477e-07 19320 0.40995
2.57712 0.80052 1.15401e-07 19170 0.41347
2.58402 0.836815 1.19669e-07 19008 0.416799
2.59124 0.842581 1.19489e-07 20472 0.420306
2.5986 0.825997 1.16145e-07 19128 0.423894
2.60574 0.84098 1.17282e-07 19998 0.4274
2.61294 0.838787 1.16012e-07 19808 0.430951
2.62018 0.826137 1.13318e-07 20724 0.434543
2.62754 0.842317 1.14569e-07 19896 0.438215
2.6346 0.847371 1.14333e-07 20304 0.441756
2.64214 0.85513 1.14394e-07 21030 0.445562
2.64935 0.837932 1.11181e-07 21168 0.449219
2.65671 0.850368 1.11896e-07 20736 0.452975
2.66416 0.855776 1.11665e-07 21356 0.456795
2.67173 0.869665 1.12516e-07 22206 0.460698
2.6791 0.871153 1.11781e-07 21360 0.464523
2.68651 0.86404 1.09953e-07 21456 0.468389
2.69384 0.873065 1.10197e-07 21648 0.472235
2.70134 0.872752 1.09243e-07 22326 0.476187
2.70887 0.877615 1.08938e-07 22212 0.480181
2.71619 0.89562 1.10276e-07 22128 0.484085
2.72367 0.890846 1.08788e-07 22640 0.488093
2.73137 0.87807 1.06323e-07 23022 0.492248
2.7391 0.893027 1.07221e-07 24168 0.496438
2.7466 0.886253 1.05539e-07 22416 0.500526
2.75431 0.894815 1.05666e-07 23700 0.504754
2.76199 0.889762 1.04195e-07 24222 0.508989
2.76962 0.891241 1.03509e-07 22776 0.513215
2.77711 0.900797 1.03774e-07 24296 0.517392
2.78491 0.925802 1.05761e-07 24648 0.521763
2.79252 0.913441 1.03498e-07 22926 0.526054
2.80016 0.911809 1.02469e-07 25476 0.530383
2.80812 0.917204 1.02202e-07 25608 0.534916
2.81589 0.909846 1.00545e-07 24576 0.539373
2.82378 0.912001 9.99407e-08 25134 0.543918
2.83157 0.9233 1.00347e-07 25928 0.548429
2.83951 0.919384 9.90844e-08 26148 0.553059
2.84746 0.912662 9.75384e-08 25632 0.557718
2.85525 0.9388 9.95133e-08 25926 0.562306
2.86324 0.925314 9.72644e-08 26232 0.567042
2.87111 0.935197 9.74972e-08 27216 0.57173
2.87917 0.948369 9.80426e-08 26736 0.576558
2.88739 0.935273 9.58657e-08 27698 0.581507
2.8953 0.952008 9.67833e-08 26640 0.5863
2.90311 0.95327 9.61316e-08 26880 0.591058
2.91139 0.957041 9.56906e-08 29160 0.596131
2.91957 0.95868 9.50506e-08 27318 0.601172
2.92751 0.980551 9.64301e-08 27984 0.606091
2.93565 0.971174 9.47165e-08 28364 0.611155
2.94365 0.971875 9.40134e-08 28464 0.61617
2.95199 0.953775 9.14829e-08 28974 0.621421
2.96007 0.973954 9.26561e-08 28920 0.626534
2.96818 0.9864 9.30729e-08 29640 0.631698
2.97653 0.996077 9.31971e-08 28884 0.637045
2.98472 0.996747 9.24944e-08 30558 0.642317
2.99318 0.99194 9.12695e-08 30776 0.647798
3.00137 0.995861 9.08825e-08 29040 0.653128
3.00959 0.992279 8.98158e-08 30984 0.658508
3.01806 0.997335 8.9515e-08 30930 0.664087
3.02658 1.00836 8.97433e-08 32712 0.669723
3.03503 0.998645 8.81379e-08 30528 0.675349
3.04327 1.00325 8.78265e-08 30326 0.680869
3.05173 1.00419 8.71802e-08 33624 0.686558
3.06034 1.01299 8.72042e-08 31824 0.692389
3.06872 1.00319 8.56549e-08 31860 0.698092
3.07736 1.01586 8.60073e-08 33942 0.704007
3.08588 1.03713 8.70838e-08 31848 0.709867
3.09426 1.03666 8.63388e-08 33624 0.715669
3.10297 1.02969 8.50378e-08 33512 0.721726
3.11157 1.03549 8.48103e-08 33594 0.727745
3.12023 1.03546 8.41037e-08 34944 0.733836
3.12889 1.05549 8.50199e-08 33624 0.739968
3.13752 1.05223 8.40603e-08 34710 0.746104
3.14616 1.05633 8.36949e-08 34704 0.752282
3.15488 1.04493 8.21063e-08 35468 0.758558
3.1637 1.05721 8.23785e-08 36096 0.764939
3.17266 1.05637 8.16178e-08 35958 0.771458
3.18144 1.06873 8.18911e-08 36576 0.777878
3.19023 1.07335 8.15666e-08 35976 0.784346
3.19904 1.07283 8.08558e-08 36396 0.790863
3.20798 1.07738 8.05219e-08 38030 0.797509
3.21678 1.0796 8.00277e-08 35784 0.804089
3.22564 1.08681 7.98994e-08 38712 0.810752
3.23477 1.08161 7.88463e-08 38310 0.817657
3.24374 1.09544 7.91938e-08 37596 0.824478
3.25254 1.0963 7.86145e-08 39000 0.831202
3.26171 1.10871 7.88358e-08 38552 0.838252
3.2708 1.11899 7.89046e-08 40206 0.845284
3.27984 1.11418 7.7918e-08 39072 0.852312
3.28909 1.09794 7.61366e-08 41340 0.859539
3.2983 1.10837 7.62177e-08 39342 0.866782
3.30724 1.13138 7.717e-08 40176 0.873852
3.31644 1.12488 7.60905e-08 41768 0.88116
3.32563 1.12449 7.54356e-08 40206 0.888507
3.33487 1.14698 7.63058e-08 42300 0.895935
3.34411 1.14724 7.56921e-08 42360 0.903408
3.35331 1.13259 7.41125e-08 40488 0.91088
3.3626 1.13398 7.35901e-08 44406 0.918472
3.37211 1.1477 7.38521e-08 43076 0.926289
3.38132 1.15093 7.34563e-08 42600 0.933901
3.39087 1.16439 7.36892e-08 45486 0.941834
3.40043 1.17541 7.37614e-08 43848 0.94982
3.40963 1.16822 7.27182e-08 43248 0.95755
3.41901 1.15882 7.15408e-08 44988 0.965479
3.42866 1.18049 7.22654e-08 46454 0.973672
3.43818 1.1751 7.13395e-08 44928 0.981803
3.4478 1.16857 7.03508e-08 47256 0.990072
3.45736 1.19369 7.12686e-08 45126 0.99833
3.46696 1.18363 7.00825e-08 48084 1.00667
3.47654 1.20476 7.07454e-08 46320 1.01504
3.48629 1.20676 7.02702e-08 47894 1.0236
3.49578 1.21133 6.9963e-08 47160 1.03199
3.50539 1.21458 6.95755e-08 48228 1.04051
3.51537 1.20075 6.81991e-08 50598 1.04943
3.52506 1.23098 6.93413e-08 47328 1.05813
3.53475 1.22401 6.83828e-08 50696 1.06688
3.54459 1.22029 6.76095e-08 49344 1.07581
3.55459 1.24573 6.8438e-08 51570 1.08494
3.56441 1.23303 6.71815e-08 50832 1.09397
3.5743 1.23726 6.68541e-08 50424 1.1031
3.58421 1.24216 6.65636e-08 52686 1.1123
3.59415 1.2665 6.7306e-08 51092 1.12158
3.60407 1.25817 6.63128e-08 53376 1.13089
3.61415 1.26371 6.60498e-08 52374 1.1404
3.62404 1.26374 6.55118e-08 52848 1.14979
3.63411 1.25781 6.46633e-08 55488 1.15941
3.64445 1.2766 6.50725e-08 54098 1.16933
3.65433 1.28429 6.49351e-08 53688 1.17886
3.66443 1.28972 6.4672e-08 55296 1.18866
3.67462 1.29671 6.4483e-08 56358 1.19861
3.68502 1.29948 6.40751e-08 57468 1.20882
3.69525 1.29953 6.35472e-08 56000 1.21891
3.70559 1.30062 6.30691e-08 57774 1.22917
3.71586 1.29707 6.23772e-08 57648 1.23942
3.72609 1.31113 6.25356e-08 57480 1.24968
3.73645 1.31729 6.2308e-08 58122 1.26013
3.74669 1.32575 6.21954e-08 59208 1.27053
3.75716 1.3212 6.14655e-08 60032 1.2812
3.76768 1.32402 6.10815e-08 60366 1.292
3.77814 1.34864 6.17022e-08 60444 1.30279
3.78854 1.34372 6.09723e-08 60912 1.31358
3.79912 1.3577 6.10934e-08 61422 1.32462
3.80967 1.35887 6.06392e-08 63032 1.33568
3.82029 1.36817 6.05467e-08 62052 1.34688
3.83093 1.36343 5.98358e-08 64038 1.35817
3.84147 1.38053 6.00889e-08 61632 1.36941
3.85195 1.37386 5.93118e-08 64896 1.38065
3.86282 1.38594 5.93292e-08 64874 1.39237
3.87338 1.40962 5.98511e-08 64200 1.40381
3.88424 1.39187 5.86031e-08 68016 1.41566
3.89516 1.4115 5.8931e-08 65694 1.42763
3.90592 1.41888 5.87512e-08 67212 1.4395
3.91674 1.4238 5.84676e-08 67088 1.45149
3.92755 1.42518 5.80421e-08 67182 1.46355
3.93842 1.4327 5.7867e-08 69768 1.47572
3.94935 1.42658 5.71425e-08 67524 1.48805
3.96027 1.42986 5.68015e-08 70758 1.50043
3.97123 1.43684 5.66076e-08 69488 1.51292
3.98223 1.4426 5.63648e-08 71640 1.52552
3.99344 1.48066 5.73659e-08 72042 1.53844
4.00456 1.46458 5.62713e-08 72960 1.55133
4.01559 1.46342 5.57648e-08 70422 1.56419
4.02684 1.49299 5.64162e-08 76784 1.57737
4.0381 1.48965 5.58202e-08 72348 1.59064
4.04921 1.49934 5.57223e-08 74094 1.6038
4.06038 1.50746 5.55632e-08 74976 1.61711
4.0716 1.49986 5.48269e-08 76200 1.63056
4.08307 1.52372 5.52312e-08 77114 1.64437
4.09436 1.52534 5.48338e-08 76872 1.65805
4.10573 1.52736 5.44515e-08 77784 1.67191
4.1172 1.53349 5.42142e-08 78654 1.68596
4.12861 1.54815 5.42802e-08 79380 1.70001
4.14006 1.5509 5.39268e-08 79256 1.71419
4.15155 1.58252 5.45703e-08 80094 1.72851
4.16295 1.57248 5.37803e-08 80760 1.74278
4.17466 1.56589 5.3105e-08 83034 1.75754
4.18631 1.6179 5.44125e-08 82664 1.77229
4.19786 1.59046 5.30492e-08 81864 1.787
4.20942 1.6058 5.31207e-08 83334 1.80181
4.22115 1.6338 5.35976e-08 85980 1.81691
4.23288 1.61202 5.2445e-08 84144 1.83209
4.24467 1.63615 5.27873e-08 86486 1.84745
4.25637 1.64463 5.26246e-08 86016 1.86277
4.26828 1.64907 5.23263e-08 88290 1.87844
4.28011 1.67967 5.28565e-08 87672 1.89411
4.29193 1.65991 5.18045e-08 88608 1.90984
4.30383 1.7018 5.26725e-08 88682 1.92577
4.31573 1.69055 5.18924e-08 91200 1.9418
4.3279 1.69423 5.15681e-08 92568 1.95826
4.33994 1.73276 5.23028e-08 91014 1.97466
4.35196 1.71388 5.13056e-08 92828 1.99111
4.36403 1.72212 5.11259e-08 93054 2.00772
4.37602 1.73715 5.11492e-08 92568 2.02432
4.38816 1.76187 5.14477e-08 96768 2.04121
4.40051 1.77575 5.14178e-08 95658 2.05849
4.41265 1.77317 5.09203e-08 96368 2.07558
4.42502 1.76454 5.02487e-08 98526 2.09309
4.43718 1.81326 5.12126e-08 95436 2.11039
4.44945 1.79787 5.03592e-08 101472 2.12794
4.46195 1.82376 5.06563e-08 98582 2.14593
4.47415 1.83302 5.04984e-08 99984 2.16357
4.48658 1.82739 4.99257e-08 101298 2.18166
4.49915 1.88468 5.10605e-08 104952 2.20005
4.51164 1.87712 5.04344e-08 100568 2.21842
4.52414 1.88988 5.03576e-08 105942 2.23691
4.5368 1.91026 5.04757e-08 104892 2.25574
4.54929 1.90233 4.98533e-08 103734 2.27443
4.56181 1.95627 5.08461e-08 107160 2.29325
4.57457 1.93841 4.99613e-08 108788 2.31255
4.58728 1.97915 5.05885e-08 107070 2.33188
4.59999 1.97232 4.99975e-08 110760 2.35131
4.6128 1.96276 4.93414e-08 109182 2.37102
4.62563 2.01874 5.03278e-08 112820 2.39086
4.63846 2.01702 4.98687e-08 110280 2.4108
4.65132 2.02648 4.96883e-08 114678 2.43091
4.66426 2.05893 5.0065e-08 112668 2.45125
4.67718 2.05495 4.9555e-08 116030 2.47169
4.69034 2.08795 4.99281e-08 118032 2.49261
4.7033 2.09061 4.95799e-08 113700 2.51332
4.71623 2.14326 5.04113e-08 118566 2.53411
4.7294 2.13266 4.97443e-08 119840 2.5554
4.74251 2.15624 4.98785e-08 118278 2.5767
4.75558 2.19407 5.03361e-08 120852 2.59807
4.76881 2.18597 4.97341e-08 122166 2.61981
4.78209 2.25148 5.07991e-08 123296 2.64176
4.79535 2.20208 4.92733e-08 123300 2.6638
4.8087 2.24808 4.98848e-08 126174 2.68611
4.82205 2.27731 5.01148e-08 124800 2.70855
4.83537 2.26543 4.94427e-08 126774 2.73104
4.8488 2.31902 5.01928e-08 128900 2.75387
4.86226 2.30701 4.95192e-08 127776 2.77687
4.87577 2.37038 5.04577e-08 132246 2.80008
4.8893 2.36296 4.98833e-08 129252 2.82345
4.90284 2.4112 5.04813e-08 133118 2.84697
4.91643 2.43038 5.04619e-08 133272 2.87071
4.93013 2.43025 5.00396e-08 134970 2.89479
4.94379 2.50401 5.11324e-08 136128 2.91891
4.95761 2.43993 4.94084e-08 137270 2.94345
4.97145 2.574 5.1689e-08 139620 2.96818
4.98526 2.49056 4.95992e-08 138312 2.99297
4.99912 2.60877 5.15223e-08 140694 3.01801
5.01292 2.60899 5.11021e-08 140888 3.04308
5.02687 2.61976 5.08871e-08 143034 3.06855
5.04082 2.69272 5.18715e-08 143688 3.09416
5.05472 2.6622 5.08617e-08 143510 3.11983
5.06873 2.75207 5.21436e-08 147828 3.14586
5.08293 2.69982 5.07262e-08 147918 3.17236
5.09703 2.83283 5.27848e-08 148992 3.19883
5.11123 2.75221 5.08563e-08 150356 3.22565
5.12527 2.89617 5.30779e-08 147606 3.25229
5.13948 2.83403 5.15095e-08 156624 3.27943
5.15396 2.91007 5.24469e-08 153354 3.30723
5.16816 2.93256 5.24178e-08 153968 3.33463
5.18246 2.97393 5.27185e-08 155862 3.36239
5.19679 3.02957 5.32618e-08 157524 3.39035
5.21123 2.99304 5.21832e-08 159126 3.41871
5.22579 3.11699 5.38915e-08 162488 3.44743
5.24033 3.02236 5.18216e-08 159570 3.47629
5.25479 3.21966 5.47498e-08 164304 3.50516
5.26952 3.16691 5.34026e-08 165720 3.5347
5.28409 3.29966 5.51821e-08 162866 3.56411
5.29868 3.20365 5.3135e-08 169056 3.59372
5.31346 3.36103 5.52814e-08 167502 3.62388
5.32816 3.30293 5.38776e-08 169964 3.65402
5.34291 3.4331 5.55382e-08 170478 3.68446
5.35779 3.39567 5.44763e-08 175200 3.71533
5.37276 3.50186 5.57117e-08 173130 3.74656
5.38758 3.54464 5.59283e-08 175712 3.77764
5.4026 3.50955 5.49141e-08 177438 3.80932
5.41755 3.64692 5.65922e-08 178092 3.84105
5.43256 3.62427 5.5776e-08 179694 3.87305
5.44764 3.71053 5.66304e-08 182504 3.9054
5.4628 3.71047 5.61596e-08 182394 3.93809
5.47789 3.85677 5.78926e-08 184464 3.97083
5.49311 3.78244 5.63062e-08 186398 4.00402
5.50841 3.94653 5.82607e-08 188844 4.03756
5.52365 3.88602 5.68938e-08 187230 4.07118
5.53901 4.08342 5.92882e-08 193776 4.10522
5.55452 3.97235 5.71937e-08 192218 4.1398
5.56983 4.21515 6.01902e-08 192408 4.17414
5.58522 4.05042 5.73611e-08 195510 4.20884
5.60076 4.31048 6.05375e-08 198404 4.24405
5.6164 4.20362 5.85449e-08 200310 4.27971
5.63203 4.46239 6.16329e-08 201216 4.31554
5.64768 4.25144 5.82324e-08 201618 4.35162
5.66335 4.56186 6.19671e-08 204680 4.38794
5.67898 4.37666 5.89619e-08 202770 4.42437
5.69478 4.69132 6.26763e-08 211800 4.46141
5.71065 4.52796 5.9991e-08 205718 4.4988
5.72637 4.83752 6.35659e-08 211452 4.53606
5.74229 4.65277 6.06312e-08 213150 4.574
5.75836 4.94254 6.38695e-08 217512 4.6125
5.77442 4.76475 6.10596e-08 214754 4.65121
5.79027 5.10461 6.48794e-08 215424 4.6896
5.80643 4.86906 6.13701e-08 224574 4.72899
5.82259 5.18092 6.47586e-08 218588 4.76858
5.83867 5.08058 6.29811e-08 223902 4.8082
5.85483 5.33927 6.56413e-08 224952 4.84824
5.87119 5.19951 6.33903e-08 230258 4.88899
5.88752 5.36763 6.48971e-08 227544 4.92989
5.90382 5.36092 6.42806e-08 231018 4.97095
5.92021 5.59839 6.65719e-08 234504 5.01248
5.93666 5.58211 6.5828e-08 233102 5.05438
5.95305 5.65464 6.61342e-08 236892 5.09635
5.96958 5.77177 6.69447e-08 238830 5.13893
5.98612 5.77978 6.64837e-08 241232 5.18175
6.00281 6.0196 6.86663e-08 243906 5.22522
6.01948 5.86506 6.63491e-08 244704 5.26888
6.03618 6.16148 6.91254e-08 246698 5.31285
6.05287 6.02431 6.7029e-08 248664 5.35704
6.06975 6.36329 7.02115e-08 253494 5.40199
6.08663 6.12997 6.70759e-08 251522 5.44718
6.10345 6.6304 7.19537e-08 255336 5.49246
6.12039 6.38202 6.86847e-08 257694 5.53833
6.13742 6.69234 7.14267e-08 260988 5.58467
6.15452 6.57914 6.96349e-08 261638 5.63148
6.17151 6.79585 7.13361e-08 262356 5.67825
6.18861 6.86955 7.15135e-08 266478 5.72559
6.20588 6.87926 7.10184e-08 272048 5.77366
6.22322 7.05741 7.22502e-08 269850 5.82219
6.24044 7.02103 7.12845e-08 272544 5.87064
6.25776 7.46846 7.51993e-08 275546 5.91967
6.27506 7.15919 7.14909e-08 275334 5.96889
6.29257 7.55371 7.48025e-08 285024 6.019
6.3102 7.4805 7.34582e-08 282242 6.06974
6.32759 7.69429 7.49366e-08 280800 6.12005
6.34509 7.72374 7.46026e-08 288330 6.17097
6.36273 7.78747 7.45942e-08 290024 6.2226
6.38041 8.08503 7.68024e-08 290598 6.27461
6.39805 7.82327 7.37029e-08 293748 6.3268
6.4159 8.32494 7.77764e-08 299582 6.37989
6.43369 8.04709 7.45588e-08 295914 6.4331
6.45145 8.4792 7.79152e-08 302352 6.48653
6.46945 8.41761 7.67054e-08 305342 6.54098
6.48737 8.52426 7.70352e-08 305532 6.59549
6.50541 8.81939 7.90412e-08 310806 6.65067
6.52346 8.61483 7.65688e-08 310436 6.70617
6.54163 9.13121 8.04841e-08 318006 6.76236
6.55978 8.83621 7.72392e-08 312846 6.81881
6.57792 9.25933 8.027e-08 322508 6.87553
6.59626 9.21745 7.92423e-08 321318 6.9332
6.61457 9.26716 7.90099e-08 327204 6.9911
6.63294 9.62243 8.13593e-08 325766 7.04949
6.65129 9.40823 7.88915e-08 330246 7.10817
6.6698 9.98263 8.3013e-08 335868 7.16768
6.68842 9.75021 8.0405e-08 336710 7.22788
6.70692 10.0603 8.22775e-08 336636 7.28801
6.72554 10.1911 8.26569e-08 343542 7.34891
6.74416 10.0196 8.05943e-08 342092 7.41011
6.76288 10.6269 8.4772e-08 349446 7.47197
6.78171 10.3839 8.21451e-08 350118 7.53457
6.80049 10.6195 8.33153e-08 352628 7.59732
6.81946 10.8039 8.40569e-08 359334 7.66107
6.83836 10.6734 8.23546e-08 356364 7.72497
6.8573 11.2563 8.61346e-08 362990 7.78933
6.87632 11.0766 8.40576e-08 364062 7.85434
6.8954 11.3345 8.5303e-08 369756 7.91989
6.91452 11.6151 8.66911e-08 368726 7.98596
6.93369 11.369 8.4153e-08 375786 8.05255
6.95298 11.9399 8.7645e-08 378600 8.11995
6.97229 11.8936 8.65823e-08 379394 8.18777
6.99165 12.0021 8.66479e-08 386568 8.25619
7.01113 12.4126 8.88662e-08 386906 8.3254
7.03054 12.1763 8.64548e-08 388950 8.39474
7.05003 12.4655 8.77758e-08 394512 8.46475
7.06964 12.6497 8.83341e-08 396818 8.53557
7.08927 12.6069 8.73061e-08 401112 8.60686
7.109 13.2106 9.07269e-08 404850 8.67894
7.12874 13.0936 8.91788e-08 405566 8.75143
7.14845 13.1685 8.89491e-08 409308 8.82422
7.16828 13.6895 9.17028e-08 413766 8.89785
7.18818 13.5846 9.02466e-08 417050 8.97215
7.2082 13.8802 9.14435e-08 425232 9.04735
7.22829 14.1777 9.26275e-08 421862 9.12321
7.24825 14.0701 9.11668e-08 426402 9.199
7.26841 14.5769 9.36666e-08 434688 9.27596
7.28872 14.4871 9.23143e-08 436634 9.35391
7.30888 14.6538 9.26056e-08 434784 9.43177
7.32907 15.1723 9.50921e-08 441018 9.51013
7.34941 15.1084 9.39075e-08 447350 9.58953
7.36984 15.26 9.4063e-08 449868 9.66974
7.3903 15.7255 9.613e-08 453206 9.75049
7.4108 15.7205 9.5304e-08 456570 9.83185
7.4314 15.9052 9.56242e-08 463824 9.91407
7.45208 16.3164 9.72817e-08 463718 9.99706
7.47272 16.3649 9.67646e-08 468186 10.0804
7.49346 16.6147 9.74287e-08 473448 10.1645
7.51434 17.094 9.9406e-08 479354 10.2497
7.5352 17.0341 9.82368e-08 477702 10.3353
7.55605 17.3743 9.9372e-08 485204 10.4214
7.5771 17.7659 1.00767e-07 491454 10.5087
7.59817 17.8216 1.00244e-07 491226 10.5966
7.61922 18.0618 1.00755e-07 497648 10.685
7.64048 18.5339 1.02528e-07 504930 10.7746
7.66167 18.6138 1.02119e-07 500358 10.8645
7.6828 18.8936 1.028e-07 508652 10.9547
7.70418 19.4753 1.05086e-07 516390 11.0464
7.72557 19.5031 1.04364e-07 515642 11.1386
7.74695 19.5271 1.0363e-07 521880 11.2314
7.76853 20.352 1.0711e-07 530850 11.3255
7.79012 20.3661 1.06296e-07 527054 11.4202
7.8116 20.4324 1.05764e-07 534156 11.5149
7.83338 21.21 1.08876e-07 545150 11.6115
7.85521 21.3714 1.08793e-07 543474 11.7088
7.87691 21.4574 1.0833e-07 545310 11.8062
7.89874 22.1659 1.10982e-07 555788 11.9046
7.92074 22.2708 1.1058e-07 559542 12.0043
7.94278 22.4484 1.10537e-07 564146 12.1048
7.96481 22.9913 1.12274e-07 566520 12.2058
7.98694 23.6144 1.1436e-07 573594 12.3078
8.00914 23.7158 1.13899e-07 577718 12.4108
8.03133 24.09 1.1474e-07 579300 12.5142
8.05362 23.974 1.13242e-07 586235 12.6187
8.07603 23.166 1.08517e-07 585156 12.7243
8.09843 22.585 1.0492e-07 582704 12.8305
8.12088 22.0397 1.0154e-07 584544 12.9375
8.14345 21.4589 9.80444e-08 585204 13.0456
8.16605 21.0613 9.54306e-08 582812 13.1546
8.18871 20.7116 9.30692e-08 584472 13.2644
8.21146 20.4464 9.11159e-08 584132 13.3753
8.23424 20.2031 8.92865e-08 582540 13.4869
8.25707 20.1068 8.8126e-08 582096 13.5993
8.28004 19.9183 8.65752e-08 586412 13.7132
8.30307 19.8423 8.55295e-08 581640 13.8279
8.32613 19.7896 8.45953e-08 583304 13.9434
8.34929 19.7601 8.37684e-08 583536 14.0601
8.37244 19.831 8.33736e-08 578204 14.1774
8.39565 19.8166 8.26239e-08 582180 14.2956
8.41901 19.9405 8.24506e-08 582144 14.4153
8.44239 19.9034 8.1615e-08 578780 14.5357
8.46576 20.1039 8.17565e-08 577524 14.6568
8.48924 20.1566 8.12927e-08 579584 14.779
8.51287 20.2606 8.10335e-08 580752 14.9028
8.53655 20.5226 8.14003e-08 576896 15.0275
8.5602 20.6545 8.12461e-08 575412 15.1527
8.58391 20.789 8.10992e-08 575676 15.2791
8.60777 21.0602 8.14761e-08 576392 15.4068
8.63167 21.2421 8.14993e-08 574368 15.5355
8.6556 21.6232 8.22752e-08 572624 15.6651
8.67964 21.8246 8.23533e-08 574056 15.7959
8.70378 22.0699 8.25881e-08 572864 15.9281
8.72791 22.3432 8.29191e-08 568992 16.0609
8.75214 22.6316 8.32937e-08 572024 16.1951
8.77648 22.9935 8.39236e-08 569052 16.3306
8.80086 23.3287 8.44414e-08 568236 16.467
8.82523 23.6911 8.50446e-08 563612 16.6042
8.84969 23.9546 8.52795e-08 567216 16.7427
8.8743 24.4138 8.61931e-08 564740 16.8828
8.89896 24.8882 8.71396e-08 563940 17.0239
8.92369 25.2573 8.76988e-08 562172 17.1662
8.9485 25.6712 8.83966e-08 561948 17.3097
8.97339 26.0849 8.90757e-08 560084 17.4546
8.9983 26.5105 8.97794e-08 556764 17.6004
9.02321 27.0512 9.08539e-08 553976 17.7469
9.04824 27.3818 9.1203e-08 556344 17.895
9.07338 27.9017 9.21642e-08 552420 18.0446
9.09857 28.5794 9.3621e-08 552200 18.1953
9.12381 28.9458 9.40365e-08 548880 18.3472
9.14913 29.5911 9.53372e-08 548696 18.5003
9.17454 30.0063 9.58734e-08 546948 18.6549
9.20009 30.563 9.68411e-08 547364 18.8112
9.22565 30.9917 9.73854e-08 540792 18.9684
9.2512 31.7127 9.88278e-08 540320 19.1264
9.27686 32.1961 9.95039e-08 538668 19.2861
9.30261 32.804 1.00543e-07 537260 19.4471
9.32845 33.4709 1.01737e-07 534912 19.6096
9.35439 34.0693 1.02697e-07 534812 19.7737
9.38034 34.5759 1.03361e-07 527424 19.9386
9.40633 35.2454 1.04492e-07 528968 20.1048
9.43243 36.0751 1.06066e-07 525312 20.2727
9.45865 36.6449 1.06848e-07 525968 20.4422
9.48493 37.3711 1.08062e-07 520272 20.6131
9.51128 37.925 1.08755e-07 520256 20.7853
9.53767 38.6441 1.09899e-07 514536 20.9589
9.56415 39.4859 1.11363e-07 515732 21.1339
9.59074 40.145 1.12283e-07 510624 21.3106
9.61731 41.0049 1.1374e-07 507288 21.4883
9.64399 41.394 1.13869e-07 505904 21.6676
9.67076 42.1533 1.14998e-07 502608 21.8485
9.69767 43.2373 1.16976e-07 502280 22.0314
9.72462 44.1052 1.18335e-07 496404 22.2156
9.75161 44.7284 1.19013e-07 494156 22.4011
9.77867 45.406 1.19816e-07 490572 22.5881
9.80581 46.3393 1.21266e-07 487856 22.7767
9.83305 47.4663 1.23186e-07 485592 22.9671
9.86033 48.1259 1.23864e-07 479840 23.1587
9.88774 49.0128 1.251e-07 480792 23.3524
9.91523 49.8111 1.26083e-07 473276 23.5477
9.94267 50.8099 1.27549e-07 469716 23.7438
9.97028 51.9049 1.29219e-07 469388 23.9421
9.99798 52.3543 1.29257e-07 463164 24.1422
10.0257 53.5342 1.31076e-07 460964 24.3438
10.0536 54.7403 1.32918e-07 456404 24.5473
10.0815 55.3013 1.33168e-07 453096 24.7523
10.1095 56.4411 1.34787e-07 447944 24.9589
10.1375 57.1498 1.3535e-07 445104 25.1672
10.1657 58.5211 1.37449e-07 440876 25.3776
10.1939 59.5214 1.38639e-07 438372 25.5898
10.2223 60.3196 1.39333e-07 431156 25.8038
10.2506 61.4067 1.40673e-07 426816 26.0187
10.279 62.9123 1.4293e-07 424208 26.2357
10.3076 63.6104 1.43317e-07 420060 26.4551
10.3362 64.2885 1.43645e-07 414500 26.6762
10.3649 65.9113 1.46052e-07 409044 26.8987
10.3936 67.4057 1.48128e-07 406184 27.1231
10.4225 67.7423 1.47631e-07 401808 27.3503
10.4515 69.5933 1.50409e-07 394448 27.5787
10.4804 70.6044 1.51333e-07 390564 27.8085
10.5095 72.2191 1.53511e-07 386420 28.0409
10.5387 72.7107 1.53276e-07 380148 28.2752
10.568 74.8087 1.56393e-07 375116 28.5111
10.5973 75.6977 1.5694e-07 371108 28.7494
10.6268 76.5581 1.57409e-07 363588 28.9896
10.6563 78.476 1.60015e-07 360704 29.2318
10.6859 79.0458 1.59841e-07 352920 29.4761
10.7155 80 1.60431e-07 347888 29.7223
10.7453 82.1381 1.63353e-07 342564 29.9707
10.7751 82.799 1.63304e-07 336104 30.221
10.805 83.9649 1.64232e-07 329616 30.4733
10.835 86.1789 1.67169e-07 324044 30.7274
10.865 87.1643 1.67681e-07 317940 30.9838
10.8952 88.0761 1.68031e-07 311516 31.2428
10.9255 90.3618 1.70961e-07 306920 31.5041
10.9559 90.2186 1.69275e-07 297936 31.7675
10.9864 92.9769 1.73003e-07 293684 32.0334
11.0169 93.7864 1.73064e-07 284568 32.3008
11.0473 94.6244 1.73171e-07 276704 32.5693
11.078 97.0648 1.76163e-07 274896 32.8418
11.1089 96.8982 1.74401e-07 263228 33.1168
11.1396 98.133 1.75163e-07 257720 33.3927
11.1706 99.978 1.76978e-07 250968 33.6716
11.2016 99.6448 1.74927e-07 242276 33.9529
11.2326 101.521 1.76746e-07 236220 34.2362
11.2638 101.076 1.74513e-07 227624 34.5222
11.2952 102.502 1.75508e-07 221304 34.811
11.3265 102.724 1.74429e-07 212204 35.1021
11.3579 102.374 1.72402e-07 203168 35.394
11.3893 102.703 1.71525e-07 197955 35.6892
11.4211 103.021 1.70625e-07 190268 35.9884
11.4529 104.967 1.72405e-07 184188 36.2897
11.4846 105.699 1.72171e-07 176492 36.5924
11.5165 107.401 1.73496e-07 172200 36.8977
11.5486 110.224 1.76576e-07 166544 37.207
11.5807 111.301 1.76823e-07 160160 37.518
11.6127 114.32 1.80118e-07 155010 37.8307
11.6449 116.597 1.82187e-07 149948 38.1461
11.6773 118.823 1.84127e-07 145458 38.4648
11.7097 121.179 1.86219e-07 140444 38.7866
11.7423 123.739 1.88579e-07 135596 39.1106
11.7747 126.986 1.9193e-07 130308 39.4362
11.8074 130.029 1.94905e-07 126860 39.7648
11.8402 131.812 1.95935e-07 122748 40.098
11.8732 136.23 2.0082e-07 118076 40.4338
11.9062 138.926 2.03098e-07 113774 40.7716
11.9391 143.44 2.07966e-07 109236 41.1112
11.9722 146.461 2.10592e-07 105638 41.4534
12.0054 148.765 2.12133e-07 102174 41.7998
12.0389 154.115 2.17933e-07 98708 42.1505
12.0724 158.009 2.21583e-07 94310 42.5035
12.1059 161.378 2.24438e-07 90414 42.8577
12.1394 164.292 2.266e-07 87398 43.2153
12.1731 170.386 2.3306e-07 83462 43.5758
12.2067 174.419 2.36611e-07 79902 43.9379
12.2406 177.131 2.38299e-07 77558 44.3049
12.2748 182.147 2.43007e-07 74094 44.6769
12.309 187.895 2.48591e-07 71006 45.0516
12.3433 191.247 2.50924e-07 67574 45.4289
12.3775 198.31 2.58039e-07 64368 45.8078
12.4118 201.996 2.60663e-07 61502 46.1894
12.446 209.558 2.68195e-07 58214 46.573
12.4804 213.841 2.71422e-07 55872 46.9597
12.515 217.04 2.73202e-07 53270 47.3516
12.5498 221.7 2.76753e-07 50742 47.7479
12.5848 227.857 2.82077e-07 48032 48.1477
12.6198 233.743 2.86959e-07 45638 48.551
12.6549 243.969 2.97026e-07 43008 48.9576
12.6901 249.041 3.00685e-07 40694 49.3673
12.7255 253.501 3.03526e-07 38408 49.781
12.7609 264.559 3.14138e-07 35958 50.1975
12.7963 269.821 3.1773e-07 33920 50.6172
12.8319 275.702 3.21963e-07 31622 51.0405
12.8675 278.964 3.23076e-07 29640 51.4665
12.9033 288.758 3.31646e-07 27662 51.8966
12.939 302.45 3.44501e-07 25568 52.3291
12.9748 307.411 3.47259e-07 23904 52.7651
13.0109 318.21 3.56476e-07 22118 53.2064
13.0469 324.377 3.60385e-07 20168 53.6491
13.083 342.491 3.77367e-07 18816 54.096
13.1194 340.195 3.71726e-07 17126 54.5488
13.1559 354.114 3.83724e-07 15680 55.0052
13.1925 364.485 3.91682e-07 14184 55.4658
13.2293 374.9 3.99526e-07 12854 55.9307
13.2663 389.191 4.11293e-07 11600 56.4017
13.3038 391.725 4.10486e-07 10428 56.8805
13.3412 413.594 4.29764e-07 9032 57.362
13.3781 430.752 4.43894e-07 7838 57.8399
13.4149 430.914 4.40418e-07 6816 58.3184
13.4517 456.941 4.632e-07 5840 58.7992
13.4884 466.174 4.68718e-07 4952 59.2812
13.5246 493.408 4.92126e-07 4062 59.7599
13.5603 491.209 4.8607e-07 3368 60.2348
13.596 526.641 5.17032e-07 2744 60.7124
13.6318 536.752 5.22819e-07 2184 61.1931
13.6739 600.823 5.79841e-07 2192 61.7614
13.7179 580.19 5.54557e-07 1238 62.3597
13.7573 683.695 6.47893e-07 728 62.8983
13.7931 618.882 5.81916e-07 456 63.391
13.8288 665.986 6.21369e-07 248 63.8846
13.8642 728.05 6.74094e-07 104 64.3755
13.8983 526.787 4.84163e-07 24 64.852
13.93 539.632 4.92591e-07 1 65.2968
0.200224
1398
200
512
3.93599
0.502655 0.191927 3.72878e-06 6 0.00306796
0.710861 0.17117 1.17574e-06 12 0.00867751
0.870624 0.15224 5.69218e-07 8 0.0159416
1.00531 0.308741 7.49781e-07 6 0.0245437
1.12397 0.321069 5.57923e-07 24 0.0343009
1.23125 0.451117 5.96338e-07 24 0.0450896
1.42172 0.492652 4.22995e-07 12 0.06942
1.50796 0.425124 3.05902e-07 30 0.082835
1.58953 0.491001 3.01657e-07 24 0.0970175
1.66712 0.400628 2.13345e-07 24 0.111928
1.74125 0.325633 1.5219e-07 8 0.127533
1.81235 0.411342 1.70498e-07 24 0.143802
1.88076 0.530746 1.96845e-07 48 0.16071
2.01062 0.559732 1.69915e-07 6 0.19635
2.0725 0.870895 2.41392e-07 48 0.215042
2.13258 0.455427 1.15862e-07 36 0.234293
2.19102 1.13538 2.66344e-07 24 0.254086
2.24794 0.543977 1.18159e-07 24 0.274407
2.30345 0.553639 1.11771e-07 48 0.295242
2.35766 0.335404 6.31487e-08 24 0.31658
2.4625 0.605324 1.00023e-07 24 0.360717
2.51327 0.676095 1.05082e-07 30 0.383495
2.56305 0.829125 1.21504e-07 72 0.406733
2.61187 0.732597 1.01449e-07 32 0.430423
2.70688 0.706795 8.79278e-08 72 0.479123
2.75315 0.930955 1.10072e-07 48 0.504118
2.84345 0.679803 7.29606e-08 12 0.55536
2.88753 0.960732 9.84603e-08 48 0.581595
2.93096 0.664825 6.51507e-08 48 0.608231
2.97375 0.889398 8.34496e-08 48 0.635261
3.01593 0.476849 4.28901e-08 30 0.66268
3.05753 0.807754 6.97279e-08 24 0.690482
3.09857 1.01864 8.44838e-08 72 0.718663
3.17907 1.43416 1.10138e-07 24 0.77614
3.21856 1.0824 8.01015e-08 96 0.805426
3.25758 1.00816 7.19591e-08 48 0.835072
3.29613 0.404027 2.7838e-08 24 0.865073
3.33423 0.976294 6.49878e-08 24 0.895424
3.37191 0.890501 5.7312e-08 72 0.926123
3.40917 1.57843 9.82921e-08 48 0.957165
3.48249 1.56902 9.16637e-08 8 1.02026
3.51858 0.899136 5.09286e-08 54 1.05231
3.55431 1.07088 5.88457e-08 84 1.08469
3.58967 1.11503 5.94786e-08 48 1.11739
3.6247 1.09494 5.67305e-08 24 1.15042
3.65938 1.19486 6.01637e-08 72 1.18376
3.69374 1.66565 8.15498e-08 96 1.21742
3.76152 0.73462 3.40574e-08 48 1.28568
3.79496 1.11901 5.05187e-08 48 1.32027
3.82811 0.637211 2.80267e-08 24 1.35516
3.86096 1.6002 6.86003e-08 72 1.39036
3.92586 1.09111 4.44942e-08 72 1.46165
3.95791 1.2534 4.98806e-08 96 1.49774
4.02124 4.05731 1.53956e-07 6 1.5708
4.05253 1.25377 4.64812e-08 96 1.60776
4.08359 1.67279 6.06116e-08 96 1.645
4.11441 1.72321 6.10458e-08 24 1.68253
4.145 1.53624 5.32264e-08 48 1.72034
4.17536 1.64972 5.59201e-08 96 1.75842
4.20551 1.25659 4.16848e-08 48 1.79679
4.26517 1.85858 5.91034e-08 36 1.87434
4.29468 1.1269 3.51021e-08 48 1.91353
4.324 1.60589 4.90115e-08 120 1.95298
4.35312 1.78291 5.33295e-08 56 1.9927
4.38204 0.772659 2.26567e-08 24 2.03269
4.41078 1.96235 5.6425e-08 96 2.07294
4.43933 1.40651 3.9667e-08 48 2.11345
4.49588 1.09798 2.98119e-08 24 2.19525
4.52389 1.63615 4.3604e-08 102 2.23654
4.55173 2.5296 6.61853e-08 48 2.27809
4.5794 2.03034 5.21654e-08 72 2.31989
4.60691 1.35612 3.42222e-08 48 2.36194
4.63425 2.37352 5.88431e-08 48 2.40424
4.66143 1.82451 4.44457e-08 120 2.4468
4.71532 1.52108 3.57981e-08 24 2.53264
4.74204 1.64659 3.81006e-08 144 2.57594
4.7686 2.04374 4.65043e-08 120 2.61947
4.79502 3.63598 8.13748e-08 48 2.66325
4.84743 1.13806 2.4653e-08 48 2.75153
4.87342 1.58644 3.38192e-08 96 2.79603
4.92499 2.01575 4.16352e-08 24 2.88574
4.95058 1.98738 4.04159e-08 48 2.93094
4.97603 1.96045 3.92597e-08 108 2.97638
5.00135 1.72694 3.40608e-08 72 3.02206
5.02655 2.77856 5.39821e-08 30 3.06796
5.05162 3.048 5.83396e-08 168 3.1141
5.07656 6.27451 1.18334e-07 48 3.16046
5.12609 3.30296 6.05039e-08 72 3.25387
5.15068 3.19106 5.76211e-08 96 3.30091
5.17515 1.82461 3.2482e-08 72 3.34818
5.1995 1.65807 2.91043e-08 72 3.39567
5.22374 4.05253 7.0149e-08 32 3.44338
5.24787 2.93908 5.01767e-08 72 3.49132
5.27189 2.47771 4.17246e-08 144 3.53948
5.34329 2.54839 4.12172e-08 96 3.68526
5.36688 1.59926 2.55266e-08 96 3.73428
5.39037 2.07618 3.27075e-08 48 3.78353
5.41376 2.36636 3.67979e-08 72 3.83298
5.43704 3.138 4.8173e-08 120 3.88265
5.46023 3.73492 5.66094e-08 72 3.93254
5.50631 3.68067 5.43983e-08 48 4.03294
5.5292 4.61973 6.74324e-08 78 4.08346
5.552 4.46137 6.43219e-08 120 4.13418
5.57471 15.8638 2.25934e-07 48 4.18512
5.61985 3.79069 5.26967e-08 144 4.28761
5.64229 5.25301 7.21577e-08 144 4.33916
5.68689 3.4542 4.63407e-08 12 4.44288
5.70906 3.49072 4.62872e-08 144 4.49505
5.73115 7.24116 9.49125e-08 48 4.54742
5.75315 5.23672 6.78552e-08 120 4.59999
5.77506 2.79379 3.57902e-08 48 4.65276
5.7969 2.15316 2.72728e-08 48 4.70573
5.81865 2.98376 3.73712e-08 168 4.75891
5.86191 2.7027 3.3107e-08 48 4.86585
5.88342 3.71363 4.49934e-08 96 4.91961
5.90486 4.46556 5.35165e-08 96 4.97357
5.92621 2.2021 2.61062e-08 72 5.02773
5.94749 2.50763 2.94105e-08 48 5.08209
5.9687 4.17873 4.84893e-08 96 5.13663
5.98982 1.88917 2.16904e-08 48 5.19138
6.03186 24.5417 2.75926e-07 30 5.30144
6.05277 20.0655 2.23269e-07 96 5.35676
6.0736 7.43369 8.18663e-08 192 5.41227
6.09437 4.38768 4.78287e-08 56 5.46797
6.11506 17.9648 1.93847e-07 24 5.52386
6.13568 10.8567 1.15971e-07 168 5.57994
6.15624 3.73496 3.94983e-08 120 5.63621
6.19714 10.8902 1.12902e-07 72 5.7493
6.2175 4.23857 4.35123e-08 144 5.80613
6.23778 5.61821 5.71146e-08 96 5.86315
6.258 2.27406 2.28946e-08 96 5.92035
6.29825 8.39329 8.2892e-08 72 6.03531
6.31827 3.27412 3.20287e-08 96 6.09306
6.35814 16.1562 1.55092e-07 24 6.20912
6.37797 4.25172 4.04349e-08 192 6.26742
6.39775 3.86518 3.64189e-08 108 6.3259
6.41747 4.26714 3.9837e-08 24 6.38457
6.43712 5.8623 5.42291e-08 96 6.44341
6.45672 4.19576 3.84605e-08 96 6.50243
6.47625 3.16591 2.87585e-08 120 6.56163
6.51515 3.87557 3.45781e-08 48 6.68057
6.53451 7.54885 6.67546e-08 78 6.74031
6.55382 14.0877 1.2348e-07 144 6.80023
6.57306 16.5183 1.43516e-07 120 6.86032
6.59226 5.14537 4.43153e-08 24 6.92058
6.61139 12.1474 1.03715e-07 168 6.98102
6.63047 13.6046 1.15158e-07 144 7.04164
6.66847 4.04476 3.36553e-08 24 7.1634
6.68739 14.26 1.17649e-07 48 7.22453
6.70625 6.9687 5.70101e-08 96 7.28584
6.72506 12.9478 1.05038e-07 120 7.34733
6.74382 4.21095 3.38768e-08 72 7.40898
6.76253 4.67994 3.73381e-08 120 7.47081
6.78118 8.06548 6.38195e-08 144 7.53281
6.81834 5.02174 3.90893e-08 48 7.65732
6.83684 5.37259 4.14817e-08 192 7.71983
6.8553 7.06453 5.41058e-08 144 7.7825
6.8737 8.88578 6.75092e-08 48 7.84535
6.91036 6.11526 4.57249e-08 192 7.97155
6.92862 4.67939 3.47127e-08 48 8.0349
6.96499 2.58372 1.88679e-08 8 8.1621
6.99816 5.78031 4.1614e-08 288 8.27926
7.01919 5.86415 4.18392e-08 96 8.35414
7.03717 16.5834 1.17414e-07 54 8.41849
7.0551 20.8836 1.46736e-07 120 8.483
7.07298 20.2296 1.41065e-07 120 8.54767
7.10861 19.6594 1.35038e-07 84 8.67751
7.12636 31.603 2.15459e-07 144 8.74267
7.14407 8.92937 6.0426e-08 72 8.80799
7.16173 10.9031 7.32383e-08 96 8.87348
7.19106 12.8406 8.52014e-08 144 8.98295
7.21445 9.10254 5.98125e-08 240 9.07091
7.24939 11.0445 7.15289e-08 24 9.20333
7.2668 10.8918 7.0034e-08 240 9.26978
7.28416 5.14075 3.28192e-08 96 9.33639
7.31012 9.06598 5.7264e-08 144 9.43656
7.33601 9.63519 6.02173e-08 96 9.53717
7.35321 11.3012 7.0135e-08 72 9.60441
7.38749 9.01834 5.5192e-08 96 9.73936
7.40457 4.94166 3.0034e-08 96 9.80708
7.42916 4.95548 2.98199e-08 216 9.90512
7.4725 10.8577 6.42068e-08 192 10.0795
7.48939 13.9716 8.20629e-08 144 10.148
7.52305 5.34301 3.09631e-08 48 10.2854
7.53982 12.6641 7.29007e-08 150 10.3544
7.55656 28.1775 1.61127e-07 96 10.4235
7.57326 13.9444 7.9212e-08 120 10.4927
7.60179 13.4796 7.57128e-08 168 10.6118
7.62314 16.0924 8.96314e-08 240 10.7014
7.65621 8.66348 4.76311e-08 24 10.8413
7.68256 12.1649 6.61959e-08 360 10.9536
7.70555 29.7023 1.60184e-07 48 11.0523
7.72193 7.69073 4.12126e-08 72 11.1229
7.74479 12.4377 6.6062e-08 240 11.222
7.81103 13.4478 6.96249e-08 276 11.5124
7.83561 8.20351 4.20746e-08 104 11.6214
7.85172 11.3409 5.78088e-08 72 11.6932
7.87519 12.4459 6.28757e-08 312 11.7984
7.91582 14.6015 7.26359e-08 96 11.9819
7.93971 10.656 5.25317e-08 288 12.0908
7.96355 13.6278 6.65803e-08 168 12.2
7.99521 15.6708 7.56553e-08 48 12.3461
8.011 10.7134 5.14172e-08 192 12.4194
8.05769 18.1299 8.55073e-08 198 12.6378
8.07383 31.8439 1.49289e-07 96 12.7139
8.09726 16.7818 7.79943e-08 192 12.8249
8.12064 16.1999 7.46418e-08 216 12.9363
8.13618 12.1333 5.55849e-08 72 13.0107
8.16717 21.315 9.65407e-08 96 13.16
8.19364 28.0418 1.25781e-07 336 13.2884
8.21345 9.65587 4.29986e-08 48 13.385
8.24287 21.3464 9.40436e-08 288 13.5293
8.25946 12.3716 5.41762e-08 192 13.6112
8.29 20.4764 8.86809e-08 48 13.7627
8.30522 37.6887 1.62329e-07 96 13.8387
8.32731 16.0388 6.85326e-08 264 13.9494
8.35073 20.0806 8.50829e-08 96 14.0674
8.3764 13.3249 5.59412e-08 240 14.1975
8.42353 12.5314 5.17316e-08 288 14.4385
8.44101 16.2538 6.66823e-08 96 14.5286
8.45596 9.25889 3.77841e-08 72 14.6059
8.49216 11.8002 4.75417e-08 336 14.7943
8.54127 22.0699 8.73924e-08 138 15.0525
8.5599 23.8379 9.37779e-08 240 15.1512
8.57955 31.77 1.24126e-07 144 15.2558
8.61048 21.7606 8.41064e-08 384 15.4214
8.65698 19.5959 7.45257e-08 312 15.6725
8.67717 21.2035 8.0078e-08 72 15.7824
8.69499 18.9531 7.11399e-08 248 15.8799
8.72942 17.4103 6.45788e-08 240 16.0693
8.76409 15.1888 5.56729e-08 24 16.2615
8.77849 17.5656 6.40684e-08 192 16.3418
8.79618 17.3295 6.28267e-08 312 16.4408
8.83014 16.4621 5.89961e-08 240 16.6319
8.85015 12.5602 4.47078e-08 96 16.7453
8.87865 14.7641 5.20481e-08 48 16.9076
8.90372 24.4606 8.55052e-08 408 17.0512
8.92124 13.6987 4.76039e-08 144 17.152
8.94951 26.2004 9.01882e-08 120 17.3157
8.96362 28.7745 9.85818e-08 144 17.3977
9.00452 16.9169 5.71712e-08 264 17.6369
9.02681 15.9174 5.33959e-08 192 17.7682
9.04779 14.536 4.84237e-08 102 17.8924
9.07025 27.4429 9.07428e-08 432 18.0259
9.10347 41.5355 1.35843e-07 48 18.2247
9.12079 20.958 6.8154e-08 384 18.329
9.1519 19.5486 6.29248e-08 144 18.5172
9.18009 23.0668 7.35675e-08 264 18.6888
9.22295 26.8808 8.4542e-08 144 18.9518
9.24727 20.5543 6.4136e-08 324 19.1021
9.28041 27.5954 8.51873e-08 384 19.3082
9.29572 21.1281 6.49009e-08 216 19.4039
9.32887 25.9155 7.87611e-08 216 19.6123
9.35667 30.4347 9.16737e-08 240 19.7881
9.39037 25.8852 7.71337e-08 168 20.0027
9.40381 20.5707 6.10347e-08 240 20.0887
9.44254 15.1838 4.44993e-08 216 20.3379
9.46184 18.2659 5.32053e-08 288 20.4629
9.48939 19.6281 5.66764e-08 240 20.6422
9.51068 22.2989 6.3957e-08 72 20.7814
9.54398 19.7394 5.60254e-08 246 21.0005
9.56795 23.8719 6.72466e-08 320 21.1591
9.60101 34.1574 9.52299e-08 288 21.3792
9.61635 30.8087 8.54835e-08 144 21.4818
9.65568 35.5467 9.74293e-08 288 21.7465
9.67622 32.2051 8.77096e-08 336 21.8855
9.70415 27.3587 7.3869e-08 168 22.0756
9.72088 24.1459 6.48585e-08 336 22.19
9.75547 21.8793 5.81471e-08 288 22.4277
9.77625 26.0316 6.87422e-08 264 22.5713
9.81143 27.8114 7.26549e-08 240 22.8159
9.8243 16.9884 4.42067e-08 96 22.9058
9.86024 22.9171 5.89844e-08 120 23.1581
9.88236 28.5617 7.302e-08 408 23.3143
9.91926 23.5943 5.96498e-08 456 23.5765
9.95206 22.099 5.5319e-08 108 23.8111
9.9705 30.0652 7.48433e-08 264 23.9437
9.99351 30.7403 7.59964e-08 264 24.1099
10.025 27.199 6.66096e-08 312 24.3386
10.0643 39.462 9.55154e-08 270 24.6255
10.0807 27.5977 6.64723e-08 240 24.7464
10.1103 35.2242 8.40994e-08 384 24.9648
10.1282 19.8004 4.70236e-08 192 25.098
10.1697 35.8895 8.41943e-08 432 25.4077
10.1904 31.1173 7.25553e-08 144 25.563
10.2213 27.5148 6.35747e-08 480 25.7966
10.2604 40.0073 9.13875e-08 216 26.0935
10.2853 23.9894 5.44011e-08 312 26.284
10.3082 27.0501 6.09346e-08 216 26.4597
10.335 33.1965 7.41991e-08 192 26.667
10.3681 29.8361 6.60515e-08 624 26.924
10.3941 26.1437 5.74435e-08 120 27.1273
10.4163 32.5564 7.10772e-08 336 27.3015
10.4574 30.5867 6.5994e-08 176 27.6254
10.4747 33.9723 7.29366e-08 384 27.7625
10.5085 29.5291 6.27873e-08 408 28.0323
10.5438 27.3368 5.75439e-08 144 28.3158
10.564 29.4869 6.17138e-08 486 28.4792
10.6035 41.6323 8.61629e-08 96 28.7998
10.6154 34.8345 7.18517e-08 384 28.897
10.6571 31.4073 6.4025e-08 492 29.2389
10.6866 39.1111 7.90722e-08 384 29.482
10.7102 33.3838 6.70474e-08 168 29.6779
10.7506 37.694 7.48545e-08 504 30.0147
10.7714 34.1399 6.74046e-08 240 30.1893
10.7949 35.5325 6.9696e-08 456 30.3877
10.836 26.8923 5.21507e-08 264 30.736
10.8632 37.4906 7.21591e-08 384 30.9679
10.8921 32.2292 6.15388e-08 432 31.2162
10.9282 29.6302 5.60187e-08 216 31.527
10.9474 29.3949 5.52812e-08 360 31.6939
10.9817 28.8535 5.37566e-08 312 31.9924
11.0218 42.4002 7.8136e-08 240 32.3442
11.0425 40.6181 7.44318e-08 414 32.5268
11.0763 41.8418 7.59749e-08 552 32.8262
11.1116 38.2558 6.88032e-08 360 33.1412
11.1349 37.9567 6.78368e-08 432 33.3505
11.1687 42.9785 7.61179e-08 480 33.6546
11.2059 43.0853 7.55484e-08 288 33.9926
11.2302 28.7548 5.00945e-08 312 34.2137
11.2562 37.8451 6.54753e-08 360 34.4519
11.2995 33.6629 5.75726e-08 576 34.8511
11.3354 38.4703 6.51709e-08 464 35.1845
11.3515 37.5312 6.33093e-08 192 35.335
11.3899 37.7563 6.30473e-08 396 35.6946
11.4181 35.3398 5.85762e-08 432 35.9603
11.4446 43.948 7.23389e-08 240 36.2115
11.4797 42.5395 6.93819e-08 624 36.5449
11.5178 37.7832 6.10142e-08 504 36.9103
11.5584 36.9854 5.90985e-08 198 37.3022
11.5777 38.6452 6.14431e-08 600 37.4888
11.6115 52.8177 8.32445e-08 384 37.8185
11.6469 42.7284 6.67299e-08 432 38.1659
11.6775 42.9943 6.66187e-08 336 38.4676
11.7053 48.1599 7.40924e-08 336 38.7429
11.7408 41.8093 6.37404e-08 744 39.0965
11.7788 55.3233 8.35301e-08 624 39.4771
11.8151 49.6973 7.43473e-08 192 39.8426
11.837 44.2162 6.57801e-08 432 40.0652
11.8692 43.2807 6.38666e-08 504 40.3925
11.9071 50.9594 7.44809e-08 336 40.7812
11.9357 45.31 6.5749e-08 456 41.0757
11.961 40.1038 5.78257e-08 408 41.3376
11.9967 40.7034 5.81678e-08 696 41.7088
12.0375 43.6648 6.17678e-08 384 42.1357
12.0797 52.6651 7.37216e-08 330 42.5803
12.1079 53.4177 7.42531e-08 624 42.8796
12.1368 51.7494 7.14223e-08 384 43.1869
12.1679 54.2182 7.42578e-08 728 43.5194
12.2048 54.6087 7.41149e-08 432 43.9174
12.2458 49.5099 6.65231e-08 696 44.3608
12.2726 63.1523 8.42989e-08 408 44.6527
12.3135 39.5781 5.23053e-08 456 45.1014
12.336 46.7205 6.1408e-08 408 45.3485
12.3706 48.586 6.3325e-08 528 45.7315
12.4155 44.4357 5.72901e-08 576 46.231
12.4491 50.0248 6.39747e-08 672 46.6077
12.4869 58.4339 7.40518e-08 384 47.0337
12.5204 52.1529 6.55631e-08 600 47.4132
12.5516 61.8616 7.7191e-08 294 47.7677
12.5804 50.4121 6.24723e-08 600 48.098
12.6134 51.5826 6.3423e-08 768 48.4771
12.6565 58.3865 7.10575e-08 648 48.976
12.6923 53.1205 6.41035e-08 408 49.3924
12.7292 50.8613 6.08446e-08 552 49.8248
12.7636 47.9027 5.68429e-08 648 50.2301
12.8023 45.2021 5.31537e-08 348 50.688
12.8251 54.2112 6.34087e-08 744 50.9589
12.8679 59.8876 6.93508e-08 672 51.4713
12.9036 58.4568 6.71332e-08 456 51.9012
12.9334 56.5648 6.45135e-08 600 52.2607
12.9695 55.2678 6.25092e-08 744 52.6997
13.006 60.1922 6.75063e-08 288 53.1466
13.0495 51.1736 5.6821e-08 704 53.6806
13.081 64.7151 7.13384e-08 678 54.0708
13.1208 73.6289 8.04274e-08 648 54.5662
13.1596 59.1248 6.40143e-08 648 55.0519
13.1964 69.52 7.4642e-08 696 55.5145
13.2284 60.3435 6.43206e-08 696 55.9191
13.2734 62.8726 6.63374e-08 552 56.4915
13.3052 65.2028 6.83028e-08 840 56.8994
13.3506 55.6338 5.76872e-08 600 57.4831
13.3849 63.997 6.58504e-08 696 57.9271
13.4246 62.5889 6.38311e-08 672 58.4447
13.4567 61.2908 6.20618e-08 552 58.8642
13.5 67.67 6.78637e-08 492 59.4345
13.5339 71.1638 7.08328e-08 840 59.8832
13.5717 63.4225 6.26012e-08 606 60.3866
13.6079 65.5056 6.41424e-08 936 60.8715
13.6493 62.8051 6.094e-08 528 61.4288
13.6785 74.0226 7.13662e-08 696 61.8233
13.7222 65.8738 6.29046e-08 648 62.4181
13.7547 70.0199 6.63908e-08 936 62.8628
13.799 66.9687 6.28882e-08 384 63.4721
13.8245 66.426 6.20337e-08 864 63.825
13.8698 72.2028 6.67709e-08 768 64.4536
13.9077 73.8003 6.76912e-08 528 64.984
13.9468 76.7913 6.98439e-08 776 65.5335
13.985 79.7397 7.19335e-08 960 66.0729
14.0235 71.6208 6.40784e-08 696 66.6204
14.0543 70.8426 6.29656e-08 582 67.0611
14.104 69.2594 6.09105e-08 1008 67.7746
14.1396 70.1159 6.11985e-08 408 68.2898
14.1747 76.9796 6.66917e-08 960 68.7993
14.2207 79.373 6.81001e-08 852 69.4712
14.2588 71.4345 6.07996e-08 912 70.0305
14.3027 74.4826 6.28114e-08 1032 70.68
14.3334 64.0985 5.37084e-08 384 71.1354
14.3782 72.7593 6.03965e-08 864 71.8053
14.4126 81.465 6.71399e-08 840 72.3219
14.4524 76.8323 6.28009e-08 912 72.9219
14.5014 83.1091 6.72446e-08 792 73.6667
14.5381 78.4073 6.29616e-08 744 74.2268
14.583 84.9578 6.75931e-08 726 74.9171
14.6171 88.7761 7.01379e-08 984 75.4438
14.6557 87.0876 6.82618e-08 912 76.0429
14.6984 85.3341 6.63063e-08 1104 76.7092
14.7399 87.321 6.72784e-08 744 77.3612
14.79 86.9689 6.63282e-08 968 78.1531
14.8189 78.5156 5.95319e-08 672 78.6116
14.8602 89.6605 6.74163e-08 984 79.2714
14.9075 84.2064 6.27147e-08 840 80.0305
14.945 89.2282 6.59561e-08 1092 80.6357
14.993 89.6046 6.56003e-08 840 81.415
15.0265 82.5027 5.99978e-08 720 81.9621
15.0728 83.6976 6.03081e-08 1110 82.7214
15.1154 98.9545 7.06997e-08 1056 83.4253
15.1542 88.7831 6.29467e-08 888 84.0693
15.1982 94.0594 6.611e-08 936 84.8037
15.2384 84.0627 5.8617e-08 912 85.479
15.2828 84.3926 5.8336e-08 1104 86.2279
15.3261 96.5033 6.61436e-08 912 86.963
15.3668 93.6629 6.36875e-08 1104 87.6584
15.413 89.7666 6.04911e-08 1128 88.4511
15.4559 90.7662 6.06574e-08 768 89.1909
15.4907 93.1479 6.18306e-08 888 89.7945
15.5324 107.953 7.1081e-08 1224 90.5232
15.5906 97.7002 6.36132e-08 750 91.5437
15.6187 98.0245 6.34805e-08 1092 92.0395
15.6685 94.9625 6.09135e-08 1472 92.922
15.7176 92.8078 5.8975e-08 792 93.7986
15.755 107.504 6.78278e-08 1080 94.4704
15.7999 105.632 6.60805e-08 1584 95.2806
15.8457 102.448 6.35338e-08 624 96.1121
15.8875 101.948 6.27265e-08 1248 96.8745
15.9288 109.283 6.67177e-08 888 97.6315
15.9759 109.55 6.62918e-08 912 98.4994
16.0166 105.026 6.30706e-08 1368 99.2546
16.0594 109.025 6.49498e-08 960 100.053
16.1064 110.806 6.54343e-08 1542 100.934
16.1587 112.689 6.59019e-08 1152 101.921
16.2027 105.447 6.11663e-08 1008 102.755
16.2458 114.655 6.59804e-08 1248 103.576
16.2838 106.961 6.11221e-08 1056 104.306
16.329 117.798 6.67573e-08 1188 105.177
16.3776 113.333 6.36565e-08 1152 106.119
16.4263 111.145 6.18742e-08 1560 107.068
16.4754 117.53 6.48455e-08 1128 108.031
16.5151 114.345 6.26348e-08 1152 108.814
16.5586 115.44 6.27378e-08 920 109.675
16.6046 114.822 6.18841e-08 1470 110.593
16.6539 121.62 6.49677e-08 1200 111.58
16.7007 119.166 6.31234e-08 1440 112.524
16.7407 112.274 5.90471e-08 1224 113.334
16.7902 126.805 6.61018e-08 1296 114.342
16.8432 126.825 6.54896e-08 1560 115.428
16.8896 123.075 6.30302e-08 1272 116.386
16.9285 124.981 6.35665e-08 1080 117.192
16.975 127.641 6.43878e-08 1368 118.159
17.0245 129.901 6.49579e-08 1248 119.195
17.0763 132.314 6.55641e-08 1194 120.288
17.1189 130.595 6.42305e-08 1752 121.19
17.1714 124.621 6.07316e-08 1392 122.308
17.2134 126.903 6.13924e-08 1440 123.208
17.266 138.242 6.62674e-08 1488 124.342
17.3158 128.809 6.12152e-08 1248 125.42
17.3578 134.632 6.35194e-08 1512 126.335
17.4059 127.542 5.96767e-08 1112 127.388
17.4584 137.053 6.35502e-08 1848 128.544
17.5012 141.246 6.50156e-08 1224 129.491
17.5513 133.418 6.08868e-08 1536 130.609
17.6038 139.882 6.32673e-08 1638 131.784
17.652 133.332 5.98128e-08 1392 132.868
17.7 144.968 6.45051e-08 1632 133.955
17.756 149.955 6.60944e-08 1452 135.231
17.7986 145.151 6.35187e-08 1680 136.207
17.8449 148.303 6.4394e-08 1320 137.273
17.893 141.631 6.10022e-08 1752 138.386
17.9488 139.867 5.96822e-08 1776 139.685
18.0029 150.972 6.38423e-08 1104 140.951
18.0415 149.935 6.2998e-08 1728 141.859
18.0953 144.239 6.00651e-08 1446 143.133
18.1443 145.206 5.99798e-08 1920 144.298
18.201 152.497 6.24039e-08 1896 145.656
18.2474 155.021 6.29548e-08 1176 146.771
18.2919 161.211 6.49914e-08 1856 147.849
18.3431 160.311 6.40896e-08 1896 149.093
18.3976 154.766 6.13242e-08 1464 150.426
18.4552 151.005 5.92757e-08 1968 151.843
18.5038 162.829 6.34146e-08 1548 153.046
18.5557 164.377 6.34822e-08 1944 154.337
18.6063 175.831 6.73526e-08 1470 155.604
18.6575 157.453 5.98179e-08 1920 156.891
18.7093 164.655 6.20356e-08 2184 158.203
18.7648 166.505 6.21773e-08 1464 159.615
18.809 163.644 6.06796e-08 1608 160.745
18.8624 165.244 6.07537e-08 1944 162.119
18.9166 178.305 6.49945e-08 1872 163.519
18.9683 164.987 5.96493e-08 2256 164.863
19.021 166.711 5.97725e-08 1632 166.243
19.0776 181.109 6.43591e-08 1542 167.73
19.1277 175.278 6.17986e-08 2216 169.055
19.1825 184.24 6.44038e-08 2052 170.511
19.2349 171.322 5.94001e-08 1680 171.912
19.2854 179.439 6.17268e-08 2280 173.27
19.3414 185.847 6.33768e-08 1968 174.785
19.3966 181.274 6.12913e-08 2016 176.286
19.4477 188.631 6.32774e-08 1968 177.682
19.5069 189.07 6.28483e-08 1920 179.312
19.5637 178.624 5.88614e-08 2400 180.88
19.6219 191.231 6.24566e-08 1974 182.499
19.6656 198.559 6.44177e-08 1944 183.724
19.7215 190.695 6.1342e-08 1920 185.294
19.7735 186.929 5.96578e-08 2280 186.762
19.826 208.65 6.60622e-08 1968 188.255
19.8834 199.241 6.25386e-08 2220 189.894
19.9402 207.778 6.46622e-08 2352 191.527
19.9979 195.009 6.01646e-08 1968 193.195
20.0514 200.41 6.13373e-08 2504 194.749
20.1114 201.92 6.12481e-08 2118 196.502
20.1661 196.436 5.91011e-08 2352 198.11
20.2215 206.622 6.16563e-08 2136 199.747
20.2758 209.668 6.20636e-08 2112 201.361
20.3301 208.327 6.11741e-08 2472 202.983
20.3859 210.548 6.13199e-08 2376 204.658
20.4424 217.914 6.29404e-08 2304 206.365
20.5033 218.421 6.25261e-08 2448 208.216
20.5597 228.603 6.49043e-08 2280 209.937
20.6226 210.827 5.93113e-08 2466 211.87
20.6734 239.624 6.69171e-08 2256 213.439
20.7288 239.522 6.63529e-08 2472 215.161
20.7863 224.432 6.16584e-08 2856 216.956
20.844 234.307 6.38385e-08 2112 218.768
20.9062 236.395 6.3834e-08 2720 220.732
20.9635 239.118 6.4041e-08 2136 222.553
21.0141 226.052 6.01057e-08 2736 224.168
21.0763 234.862 6.18972e-08 2376 226.163
21.1384 234.725 6.1317e-08 3126 228.17
21.2027 235.411 6.09389e-08 2568 230.257
21.2496 250.642 6.44524e-08 2112 231.79
21.3097 244.688 6.2391e-08 2748 233.76
21.3717 228.038 5.76408e-08 2928 235.808
21.4282 243.696 6.11128e-08 2640 237.682
21.4925 232.619 5.78126e-08 2856 239.83
21.5495 257.159 6.34059e-08 2352 241.742
21.6105 238.072 5.82042e-08 2910 243.8
21.6685 245.803 5.96129e-08 2784 245.769
21.731 263.207 6.32845e-08 2952 247.902
21.7905 250.761 5.97993e-08 2696 249.944
21.8483 254.377 6.01818e-08 3264 251.938
21.9108 260.839 6.11843e-08 2472 254.105
21.9713 260.919 6.06984e-08 3024 256.217
22.0383 262.024 6.04017e-08 2964 258.567
22.0973 267.412 6.1151e-08 2910 260.65
22.1561 286.077 6.49e-08 2880 262.736
22.2134 266.985 6.0101e-08 3216 264.78
22.2831 286.583 6.39091e-08 3096 267.281
22.3394 276.388 6.11708e-08 2880 269.312
22.4021 277.716 6.095e-08 2904 271.586
22.465 269.539 5.866e-08 3504 273.879
22.5286 285.608 6.16321e-08 3168 276.212
22.5974 289.252 6.18501e-08 3054 278.751
22.6529 296.523 6.29401e-08 3032 280.809
22.7152 277.293 5.8375e-08 3000 283.134
22.7794 301.717 6.29818e-08 3780 285.539
22.8468 297.719 6.15982e-08 3504 288.084
22.9105 290.001 5.95025e-08 2904 290.498
22.9708 309.382 6.29805e-08 3336 292.798
23.0336 307.275 6.2041e-08 3144 295.208
23.0969 298.077 5.96905e-08 3414 297.648
23.1662 307.36 6.09989e-08 3552 300.335
23.2215 315.551 6.21778e-08 2928 302.492
23.2818 310.423 6.06937e-08 3840 304.853
23.3508 308.495 5.97833e-08 3312 307.573
23.4144 325.429 6.2553e-08 3432 310.09
23.4796 323.871 6.17358e-08 3596 312.69
23.5507 322.667 6.0951e-08 4224 315.54
23.6216 316.424 5.92351e-08 3294 318.398
23.6816 336.59 6.25329e-08 3792 320.828
23.7459 335.109 6.17529e-08 3528 323.451
23.8201 335.77 6.12986e-08 3984 326.491
23.8821 340.157 6.16171e-08 3768 329.048
23.9469 337.706 6.06776e-08 3672 331.734
24.0113 347.307 6.19025e-08 3384 334.415
24.0749 358.832 6.34506e-08 3648 337.082
24.145 350.74 6.14816e-08 4098 340.033
24.211 345.461 6.00618e-08 4008 342.832
24.2803 360.744 6.21835e-08 4032 345.784
24.3436 365.87 6.25765e-08 3800 348.494
24.4106 361.134 6.12596e-08 3816 351.378
24.4813 377.735 6.35223e-08 4248 354.439
24.548 364.891 6.08629e-08 3720 357.347
24.616 381.655 6.31335e-08 4254 360.322
24.6841 365.16 5.99062e-08 4224 363.321
24.7539 364.393 5.9276e-08 4368 366.413
24.8247 378.86 6.11036e-08 4104 369.566
24.8945 392.447 6.27644e-08 4500 372.69
24.9619 394.185 6.25326e-08 3480 375.728
25.03 393.605 6.19321e-08 5328 378.813
25.1021 373.711 5.82967e-08 3342 382.096
25.1673 377.921 5.84964e-08 4800 385.081
25.2417 384.481 5.89871e-08 4184 388.506
25.3083 399.322 6.07815e-08 5064 391.59
25.3801 400.641 6.04662e-08 4032 394.932
25.4501 397.974 5.95702e-08 4632 398.205
25.522 413.183 6.13254e-08 4680 401.59
25.5928 422.135 6.21354e-08 3924 404.941
25.6619 423.599 6.18485e-08 5166 408.231
25.7329 418.232 6.05608e-08 4800 411.629
25.8063 418.447 6.0076e-08 4560 415.163
25.8751 428.454 6.10236e-08 4584 418.491
25.947 427.663 6.04063e-08 4848 421.987
26.0156 429.434 6.01778e-08 4560 425.344
26.0959 437.951 6.08062e-08 5600 429.297
26.1678 450.69 6.20603e-08 4686 432.857
26.2409 436.41 5.95933e-08 5016 436.494
26.3159 425.53 5.76125e-08 4956 440.244
26.3821 446.924 6.00547e-08 4872 443.574
26.458 467.086 6.22252e-08 5376 447.415
26.5341 457.1 6.03726e-08 5088 451.286
26.6057 466.653 6.11381e-08 4710 454.948
26.6772 469.922 6.10726e-08 4848 458.627
26.7491 478.133 6.16401e-08 5976 462.345
26.825 487.374 6.22995e-08 5208 466.292
26.9003 488.861 6.1966e-08 5352 470.232
26.975 490.45 6.16523e-08 4820 474.16
27.0465 499.748 6.23246e-08 5760 477.938
27.1221 489.661 6.05568e-08 5166 481.962
27.1993 496.444 6.0875e-08 6168 486.084
27.2764 502.268 6.10683e-08 5136 490.23
27.3523 505.236 6.09187e-08 6240 494.337
27.4326 510.955 6.10688e-08 5568 498.705
27.507 514.267 6.09677e-08 5712 502.77
27.5818 509.298 5.98889e-08 5520 506.881
27.6605 530.532 6.18545e-08 5670 511.235
27.7351 525.735 6.0802e-08 6036 515.381
27.8136 524.034 6.00936e-08 6264 519.77
27.8936 528.363 6.00704e-08 5912 524.266
27.967 533.245 6.0149e-08 5736 528.419
28.0414 540.932 6.05321e-08 5400 532.644
28.1205 538.143 5.97126e-08 6342 537.17
28.2012 539.872 5.93919e-08 7032 541.806
28.2802 556.757 6.0738e-08 5448 546.369
28.3553 558.261 6.04188e-08 6528 550.738
28.4381 553.694 5.94029e-08 6468 555.575
28.5189 564.087 6.00054e-08 6528 560.32
28.5929 561.83 5.93019e-08 5568 564.698
28.6695 577.979 6.0519e-08 6798 569.246
28.7556 583.897 6.05908e-08 6560 574.393
28.8326 593.537 6.10996e-08 6888 579.015
28.9133 597.538 6.09974e-08 6624 583.894
28.9929 594.661 6.02055e-08 6288 588.726
29.0725 604.058 6.06554e-08 6960 593.594
29.1573 619.995 6.17142e-08 6570 598.802
29.2314 609.973 6.02561e-08 6600 603.378
29.315 607.784 5.95277e-08 7776 608.57
29.4037 627.052 6.08609e-08 7248 614.109
29.4863 635.309 6.11457e-08 6672 619.297
29.5638 623.103 5.95005e-08 6704 624.194
29.6425 629.791 5.96615e-08 6942 629.192
29.7261 663.331 6.23096e-08 7656 634.535
29.8087 662.155 6.16836e-08 7128 639.837
29.8956 643.402 5.94155e-08 7908 645.45
29.977 628.318 5.75513e-08 6648 650.735
30.0528 655.172 5.95579e-08 7320 655.686
30.1423 688.832 6.20617e-08 7638 661.561
30.2243 679.742 6.07455e-08 7416 666.975
30.3042 649.561 5.75905e-08 7752 672.278
30.3935 668.597 5.87575e-08 8448 678.237
30.4801 704.238 6.13632e-08 7280 684.056
30.5639 702.309 6.06937e-08 7668 689.707
30.6478 705.917 6.05053e-08 8094 695.409
30.7311 715.224 6.08059e-08 7656 701.094
30.8164 714.403 6.02334e-08 8160 706.945
30.9021 716.993 5.995e-08 8472 712.863
30.9914 701.374 5.81386e-08 7896 719.06
31.0735 748.598 6.15624e-08 8088 724.791
31.1605 723.554 5.90062e-08 8286 730.892
31.2495 748.214 6.04975e-08 8676 737.172
31.3345 759.854 6.09397e-08 8120 743.208
31.4202 783.865 6.23523e-08 9024 749.323
31.5091 758.064 5.97911e-08 8160 755.701
31.5932 753.898 5.89888e-08 7944 761.768
31.6802 781.177 6.06213e-08 8982 768.076
31.7688 790.448 6.08287e-08 9528 774.541
31.8602 796.242 6.07491e-08 8832 781.241
31.9516 789.593 5.97265e-08 8916 787.982
32.039 790.422 5.93009e-08 9240 794.471
32.1273 804.737 5.98787e-08 8496 801.054
32.2155 812.036 5.9927e-08 9422 807.669
32.303 825.318 6.04131e-08 8976 814.273
32.3931 832.516 6.04331e-08 9432 821.104
32.4832 849.699 6.11688e-08 9864 827.97
32.5757 855.299 6.10487e-08 9024 835.068
32.6663 851.935 6.03039e-08 9762 842.056
32.7552 873.807 6.13499e-08 9264 848.95
32.8445 863.078 6.01039e-08 10056 855.908
32.9357 889.708 6.14451e-08 9936 863.059
33.0325 879.643 6.02172e-08 9624 870.695
33.1183 904.226 6.14202e-08 9752 877.498
33.2122 890.372 5.9968e-08 10446 884.978
33.3054 883.747 5.90235e-08 10056 892.448
33.3956 912.539 6.04538e-08 9876 899.722
33.491 912.381 5.99282e-08 11160 907.454
33.5844 913.216 5.9484e-08 10128 915.069
33.6785 930.588 6.01087e-08 9726 922.784
33.7682 905.073 5.79961e-08 11112 930.175
33.8643 950.022 6.03598e-08 10776 938.136
33.9552 973.088 6.13301e-08 10232 945.711
34.0498 959.901 5.9996e-08 11184 953.639
34.1497 962.896 5.96566e-08 11058 962.058
34.2449 962.39 5.91296e-08 11472 970.123
34.3371 975.32 5.94424e-08 10464 977.982
34.4285 1008.79 6.0994e-08 10584 985.815
34.5273 1018.57 6.10577e-08 12504 994.328
34.6247 1011.95 6.01505e-08 10560 1002.76
34.7179 1029.68 6.07127e-08 11694 1010.88
34.8164 1044.57 6.10697e-08 11420 1019.51
34.9125 1046.02 6.06505e-08 12504 1027.98
35.0084 1056.14 6.07356e-08 10800 1036.47
35.1074 1078.66 6.15075e-08 12456 1045.29
35.2074 1059.68 5.99119e-08 12030 1054.24
35.3017 1072.54 6.01543e-08 11232 1062.74
35.397 1089.1 6.05913e-08 13176 1071.37
35.4985 1082.59 5.97134e-08 11196 1080.62
35.593 1097.47 6.00534e-08 12720 1089.27
35.6922 1105.96 6.00148e-08 11918 1098.4
35.7902 1090.52 5.86922e-08 13392 1107.48
35.8939 1127.95 6.01823e-08 12600 1117.13
35.9941 1140.6 6.035e-08 13200 1126.51
36.095 1153.11 6.0502e-08 12864 1136.01
36.1944 1142.86 5.94715e-08 12270 1145.42
36.2935 1162.89 6.00198e-08 13668 1154.85
36.3944 1153.45 5.90385e-08 13200 1164.51
36.4956 1199.81 6.09021e-08 13416 1174.25
36.5974 1189.45 5.98736e-08 12992 1184.1
36.6991 1219.46 6.0875e-08 13806 1194.01
36.7995 1210.98 5.99588e-08 13800 1203.83
36.901 1202.38 5.90429e-08 13056 1213.82
37.0014 1230.46 5.99314e-08 14364 1223.75
37.1043 1235.84 5.96941e-08 13248 1233.99
37.2078 1255.08 6.01187e-08 15054 1244.35
37.3141 1248.14 5.92766e-08 13680 1255.04
37.4145 1259.5 5.9336e-08 15152 1265.21
37.5223 1298.92 6.06672e-08 14376 1276.17
37.6238 1308.89 6.06393e-08 13932 1286.56
37.7292 1317.27 6.05172e-08 14910 1297.4
37.833 1315.7 5.99491e-08 15648 1308.14
37.937 1322 5.97423e-08 13680 1318.95
38.0425 1346.67 6.03522e-08 15816 1329.99
38.1491 1345.14 5.97797e-08 15030 1341.2
38.253 1363.27 6.00932e-08 15104 1352.19
38.3629 1396.33 6.1023e-08 16548 1363.87
38.4701 1407.31 6.09901e-08 15360 1375.34
38.5768 1405.85 6.04227e-08 15768 1386.81
38.6815 1406.01 5.99402e-08 14622 1398.14
38.7893 1439.01 6.08369e-08 17568 1409.86
38.9018 1441.03 6.03952e-08 16368 1422.16
39.0083 1416.43 5.88795e-08 15960 1433.88
39.1164 1466.78 6.04685e-08 15732 1445.83
39.2236 1481.77 6.05867e-08 17006 1457.75
39.332 1493.12 6.05473e-08 16680 1469.87
39.4453 1482.02 5.9581e-08 17712 1482.61
39.5528 1495.29 5.96259e-08 15576 1494.76
39.6569 1526.59 6.03956e-08 16974 1506.6
39.7703 1504.21 5.90028e-08 17436 1519.56
39.8799 1557.81 6.06028e-08 17952 1532.16
39.9925 1529.15 5.89868e-08 17448 1545.17
40.1016 1559.8 5.96793e-08 17336 1557.85
40.2155 1573.57 5.96961e-08 17958 1571.16
40.3272 1585.58 5.96529e-08 19056 1584.29
40.441 1585.9 5.91628e-08 17304 1597.74
40.5506 1623.45 6.00737e-08 18276 1610.77
40.6624 1659.14 6.08894e-08 17838 1624.13
40.7728 1662.61 6.05226e-08 18984 1637.39
40.8917 1640.62 5.9203e-08 19616 1651.75
41.0031 1713.49 6.13297e-08 18168 1665.29
41.1166 1672.69 5.93751e-08 19320 1679.16
41.2339 1697.3 5.97356e-08 19170 1693.57
41.3443 1736.71 6.06346e-08 19008 1707.21
41.4599 1713.46 5.93236e-08 20472 1721.57
41.5775 1762.8 6.05154e-08 19128 1736.27
41.6919 1766.75 6.01536e-08 19998 1750.63
41.807 1749.52 5.9076e-08 19808 1765.17
41.9229 1829.91 6.12798e-08 20724 1779.89
42.0406 1807.17 6.00111e-08 19896 1794.93
42.1535 1809.25 5.95988e-08 20304 1809.43
42.2743 1848.44 6.03695e-08 21030 1825.02
42.3896 1851.4 5.99739e-08 21168 1840
42.5074 1869.57 6.00601e-08 20736 1855.39
42.6266 1886.96 6.01122e-08 21356 1871.03
42.7476 1921.37 6.06896e-08 22206 1887.02
42.8656 1946.1 6.09647e-08 21360 1902.69
42.9842 1948.99 6.05512e-08 21456 1918.52
43.1015 1961.44 6.04419e-08 21648 1934.27
43.2214 1974.48 6.03387e-08 22326 1950.46
43.3419 1973.32 5.98015e-08 22212 1966.82
43.4591 2004.25 6.0249e-08 22128 1982.81
43.5787 2020.61 6.02421e-08 22640 1999.23
43.702 2015.7 5.95886e-08 23022 2016.25
43.8256 2007.56 5.88469e-08 24168 2033.41
43.9456 2098.47 6.10092e-08 22416 2050.16
44.069 2119.24 6.10972e-08 23700 2067.47
44.1919 2116.74 6.05172e-08 24222 2084.82
44.3139 2122.56 6.0184e-08 22776 2102.13
44.4338 2143.37 6.02833e-08 24296 2119.24
44.5585 2165.71 6.04014e-08 24648 2137.14
44.6804 2158.55 5.97107e-08 22926 2154.72
44.8026 2232.26 6.12456e-08 25476 2172.45
44.9299 2214.42 6.02413e-08 25608 2191.02
45.0543 2200.87 5.93779e-08 24576 2209.27
45.1805 2256.82 6.03787e-08 25134 2227.89
45.3051 2273.69 6.03297e-08 25928 2246.37
45.4322 2251.66 5.92451e-08 26136 2265.33
45.5594 2276.46 5.93974e-08 25644 2284.41
45.684 2313.32 5.98663e-08 25926 2303.2
45.8119 2334.25 5.99036e-08 26232 2322.6
45.9378 2368.29 6.02787e-08 27216 2341.81
46.0667 2408.04 6.07772e-08 26736 2361.58
46.1982 2409.56 6.02981e-08 27698 2381.85
46.3248 2379.47 5.90582e-08 26640 2401.49
46.4497 2440.07 6.00747e-08 26880 2420.97
46.5822 2480.75 6.05565e-08 29160 2441.75
46.7132 2485.81 6.01712e-08 27318 2462.4
46.8402 2493.35 5.9864e-08 27984 2482.55
46.9703 2520.32 6.00101e-08 28364 2503.29
47.0985 2563.19 6.05341e-08 28464 2523.83
47.2319 2561.71 5.99881e-08 28974 2545.34
47.3611 2610.66 6.06353e-08 28920 2566.28
47.4908 2581.9 5.94771e-08 29640 2587.44
47.6245 2611.64 5.96573e-08 28884 2609.34
47.7555 2644.38 5.99092e-08 30558 2630.93
47.8909 2635.15 5.91951e-08 30776 2653.38
48.0219 2678.69 5.96821e-08 29040 2675.21
48.1534 2718.01 6.00634e-08 30984 2697.25
48.289 2749.76 6.02545e-08 30930 2720.1
48.4252 2732.01 5.93619e-08 32712 2743.19
48.5604 2770.53 5.96973e-08 30528 2766.23
48.6924 2751.1 5.8798e-08 30326 2788.84
48.8276 2811.54 5.95919e-08 33624 2812.14
48.9655 2878.14 6.04898e-08 31824 2836.02
49.0996 2901.28 6.0478e-08 31860 2859.39
49.2378 2903.75 6.00209e-08 33942 2883.61
49.3741 2950.39 6.04815e-08 31848 2907.62
49.5082 2961.54 6.02179e-08 33624 2931.38
49.6475 2982.11 6.01272e-08 33512 2956.19
49.7851 2999.11 5.997e-08 33594 2980.84
49.9236 2997.79 5.94459e-08 34944 3005.79
50.0623 3048.38 5.99483e-08 33624 3030.91
50.2003 3047.96 5.94469e-08 34710 3056.04
50.3385 3078.19 5.95436e-08 34704 3081.35
50.4781 3114.63 5.97499e-08 35468 3107.06
50.6192 3174.82 6.03967e-08 36096 3133.19
50.7626 3155.19 5.9516e-08 35958 3159.89
50.903 3193.02 5.97325e-08 36576 3186.19
51.0437 3220.81 5.97554e-08 35976 3212.68
51.1847 3236.04 5.95432e-08 36396 3239.37
51.3277 3281 5.98674e-08 38030 3266.6
51.4685 3316.84 6.00262e-08 35784 3293.55
51.6102 3337.96 5.99119e-08 38712 3320.84
51.7563 3368.85 5.99557e-08 38310 3349.12
51.8999 3375.01 5.95683e-08 37596 3377.06
52.0406 3415.56 5.97964e-08 39000 3404.6
52.1873 3477.14 6.03625e-08 38552 3433.48
52.3328 3495.09 6.01695e-08 40206 3462.28
52.4775 3473.51 5.93049e-08 39072 3491.07
52.6254 3506.66 5.93673e-08 41340 3520.67
52.7728 3561.45 5.97912e-08 39342 3550.34
52.9159 3610.18 6.01188e-08 40176 3579.3
53.063 3610.9 5.96322e-08 41768 3609.23
53.21 3679 6.02544e-08 40206 3639.33
53.3579 3724.15 6.04882e-08 42300 3669.75
53.5058 3748.25 6.03761e-08 42360 3700.36
53.6529 3745.56 5.98378e-08 40488 3730.96
53.8016 3784.07 5.99534e-08 44406 3762.06
53.9538 3803.55 5.97534e-08 43076 3794.08
54.1012 3892.2 6.06477e-08 42600 3825.26
54.2539 3852.72 5.95269e-08 45486 3857.75
54.4068 3916.84 6.00088e-08 43848 3890.46
54.554 3941.51 5.98993e-08 43248 3922.12
54.7042 3968.6 5.98157e-08 44988 3954.6
54.8585 3988.92 5.96159e-08 46454 3988.16
55.0108 4061.14 6.01926e-08 44928 4021.46
55.1648 4053.29 5.95745e-08 47256 4055.34
55.3178 4129.16 6.01877e-08 45126 4089.16
55.4713 4155.22 6.0066e-08 48084 4123.31
55.6247 4151.35 5.95151e-08 46320 4157.6
55.7806 4229.89 6.01338e-08 47894 4192.67
55.9325 4298.66 6.0615e-08 47160 4227.02
56.0862 4275.36 5.97922e-08 48228 4261.95
56.246 4286.32 5.94361e-08 50598 4298.48
56.4009 4421.67 6.08089e-08 47328 4334.1
56.556 4388.92 5.98633e-08 50696 4369.95
56.7134 4390.46 5.93872e-08 49344 4406.53
56.8734 4453.89 5.97383e-08 51570 4443.93
57.0306 4501.08 5.98732e-08 50832 4480.89
57.1888 4569.81 6.02845e-08 50424 4518.28
57.3474 4549.67 5.95222e-08 52686 4555.98
57.5064 4613.9 5.9863e-08 51092 4593.99
57.6651 4711.17 6.06218e-08 53376 4632.12
57.8263 4716.36 6.01824e-08 52374 4671.08
57.9846 4722.67 5.97709e-08 52848 4709.53
58.1458 4789.88 6.01186e-08 55488 4748.93
58.3113 4844.32 6.02858e-08 54098 4789.58
58.4692 4890.9 6.03736e-08 53688 4828.61
58.6308 4979.5 6.09605e-08 55296 4868.76
58.7939 4952.74 6.01297e-08 56358 4909.5
58.9603 4961.66 5.97292e-08 57468 4951.31
59.1239 5043.16 6.02077e-08 56000 4992.64
59.2895 5075.14 6.00835e-08 57774 5034.69
59.4537 5081.23 5.96584e-08 57648 5076.65
59.6174 5137.91 5.98283e-08 57480 5118.7
59.7831 5207.51 6.01359e-08 58122 5161.51
59.9471 5274.11 6.04067e-08 59208 5204.08
60.1145 5304.85 6.02525e-08 60032 5247.81
60.2829 5308.29 5.97876e-08 60366 5292.05
60.4503 5374.93 6.00367e-08 60444 5336.25
60.6167 5401.44 5.98374e-08 60912 5380.43
60.786 5423.27 5.95787e-08 61422 5425.63
60.9547 5530.44 6.02528e-08 63032 5470.95
61.1246 5577.8 6.02636e-08 62052 5516.82
61.2949 5555.24 5.95209e-08 64038 5563.05
61.4635 5678.69 6.03442e-08 61632 5609.09
61.6312 5728.24 6.03752e-08 64896 5655.13
61.8052 5719.01 5.97704e-08 64874 5703.15
61.974 5792.34 6.00433e-08 64200 5750.02
62.1478 5932.95 6.09863e-08 68016 5798.54
62.3225 5915.9 6.03011e-08 65694 5847.57
62.4947 5980.66 6.04588e-08 67212 5896.17
62.6679 5992.66 6.00793e-08 67088 5945.32
62.8408 6046.96 6.01245e-08 67182 5994.68
63.0147 6072 5.98752e-08 69768 6044.56
63.1896 6143.71 6.00806e-08 67524 6095.04
63.3643 6208.18 6.02101e-08 70758 6145.75
63.5397 6263.37 6.0244e-08 69488 6196.91
63.7157 6294.82 6.0046e-08 71640 6248.55
63.895 6377.9 6.03276e-08 72042 6301.47
64.073 6408.16 6.01102e-08 72960 6354.27
64.2495 6480.54 6.02894e-08 70416 6406.93
64.4294 6494.23 5.99122e-08 76790 6460.9
64.6097 6583.63 6.023e-08 72348 6515.27
64.7874 6600.96 5.9893e-08 74094 6569.18
64.966 6699.25 6.02847e-08 74976 6623.68
65.1456 6747.79 6.02206e-08 76200 6678.77
65.3291 6744.44 5.96852e-08 77114 6735.34
65.5098 6831.32 5.99551e-08 76872 6791.39
65.6917 6923.25 6.02585e-08 77784 6848.13
65.8753 7027.73 6.0658e-08 78654 6905.69
66.0578 7111.79 6.08762e-08 79380 6963.25
66.2409 7128.84 6.05174e-08 79256 7021.32
66.4249 7157.69 6.02588e-08 80094 7079.99
66.6071 7230.54 6.03737e-08 80760 7138.43
66.7946 7291.74 6.03736e-08 83034 7198.88
66.9809 7374.2 6.05482e-08 82664 7259.29
67.1658 7324.95 5.96487e-08 81864 7319.54
67.3508 7481.48 6.04226e-08 83334 7380.2
67.5384 7571.99 6.06453e-08 85980 7442.06
67.726 7570.41 6.01302e-08 84144 7504.24
67.9148 7624.62 6.00572e-08 86486 7567.17
68.1019 7759.31 6.06156e-08 86016 7629.89
68.2924 7765.39 6.01569e-08 88290 7694.1
68.4818 7884.17 6.05719e-08 87672 7758.27
68.6708 8011.64 6.10442e-08 88608 7822.71
68.8613 7932.7 5.99427e-08 88682 7887.97
69.0517 8037.91 6.02364e-08 91200 7953.6
69.2463 8086.91 6.00941e-08 92568 8021.04
69.4391 8136.52 5.99606e-08 91014 8088.21
69.6314 8317.64 6.0789e-08 92828 8155.58
69.8244 8310.58 6.0235e-08 93054 8223.62
70.0163 8437.83 6.06558e-08 92568 8291.6
70.2106 8464.23 6.0342e-08 96768 8360.8
70.4081 8617.29 6.09176e-08 95658 8431.57
70.6024 8607.31 6.03461e-08 96368 8501.56
70.8004 8677.56 6.03296e-08 98526 8573.28
70.9949 8752.86 6.03543e-08 95436 8644.15
71.1912 8816.83 6.02938e-08 101472 8716.05
71.3912 8826.13 5.98516e-08 98582 8789.72
71.5863 8970.88 6.03371e-08 99984 8861.98
71.7853 9131.49 6.0908e-08 101298 8936.09
71.9865 9135.34 6.04243e-08 104952 9011.41
72.1863 9241.87 6.06227e-08 100568 9086.66
72.3863 9357.36 6.0873e-08 105942 9162.39
72.5888 9307.16 6.00409e-08 104892 9239.53
72.7887 9496.31 6.07579e-08 103734 9316.05
72.9889 9520.01 6.04096e-08 107160 9393.16
73.1931 9578.87 6.02758e-08 108788 9472.2
73.3965 9744.2 6.08079e-08 107070 9551.38
73.5998 9791.08 6.05956e-08 110760 9630.97
73.8048 9899.1 6.07549e-08 109182 9711.68
74.0101 9919.47 6.03747e-08 112820 9792.95
74.2153 10056.6 6.0703e-08 110280 9874.65
74.4211 10182.5 6.09547e-08 114678 9957.01
74.6281 10265.2 6.09397e-08 112668 10040.3
74.835 10359.3 6.09895e-08 116030 10124
75.0455 10263.2 5.99169e-08 118032 10209.7
75.2528 10447.5 6.04902e-08 113700 10294.6
75.4597 10597 6.08521e-08 118566 10379.7
75.6704 10720.2 6.10469e-08 119840 10466.9
75.8801 10678.7 6.03079e-08 118278 10554.2
76.0893 10827.7 6.06464e-08 120852 10641.7
76.3009 10920.9 6.06608e-08 122166 10730.7
76.5134 10988.5 6.05291e-08 123296 10820.6
76.7256 11043.3 6.03277e-08 123300 10910.9
76.9392 11197.8 6.06638e-08 126174 11002.3
77.1528 11240.8 6.03921e-08 124800 11094.2
77.3659 11473.4 6.11342e-08 126774 11186.4
77.5809 11525.6 6.0903e-08 128900 11279.9
77.7962 11563.6 6.0598e-08 127776 11374.1
78.0124 11613.5 6.03548e-08 132246 11469.1
78.2288 11746.3 6.05398e-08 129252 11564.9
78.4454 11929.2 6.09746e-08 133118 11661.2
78.6629 11981.7 6.07363e-08 133272 11758.4
78.8821 12093.2 6.0792e-08 134970 11857
79.1006 12196.3 6.08036e-08 136128 11955.8
79.3217 12437.5 6.14889e-08 137270 12056.4
79.5433 12440.9 6.09934e-08 139620 12157.7
79.7641 12569.9 6.11154e-08 138312 12259.2
79.9859 12685.5 6.11658e-08 140694 12361.8
80.2068 12726.3 6.08566e-08 140888 12464.5
80.4299 12830.9 6.08475e-08 143034 12568.8
80.6531 12963 6.09651e-08 143688 12673.7
80.8755 13082.5 6.10211e-08 143510 12778.8
81.0998 13172.5 6.09325e-08 147828 12885.4
81.3269 13298.2 6.10001e-08 147918 12994
81.5524 13454.2 6.1205e-08 148992 13102.4
81.7797 13510.1 6.09483e-08 150356 13212.3
82.0043 13684.7 6.12302e-08 147606 13321.4
82.2317 13827.6 6.13579e-08 156624 13432.5
82.4634 13891.7 6.11238e-08 153354 13546.4
82.6905 14044.4 6.1288e-08 153968 13658.6
82.9194 14115.5 6.10896e-08 155862 13772.3
83.1486 14265.4 6.12294e-08 157524 13886.9
83.3797 14431.5 6.14285e-08 159126 14003
83.6126 14454.1 6.1012e-08 162488 14120.7
83.8452 14688.3 6.14858e-08 159570 14238.9
84.0767 14798.8 6.14385e-08 164304 14357.1
84.3123 14940.1 6.15064e-08 165720 14478.1
84.5455 15109.1 6.16888e-08 162866 14598.6
84.7789 15192.5 6.15186e-08 169056 14719.9
85.0154 15345.3 6.16199e-08 167502 14843.4
85.2505 15414 6.13853e-08 169964 14966.9
85.4866 15583.1 6.15461e-08 170478 15091.6
85.7246 15685.1 6.14343e-08 175200 15218
85.9642 15897.2 6.17461e-08 173130 15345.9
86.2012 16007 6.16607e-08 175712 15473.2
86.4415 16090.6 6.14673e-08 177438 15603
86.6808 16287.9 6.17071e-08 178092 15732.9
86.9209 16488.2 6.195e-08 179694 15864
87.1623 16588.2 6.18093e-08 182504 15996.5
87.4047 16703 6.17204e-08 182394 16130.4
87.6463 16897.3 6.19237e-08 184464 16264.5
87.8898 17016.9 6.1845e-08 186398 16400.5
88.1346 17198.5 6.19857e-08 188844 16537.9
88.3785 17394.6 6.21748e-08 187230 16675.5
88.6241 17483.1 6.19731e-08 193776 16815
88.8723 17650.2 6.20426e-08 192218 16956.6
89.1173 17852.8 6.22385e-08 192408 17097.3
89.3636 17906.8 6.19121e-08 195510 17239.4
89.6121 18234.2 6.25211e-08 198404 17383.6
89.8624 18280.4 6.21573e-08 200310 17529.7
90.1125 18531.7 6.24886e-08 201216 17676.4
90.3629 18654.6 6.23812e-08 201618 17824.3
90.6136 18799.9 6.23469e-08 204680 17973
90.8637 18894.3 6.21441e-08 202758 18122.2
91.1165 19162.5 6.25031e-08 211812 18273.9
91.3704 19329.4 6.25234e-08 205718 18427.1
91.6219 19327.7 6.20043e-08 211452 18579.7
91.8766 19637.2 6.24747e-08 213150 18735.1
92.1337 19984.6 6.30493e-08 217512 18892.8
92.3907 20020.1 6.26354e-08 214754 19051.3
92.6443 20132.6 6.24718e-08 215424 19208.6
92.9029 20453.8 6.294e-08 224574 19369.9
93.1615 20462 6.24423e-08 218588 19532.1
93.4187 20650.1 6.24971e-08 223902 19694.4
93.6773 20863 6.26201e-08 224952 19858.4
93.9391 21117.5 6.28555e-08 230258 20025.3
94.2003 21396.8 6.31584e-08 227544 20192.8
94.4611 21574.6 6.31573e-08 231018 20361
94.7234 21695.3 6.29844e-08 234504 20531.1
94.9866 21900.2 6.30523e-08 233102 20702.7
95.2488 22078.8 6.3043e-08 236892 20874.6
95.5133 22223.6 6.29306e-08 238830 21049
95.7779 22575.1 6.33977e-08 241232 21224.4
96.045 22688.1 6.31851e-08 243906 21402.5
96.3117 22976.8 6.34587e-08 244704 21581.3
96.5789 23202.7 6.35522e-08 246698 21761.4
96.8459 23373.6 6.34922e-08 248664 21942.4
97.1161 23522.6 6.33653e-08 253494 22126.5
97.3861 23847.5 6.37076e-08 251522 22311.6
97.6552 24010.1 6.36131e-08 255336 22497.1
97.9263 24201.5 6.35893e-08 257694 22685
98.1987 24452 6.37143e-08 260988 22874.8
98.4723 24656 6.37118e-08 261638 23066.6
98.7442 24872.3 6.37414e-08 262356 23258.1
99.0178 25166.5 6.3962e-08 266478 23452
99.2941 25388.7 6.39897e-08 272048 23648.9
99.5716 25694.7 6.42211e-08 269850 23847.7
99.847 25883.4 6.41588e-08 272544 24046.2
100.124 26093.6 6.4144e-08 275546 24247
100.401 26352.2 6.42457e-08 275334 24448.6
100.681 26598.7 6.43068e-08 285024 24653.8
100.963 26958.6 6.4632e-08 282242 24861.7
101.241 27207.1 6.46916e-08 280800 25067.7
101.521 27456.2 6.47451e-08 288330 25276.3
101.804 27640.8 6.46397e-08 290024 25487.8
102.087 27984.1 6.49001e-08 290598 25700.8
102.369 28160.3 6.477e-08 293748 25914.6
102.654 28492.1 6.49877e-08 299582 26132
102.939 28640.5 6.47859e-08 295914 26350
103.223 28986.2 6.50278e-08 302352 26568.8
103.511 29187.7 6.49348e-08 305342 26791.8
103.798 29610.3 6.53304e-08 305532 27015.1
104.087 29840 6.52911e-08 310806 27241.1
104.375 30228.8 6.55942e-08 310436 27468.5
104.666 30486.1 6.56031e-08 318006 27698.6
104.957 30924 6.59945e-08 312846 27929.8
105.247 31080.1 6.57804e-08 322508 28162.2
105.54 31378.4 6.58593e-08 321318 28398.4
105.833 31774.3 6.6138e-08 327204 28635.5
106.127 31902.7 6.58551e-08 325766 28874.7
106.421 32327.2 6.61806e-08 330246 29115.1
106.717 32800.4 6.65917e-08 335868 29358.8
107.015 33023.1 6.64855e-08 336710 29605.4
107.311 33339.9 6.65694e-08 336636 29851.7
107.609 33646.5 6.66251e-08 343542 30101.1
107.907 33976 6.67218e-08 342092 30351.8
108.206 34303.2 6.68067e-08 349446 30605.2
108.507 34545.7 6.672e-08 350118 30861.6
108.808 35150 6.73262e-08 352628 31118.6
109.111 35512 6.74538e-08 359334 31379.7
109.414 35893.5 6.76144e-08 356364 31641.5
109.717 36113.5 6.74668e-08 362990 31905.1
110.021 36599.9 6.78095e-08 364062 32171.4
110.326 37060.4 6.80943e-08 369756 32439.9
110.632 37229.7 6.78394e-08 368726 32710.5
110.939 37758.8 6.82346e-08 375786 32983.3
111.248 38212.3 6.84811e-08 378600 33259.3
111.557 38506.5 6.84366e-08 379394 33537.1
111.866 38958.4 6.8666e-08 386568 33817.4
112.178 39375.2 6.88237e-08 386906 34100.8
112.489 39857.8 6.90918e-08 388950 34384.8
112.801 40226 6.91532e-08 394512 34671.6
113.114 40535.6 6.91073e-08 396818 34961.7
113.428 41162.5 6.95948e-08 401112 35253.7
113.744 41580.4 6.97176e-08 404850 35548.9
114.06 42070.4 6.99548e-08 405566 35845.9
114.375 42276.2 6.97172e-08 409308 36144
114.692 42938.7 7.02238e-08 413766 36445.6
115.011 43439.9 7.04552e-08 417050 36749.9
115.331 43959.6 7.07054e-08 425232 37057.9
115.653 44463.6 7.09213e-08 421862 37368.7
115.972 44821.6 7.09034e-08 426402 37679.1
116.295 45426.2 7.12636e-08 434688 37994.4
116.619 46092.3 7.1706e-08 436634 38313.6
116.942 46547.8 7.18169e-08 434784 38632.5
117.265 46906.1 7.17734e-08 441018 38953.5
117.591 47610.8 7.22484e-08 447350 39278.7
117.917 48025.8 7.22736e-08 449868 39607.2
118.245 48709.7 7.26958e-08 453206 39938
118.573 49194.5 7.28117e-08 456570 40271.3
118.902 49858.7 7.31829e-08 463824 40608
119.233 50376.5 7.3329e-08 463718 40948
119.564 50825.7 7.33714e-08 468186 41289.2
119.895 51530.9 7.37736e-08 473448 41633.9
120.229 52222.2 7.41418e-08 479354 41982.9
120.563 52760.7 7.42857e-08 477702 42333.6
120.897 53182.4 7.42616e-08 485204 42685.9
121.234 54116.3 7.49373e-08 491454 43043.7
121.571 54671.2 7.50778e-08 491226 43403.7
121.908 55383.1 7.54266e-08 497648 43765.6
122.248 56047.2 7.56958e-08 504930 44132.9
122.587 56753.2 7.60151e-08 500358 44501.1
122.925 57441.3 7.63035e-08 508652 44870.3
123.267 58217.8 7.66931e-08 516390 45246
123.609 59000.6 7.70804e-08 515642 45623.9
123.951 59673.2 7.73156e-08 521880 46003.7
124.297 60481.7 7.77118e-08 530850 46389.2
124.642 61423 7.82671e-08 527054 46777
124.986 62126.7 7.85122e-08 534156 47165.1
125.334 62994 7.89463e-08 545150 47560.6
125.683 63743 7.92209e-08 543474 47959.3
126.031 64644.3 7.96786e-08 545310 48358
126.38 65533.3 8.01067e-08 555788 48761.1
126.732 66292.9 8.03616e-08 559542 49169.8
127.084 67061 8.06181e-08 564146 49581.2
127.437 68017.9 8.10918e-08 566520 49995
127.791 69148.2 8.1756e-08 573594 50412.9
128.146 69865.8 8.19193e-08 577718 50834.5
128.501 70887.2 8.243e-08 579303 51258.1
128.858 71666.2 8.26459e-08 586232 51686
129.216 72462.2 8.28702e-08 585156 52118.7
129.575 72998.3 8.27923e-08 582704 52553.7
129.934 74036.7 8.32757e-08 584544 52991.8
130.295 74508.1 8.3111e-08 585204 53434.9
130.657 75114 8.30929e-08 582812 53881.1
131.019 76396.4 8.38119e-08 584472 54331
131.383 77011.2 8.37861e-08 584132 54785
131.748 77543 8.36665e-08 582540 55242.2
132.113 78657.4 8.4167e-08 582096 55702.9
132.481 79115.3 8.39543e-08 586412 56169.1
132.849 80067.7 8.42599e-08 581640 56639.1
133.218 81083.7 8.46222e-08 583304 57112.3
133.589 81743.7 8.4603e-08 583536 57590.3
133.959 82570.3 8.47515e-08 578204 58070.6
134.33 83384.7 8.48797e-08 582180 58554.8
134.704 84296.3 8.50954e-08 582144 59045
135.078 84882.4 8.4977e-08 578780 59538.3
135.452 86333.4 8.57158e-08 577524 60034.1
135.828 87075 8.57368e-08 579584 60534.9
136.206 88040.5 8.59674e-08 580752 61042
136.585 89164.4 8.63425e-08 576896 61552.7
136.963 90398.5 8.6814e-08 575412 62065.7
137.343 90781.7 8.64613e-08 575676 62583
137.724 91603.3 8.65205e-08 576392 63106.2
138.107 92665.9 8.67991e-08 574368 63633.4
138.49 93694.1 8.70363e-08 572624 64164.1
138.874 94717.5 8.72581e-08 574056 64700.1
139.26 95914.1 8.76273e-08 572864 65241.4
139.647 96869.1 8.77677e-08 568992 65785.6
140.034 97889.2 8.79573e-08 572024 66335
140.424 99037.1 8.82503e-08 569052 66890.1
140.814 100210 8.85553e-08 568236 67448.9
141.204 101327 8.88031e-08 563612 68010.8
141.595 102638 8.92084e-08 567216 68577.9
141.989 103623 8.93167e-08 564740 69151.8
142.383 104784 8.95691e-08 563940 69729.9
142.779 105689 8.95934e-08 562172 70312.6
143.176 107163 9.00899e-08 561948 70900.7
143.574 108260 9.02567e-08 560084 71494.1
143.973 109750 9.07406e-08 556764 72091.1
144.371 111087 9.10882e-08 553976 72691.4
144.772 111962 9.10455e-08 556344 73298.1
145.174 113448 9.14891e-08 552420 73910.8
145.577 114785 9.18007e-08 552200 74528
145.981 116320 9.22586e-08 548880 75149.9
146.386 117166 9.21597e-08 548696 75777.4
146.793 118657 9.25593e-08 546948 76410.6
147.201 120286 9.30504e-08 547364 77050.6
147.61 121590 9.32798e-08 540792 77694.7
148.019 123504 9.39648e-08 540320 78341.9
148.43 124516 9.3951e-08 538668 78995.8
148.842 126232 9.44568e-08 537260 79655.3
149.255 127498 9.46138e-08 534912 80320.9
149.67 129236 9.51081e-08 534812 80992.9
150.085 130833 9.54867e-08 527424 81668.7
150.501 132609 9.59825e-08 528968 82349.4
150.919 134043 9.62177e-08 525312 83036.8
151.338 135934 9.67656e-08 525968 83731.3
151.759 137594 9.71354e-08 520272 84431.2
152.18 139352 9.75609e-08 520256 85136.6
152.603 141040 9.79251e-08 514536 85847.5
153.026 142900 9.83947e-08 515732 86564.5
153.452 144928 9.89634e-08 510624 87288.4
153.877 147003 9.95509e-08 507288 88016
154.304 148715 9.98769e-08 505904 88750.6
154.732 150854 1.00474e-07 502608 89491.6
155.163 152549 1.0076e-07 502280 90240.8
155.594 154470 1.01183e-07 496404 90995.1
156.026 156931 1.01943e-07 494156 91754.8
156.459 159359 1.02664e-07 490572 92520.7
156.893 161280 1.03041e-07 487856 93293.3
157.329 162843 1.03177e-07 485592 94073.1
157.765 165109 1.03747e-07 479840 94858.1
158.204 167425 1.0433e-07 480792 95651.3
158.644 169983 1.05045e-07 473276 96451.5
159.083 172296 1.05595e-07 469716 97254.5
159.525 175656 1.06763e-07 469388 98067
159.968 177249 1.06838e-07 463164 98886.5
160.412 179734 1.07439e-07 460964 99712.4
160.858 182444 1.08154e-07 456404 100546
161.304 185283 1.08929e-07 453096 101385
161.752 187837 1.09515e-07 447944 102232
162.2 190788 1.10315e-07 445104 103085
162.651 194226 1.11373e-07 440876 103947
163.103 196895 1.11966e-07 438372 104816
163.556 199755 1.12651e-07 431156 105692
164.009 202815 1.13432e-07 426816 106572
164.464 206232 1.14389e-07 424208 107461
164.921 209113 1.15025e-07 420060 108360
165.379 212381 1.15854e-07 414500 109266
165.838 215216 1.16429e-07 409044 110177
166.298 218743 1.17359e-07 406184 111096
166.761 221805 1.18013e-07 401808 112027
167.224 226463 1.19493e-07 394448 112962
167.687 230217 1.2047e-07 390564 113904
168.153 233394 1.21121e-07 386420 114855
168.62 237570 1.22266e-07 380148 115815
169.087 240654 1.22829e-07 375116 116781
169.557 244920 1.2397e-07 371108 117757
170.028 247500 1.24238e-07 363588 118741
170.5 252650 1.25772e-07 360704 119734
170.974 256418 1.2659e-07 352920 120734
171.449 262801 1.28666e-07 347888 121742
171.925 266996 1.29637e-07 342564 122760
172.402 270654 1.30325e-07 336104 123785
172.881 275358 1.31492e-07 329616 124819
173.36 279848 1.32531e-07 324044 125860
173.841 283742 1.33263e-07 317940 126910
174.324 288760 1.34495e-07 311516 127971
174.808 293308 1.3548e-07 306920 129041
175.294 298914 1.36925e-07 297936 130120
175.782 304074 1.38133e-07 293684 131209
176.27 309279 1.39334e-07 284568 132304
176.757 313956 1.40275e-07 276704 133404
177.248 320902 1.42189e-07 274896 134520
177.742 324112 1.42419e-07 263228 135646
178.234 329312 1.43508e-07 257720 136777
178.729 334642 1.44623e-07 250968 137919
179.225 337569 1.44679e-07 242276 139071
179.722 345060 1.46666e-07 236220 140232
180.221 347484 1.46473e-07 227624 141403
180.722 353883 1.47932e-07 221304 142586
181.225 355610 1.47422e-07 212204 143778
181.726 358524 1.47404e-07 203168 144974
182.23 364162 1.48484e-07 197955 146183
182.737 366903 1.48357e-07 190268 147408
183.246 373093 1.49608e-07 184188 148643
183.754 376748 1.49824e-07 176492 149882
184.264 383116 1.51096e-07 172200 151133
184.777 390194 1.52608e-07 166544 152400
185.291 393395 1.52584e-07 160160 153674
185.804 397902 1.53056e-07 155010 154955
186.319 406762 1.55171e-07 149948 156246
186.836 411756 1.55775e-07 145458 157552
187.356 417038 1.56464e-07 140444 158870
187.876 426494 1.58686e-07 135596 160197
188.396 433118 1.5982e-07 130308 161531
188.918 439006 1.60654e-07 126860 162877
189.444 447038 1.62234e-07 122748 164241
189.971 454932 1.63728e-07 118076 165617
190.499 463320 1.65365e-07 113774 167000
191.026 470290 1.66466e-07 109236 168391
191.555 477048 1.67464e-07 105638 169793
192.087 483141 1.68198e-07 102174 171212
192.623 494693 1.70787e-07 98708 172648
193.159 504643 1.72774e-07 94310 174095
193.694 515588 1.75063e-07 90414 175545
194.231 525124 1.76825e-07 87398 177010
194.77 534929 1.78637e-07 83462 178487
195.308 548668 1.81715e-07 79902 179970
195.85 555746 1.82534e-07 77558 181473
196.397 571337 1.86093e-07 74094 182996
196.944 579788 1.87275e-07 71006 184531
197.492 592342 1.89741e-07 67574 186077
198.04 604473 1.92025e-07 64368 187629
198.588 620177 1.95386e-07 61502 189192
199.137 640689 2.00186e-07 58214 190763
199.686 645437 2.00008e-07 55872 192347
200.24 660656 2.0303e-07 53270 193952
200.797 678440 2.06765e-07 50742 195575
201.356 697770 2.10891e-07 48032 197213
201.917 710845 2.13057e-07 45638 198865
202.479 733505 2.18023e-07 43008 200530
203.042 743028 2.19021e-07 40694 202208
203.608 760200 2.22221e-07 38408 203903
204.174 792808 2.2983e-07 35958 205609
204.742 804652 2.31329e-07 33920 207328
205.311 833308 2.37581e-07 31622 209062
205.88 855106 2.41777e-07 29640 210807
206.452 864481 2.42402e-07 27662 212569
207.024 900005 2.50278e-07 25568 214340
207.598 923562 2.54706e-07 23904 216126
208.175 954183 2.60968e-07 22118 217934
208.75 970302 2.63187e-07 20168 219747
209.328 997837 2.6842e-07 18816 221577
209.911 1.03444e+06 2.75957e-07 17126 223432
210.495 1.0814e+06 2.8609e-07 15680 225301
211.081 1.10145e+06 2.88974e-07 14184 227188
211.669 1.16173e+06 3.02257e-07 12854 229092
212.261 1.16283e+06 3.00015e-07 11600 231021
212.86 1.21396e+06 3.10572e-07 10428 232982
213.459 1.23782e+06 3.14016e-07 9032 234955
214.05 1.28717e+06 3.23839e-07 7838 236912
214.639 1.34163e+06 3.3477e-07 6816 238872
215.227 1.3634e+06 3.37422e-07 5840 240841
215.814 1.42066e+06 3.48734e-07 4952 242816
216.393 1.46073e+06 3.55698e-07 4062 244776
216.965 1.5384e+06 3.71657e-07 3368 246722
217.537 1.60608e+06 3.84956e-07 2744 248678
218.109 1.60376e+06 3.81379e-07 2184 250647
218.782 1.74718e+06 4.11662e-07 2192 252975
219.487 1.85731e+06 4.33412e-07 1238 255425
220.117 1.89846e+06 4.39219e-07 728 257632
220.69 2.09818e+06 4.81654e-07 456 259650
221.261 1.75516e+06 3.99798e-07 248 261671
221.827 1.67661e+06 3.78993e-07 104 263682
222.372 2.72275e+06 6.1095e-07 24 265634
222.88 928007 2.06814e-07 1 267456
0.200224
1200
200
512
3.93599
8.04248 67.6127 3.207e-07 6 12.5664
11.3738 79.4008 1.33153e-07 12 35.5431
13.93 179.993 1.64303e-07 8 65.2968
16.085 34.992 2.07467e-08 6 100.531
17.9835 165.582 7.02471e-08 24 140.496
19.7 193.121 6.23266e-08 24 184.687
22.7476 265.527 5.56602e-08 12 284.345
24.1274 372.32 6.54068e-08 30 339.292
25.4325 371.238 5.56829e-08 24 397.384
26.6739 476.668 6.19723e-08 24 458.457
27.86 330.231 3.76805e-08 8 522.374
28.9976 515.365 5.21519e-08 24 589.013
30.0922 653.019 5.91295e-08 48 658.267
32.1699 2605.26 1.93082e-07 6 804.248
33.16 925.522 6.26302e-08 48 880.812
34.1213 1063.3 6.60417e-08 36 959.663
35.0563 923.145 5.28701e-08 24 1040.74
35.9671 689.581 3.65688e-08 24 1123.97
36.8553 1073.32 5.29016e-08 48 1209.31
37.7226 910.068 4.18321e-08 24 1296.71
39.3999 1758.98 7.09603e-08 24 1477.5
40.2124 2138.53 8.11476e-08 30 1570.8
41.0087 1735.32 6.20853e-08 72 1665.98
41.7899 1968.97 6.65678e-08 32 1763.01
43.3101 3216.72 9.76982e-08 72 1962.49
44.0505 2180.47 6.29416e-08 48 2064.87
45.4951 3269.3 8.56643e-08 12 2274.76
46.2005 2657.21 6.64852e-08 48 2382.21
46.8953 2360.6 5.64774e-08 48 2491.31
47.5799 2628.32 6.02068e-08 48 2602.03
48.2549 2955.88 6.49088e-08 30 2714.34
48.9205 2221.4 4.6816e-08 24 2828.22
49.5772 2889.29 5.85041e-08 72 2943.64
50.8651 3915.21 7.34066e-08 24 3179.07
51.497 2941.3 5.31415e-08 96 3299.03
52.1212 2332.38 4.06439e-08 48 3420.45
52.738 3932.78 6.61557e-08 24 3543.34
53.3478 4525.2 7.35409e-08 24 3667.66
53.9506 4241.84 6.66509e-08 72 3793.4
54.5467 4172.39 6.34334e-08 48 3920.55
55.7199 3326.92 4.74516e-08 8 4178.99
56.2973 3233.1 4.4709e-08 54 4310.27
56.8689 6836.09 9.17114e-08 84 4442.88
57.4348 4989.28 6.4976e-08 48 4576.83
57.9951 3207.18 4.05684e-08 24 4712.1
58.5501 4054.23 4.98385e-08 72 4848.68
59.0999 3678.92 4.39744e-08 96 4986.55
60.1844 4442.88 5.02867e-08 48 5266.13
60.7194 5283.53 5.82348e-08 48 5407.82
61.2497 4857.14 5.21565e-08 24 5550.75
61.7754 6507.96 6.81141e-08 72 5694.92
62.8138 6679.56 6.65003e-08 72 5986.94
63.3265 6094.25 5.92111e-08 96 6134.76
64.3398 6226.15 5.76793e-08 6 6433.98
64.8405 6691.37 6.05641e-08 96 6585.37
65.3374 5293.48 4.68269e-08 96 6737.92
65.8305 7851.55 6.79068e-08 24 6891.63
66.32 7090.85 5.99798e-08 48 7046.5
66.8058 7534.61 6.2353e-08 96 7202.5
67.2882 7656.61 6.20097e-08 48 7359.65
68.2427 8574.92 6.65735e-08 36 7677.3
68.715 8955.72 6.81062e-08 48 7837.8
69.184 8098.25 6.03412e-08 120 7999.4
69.6499 5510.65 4.02422e-08 56 8162.1
70.1127 10374.5 7.42708e-08 24 8325.88
70.5725 8372.5 5.87746e-08 96 8490.75
71.0292 10800.6 7.43661e-08 48 8656.69
71.9341 9726.6 6.44757e-08 24 8991.76
72.3823 8346.76 5.43076e-08 102 9160.88
72.8277 10217.7 6.52681e-08 48 9331.05
73.2705 11441.5 7.17691e-08 72 9502.26
73.7105 11327.2 6.97866e-08 48 9674.51
74.148 11505.6 6.96387e-08 48 9847.78
74.5829 9947.44 5.91608e-08 120 10022.1
75.4451 12586.3 7.23178e-08 24 10373.7
75.8726 10928.7 6.17383e-08 144 10551
76.2976 9224.11 5.12426e-08 120 10729.4
76.7203 9750.07 5.32741e-08 48 10908.7
77.5588 14720.8 7.78536e-08 48 11270.3
77.9747 11427.1 5.94722e-08 96 11452.5
78.7999 8740.71 4.40768e-08 24 11820
79.2092 9929.89 4.93012e-08 48 12005.1
79.6165 12902.8 6.30834e-08 108 12191.3
80.0216 14816.4 7.13443e-08 72 12378.3
80.4248 13769.9 6.53134e-08 30 12566.4
80.8259 16019.1 7.48559e-08 168 12755.3
81.225 11339.5 5.22112e-08 48 12945.2
82.0175 12372.8 5.53335e-08 72 13327.8
82.4109 12169.8 5.36502e-08 96 13520.5
82.8024 12323.1 5.35589e-08 72 13714.1
83.192 13265.2 5.68471e-08 72 13908.7
83.5799 14450.6 6.1069e-08 32 14104.1
83.9659 14184.4 5.91208e-08 72 14300.4
84.3502 13536.6 5.56532e-08 144 14497.7
85.4927 16033.9 6.33127e-08 96 15094.8
85.8702 13470.9 5.24941e-08 96 15295.6
86.246 11622.9 4.47031e-08 48 15497.3
86.6201 21791.9 8.27331e-08 72 15699.9
86.9927 20138.4 7.54774e-08 120 15903.4
87.3637 23914.1 8.84916e-08 72 16107.7
88.1009 20991.1 7.57415e-08 48 16518.9
88.4672 19996 7.12583e-08 78 16725.8
88.8321 16331.2 5.74843e-08 120 16933.6
89.1954 20008 6.95692e-08 48 17142.2
89.9176 17940.9 6.08905e-08 144 17562
90.2766 19389.3 6.50245e-08 144 17773.2
90.9902 19032.9 6.2339e-08 12 18198
91.345 17430.1 5.64267e-08 144 18411.7
91.6983 15736.6 5.03577e-08 48 18626.2
92.0504 21078.1 6.668e-08 120 18841.6
92.401 25480.4 7.96923e-08 48 19057.7
92.7504 25699.5 7.94725e-08 48 19274.7
93.0984 16671.8 5.09796e-08 168 19492.5
93.7906 22425.2 6.70655e-08 48 19930.5
94.1348 19246.8 5.69308e-08 96 20150.7
94.4777 21770.4 6.36968e-08 96 20371.8
94.8194 26184.1 7.57854e-08 72 20593.6
95.1599 21210.3 6.07332e-08 48 20816.2
95.4991 18685.4 5.29351e-08 96 21039.7
95.8372 28157.7 7.89286e-08 48 21263.9
96.5097 29886.1 8.20343e-08 30 21714.7
96.8442 25862.5 7.02569e-08 96 21941.3
97.1776 23309.9 6.26732e-08 192 22168.6
97.5099 18757.8 4.99202e-08 56 22396.8
97.841 26181 6.89705e-08 24 22625.7
98.1709 21547.4 5.61934e-08 168 22855.4
98.4998 21630.9 5.5848e-08 120 23085.9
99.1543 23706.2 6.00021e-08 72 23549.2
99.4799 25984 6.51237e-08 144 23781.9
99.8045 21352.4 5.29952e-08 96 24015.5
100.128 23672.8 5.81865e-08 96 24249.8
100.772 25111.5 6.05471e-08 72 24720.6
101.092 20495.5 4.89488e-08 96 24957.2
101.73 34069.7 7.98471e-08 24 25432.5
102.048 30299.1 7.03496e-08 192 25671.3
102.364 27609.2 6.35115e-08 108 25910.9
102.679 21290.8 4.85268e-08 24 26151.2
102.994 24756.7 5.59109e-08 96 26392.2
103.307 28244.9 6.32097e-08 96 26634
103.62 27991.2 6.20767e-08 120 26876.5
104.242 27082.8 5.8993e-08 48 27363.6
104.552 24940.8 5.38456e-08 78 27608.3
104.861 23029.4 4.92811e-08 144 27853.7
105.169 25943.5 5.50307e-08 120 28099.9
105.476 23686.3 4.98052e-08 24 28346.7
105.782 27122.9 5.65377e-08 168 28594.3
106.088 24064.6 4.97308e-08 144 28842.6
106.696 31675.4 6.43463e-08 24 29341.3
106.998 32537.3 6.55377e-08 48 29591.7
107.3 29851.8 5.96226e-08 96 29842.8
107.601 37662.2 7.45928e-08 120 30094.7
107.901 34483.5 6.77287e-08 72 30347.2
108.2 37125.7 7.23148e-08 120 30600.4
108.499 31493.8 6.08399e-08 144 30854.4
109.093 29135 5.5368e-08 48 31364.4
109.39 33986.4 6.40646e-08 192 31620.4
109.685 28068.6 5.24833e-08 144 31877.1
109.979 34050 6.31574e-08 48 32134.6
110.566 29058.2 5.30452e-08 192 32651.5
110.858 52940.7 9.58803e-08 48 32910.9
111.44 35484.8 6.32646e-08 8 33431.9
111.971 29399.5 5.16735e-08 288 33911.8
112.307 34203.1 5.95776e-08 96 34218.6
112.595 33055.6 5.71388e-08 54 34482.1
112.882 40834.6 7.00485e-08 120 34746.4
113.168 32116.2 5.46761e-08 120 35011.3
113.738 29694.7 4.97972e-08 84 35543.1
114.022 34064 5.66986e-08 144 35810
114.305 34888.3 5.76399e-08 72 36077.5
114.588 36817.3 6.03778e-08 96 36345.8
115.057 29375.9 4.75874e-08 144 36794.2
115.431 35930 5.76403e-08 240 37154.4
115.99 19128.3 3.02448e-08 24 37696.8
116.269 36425.1 5.71809e-08 240 37969
116.547 35429.7 5.52216e-08 96 38241.8
116.962 41751.7 6.43843e-08 144 38652.1
117.376 36346.7 5.54582e-08 96 39064.2
117.651 46890.3 7.10449e-08 72 39339.7
118.2 25857.4 3.86344e-08 96 39892.4
118.473 44299.4 6.57323e-08 96 40169.8
118.867 43900 6.44948e-08 216 40571.4
119.56 42275.3 6.10336e-08 192 41285.6
119.83 49914.9 7.15766e-08 144 41566.1
120.369 36538.5 5.1695e-08 48 42129.1
120.637 43732.9 6.14618e-08 150 42411.5
120.905 43527.9 6.0768e-08 96 42694.6
121.172 44383.6 6.15536e-08 120 42978.2
121.629 36377.5 4.98844e-08 168 43465.9
121.97 41675.7 5.6671e-08 240 43833
122.499 45766.2 6.14303e-08 24 44406
122.921 49805.3 6.61664e-08 360 44866
123.289 36058.4 4.74761e-08 48 45270.1
123.551 48934.1 6.40197e-08 72 45559.4
123.917 49132 6.37111e-08 240 45965.2
124.977 48475.6 6.12742e-08 276 47154.8
125.37 34865.9 4.36577e-08 104 47601.4
125.628 41721.1 5.19207e-08 72 47895.5
126.003 44020 5.42934e-08 312 48326.3
126.653 44112.6 5.35741e-08 96 49078.1
127.035 50249.7 6.04782e-08 288 49523.8
127.417 49349.7 5.88632e-08 168 49971.3
127.923 43366.3 5.11142e-08 48 50569.7
128.176 53580.5 6.27808e-08 192 50869.8
128.68 31190.7 3.61189e-08 6 51471.9
128.931 48720.7 5.60898e-08 192 51773.7
129.181 55716.4 6.37711e-08 96 52076.2
129.556 49475.7 5.61381e-08 192 52530.9
129.93 58312.1 6.55946e-08 216 52987.2
130.179 49631.3 5.55104e-08 72 53292
130.675 57384.5 6.3454e-08 96 53903.3
131.098 60981.8 6.67804e-08 336 54429.1
131.415 42406.6 4.61038e-08 48 54824.8
131.886 56063.8 6.03013e-08 288 55416.1
132.151 54126.7 5.78676e-08 192 55751.4
132.64 81862 8.65564e-08 48 56372
132.884 39421.4 4.14532e-08 96 56683.1
133.237 61031.9 6.36682e-08 264 57136.6
133.612 74868 7.74467e-08 96 57620
134.022 58288.3 5.97432e-08 240 58153.1
134.776 50236.2 5.06308e-08 288 59140.1
135.056 61166.9 6.12651e-08 96 59509.1
135.295 59205.6 5.89866e-08 72 59825.9
135.875 50849.4 5.00162e-08 336 60597.5
136.66 66379.5 6.41721e-08 138 61654.9
136.958 68874.7 6.61505e-08 240 62059.3
137.273 64824.2 6.18334e-08 144 62487.7
137.768 61223.5 5.77718e-08 384 63165.9
138.512 61130.7 5.67596e-08 312 64194.7
138.835 69230.5 6.38327e-08 72 64644.9
139.12 72076.5 6.60489e-08 248 65044.1
139.671 65716.5 5.95112e-08 240 65819.7
140.225 42049.3 3.76287e-08 24 66607.1
140.456 63354.6 5.64155e-08 192 66936
140.739 74062.1 6.55532e-08 312 67341.5
141.282 70359.7 6.15603e-08 240 68124.4
141.602 59093.4 5.13531e-08 96 68588.7
142.058 54386.8 4.68092e-08 48 69253.5
142.46 67446.7 5.75606e-08 408 69841.8
142.74 75666.2 6.41957e-08 144 70254.8
143.192 78993.6 6.63855e-08 120 70924.9
143.418 79146.4 6.62004e-08 144 71260.8
144.072 62031.6 5.11812e-08 264 72240.8
144.429 73535.7 6.02247e-08 192 72778.6
144.765 87254.5 7.09644e-08 102 73287.1
145.124 84397.8 6.81324e-08 432 73834.3
145.655 87072.1 6.95246e-08 48 74648.4
145.933 73327.7 5.82171e-08 384 75075.5
146.43 71879 5.64869e-08 144 75846.3
146.882 77377.8 6.02497e-08 264 76549.4
147.567 64436.6 4.9477e-08 144 77626.4
147.956 88912.8 6.77336e-08 324 78242.1
148.487 74699.9 5.62987e-08 384 79086.5
148.731 62381.1 4.67826e-08 216 79478.4
149.262 85171.3 6.31954e-08 216 80331.9
149.707 69552.3 5.11479e-08 240 81052.1
150.246 91534.4 6.65911e-08 168 81931
150.461 90829.7 6.57955e-08 240 82283.3
151.081 69525.5 4.97459e-08 216 83304.1
151.389 86672.9 6.16362e-08 288 83816.1
151.83 80438.6 5.6706e-08 240 84550.4
152.171 105544 7.39058e-08 72 85120.5
152.704 93391.7 6.47141e-08 246 86018
153.087 88563.3 6.09084e-08 320 86667.6
153.616 83414.3 5.67766e-08 288 87569.2
153.862 87972.4 5.9593e-08 144 87989.6
154.491 80109.1 5.36059e-08 288 89073.7
154.819 83676.6 5.56374e-08 336 89643.2
155.266 95532.7 6.29736e-08 168 90421.9
155.534 89648.9 5.87906e-08 336 90890.2
156.088 94094.9 6.10522e-08 288 91864
156.42 91493.5 5.89866e-08 264 92452.1
156.983 83272.2 5.31108e-08 240 93453.9
157.189 104037 6.60945e-08 96 93822
157.764 97726 6.14084e-08 120 94855.4
158.118 100008 6.24211e-08 408 95495.4
158.708 93548.5 5.77402e-08 456 96569.2
159.233 122381 7.4792e-08 108 97530.2
159.528 100913 6.13302e-08 264 98073.4
159.896 105459 6.36518e-08 264 98754
160.4 116262 6.95125e-08 312 99691.1
161.028 110863 6.55122e-08 270 100866
161.291 94964 5.58427e-08 240 101361
161.764 96769.9 5.64069e-08 384 102256
162.051 92625.3 5.37045e-08 192 102801
162.715 105726 6.05532e-08 432 104070
163.046 107931 6.14406e-08 144 104706
163.541 108954 6.14609e-08 480 105663
164.166 110917 6.18567e-08 216 106879
164.565 124134 6.87255e-08 312 107659
164.931 101148 5.56277e-08 216 108379
165.36 106839 5.83008e-08 192 109228
165.89 115118 6.22193e-08 624 110281
166.306 90177.9 4.83742e-08 120 111113
166.661 103603 5.52215e-08 336 111827
167.318 111632 5.88033e-08 176 113153
167.594 109821 5.75635e-08 384 113715
168.136 119908 6.22458e-08 408 114820
168.7 148751 7.64455e-08 144 115982
169.024 133242 6.80824e-08 486 116651
169.656 128898 6.51292e-08 96 117964
169.847 117081 5.89596e-08 384 118362
170.514 115731 5.75981e-08 492 119763
170.985 140482 6.93401e-08 384 120758
171.363 128274 6.28964e-08 168 121561
172.009 133451 6.47004e-08 504 122940
172.342 125018 6.02617e-08 240 123655
172.719 109745 5.25541e-08 456 124468
173.376 110293 5.22183e-08 264 125895
173.811 120445 5.65974e-08 384 126844
174.274 126236 5.88469e-08 432 127862
174.851 133819 6.17671e-08 216 129134
175.159 115714 5.31289e-08 360 129818
175.707 137702 6.26342e-08 312 131041
176.349 134899 6.0692e-08 240 132482
176.68 147664 6.6062e-08 414 133230
177.22 132669 5.88124e-08 552 134456
177.785 143067 6.28191e-08 360 135746
178.159 125208 5.46322e-08 432 136604
178.699 141515 6.11898e-08 480 137849
179.295 119928 5.13402e-08 288 139234
179.683 144587 6.14962e-08 312 140139
180.099 119907 5.06468e-08 360 141115
180.792 137531 5.74255e-08 576 142750
181.367 138610 5.73273e-08 464 144116
181.625 136982 5.6413e-08 192 144732
182.239 152994 6.23723e-08 396 146205
182.69 178201 7.21118e-08 432 147294
183.114 141393 5.682e-08 240 148322
183.674 142979 5.69331e-08 624 149688
184.285 138287 5.45197e-08 504 151185
184.935 144438 5.63466e-08 198 152790
185.242 146378 5.68189e-08 600 153554
185.784 193276 7.43695e-08 384 154904
186.351 145473 5.5466e-08 432 156328
186.841 162948 6.16418e-08 336 157563
187.285 155682 5.84745e-08 336 158691
187.853 155774 5.79797e-08 744 160139
188.461 155331 5.72577e-08 624 161698
189.041 166485 6.08061e-08 192 163195
189.392 169034 6.13942e-08 432 164107
189.907 150919 5.43706e-08 504 165448
190.514 174128 6.21341e-08 336 167040
190.971 159994 5.66811e-08 456 168246
191.376 185993 6.54745e-08 408 169319
191.948 174052 6.07256e-08 696 170839
192.6 186929 6.45576e-08 384 172588
193.275 165410 5.65293e-08 330 174409
193.727 161445 5.47891e-08 624 175635
194.189 178815 6.02521e-08 384 176893
194.686 178260 5.9606e-08 728 178256
195.277 184382 6.10944e-08 432 179886
195.932 188047 6.16861e-08 696 181702
196.361 164916 5.37447e-08 408 182897
197.017 204794 6.60764e-08 456 184735
197.376 180297 5.78557e-08 408 185747
197.93 174641 5.55713e-08 528 187316
198.648 183464 5.77481e-08 576 189362
199.186 183081 5.71619e-08 672 190905
199.791 213471 6.60466e-08 384 192650
200.327 218095 6.6937e-08 600 194204
200.825 202759 6.17684e-08 294 195657
201.287 190527 5.76435e-08 600 197009
201.814 192002 5.76355e-08 768 198562
202.504 217880 6.47372e-08 648 200606
203.077 199864 5.88836e-08 408 202311
203.668 194856 5.69098e-08 552 204083
204.218 203589 5.89808e-08 648 205743
204.837 181331 5.2058e-08 348 207618
205.201 195294 5.57685e-08 744 208728
205.887 223045 6.30591e-08 672 210827
206.458 204361 5.72983e-08 456 212587
206.934 241060 6.71227e-08 600 214060
207.512 220685 6.09375e-08 744 215858
208.097 217779 5.96294e-08 288 217689
208.791 222099 6.02074e-08 704 219876
209.296 218147 5.87093e-08 678 221474
209.933 236616 6.31017e-08 648 223503
210.554 212581 5.61916e-08 648 225493
211.142 224447 5.88339e-08 696 227388
211.654 231105 6.0141e-08 696 229045
212.374 248701 6.40642e-08 552 231389
212.884 243398 6.22486e-08 840 233060
213.609 229395 5.80717e-08 600 235451
214.158 236583 5.94322e-08 696 237269
214.794 232159 5.78044e-08 672 239389
215.306 225924 5.58509e-08 552 241108
216 210455 5.15276e-08 492 243444
216.542 251514 6.11191e-08 840 245282
217.147 228504 5.50646e-08 606 247344
217.726 237944 5.68828e-08 936 249329
218.389 237190 5.61881e-08 528 251612
218.855 258275 6.07925e-08 696 253228
219.555 237119 5.5281e-08 648 255665
220.075 260623 6.03309e-08 936 257486
220.784 249785 5.72669e-08 384 259982
221.192 278555 6.35096e-08 864 261427
221.916 299733 6.76717e-08 768 264002
222.523 265671 5.9492e-08 528 266174
223.149 268052 5.95218e-08 776 268425
223.759 246293 5.42435e-08 960 270635
224.376 248607 5.43032e-08 696 272877
224.869 274275 5.95163e-08 582 274682
225.664 262723 5.64093e-08 1008 277605
226.234 277385 5.91081e-08 408 279715
226.796 289337 6.11983e-08 960 281802
227.531 285325 5.9766e-08 852 284554
228.14 295148 6.13299e-08 912 286845
228.844 286995 5.90878e-08 1032 289505
229.334 304518 6.22941e-08 384 291370
230.052 287947 5.83548e-08 864 294114
230.602 293443 5.90438e-08 840 296231
231.238 284110 5.66955e-08 912 298688
232.023 307796 6.08013e-08 792 301739
232.609 278320 5.45637e-08 744 304033
233.328 318223 6.18118e-08 726 306860
233.873 308964 5.95942e-08 984 309018
234.491 323756 6.19554e-08 912 311472
235.174 319518 6.06133e-08 1104 314201
235.838 291796 5.48878e-08 744 316872
236.64 321208 5.98082e-08 968 320115
237.102 342505 6.34017e-08 672 321993
237.764 317662 5.83134e-08 984 324696
238.52 332981 6.05459e-08 840 327805
239.12 348413 6.28763e-08 1092 330284
239.888 356011 6.36325e-08 840 333476
240.424 344560 6.11747e-08 720 335717
241.164 361882 6.36603e-08 1110 338827
241.846 327050 5.70475e-08 1056 341710
242.467 346438 5.99664e-08 888 344348
243.171 342282 5.87339e-08 936 347356
243.815 366579 6.24064e-08 912 350122
244.525 364514 6.15157e-08 1104 353190
245.217 375831 6.28895e-08 912 356200
245.869 375073 6.22648e-08 1104 359049
246.608 333082 5.47985e-08 1128 362296
247.294 340634 5.5576e-08 768 365326
247.85 392570 6.36191e-08 888 367798
248.519 369318 5.9369e-08 1224 370783
249.45 371560 5.90637e-08 750 374963
249.899 383695 6.06641e-08 1092 376994
250.695 371943 5.82475e-08 1472 380609
251.481 366044 5.67881e-08 792 384199
252.08 367867 5.6665e-08 1080 386951
252.799 390685 5.96682e-08 1584 390269
253.532 418688 6.33918e-08 624 393675
254.2 417403 6.26998e-08 1248 396798
254.861 387221 5.77151e-08 888 399899
255.614 412990 6.10135e-08 912 403454
256.265 410299 6.01547e-08 1368 406547
256.953 411943 5.99123e-08 966 409828
257.704 451344 6.50702e-08 1536 413434
258.54 424564 6.0618e-08 1152 417467
259.243 410123 5.80808e-08 1008 420884
259.932 397704 5.58753e-08 1248 424248
260.541 430683 6.00854e-08 1056 427237
261.264 453097 6.26889e-08 1188 430805
262.042 427158 5.85754e-08 1152 434663
262.821 484734 6.58817e-08 1560 438550
263.607 439108 5.91483e-08 1128 442496
264.241 491807 6.57707e-08 1152 445700
264.937 453679 6.01949e-08 920 449230
265.674 441840 5.81377e-08 1470 452989
266.462 462637 6.03356e-08 1200 457032
267.211 445254 5.75817e-08 1440 460896
267.851 442743 5.68473e-08 1224 464218
268.643 469958 5.98101e-08 1296 468344
269.491 465038 5.86269e-08 1560 472794
270.234 462038 5.77693e-08 1272 476717
270.856 529216 6.57138e-08 1080 480017
271.599 478912 5.89806e-08 1368 483980
272.391 514356 6.27949e-08 1248 488225
273.221 531831 6.43388e-08 1194 492698
273.902 476876 5.72611e-08 1752 496394
274.742 490858 5.8401e-08 1392 500974
275.414 526762 6.22151e-08 1440 504660
276.257 488239 5.71391e-08 1488 509306
277.053 493091 5.72111e-08 1248 513721
277.725 531095 6.11742e-08 1512 517468
278.494 535529 6.11751e-08 1112 521781
279.334 529745 5.997e-08 1848 526517
280.018 542129 6.09232e-08 1224 530396
280.822 576456 6.42266e-08 1536 534973
281.662 553435 6.11116e-08 1638 539788
282.432 584814 6.40497e-08 1392 544228
283.2 550276 5.97781e-08 1632 548679
284.096 575487 6.1927e-08 1452 553906
284.778 548214 5.85695e-08 1680 557903
285.519 520646 5.51924e-08 1320 562269
286.288 567309 5.96552e-08 1752 566828
287.181 564776 5.88366e-08 1776 572149
288.046 555694 5.73704e-08 1104 577335
288.664 588384 6.03566e-08 1728 581054
289.525 632357 6.42899e-08 1446 586273
290.308 559518 5.64254e-08 1920 591043
291.216 576116 5.75575e-08 1896 596607
291.958 577555 5.72628e-08 1176 601176
292.671 636791 6.26755e-08 1856 605591
293.489 637808 6.2252e-08 1896 610684
294.361 620740 6.00491e-08 1464 616145
295.283 631886 6.05568e-08 1968 621951
296.06 650368 6.18384e-08 1548 626876
296.89 611203 5.76284e-08 1944 632163
297.701 645336 6.0351e-08 1470 637355
298.52 617131 5.72399e-08 1920 642627
299.349 643972 5.92341e-08 2184 648000
300.237 667166 6.08246e-08 1464 653785
300.944 676883 6.12767e-08 1608 658413
301.799 683972 6.13939e-08 1944 664038
302.665 656781 5.84484e-08 1872 669773
303.492 694452 6.12969e-08 2256 675280
304.337 699979 6.12719e-08 1632 680932
305.241 712348 6.18018e-08 1542 687023
306.043 683292 5.88164e-08 2216 692449
306.919 710308 6.06197e-08 2052 698414
307.758 723283 6.1224e-08 1680 704153
308.566 731951 6.1472e-08 2280 709716
309.463 690489 5.74873e-08 1968 715920
310.346 704265 5.81352e-08 2016 722066
311.163 723233 5.92316e-08 1968 727787
312.111 715834 5.8093e-08 1920 734460
313.019 742928 5.9769e-08 2400 740885
313.95 749269 5.97444e-08 1974 747516
314.65 789192 6.25083e-08 1944 752532
315.544 772961 6.07039e-08 1920 758963
316.375 759802 5.92014e-08 2280 764977
317.216 799282 6.17837e-08 1968 771092
318.134 796001 6.09991e-08 2220 777804
319.043 783954 5.95637e-08 2352 784494
319.967 810168 6.10239e-08 1968 791325
320.822 826088 6.17265e-08 2504 797691
321.782 812463 6.01669e-08 2118 804870
322.658 814829 5.98523e-08 2352 811458
323.544 844807 6.15457e-08 2136 818163
324.413 816084 5.89765e-08 2112 824776
325.282 835127 5.98707e-08 2472 831416
326.174 817069 5.80964e-08 2376 838281
327.078 839466 5.91953e-08 2304 845270
328.053 879903 6.14952e-08 2448 852852
328.955 862295 5.97705e-08 2280 859902
329.961 914247 6.27935e-08 2466 867820
330.774 885192 6.03509e-08 2256 874246
331.661 880723 5.95656e-08 2472 881301
332.581 921581 6.18133e-08 2856 888652
333.504 898287 5.9752e-08 2112 896072
334.499 871423 5.74491e-08 2720 904119
335.416 922322 6.03072e-08 2136 911577
336.226 929972 6.03694e-08 2736 918191
337.22 936751 6.02729e-08 2376 926365
338.215 936511 5.97274e-08 3126 934586
339.243 920105 5.81494e-08 2568 943132
339.994 924293 5.80277e-08 2112 949411
340.955 953087 5.93311e-08 2748 957482
341.947 996714 6.15081e-08 2928 965869
342.851 1.02163e+06 6.25485e-08 2640 973544
343.881 982326 5.96036e-08 2856 982343
344.792 977839 5.88619e-08 2352 990177
345.768 1.03611e+06 6.1843e-08 2910 998604
346.696 1.03041e+06 6.10104e-08 2784 1.00667e+06
347.696 1.00466e+06 5.89738e-08 2952 1.01541e+06
348.648 1.02613e+06 5.9742e-08 2696 1.02377e+06
349.573 1.00815e+06 5.82305e-08 3264 1.03194e+06
350.572 982444 5.6262e-08 2472 1.04081e+06
351.541 1.00538e+06 5.7101e-08 3024 1.04946e+06
352.612 1.09922e+06 6.18634e-08 2964 1.05909e+06
353.557 1.10295e+06 6.15768e-08 2910 1.06762e+06
354.497 1.0445e+06 5.78506e-08 2880 1.07617e+06
355.414 1.09349e+06 6.00966e-08 3216 1.08454e+06
356.53 1.11612e+06 6.07667e-08 3096 1.09478e+06
357.43 1.14168e+06 6.16894e-08 2880 1.1031e+06
358.434 1.08297e+06 5.80266e-08 2904 1.11242e+06
359.44 1.14814e+06 6.10037e-08 3504 1.12181e+06
360.458 1.12653e+06 5.935e-08 3168 1.13137e+06
361.559 1.15505e+06 6.02981e-08 3054 1.14176e+06
362.446 1.09853e+06 5.69271e-08 3032 1.15019e+06
363.444 1.1592e+06 5.95779e-08 3000 1.15972e+06
364.47 1.15204e+06 5.87113e-08 3780 1.16957e+06
365.549 1.19702e+06 6.04647e-08 3504 1.17999e+06
366.568 1.17665e+06 5.89416e-08 2904 1.18988e+06
367.533 1.15785e+06 5.75446e-08 3336 1.1993e+06
368.538 1.20306e+06 5.93034e-08 3144 1.20917e+06
369.551 1.17807e+06 5.75953e-08 3414 1.21917e+06
370.659 1.20789e+06 5.85251e-08 3552 1.23017e+06
371.545 1.27963e+06 6.15588e-08 2928 1.23901e+06
372.509 1.23114e+06 5.87673e-08 3840 1.24868e+06
373.613 1.28321e+06 6.07113e-08 3312 1.25982e+06
374.63 1.25528e+06 5.89077e-08 3432 1.27013e+06
375.674 1.26315e+06 5.8784e-08 3596 1.28078e+06
376.812 1.27361e+06 5.87355e-08 4224 1.29245e+06
377.946 1.31057e+06 5.98976e-08 3294 1.30416e+06
378.905 1.39454e+06 6.32527e-08 3792 1.31411e+06
379.935 1.32699e+06 5.97005e-08 3528 1.32486e+06
381.122 1.36783e+06 6.09651e-08 3984 1.33731e+06
382.114 1.34419e+06 5.94459e-08 3768 1.34778e+06
383.151 1.36414e+06 5.98397e-08 3672 1.35878e+06
384.18 1.45412e+06 6.32755e-08 3384 1.36977e+06
385.199 1.36174e+06 5.87868e-08 3648 1.38069e+06
386.32 1.36085e+06 5.82383e-08 4098 1.39277e+06
387.377 1.38392e+06 5.87424e-08 4008 1.40424e+06
388.485 1.41538e+06 5.95645e-08 4032 1.41633e+06
389.498 1.44708e+06 6.04249e-08 3800 1.42743e+06
390.569 1.49187e+06 6.17843e-08 3816 1.43924e+06
391.7 1.43364e+06 5.88597e-08 4248 1.45178e+06
392.769 1.4623e+06 5.95478e-08 3720 1.46369e+06
393.856 1.40516e+06 5.67484e-08 4254 1.47588e+06
394.945 1.48966e+06 5.96647e-08 4224 1.48816e+06
396.062 1.5341e+06 6.09261e-08 4368 1.50083e+06
397.195 1.48145e+06 5.83332e-08 4104 1.51374e+06
398.311 1.52234e+06 5.94407e-08 4500 1.52654e+06
399.391 1.51628e+06 5.87255e-08 3480 1.53898e+06
400.481 1.5381e+06 5.90853e-08 5328 1.55162e+06
401.634 1.54744e+06 5.89334e-08 3342 1.56506e+06
402.677 1.56122e+06 5.89973e-08 4800 1.57729e+06
403.868 1.56398e+06 5.85807e-08 4184 1.59132e+06
404.934 1.58231e+06 5.88003e-08 5064 1.60395e+06
406.082 1.62839e+06 6.00008e-08 4032 1.61764e+06
407.201 1.64162e+06 5.99911e-08 4632 1.63105e+06
408.351 1.59473e+06 5.77864e-08 4680 1.64491e+06
409.484 1.6314e+06 5.86257e-08 3924 1.65864e+06
410.59 1.6316e+06 5.81604e-08 5166 1.67211e+06
411.726 1.71352e+06 6.05765e-08 4800 1.68603e+06
412.901 1.67364e+06 5.86629e-08 4560 1.70051e+06
414.001 1.66325e+06 5.78352e-08 4584 1.71414e+06
415.151 1.72911e+06 5.96269e-08 4848 1.72846e+06
416.249 1.77332e+06 6.0669e-08 4560 1.74221e+06
417.535 1.75097e+06 5.93527e-08 5600 1.7584e+06
418.686 1.80907e+06 6.08179e-08 4686 1.77298e+06
419.855 1.82069e+06 6.06984e-08 5016 1.78788e+06
421.054 1.81304e+06 5.99285e-08 4956 1.80324e+06
422.113 1.85377e+06 6.08149e-08 4872 1.81688e+06
423.328 1.85007e+06 6.01726e-08 5376 1.83261e+06
424.545 1.84205e+06 5.93977e-08 5088 1.84847e+06
425.69 1.92792e+06 6.16663e-08 4710 1.86347e+06
426.835 1.90391e+06 6.04096e-08 4848 1.87854e+06
427.985 1.8676e+06 5.87813e-08 5976 1.89376e+06
429.2 1.93361e+06 6.03435e-08 5208 1.90993e+06
430.405 1.89825e+06 5.87439e-08 5352 1.92607e+06
431.6 1.99823e+06 6.13254e-08 4820 1.94216e+06
432.743 2.00517e+06 6.1052e-08 5760 1.95763e+06
433.954 1.98829e+06 6.00326e-08 5166 1.97412e+06
435.188 1.95084e+06 5.84023e-08 6168 1.991e+06
436.422 1.99762e+06 5.92971e-08 5136 2.00798e+06
437.637 2.09453e+06 6.16572e-08 6240 2.02481e+06
438.922 2.06636e+06 6.02952e-08 5568 2.0427e+06
440.112 2.04751e+06 5.9262e-08 5712 2.05935e+06
441.308 2.09182e+06 6.00537e-08 5520 2.07618e+06
442.568 2.05728e+06 5.85588e-08 5670 2.09402e+06
443.761 2.05564e+06 5.80414e-08 6036 2.111e+06
445.017 2.15166e+06 6.02398e-08 6264 2.12898e+06
446.297 2.16948e+06 6.02176e-08 5912 2.14739e+06
447.472 2.18578e+06 6.01933e-08 5736 2.1644e+06
448.662 2.14842e+06 5.8695e-08 5400 2.18171e+06
449.929 2.16124e+06 5.8548e-08 6342 2.20025e+06
451.219 2.24892e+06 6.04019e-08 7032 2.21924e+06
452.483 2.16838e+06 5.77524e-08 5448 2.23793e+06
453.686 2.24424e+06 5.92986e-08 6528 2.25582e+06
455.01 2.33869e+06 6.12563e-08 6468 2.27563e+06
456.302 2.28474e+06 5.93364e-08 6528 2.29507e+06
457.487 2.372e+06 6.1125e-08 5568 2.313e+06
458.712 2.26912e+06 5.80067e-08 6798 2.33163e+06
460.09 2.35457e+06 5.96516e-08 6560 2.35271e+06
461.321 2.38695e+06 5.99893e-08 6888 2.37165e+06
462.613 2.40266e+06 5.98795e-08 6624 2.39163e+06
463.886 2.40577e+06 5.9465e-08 6288 2.41142e+06
465.161 2.39921e+06 5.88165e-08 6960 2.43136e+06
466.517 2.45626e+06 5.96914e-08 6570 2.45269e+06
467.702 2.49551e+06 6.01853e-08 6600 2.47144e+06
469.04 2.47368e+06 5.91498e-08 7776 2.4927e+06
470.459 2.49252e+06 5.90628e-08 7248 2.51539e+06
471.78 2.50906e+06 5.89566e-08 6672 2.53664e+06
473.02 2.56306e+06 5.97531e-08 6704 2.5567e+06
474.279 2.48175e+06 5.73977e-08 6942 2.57717e+06
475.618 2.58283e+06 5.92325e-08 7656 2.59905e+06
476.939 2.6037e+06 5.92163e-08 7128 2.62077e+06
478.33 2.66503e+06 6.00842e-08 7908 2.64376e+06
479.632 2.68561e+06 6.00563e-08 6648 2.66541e+06
480.845 2.66027e+06 5.90405e-08 7320 2.68569e+06
482.277 2.66418e+06 5.86023e-08 7638 2.70975e+06
483.589 2.75878e+06 6.01904e-08 7416 2.73193e+06
484.867 2.7208e+06 5.88936e-08 7752 2.75365e+06
486.296 2.79885e+06 6.00507e-08 8448 2.77806e+06
487.682 2.88018e+06 6.12701e-08 7280 2.80189e+06
489.022 2.75303e+06 5.80852e-08 7668 2.82504e+06
490.366 2.8498e+06 5.9634e-08 8094 2.8484e+06
491.698 2.94996e+06 6.12295e-08 7656 2.87168e+06
493.062 2.85693e+06 5.88077e-08 8160 2.89565e+06
494.434 2.87562e+06 5.87011e-08 8472 2.91989e+06
495.863 2.9229e+06 5.91519e-08 7896 2.94527e+06
497.177 3.05812e+06 6.13991e-08 8088 2.96874e+06
498.568 2.96812e+06 5.90948e-08 8286 2.99373e+06
499.992 2.98445e+06 5.89137e-08 8676 3.01946e+06
501.353 3.09714e+06 6.06416e-08 8120 3.04418e+06
502.724 3.17468e+06 6.16526e-08 9024 3.06923e+06
504.146 3.0938e+06 5.95747e-08 8160 3.09535e+06
505.492 3.1944e+06 6.1022e-08 7944 3.1202e+06
506.883 3.10439e+06 5.88156e-08 8982 3.14604e+06
508.301 3.1559e+06 5.92923e-08 9528 3.17252e+06
509.763 3.22385e+06 6.00496e-08 8832 3.19996e+06
511.225 3.18489e+06 5.88164e-08 8916 3.22757e+06
512.624 3.251e+06 5.95469e-08 9240 3.25415e+06
514.037 3.29696e+06 5.98922e-08 8502 3.28113e+06
515.448 3.34454e+06 6.0259e-08 9416 3.30822e+06
516.848 3.33903e+06 5.9672e-08 8976 3.33526e+06
518.29 3.29138e+06 5.83312e-08 9432 3.36324e+06
519.73 3.42738e+06 6.02375e-08 9864 3.39137e+06
521.211 3.42239e+06 5.96386e-08 9024 3.42044e+06
522.661 3.54933e+06 6.13374e-08 9762 3.44906e+06
524.084 3.41818e+06 5.85914e-08 9264 3.4773e+06
525.512 3.60613e+06 6.13105e-08 10056 3.5058e+06
526.971 3.54514e+06 5.97742e-08 9936 3.53509e+06
528.52 3.5664e+06 5.96052e-08 9624 3.56636e+06
529.893 3.56171e+06 5.90654e-08 9752 3.59423e+06
531.395 3.66142e+06 6.02056e-08 10446 3.62487e+06
532.886 3.63984e+06 5.93499e-08 10056 3.65547e+06
534.33 3.67031e+06 5.93628e-08 9876 3.68526e+06
535.856 3.65886e+06 5.86735e-08 11160 3.71693e+06
537.351 3.71532e+06 5.9083e-08 10128 3.74812e+06
538.857 3.78605e+06 5.97044e-08 9726 3.77972e+06
540.292 3.73675e+06 5.84587e-08 11112 3.81e+06
541.829 3.90615e+06 6.05903e-08 10776 3.84261e+06
543.283 3.8384e+06 5.90625e-08 10232 3.87363e+06
544.797 3.96601e+06 6.05187e-08 11184 3.90611e+06
546.395 4.02748e+06 6.09189e-08 11058 3.94059e+06
547.918 3.97439e+06 5.96162e-08 11472 3.97362e+06
549.394 3.95425e+06 5.88374e-08 10464 4.00582e+06
550.856 3.99946e+06 5.90372e-08 10584 4.0379e+06
552.438 3.97854e+06 5.82256e-08 12504 4.07277e+06
553.995 4.03143e+06 5.85034e-08 10560 4.10732e+06
555.487 4.14528e+06 5.96722e-08 11694 4.14058e+06
557.062 4.06678e+06 5.8047e-08 11420 4.17591e+06
558.601 4.24218e+06 6.00516e-08 12504 4.21061e+06
560.134 4.19662e+06 5.89201e-08 10800 4.24538e+06
561.718 4.26992e+06 5.94436e-08 12456 4.28149e+06
563.318 4.38574e+06 6.05372e-08 12030 4.31818e+06
564.827 4.33434e+06 5.93496e-08 11232 4.35297e+06
566.351 4.44002e+06 6.03069e-08 13176 4.38832e+06
567.977 4.47762e+06 6.02969e-08 11196 4.42621e+06
569.488 4.46897e+06 5.97026e-08 12720 4.46163e+06
571.076 4.54596e+06 6.02259e-08 11918 4.49906e+06
572.644 4.49856e+06 5.91098e-08 13392 4.53622e+06
574.302 4.57778e+06 5.96312e-08 12600 4.57575e+06
575.906 4.60253e+06 5.9454e-08 13200 4.61419e+06
577.52 4.71853e+06 6.04429e-08 12864 4.65309e+06
579.111 4.69838e+06 5.969e-08 12270 4.69165e+06
580.695 4.67927e+06 5.89621e-08 13668 4.73027e+06
582.31 4.70801e+06 5.88322e-08 13200 4.76983e+06
583.929 4.85618e+06 6.01802e-08 13416 4.80973e+06
585.558 4.87516e+06 5.99127e-08 12992 4.85009e+06
587.186 4.75581e+06 5.79611e-08 13806 4.89067e+06
588.791 4.96464e+06 6.00127e-08 13800 4.93088e+06
590.416 4.94945e+06 5.93366e-08 13056 4.9718e+06
592.022 5.15904e+06 6.13472e-08 14364 5.0125e+06
593.668 5.07656e+06 5.98657e-08 13248 5.05442e+06
595.325 5.08435e+06 5.94583e-08 15054 5.09686e+06
597.026 5.06008e+06 5.86703e-08 13680 5.14066e+06
598.633 5.0864e+06 5.85018e-08 15152 5.18229e+06
600.356 5.2849e+06 6.02628e-08 14376 5.22718e+06
601.981 5.34602e+06 6.04674e-08 13932 5.26974e+06
603.668 5.3024e+06 5.94727e-08 14910 5.31416e+06
605.328 5.42822e+06 6.03843e-08 15648 5.35813e+06
606.992 5.45285e+06 6.01609e-08 13680 5.40243e+06
608.681 5.42764e+06 5.93858e-08 15816 5.44765e+06
610.385 5.57884e+06 6.05301e-08 15030 5.49353e+06
612.048 5.61112e+06 6.03856e-08 15104 5.53856e+06
613.806 5.49658e+06 5.8646e-08 16548 5.58642e+06
615.522 5.71148e+06 6.04307e-08 15360 5.63341e+06
617.228 5.70567e+06 5.987e-08 15768 5.68038e+06
618.905 5.78315e+06 6.01912e-08 14622 5.72679e+06
620.629 5.85268e+06 6.04087e-08 17568 5.77478e+06
622.429 5.79596e+06 5.93056e-08 16368 5.82518e+06
624.133 5.82468e+06 5.91127e-08 15960 5.87316e+06
625.863 5.90412e+06 5.94234e-08 15732 5.92212e+06
627.578 5.90548e+06 5.89511e-08 17006 5.97094e+06
629.313 6.02666e+06 5.96646e-08 16680 6.0206e+06
631.126 6.01206e+06 5.90086e-08 17712 6.07278e+06
632.844 6.0973e+06 5.9359e-08 15576 6.12253e+06
634.511 6.20035e+06 5.98879e-08 16974 6.17102e+06
636.325 6.19633e+06 5.93387e-08 17436 6.2241e+06
638.079 6.32378e+06 6.00612e-08 17952 6.27571e+06
639.88 6.39935e+06 6.02671e-08 17448 6.329e+06
641.626 6.41445e+06 5.99176e-08 17336 6.38095e+06
643.448 6.47646e+06 5.99843e-08 17958 6.43546e+06
645.236 6.48353e+06 5.95519e-08 19056 6.48927e+06
647.056 6.50833e+06 5.92767e-08 17304 6.54434e+06
648.81 6.55057e+06 5.91787e-08 18276 6.59772e+06
650.599 6.64689e+06 5.9555e-08 17838 6.65243e+06
652.365 6.73386e+06 5.98455e-08 18984 6.70676e+06
654.267 6.74927e+06 5.9461e-08 19616 6.76557e+06
656.049 6.73533e+06 5.88557e-08 18168 6.82103e+06
657.865 6.90789e+06 5.98652e-08 19320 6.87782e+06
659.743 6.93696e+06 5.96054e-08 19170 6.93687e+06
661.508 7.0111e+06 5.97613e-08 19008 6.99272e+06
663.358 7.02641e+06 5.93921e-08 20472 7.05156e+06
665.241 7.03705e+06 5.89785e-08 19128 7.11176e+06
667.07 7.13475e+06 5.93069e-08 19998 7.17057e+06
668.912 7.2275e+06 5.95828e-08 19808 7.23015e+06
670.766 7.41324e+06 6.06087e-08 20724 7.29042e+06
672.65 7.38009e+06 5.98321e-08 19896 7.35204e+06
674.456 7.49824e+06 6.03028e-08 20304 7.41143e+06
676.388 7.59053e+06 6.05234e-08 21030 7.4753e+06
678.233 7.61342e+06 6.02118e-08 21168 7.53664e+06
680.119 7.61549e+06 5.97287e-08 20736 7.59966e+06
682.025 7.49185e+06 5.82677e-08 21356 7.66375e+06
683.962 7.73084e+06 5.9617e-08 22206 7.72924e+06
685.85 7.7644e+06 5.93828e-08 21360 7.79341e+06
687.747 7.93834e+06 6.02121e-08 21456 7.85826e+06
689.624 7.82522e+06 5.88707e-08 21648 7.92278e+06
691.543 8.06398e+06 6.01634e-08 22326 7.98909e+06
693.471 7.98647e+06 5.90895e-08 22212 8.0561e+06
695.345 8.17433e+06 5.99917e-08 22128 8.1216e+06
697.259 8.20937e+06 5.97541e-08 22640 8.18884e+06
699.232 8.37923e+06 6.04756e-08 23022 8.25855e+06
701.21 8.30685e+06 5.94472e-08 24168 8.32885e+06
703.13 8.3046e+06 5.89457e-08 22416 8.39744e+06
705.104 8.39536e+06 5.90908e-08 23700 8.46836e+06
707.07 8.53325e+06 5.95616e-08 24222 8.53941e+06
709.022 8.54194e+06 5.91313e-08 22776 8.61032e+06
710.94 8.74405e+06 6.00418e-08 24296 8.68039e+06
712.937 8.75849e+06 5.96371e-08 24648 8.75373e+06
714.886 8.86382e+06 5.98619e-08 22926 8.82573e+06
716.842 8.87938e+06 5.94775e-08 25476 8.89836e+06
718.878 8.87167e+06 5.89223e-08 25608 8.9744e+06
720.869 9.05951e+06 5.96727e-08 24576 9.04918e+06
722.888 9.22102e+06 6.02291e-08 25134 9.12542e+06
724.881 9.22142e+06 5.97362e-08 25928 9.20111e+06
726.915 9.38656e+06 6.0297e-08 26136 9.27878e+06
728.95 9.40579e+06 5.99158e-08 25644 9.35694e+06
730.944 9.31884e+06 5.88776e-08 25926 9.43392e+06
732.99 9.50935e+06 5.95794e-08 26232 9.51339e+06
735.005 9.61196e+06 5.97284e-08 27216 9.59204e+06
737.068 9.58927e+06 5.90885e-08 26736 9.67303e+06
739.171 9.74262e+06 5.95225e-08 27698 9.75607e+06
741.196 9.84189e+06 5.96374e-08 26640 9.83649e+06
743.196 9.97684e+06 5.99686e-08 26880 9.9163e+06
745.316 9.96787e+06 5.94047e-08 29160 1.00014e+07
747.411 1.01657e+07 6.00759e-08 27318 1.0086e+07
749.444 1.00907e+07 5.91483e-08 27984 1.01685e+07
751.526 1.02723e+07 5.97143e-08 28364 1.02535e+07
753.575 1.04174e+07 6.00646e-08 28464 1.03376e+07
755.71 1.04351e+07 5.96583e-08 28974 1.04257e+07
757.777 1.0444e+07 5.92217e-08 28920 1.05115e+07
759.853 1.08335e+07 6.09283e-08 29640 1.05981e+07
761.991 1.0673e+07 5.9522e-08 28884 1.06878e+07
764.087 1.07292e+07 5.93444e-08 30558 1.07763e+07
766.255 1.0795e+07 5.9203e-08 30776 1.08683e+07
768.35 1.08501e+07 5.90195e-08 29040 1.09577e+07
770.454 1.10306e+07 5.9511e-08 30984 1.10479e+07
772.624 1.1138e+07 5.95858e-08 30930 1.11415e+07
774.804 1.1151e+07 5.91531e-08 32712 1.12361e+07
776.967 1.14455e+07 6.02099e-08 30528 1.13305e+07
779.078 1.13893e+07 5.94283e-08 30326 1.14231e+07
781.242 1.15591e+07 5.98148e-08 33624 1.15185e+07
783.447 1.18405e+07 6.07549e-08 31824 1.16164e+07
785.593 1.16293e+07 5.91837e-08 31860 1.1712e+07
787.805 1.19213e+07 6.01599e-08 33942 1.18113e+07
789.985 1.1721e+07 5.8661e-08 31848 1.19096e+07
792.132 1.21229e+07 6.01803e-08 33624 1.20069e+07
794.36 1.21982e+07 6.00461e-08 33512 1.21086e+07
796.562 1.22543e+07 5.98229e-08 33594 1.22095e+07
798.778 1.22324e+07 5.92205e-08 34944 1.23117e+07
800.997 1.22796e+07 5.89565e-08 33624 1.24146e+07
803.205 1.27246e+07 6.05904e-08 34710 1.25176e+07
805.416 1.26201e+07 5.95995e-08 34704 1.26212e+07
807.649 1.27708e+07 5.98122e-08 35468 1.27265e+07
809.907 1.28545e+07 5.97019e-08 36096 1.28335e+07
812.202 1.31138e+07 6.03915e-08 35958 1.29429e+07
814.448 1.31666e+07 6.01341e-08 36576 1.30506e+07
816.7 1.32495e+07 6.0014e-08 35976 1.31591e+07
818.955 1.32376e+07 5.9466e-08 36396 1.32685e+07
821.243 1.35196e+07 6.02265e-08 38030 1.338e+07
823.495 1.34652e+07 5.94936e-08 35784 1.34904e+07
825.764 1.34349e+07 5.88719e-08 38712 1.36022e+07
828.102 1.39614e+07 6.06621e-08 38310 1.3718e+07
830.398 1.38275e+07 5.95833e-08 37596 1.38324e+07
832.649 1.39247e+07 5.95169e-08 39000 1.39453e+07
834.997 1.40673e+07 5.96208e-08 38552 1.40635e+07
837.325 1.43647e+07 6.03748e-08 40206 1.41815e+07
839.639 1.44322e+07 6.01579e-08 39072 1.42994e+07
842.006 1.46513e+07 6.05578e-08 41340 1.44207e+07
844.364 1.45041e+07 5.94486e-08 39342 1.45422e+07
846.654 1.47259e+07 5.98691e-08 40176 1.46608e+07
849.007 1.47947e+07 5.965e-08 41768 1.47834e+07
851.36 1.4867e+07 5.94459e-08 40206 1.49067e+07
853.726 1.51766e+07 6.01809e-08 42300 1.50313e+07
856.093 1.53011e+07 6.01725e-08 42360 1.51567e+07
858.447 1.51319e+07 5.90189e-08 40488 1.5282e+07
860.825 1.54933e+07 5.9929e-08 44406 1.54094e+07
863.261 1.53682e+07 5.89434e-08 43076 1.55405e+07
865.619 1.57131e+07 5.97753e-08 42600 1.56683e+07
868.063 1.58116e+07 5.96432e-08 45486 1.58014e+07
870.51 1.59943e+07 5.98253e-08 43848 1.59353e+07
872.865 1.61754e+07 6.00141e-08 43248 1.6065e+07
875.268 1.59655e+07 5.87489e-08 44988 1.61981e+07
877.736 1.62666e+07 5.93532e-08 46454 1.63355e+07
880.173 1.67093e+07 6.04636e-08 44928 1.64719e+07
882.637 1.67259e+07 6.00182e-08 47256 1.66107e+07
885.084 1.67226e+07 5.951e-08 45126 1.67492e+07
887.541 1.68954e+07 5.96268e-08 48084 1.68891e+07
889.995 1.71472e+07 6.00165e-08 46320 1.70295e+07
892.49 1.7177e+07 5.96178e-08 47894 1.71732e+07
894.921 1.71659e+07 5.90952e-08 47160 1.73139e+07
897.379 1.74266e+07 5.9501e-08 48228 1.74569e+07
899.935 1.77082e+07 5.99487e-08 50598 1.76066e+07
902.415 1.76553e+07 5.92783e-08 47328 1.77525e+07
904.896 1.79869e+07 5.98963e-08 50696 1.78993e+07
907.414 1.81395e+07 5.99029e-08 49344 1.80492e+07
909.974 1.82402e+07 5.97287e-08 51570 1.82023e+07
912.489 1.83327e+07 5.95364e-08 50832 1.83537e+07
915.021 1.86254e+07 5.99865e-08 50424 1.85069e+07
917.558 1.85144e+07 5.91355e-08 52686 1.86613e+07
920.103 1.8786e+07 5.95066e-08 51092 1.8817e+07
922.642 1.91764e+07 6.02429e-08 53376 1.89732e+07
925.222 1.92133e+07 5.98556e-08 52374 1.91328e+07
927.753 1.94112e+07 5.99784e-08 52848 1.92902e+07
930.333 1.93838e+07 5.93969e-08 55488 1.94516e+07
932.98 1.98084e+07 6.01827e-08 54098 1.96181e+07
935.507 1.99029e+07 5.99812e-08 53688 1.9778e+07
938.093 1.99234e+07 5.95478e-08 55296 1.99424e+07
940.702 2.03435e+07 6.02988e-08 56358 2.01093e+07
943.366 2.05139e+07 6.02904e-08 57468 2.02806e+07
945.983 2.06287e+07 6.01258e-08 56000 2.04499e+07
948.631 2.07164e+07 5.98771e-08 57774 2.06221e+07
951.26 2.10689e+07 6.03928e-08 57648 2.0794e+07
953.878 2.11016e+07 5.99898e-08 57480 2.09662e+07
956.53 2.11823e+07 5.97197e-08 58122 2.11415e+07
959.153 2.12081e+07 5.93032e-08 59208 2.13159e+07
961.832 2.16113e+07 5.99271e-08 60032 2.1495e+07
964.527 2.18321e+07 6.00331e-08 60366 2.16762e+07
967.205 2.19731e+07 5.99204e-08 60444 2.18573e+07
969.867 2.22912e+07 6.02889e-08 60912 2.20382e+07
972.575 2.23276e+07 5.98842e-08 61422 2.22234e+07
975.276 2.25751e+07 6.00463e-08 63032 2.2409e+07
977.994 2.28568e+07 6.02903e-08 62052 2.25969e+07
980.718 2.3156e+07 6.05718e-08 64038 2.27863e+07
983.416 2.3309e+07 6.04717e-08 61632 2.29748e+07
986.1 2.33863e+07 6.01782e-08 64896 2.31634e+07
988.883 2.3553e+07 6.00969e-08 64874 2.33601e+07
991.584 2.36282e+07 5.97974e-08 64200 2.35521e+07
994.365 2.39377e+07 6.00736e-08 68016 2.37508e+07
997.161 2.40079e+07 5.97446e-08 65694 2.39517e+07
999.915 2.44478e+07 6.03378e-08 67212 2.41507e+07
1002.69 2.46047e+07 6.0223e-08 67088 2.4352e+07
1005.45 2.46457e+07 5.98267e-08 67182 2.45542e+07
1008.23 2.48703e+07 5.98738e-08 69768 2.47585e+07
1011.03 2.54009e+07 6.06448e-08 67524 2.49653e+07
1013.83 2.55358e+07 6.04636e-08 70758 2.5173e+07
1016.63 2.54805e+07 5.98348e-08 69488 2.53825e+07
1019.45 2.58544e+07 6.02109e-08 71640 2.5594e+07
1022.32 2.62597e+07 6.06412e-08 72042 2.58108e+07
1025.17 2.61671e+07 5.99252e-08 72960 2.60271e+07
1027.99 2.63404e+07 5.98263e-08 70422 2.62428e+07
1030.87 2.66848e+07 6.01023e-08 76784 2.64638e+07
1033.75 2.68782e+07 6.00328e-08 72348 2.66866e+07
1036.6 2.72283e+07 6.03155e-08 74094 2.69074e+07
1039.46 2.7272e+07 5.99152e-08 74976 2.71306e+07
1042.33 2.75978e+07 6.0131e-08 76200 2.73562e+07
1045.27 2.79946e+07 6.04832e-08 77114 2.7588e+07
1048.16 2.82894e+07 6.06158e-08 76872 2.78175e+07
1051.07 2.8231e+07 5.99894e-08 77784 2.80499e+07
1054 2.85387e+07 6.01378e-08 78654 2.82857e+07
1056.92 2.88943e+07 6.03837e-08 79380 2.85215e+07
1059.85 2.90811e+07 6.02716e-08 79256 2.87593e+07
1062.8 2.94634e+07 6.05579e-08 80094 2.89996e+07
1065.71 2.93797e+07 5.98914e-08 80760 2.9239e+07
1068.71 2.97214e+07 6.00794e-08 83034 2.94866e+07
1071.7 3.00611e+07 6.02603e-08 82664 2.9734e+07
1074.65 3.04017e+07 6.04413e-08 81864 2.99808e+07
1077.61 3.05583e+07 6.02534e-08 83334 3.02293e+07
1080.61 3.06114e+07 5.98563e-08 85980 3.04827e+07
1083.62 3.10209e+07 6.01546e-08 84144 3.07374e+07
1086.64 3.14082e+07 6.0399e-08 86486 3.09951e+07
1089.63 3.14023e+07 5.98912e-08 86016 3.1252e+07
1092.68 3.17175e+07 5.99875e-08 88290 3.1515e+07
1095.71 3.19948e+07 6.00114e-08 87672 3.17779e+07
1098.73 3.23775e+07 6.0229e-08 88608 3.20418e+07
1101.78 3.24566e+07 5.98768e-08 88682 3.23091e+07
1104.83 3.31031e+07 6.05654e-08 91200 3.2578e+07
1107.94 3.31928e+07 6.0219e-08 92568 3.28542e+07
1111.03 3.35633e+07 6.03854e-08 91014 3.31293e+07
1114.1 3.36529e+07 6.00464e-08 92828 3.34053e+07
1117.19 3.41311e+07 6.03959e-08 93054 3.36839e+07
1120.26 3.40218e+07 5.9709e-08 92568 3.39624e+07
1123.37 3.4802e+07 6.05727e-08 96768 3.42458e+07
1126.53 3.52374e+07 6.08157e-08 95658 3.45357e+07
1129.64 3.54744e+07 6.07206e-08 96368 3.48224e+07
1132.81 3.57601e+07 6.06976e-08 98526 3.51162e+07
1135.92 3.59916e+07 6.05898e-08 95436 3.54064e+07
1139.06 3.60933e+07 6.02597e-08 101472 3.57009e+07
1142.26 3.63121e+07 6.01169e-08 98582 3.60027e+07
1145.38 3.67028e+07 6.02683e-08 99984 3.62987e+07
1148.57 3.72222e+07 6.06142e-08 101298 3.66022e+07
1151.78 3.77475e+07 6.09559e-08 104952 3.69107e+07
1154.98 3.81426e+07 6.10838e-08 100568 3.7219e+07
1158.18 3.80669e+07 6.04587e-08 105942 3.75291e+07
1161.42 3.83901e+07 6.0463e-08 104892 3.78451e+07
1164.62 3.90591e+07 6.10114e-08 103734 3.81585e+07
1167.82 3.89397e+07 6.03255e-08 107160 3.84744e+07
1171.09 3.89881e+07 5.98964e-08 108788 3.87982e+07
1174.34 3.97342e+07 6.05366e-08 107070 3.91224e+07
1177.6 4.01677e+07 6.06914e-08 110760 3.94484e+07
1180.88 4.03177e+07 6.04118e-08 109182 3.9779e+07
1184.16 4.07195e+07 6.05074e-08 112820 4.01119e+07
1187.45 4.08652e+07 6.02216e-08 110280 4.04466e+07
1190.74 4.12734e+07 6.032e-08 114678 4.07839e+07
1194.05 4.1689e+07 6.04218e-08 112668 4.11252e+07
1197.36 4.2196e+07 6.06509e-08 116030 4.14681e+07
1200.73 4.23019e+07 6.02929e-08 118032 4.1819e+07
1204.04 4.27007e+07 6.03599e-08 113700 4.21665e+07
1207.36 4.31489e+07 6.04928e-08 118566 4.25154e+07
1210.73 4.33848e+07 6.03169e-08 119840 4.28725e+07
1214.08 4.42636e+07 6.10299e-08 118278 4.32299e+07
1217.43 4.45645e+07 6.09395e-08 120852 4.35883e+07
1220.81 4.48098e+07 6.07664e-08 122166 4.39531e+07
1224.21 4.52102e+07 6.08e-08 123296 4.43213e+07
1227.61 4.54122e+07 6.05664e-08 123300 4.46911e+07
1231.03 4.60483e+07 6.09046e-08 126174 4.50654e+07
1234.45 4.61985e+07 6.05971e-08 124800 4.54419e+07
1237.85 4.66999e+07 6.07501e-08 126774 4.58193e+07
1241.29 4.67296e+07 6.02848e-08 128900 4.62023e+07
1244.74 4.75455e+07 6.08293e-08 127776 4.65882e+07
1248.2 4.77215e+07 6.05485e-08 132246 4.69776e+07
1251.66 4.82496e+07 6.07119e-08 129252 4.73696e+07
1255.13 4.89374e+07 6.10686e-08 133118 4.77642e+07
1258.61 4.8874e+07 6.04851e-08 133272 4.81626e+07
1262.11 4.9575e+07 6.08424e-08 134970 4.85665e+07
1265.61 5.00287e+07 6.08919e-08 136128 4.89711e+07
1269.15 5.03883e+07 6.08182e-08 137270 4.93829e+07
1272.69 5.10661e+07 6.11227e-08 139620 4.97979e+07
1276.23 5.11708e+07 6.07407e-08 138312 5.02137e+07
1279.77 5.1813e+07 6.09928e-08 140694 5.06338e+07
1283.31 5.23609e+07 6.11298e-08 140888 5.10545e+07
1286.88 5.26366e+07 6.09417e-08 143034 5.14817e+07
1290.45 5.3099e+07 6.09682e-08 143688 5.19114e+07
1294.01 5.32737e+07 6.06656e-08 143510 5.23421e+07
1297.6 5.35817e+07 6.05115e-08 147828 5.27787e+07
1301.23 5.44342e+07 6.09605e-08 147918 5.32234e+07
1304.84 5.4734e+07 6.07893e-08 148992 5.36674e+07
1308.48 5.49286e+07 6.0498e-08 150356 5.41174e+07
1312.07 5.63388e+07 6.15429e-08 147606 5.45644e+07
1315.71 5.67512e+07 6.14805e-08 156624 5.50196e+07
1319.41 5.67018e+07 6.09106e-08 153354 5.54861e+07
1323.05 5.73792e+07 6.11317e-08 153968 5.59458e+07
1326.71 5.82535e+07 6.15509e-08 155862 5.64115e+07
1330.38 5.82679e+07 6.10583e-08 157524 5.68807e+07
1334.08 5.87793e+07 6.10833e-08 159126 5.73564e+07
1337.8 5.96808e+07 6.15034e-08 162488 5.78383e+07
1341.52 6.00455e+07 6.13656e-08 159570 5.83224e+07
1345.23 6.06781e+07 6.15013e-08 164304 5.88068e+07
1349 6.09267e+07 6.12371e-08 165720 5.93024e+07
1352.73 6.13194e+07 6.11233e-08 162866 5.97959e+07
1356.46 6.21021e+07 6.13936e-08 169056 6.02925e+07
1360.25 6.28743e+07 6.16396e-08 167502 6.07986e+07
1364.01 6.30306e+07 6.12831e-08 169964 6.13043e+07
1367.79 6.40165e+07 6.17274e-08 170478 6.1815e+07
1371.59 6.41508e+07 6.1343e-08 175200 6.23329e+07
1375.43 6.49212e+07 6.15622e-08 173130 6.28568e+07
1379.22 6.51914e+07 6.13097e-08 175712 6.33784e+07
1383.06 6.62418e+07 6.17795e-08 177438 6.39098e+07
1386.89 6.645e+07 6.14618e-08 178092 6.44421e+07
1390.73 6.72337e+07 6.16729e-08 179694 6.4979e+07
1394.6 6.79369e+07 6.18017e-08 182504 6.55218e+07
1398.48 6.87669e+07 6.20375e-08 182394 6.60701e+07
1402.34 6.90203e+07 6.17528e-08 184464 6.66194e+07
1406.24 6.99592e+07 6.20739e-08 186398 6.71763e+07
1410.15 7.03243e+07 6.18794e-08 188844 6.77391e+07
1414.06 7.12067e+07 6.21386e-08 187230 6.8303e+07
1417.99 7.14722e+07 6.18531e-08 193776 6.88741e+07
1421.96 7.25379e+07 6.2251e-08 192218 6.94543e+07
1425.88 7.27442e+07 6.19145e-08 192408 7.00304e+07
1429.82 7.37653e+07 6.22659e-08 195510 7.06125e+07
1433.79 7.42036e+07 6.21161e-08 198404 7.12034e+07
1437.8 7.49719e+07 6.22363e-08 200310 7.18017e+07
1441.8 7.53021e+07 6.19915e-08 201216 7.24027e+07
1445.81 7.61884e+07 6.2201e-08 201618 7.30081e+07
1449.82 7.67785e+07 6.2164e-08 204680 7.36174e+07
1453.82 7.76274e+07 6.23339e-08 202758 7.42285e+07
1457.86 7.83433e+07 6.23864e-08 211812 7.485e+07
1461.93 7.87269e+07 6.21708e-08 205718 7.54774e+07
1465.95 7.94008e+07 6.2188e-08 211452 7.61024e+07
1470.03 8.021e+07 6.23007e-08 213150 7.67389e+07
1474.14 8.15028e+07 6.27764e-08 217512 7.73849e+07
1478.25 8.18412e+07 6.25125e-08 214754 7.80343e+07
1482.31 8.28687e+07 6.27791e-08 215424 7.86785e+07
1486.45 8.36706e+07 6.28586e-08 224574 7.93393e+07
1490.58 8.39541e+07 6.25479e-08 218588 8.00036e+07
1494.7 8.44448e+07 6.23951e-08 223902 8.06682e+07
1498.84 8.55996e+07 6.27261e-08 224952 8.134e+07
1503.03 8.59891e+07 6.24862e-08 230258 8.20237e+07
1507.2 8.70719e+07 6.27482e-08 227544 8.27098e+07
1511.38 8.80766e+07 6.29479e-08 231018 8.33987e+07
1515.57 8.88602e+07 6.29818e-08 234504 8.40954e+07
1519.79 8.99515e+07 6.32267e-08 233102 8.47984e+07
1523.98 9.02448e+07 6.29106e-08 236892 8.55025e+07
1528.21 9.13109e+07 6.31263e-08 238830 8.62169e+07
1532.45 9.26099e+07 6.34953e-08 241232 8.69353e+07
1536.72 9.28909e+07 6.31581e-08 243906 8.76646e+07
1540.99 9.3799e+07 6.32471e-08 244704 8.83971e+07
1545.26 9.46557e+07 6.32965e-08 246698 8.91349e+07
1549.54 9.55912e+07 6.33948e-08 248664 8.98762e+07
1553.86 9.64235e+07 6.34146e-08 253494 9.06303e+07
1558.18 9.70838e+07 6.33192e-08 251522 9.13885e+07
1562.48 9.83846e+07 6.36386e-08 255336 9.21481e+07
1566.82 9.91445e+07 6.3599e-08 257694 9.29177e+07
1571.18 9.9994e+07 6.36117e-08 260988 9.36952e+07
1575.56 1.00501e+08 6.34028e-08 261638 9.44806e+07
1579.91 1.02275e+08 6.39906e-08 262356 9.52652e+07
1584.28 1.02609e+08 6.36685e-08 266478 9.60595e+07
1588.71 1.03915e+08 6.39424e-08 272048 9.68659e+07
1593.14 1.05283e+08 6.4244e-08 269850 9.76801e+07
1597.55 1.05855e+08 6.406e-08 272544 9.84931e+07
1601.99 1.07038e+08 6.42392e-08 275546 9.93156e+07
1606.41 1.0815e+08 6.43715e-08 275334 1.00141e+08
1610.9 1.08945e+08 6.43047e-08 285024 1.00982e+08
1615.41 1.10396e+08 6.46165e-08 282242 1.01833e+08
1619.86 1.10949e+08 6.44063e-08 280800 1.02677e+08
1624.34 1.12084e+08 6.45282e-08 288330 1.03532e+08
1628.86 1.1274e+08 6.43674e-08 290024 1.04398e+08
1633.39 1.14178e+08 6.46482e-08 290598 1.0527e+08
1637.9 1.15216e+08 6.46976e-08 293748 1.06146e+08
1642.47 1.16309e+08 6.4768e-08 299582 1.07037e+08
1647.02 1.17782e+08 6.50457e-08 295914 1.0793e+08
1651.57 1.18881e+08 6.51121e-08 302352 1.08826e+08
1656.18 1.19935e+08 6.51426e-08 305342 1.09739e+08
1660.77 1.21065e+08 6.52124e-08 305532 1.10654e+08
1665.39 1.22445e+08 6.54087e-08 310806 1.1158e+08
1670.01 1.24053e+08 6.57191e-08 310436 1.12511e+08
1674.66 1.25176e+08 6.57629e-08 318006 1.13454e+08
1679.3 1.25695e+08 6.54892e-08 312846 1.14401e+08
1683.95 1.27636e+08 6.59516e-08 322508 1.15352e+08
1688.64 1.29032e+08 6.61188e-08 321318 1.1632e+08
1693.33 1.29898e+08 6.60109e-08 327204 1.17291e+08
1698.03 1.31274e+08 6.61579e-08 325766 1.18271e+08
1702.73 1.32514e+08 6.62313e-08 330246 1.19255e+08
1707.47 1.3401e+08 6.6423e-08 335868 1.20254e+08
1712.24 1.35105e+08 6.64081e-08 336710 1.21264e+08
1716.97 1.36559e+08 6.6569e-08 336636 1.22273e+08
1721.74 1.38032e+08 6.67296e-08 343542 1.23294e+08
1726.51 1.39124e+08 6.67019e-08 342092 1.24321e+08
1731.3 1.40854e+08 6.69721e-08 349446 1.25359e+08
1736.12 1.42041e+08 6.69753e-08 350118 1.26409e+08
1740.93 1.43161e+08 6.69458e-08 352628 1.27462e+08
1745.78 1.45301e+08 6.73815e-08 359334 1.28531e+08
1750.62 1.47106e+08 6.76539e-08 356364 1.29603e+08
1755.47 1.48048e+08 6.75249e-08 362990 1.30683e+08
1760.34 1.50113e+08 6.78997e-08 364062 1.31774e+08
1765.22 1.52128e+08 6.82419e-08 369756 1.32874e+08
1770.12 1.53255e+08 6.81784e-08 368726 1.33982e+08
1775.02 1.54779e+08 6.82871e-08 375786 1.35099e+08
1779.96 1.5627e+08 6.83725e-08 378600 1.3623e+08
1784.91 1.5824e+08 6.86612e-08 379394 1.37368e+08
1789.86 1.59776e+08 6.87531e-08 386568 1.38516e+08
1794.85 1.60911e+08 6.86659e-08 386906 1.39677e+08
1799.82 1.63871e+08 6.93514e-08 388950 1.4084e+08
1804.81 1.64267e+08 6.8944e-08 394512 1.42015e+08
1809.83 1.67059e+08 6.95341e-08 396818 1.43203e+08
1814.85 1.68069e+08 6.93749e-08 401112 1.44399e+08
1819.91 1.7046e+08 6.97774e-08 404850 1.45608e+08
1824.96 1.72648e+08 7.00877e-08 405566 1.46825e+08
1830 1.73708e+08 6.99365e-08 409308 1.48046e+08
1835.08 1.76116e+08 7.03192e-08 413766 1.49281e+08
1840.17 1.78159e+08 7.05459e-08 417050 1.50528e+08
1845.3 1.79302e+08 7.04084e-08 425232 1.51789e+08
1850.44 1.8213e+08 7.09241e-08 421862 1.53062e+08
1855.55 1.83814e+08 7.09904e-08 426402 1.54334e+08
1860.71 1.86484e+08 7.14236e-08 434688 1.55625e+08
1865.91 1.8792e+08 7.13739e-08 436634 1.56933e+08
1871.07 1.89783e+08 7.14864e-08 434784 1.58239e+08
1876.24 1.9233e+08 7.18491e-08 441018 1.59553e+08
1881.45 1.94896e+08 7.22048e-08 447350 1.60886e+08
1886.68 1.97419e+08 7.25329e-08 449868 1.62231e+08
1891.92 1.99144e+08 7.25605e-08 453206 1.63586e+08
1897.16 2.0199e+08 7.29885e-08 456570 1.64951e+08
1902.44 2.03214e+08 7.28218e-08 463824 1.6633e+08
1907.73 2.06094e+08 7.32407e-08 463718 1.67723e+08
1913.02 2.08365e+08 7.34358e-08 468186 1.69121e+08
1918.32 2.11269e+08 7.38431e-08 473448 1.70532e+08
1923.67 2.13113e+08 7.38684e-08 479354 1.71962e+08
1929.01 2.15735e+08 7.41575e-08 477702 1.73398e+08
1934.35 2.188e+08 7.45904e-08 485204 1.74841e+08
1939.74 2.21801e+08 7.49849e-08 491454 1.76307e+08
1945.13 2.24024e+08 7.51083e-08 491226 1.77782e+08
1950.52 2.27276e+08 7.55687e-08 497648 1.79264e+08
1955.96 2.29502e+08 7.56737e-08 504930 1.80768e+08
1961.39 2.32648e+08 7.6076e-08 500358 1.82277e+08
1966.8 2.35862e+08 7.64924e-08 508652 1.83789e+08
1972.27 2.3838e+08 7.66673e-08 516390 1.85327e+08
1977.75 2.4178e+08 7.71167e-08 515642 1.86875e+08
1983.22 2.43452e+08 7.70089e-08 521880 1.88431e+08
1988.74 2.48501e+08 7.79526e-08 530850 1.9001e+08
1994.27 2.50576e+08 7.79521e-08 527054 1.91599e+08
1999.77 2.53953e+08 7.83523e-08 534156 1.93188e+08
2005.35 2.56971e+08 7.86243e-08 545150 1.94808e+08
2010.93 2.61387e+08 7.93105e-08 543474 1.96441e+08
2016.49 2.63764e+08 7.93719e-08 545310 1.98074e+08
2022.08 2.68483e+08 8.01243e-08 555788 1.99725e+08
2027.71 2.71617e+08 8.03858e-08 559542 2.01399e+08
2033.35 2.74604e+08 8.05954e-08 564146 2.03085e+08
2038.99 2.79385e+08 8.13198e-08 566520 2.04779e+08
2044.66 2.8295e+08 8.16749e-08 573594 2.06491e+08
2050.34 2.8641e+08 8.1988e-08 577718 2.08218e+08
2056.02 2.89415e+08 8.21635e-08 579300 2.09953e+08
6.9058e+07
1.67772e+07
1.67772e+07
