0.666216
1398
200
512
1.29935
0.0314159 0.00817494 0.000650541 6 7.49014e-07
0.0444288 0.0390349 0.00109824 12 2.11853e-06
0.054414 0.131922 0.00202034 8 3.89199e-06
0.0628319 0.0426403 0.000424151 6 5.99211e-06
0.0702481 0.0876803 0.000624075 24 8.37423e-06
0.076953 0.0831377 0.000450154 24 1.10082e-05
0.0888577 0.160226 0.000563493 12 1.69483e-05
0.0942478 0.16066 0.000473516 30 2.02234e-05
0.0993459 0.107054 0.000269397 24 2.36859e-05
0.104195 0.13779 0.000300551 24 2.73262e-05
0.108828 0.389494 0.000745623 8 3.11359e-05
0.113272 0.180823 0.000306994 24 3.51079e-05
0.117548 0.254019 0.00038589 48 3.92358e-05
0.125664 0.425839 0.000529487 6 4.79369e-05
0.129531 0.288333 0.000327349 48 5.25005e-05
0.133286 0.204703 0.000213307 36 5.72004e-05
0.136939 0.204403 0.000196403 24 6.20327e-05
0.140496 0.158816 0.000141299 24 6.69939e-05
0.143966 0.326684 0.00027014 48 7.20807e-05
0.147354 0.356132 0.000274642 24 7.72901e-05
0.153906 0.268468 0.000181704 24 8.80657e-05
0.15708 0.45021 0.000286613 30 9.36268e-05
0.16019 0.388611 0.000233263 72 9.93002e-05
0.163242 0.270205 0.000153263 32 0.000105084
0.16918 0.4607 0.000234753 72 0.000116973
0.172072 0.414412 0.000200697 48 0.000123076
0.177715 0.562436 0.000247251 12 0.000135586
0.180471 0.44716 0.000187708 48 0.000141991
0.183185 0.430122 0.000172649 48 0.000148494
0.185859 0.40146 0.000154287 48 0.000155093
0.188496 0.394235 0.000145242 30 0.000161787
0.191096 0.602522 0.00021304 24 0.000168575
0.193661 0.476478 0.000161867 72 0.000175455
0.198692 0.502195 0.000157969 24 0.000189487
0.20116 0.608053 0.000184313 96 0.000196637
0.203598 0.706999 0.000206697 48 0.000203875
0.206008 0.724595 0.000204495 24 0.000211199
0.20839 0.514128 0.000140179 24 0.000218609
0.210744 0.355029 9.35913e-05 72 0.000226104
0.213073 0.532579 0.000135843 48 0.000233683
0.217656 0.628714 0.000150446 8 0.000249087
0.219911 0.69125 0.000160373 54 0.000256912
0.222144 0.722839 0.000162696 84 0.000264816
0.224355 1.01933 0.000222715 48 0.000272801
0.226543 0.633202 0.000134378 24 0.000280863
0.228711 0.536743 0.000110699 72 0.000289004
0.230859 0.709016 0.000142186 96 0.000297222
0.235095 0.620434 0.000117816 48 0.000313886
0.237185 0.579846 0.000107224 48 0.000322331
0.239257 0.534569 9.63057e-05 24 0.000330851
0.24131 0.662101 0.000116262 72 0.000339444
0.245366 0.791741 0.000132245 72 0.000356849
0.247369 0.587079 9.56972e-05 96 0.00036566
0.251327 0.447682 6.95809e-05 6 0.000383495
0.253283 0.766717 0.000116427 96 0.000392518
0.255224 0.618352 9.17719e-05 96 0.000401611
0.25715 0.917473 0.000133129 24 0.000410773
0.259062 0.905459 0.000128498 48 0.000420004
0.26096 0.785799 0.000109101 96 0.000429303
0.262844 0.907215 0.000123269 48 0.000438669
0.266573 0.647334 8.43179e-05 36 0.000457603
0.268418 0.82317 0.000105026 48 0.000467169
0.27025 0.930137 0.000116276 120 0.000476801
0.27207 0.668674 8.19243e-05 56 0.000486499
0.273878 0.745269 8.95124e-05 24 0.000496261
0.275674 0.822394 9.68576e-05 96 0.000506088
0.277458 0.992745 0.00011468 48 0.000515979
0.280993 1.07964 0.00012007 24 0.000535951
0.282743 0.749945 8.18638e-05 102 0.000546031
0.284483 0.790284 8.46939e-05 48 0.000556174
0.286213 1.10802 0.000116606 72 0.000566379
0.287932 0.789904 8.1648e-05 48 0.000576645
0.289641 0.860991 8.743e-05 48 0.000586973
0.291339 0.935403 9.33343e-05 120 0.000597362
0.294708 1.11391 0.000107378 24 0.000618321
0.296377 1.04442 9.89873e-05 144 0.00062889
0.298038 0.935669 8.72065e-05 120 0.000639519
0.299689 0.923708 8.46764e-05 48 0.000650208
0.302964 0.788633 6.99746e-05 48 0.00067176
0.304589 0.880779 7.69069e-05 96 0.000682624
0.307812 0.880794 7.45174e-05 24 0.000704526
0.309411 1.15405 9.61294e-05 48 0.000715562
0.311002 0.772809 6.33904e-05 108 0.000726656
0.312585 1.03402 8.35347e-05 72 0.000737807
0.314159 0.954365 7.5946e-05 30 0.000749014
0.315726 1.05429 8.26551e-05 168 0.000760277
0.317285 1.17334 9.06388e-05 48 0.000771596
0.320381 0.898964 6.74501e-05 72 0.000794401
0.321917 1.06245 7.85802e-05 96 0.000805887
0.323447 1.4723 0.000107356 72 0.000817427
0.324969 1.09693 7.88669e-05 72 0.000829021
0.326484 1.19965 8.50568e-05 32 0.00084067
0.327992 1.32072 9.23549e-05 72 0.000852373
0.329493 1.34471 9.27537e-05 144 0.00086413
0.333956 1.2859 8.51883e-05 96 0.000899721
0.33543 1.08262 7.07797e-05 96 0.00091169
0.336898 0.94684 6.1097e-05 48 0.000923712
0.33836 0.95594 6.08883e-05 72 0.000935787
0.339815 1.17359 7.37952e-05 120 0.000947914
0.341264 1.54365 9.58333e-05 72 0.000960092
0.344144 1.41815 8.585e-05 48 0.000984605
0.345575 1.11659 6.67585e-05 78 0.000996938
0.347 1.33399 7.87777e-05 120 0.00100932
0.348419 1.34759 7.86124e-05 48 0.00102176
0.351241 1.10438 6.28844e-05 144 0.00104678
0.352643 1.1138 6.26674e-05 144 0.00105937
0.355431 0.930289 5.11203e-05 12 0.00108469
0.356816 0.987525 5.36357e-05 144 0.00109742
0.358197 1.25168 6.71998e-05 48 0.00111021
0.359572 1.4851 7.88206e-05 120 0.00112304
0.360942 1.07834 5.65828e-05 48 0.00113593
0.362306 1.31856 6.84091e-05 48 0.00114886
0.363666 1.19303 6.12047e-05 168 0.00116184
0.36637 1.3555 6.80113e-05 48 0.00118795
0.367714 1.20079 5.95905e-05 96 0.00120108
0.369054 1.62388 7.97121e-05 96 0.00121425
0.370388 1.16528 5.65845e-05 72 0.00122747
0.371718 1.38022 6.63052e-05 48 0.00124074
0.373043 1.40032 6.65563e-05 96 0.00125406
0.374364 1.94535 9.14862e-05 48 0.00126743
0.376991 2.11004 9.7171e-05 30 0.0012943
0.378298 1.54605 7.04629e-05 96 0.0013078
0.3796 1.11973 5.05097e-05 192 0.00132135
0.380898 1.54701 6.9073e-05 56 0.00133495
0.382191 2.00754 8.87281e-05 24 0.0013486
0.38348 1.52204 6.65941e-05 168 0.00136229
0.384765 1.4972 6.48533e-05 120 0.00137603
0.387322 1.89212 8.03476e-05 72 0.00140364
0.388594 1.45702 6.12658e-05 144 0.00141751
0.389861 1.40862 5.86548e-05 96 0.00143143
0.391125 1.38454 5.70949e-05 96 0.0014454
0.39364 1.40532 5.6848e-05 72 0.00147346
0.394892 1.33528 5.3503e-05 96 0.00148756
0.397384 1.58778 6.24312e-05 24 0.0015159
0.398623 1.3695 5.33473e-05 192 0.00153013
0.399859 1.73129 6.68169e-05 108 0.00154441
0.401092 2.34394 8.96303e-05 24 0.00155873
0.40232 1.2174 4.61271e-05 96 0.0015731
0.403545 1.83416 6.88654e-05 96 0.00158751
0.404766 1.61288 6.0011e-05 120 0.00160196
0.407197 1.90559 6.96394e-05 48 0.001631
0.408407 1.65519 5.99527e-05 78 0.00164558
0.409614 1.75109 6.28675e-05 144 0.00166021
0.410817 1.47292 5.24174e-05 120 0.00167488
0.412016 1.8483 6.52033e-05 24 0.0016896
0.413212 1.88117 6.57884e-05 168 0.00170435
0.414405 1.33335 4.62287e-05 144 0.00171915
0.416779 1.84698 6.29482e-05 24 0.00174888
0.417962 1.80544 6.10119e-05 48 0.0017638
0.419141 1.68745 5.65447e-05 96 0.00177877
0.420316 1.62862 5.41167e-05 120 0.00179378
0.421489 1.1128 3.6669e-05 72 0.00180883
0.422658 1.6707 5.45974e-05 120 0.00182393
0.423824 2.09081 6.77637e-05 144 0.00183906
0.426146 1.9252 6.13818e-05 48 0.00186946
0.427303 1.7974 5.68429e-05 192 0.00188472
0.428456 1.81828 5.70401e-05 144 0.00190003
0.429606 2.0945 6.51791e-05 48 0.00191537
0.431898 2.04567 6.26516e-05 192 0.00194618
0.433039 0.944852 2.87094e-05 48 0.00196164
0.435312 2.1507 6.43306e-05 8 0.0019927
0.437385 1.8082 5.33207e-05 288 0.0020213
0.4387 1.45108 4.24063e-05 96 0.00203959
0.439823 1.9806 5.74384e-05 54 0.00205529
0.440944 1.66582 4.79422e-05 120 0.00207104
0.442061 1.66692 4.76109e-05 120 0.00208683
0.444288 1.64702 4.63388e-05 84 0.00211853
0.445398 2.01762 5.63423e-05 144 0.00213444
0.446504 1.86892 5.18028e-05 72 0.00215039
0.447608 1.7491 4.81239e-05 96 0.00216638
0.449441 1.935 5.259e-05 144 0.0021931
0.450903 1.81885 4.89538e-05 240 0.00221458
0.453087 2.84061 7.5354e-05 24 0.00224691
0.454175 2.0971 5.52318e-05 240 0.00226313
0.45526 1.82642 4.77598e-05 96 0.00227939
0.456882 1.73975 4.50105e-05 144 0.00230385
0.4585 2.15107 5.5065e-05 96 0.00232841
0.459575 2.88443 7.33212e-05 72 0.00234483
0.461718 1.88382 4.72225e-05 96 0.00237777
0.462785 1.79743 4.47459e-05 96 0.00239431
0.464323 2.43475 6.00116e-05 216 0.00241824
0.467031 2.02175 4.89698e-05 192 0.00246081
0.468087 2.12341 5.10852e-05 144 0.00247753
0.470191 1.93647 4.59651e-05 48 0.00251109
0.471239 2.33329 5.50155e-05 150 0.00252792
0.472285 2.09048 4.89636e-05 96 0.00254479
0.473329 2.59452 6.03682e-05 120 0.0025617
0.475112 1.99812 4.59698e-05 168 0.00259077
0.476446 2.02144 4.61168e-05 240 0.00261265
0.478513 2.17969 4.90855e-05 24 0.0026468
0.48016 2.06994 4.61359e-05 360 0.00267422
0.481597 2.38746 5.2738e-05 48 0.00269831
0.482621 2.32127 5.09504e-05 72 0.00271555
0.484049 2.03656 4.43065e-05 240 0.00273974
0.488189 2.03135 4.30785e-05 276 0.00281064
0.489726 2.17546 4.57017e-05 104 0.00283726
0.490732 2.5109 5.24245e-05 72 0.00285479
0.492199 2.46879 5.10859e-05 312 0.00288047
0.494739 1.89461 3.8604e-05 96 0.00292528
0.496232 1.88291 3.80202e-05 288 0.00295185
0.497722 2.4293 4.8614e-05 168 0.00297852
0.499701 1.92878 3.8141e-05 48 0.00301419
0.500687 2.51367 4.94138e-05 192 0.00303208
0.503606 2.45532 4.74324e-05 198 0.00308541
0.504614 2.24393 4.30893e-05 96 0.00310398
0.506079 2.13955 4.07294e-05 192 0.00313108
0.50754 2.33647 4.4095e-05 216 0.00315828
0.508511 2.74401 5.14902e-05 72 0.00317645
0.510448 2.06232 3.82596e-05 96 0.00321289
0.512103 2.28613 4.20019e-05 336 0.00324423
0.51334 2.54715 4.64599e-05 48 0.00326781
0.51518 2.31834 4.1835e-05 288 0.00330306
0.516216 2.51056 4.50314e-05 192 0.00332304
0.518125 1.89373 3.35934e-05 48 0.00336003
0.519076 2.02479 3.57212e-05 96 0.00337858
0.520457 2.58525 4.52469e-05 264 0.00340561
0.521921 1.94917 3.3828e-05 96 0.00343442
0.523525 2.65478 4.56516e-05 240 0.00346619
0.52647 2.53794 4.2914e-05 288 0.00352503
0.527563 2.23405 3.75413e-05 96 0.00354702
0.528498 2.69667 4.50753e-05 72 0.0035659
0.53076 2.37258 3.9153e-05 336 0.0036119
0.533829 2.57766 4.18079e-05 138 0.00367492
0.534994 2.61706 4.21703e-05 240 0.00369902
0.536222 2.81121 4.49882e-05 144 0.00372455
0.538155 2.77424 4.39199e-05 384 0.00376498
0.541061 2.3616 3.6788e-05 312 0.00382631
0.542323 3.00399 4.6469e-05 72 0.00385314
0.543437 2.53378 3.89548e-05 248 0.00387693
0.545589 2.62253 3.98441e-05 240 0.00392316
0.547755 1.59749 2.39838e-05 24 0.00397009
0.548656 2.62755 3.92547e-05 192 0.0039897
0.549761 2.43882 3.62158e-05 312 0.00401386
0.551884 2.48056 3.64122e-05 240 0.00406053
0.553134 3.26365 4.75829e-05 96 0.0040882
0.554916 2.57968 3.72499e-05 48 0.00412783
0.556483 2.6612 3.81032e-05 408 0.0041629
0.557577 2.4526 3.49101e-05 144 0.00418751
0.559345 2.96897 4.18608e-05 120 0.00422745
0.560226 2.68833 3.77252e-05 144 0.00424747
0.562783 2.79169 3.86442e-05 264 0.00430589
0.564176 2.83361 3.89346e-05 192 0.00433794
0.565487 2.40148 3.27681e-05 102 0.00436825
0.566891 2.69041 3.64385e-05 432 0.00440087
0.568967 2.43732 3.26507e-05 48 0.00444939
0.57005 2.95613 3.93755e-05 384 0.00447485
0.571994 2.8375 3.74112e-05 144 0.00452079
0.573756 2.81237 3.67393e-05 264 0.0045627
0.576434 2.71491 3.49741e-05 144 0.00462689
0.577954 2.75955 3.52694e-05 324 0.00466359
0.580026 3.181 4.02218e-05 384 0.00471392
0.580982 3.39737 4.27459e-05 216 0.00473728
0.583055 2.99175 3.72423e-05 216 0.00478815
0.584792 3.20592 3.95538e-05 240 0.00483108
0.586898 3.18508 3.88752e-05 168 0.00488347
0.587738 3.24657 3.9456e-05 240 0.00490447
0.590159 2.4978 2.99841e-05 216 0.00496531
0.591365 3.12724 3.73107e-05 288 0.00499583
0.593087 2.7359 3.23583e-05 240 0.0050396
0.594417 3.70102 4.34798e-05 72 0.00507358
0.596499 2.89836 3.36948e-05 246 0.00512707
0.597997 3.49844 4.03662e-05 320 0.00516579
0.600063 2.54816 2.90988e-05 288 0.00521953
0.601022 3.2489 3.69237e-05 144 0.00524459
0.60348 3.29406 3.69813e-05 288 0.00530921
0.604764 3.2394 3.61366e-05 336 0.00534315
0.60651 3.07275 3.39824e-05 168 0.00538956
0.607555 3.3362 3.67059e-05 336 0.00541748
0.609717 3.04118 3.31052e-05 288 0.00547552
0.611016 3.331 3.60294e-05 264 0.00551058
0.613214 3.04339 3.25657e-05 240 0.00557029
0.614019 3.64852 3.88877e-05 96 0.00559223
0.616265 4.1524 4.37761e-05 120 0.00565382
0.617648 3.38236 3.54191e-05 408 0.00569197
0.619954 3.39422 3.51481e-05 456 0.00575597
0.622004 3.53485 3.62436e-05 108 0.00581325
0.623156 2.81579 2.87111e-05 264 0.00584563
0.624595 3.5164 3.56077e-05 264 0.0058862
0.626564 3.54067 3.55164e-05 312 0.00594205
0.629016 3.50752 3.47739e-05 270 0.00601209
0.630044 3.32257 3.27794e-05 240 0.00604161
0.631892 3.10987 3.04126e-05 384 0.00609492
0.633013 3.4836 3.38867e-05 192 0.00612744
0.635606 3.42904 3.29495e-05 432 0.00620304
0.636899 3.21443 3.06995e-05 144 0.00624098
0.638833 3.61402 3.42032e-05 480 0.006298
0.641275 3.73334 3.49305e-05 216 0.00637049
0.642832 3.40611 3.16379e-05 312 0.006417
0.64426 3.06798 2.83079e-05 216 0.00645988
0.645938 3.85499 3.52931e-05 192 0.00651049
0.648007 3.42776 3.10821e-05 624 0.00657325
0.649634 4.17827 3.76037e-05 120 0.00662287
0.651021 3.75477 3.35767e-05 336 0.0066654
0.653586 3.20203 2.82981e-05 176 0.00674447
0.654666 3.81175 3.35201e-05 384 0.00677797
0.656779 3.36829 2.93353e-05 408 0.00684383
0.658986 3.59253 3.0975e-05 144 0.00691304
0.660251 3.39408 2.90961e-05 486 0.00695292
0.66272 3.2889 2.78806e-05 96 0.00703121
0.663464 3.3719 2.8488e-05 384 0.00705492
0.666071 4.02305 3.35918e-05 492 0.00713841
0.667911 3.52205 2.91662e-05 384 0.00719774
0.669388 4.47635 3.6824e-05 168 0.00724559
0.67191 4.181 3.40084e-05 504 0.00732781
0.67321 4.08454 3.30317e-05 240 0.00737043
0.674682 4.06317 3.26442e-05 456 0.00741888
0.67725 4.45121 3.53567e-05 264 0.0075039
0.678949 4.18123 3.29635e-05 384 0.00756052
0.680759 3.77367 2.95137e-05 432 0.00762114
0.68301 4.03475 3.12446e-05 216 0.00769701
0.684213 4.14979 3.19662e-05 360 0.00773776
0.686355 4.62052 3.52601e-05 312 0.00781065
0.688862 3.88327 2.93117e-05 240 0.00789653
0.690156 4.0502 3.04001e-05 414 0.00794112
0.692267 4.08238 3.03622e-05 552 0.00801421
0.694474 4.2582 3.13688e-05 360 0.00809112
0.695933 3.93277 2.87896e-05 432 0.00814222
0.698042 3.7645 2.73089e-05 480 0.00821645
0.700371 4.33616 3.1143e-05 288 0.00829898
0.701886 4.57768 3.26652e-05 312 0.00835296
0.703511 4.812 3.40999e-05 360 0.0084111
0.706218 4.39696 3.08019e-05 576 0.00850856
0.708463 4.56566 3.16805e-05 464 0.00858997
0.709472 4.75142 3.2829e-05 192 0.00862671
0.71187 4.4082 3.01508e-05 396 0.0087145
0.713632 4.50217 3.0566e-05 432 0.00877938
0.71529 4.59998 3.10134e-05 240 0.0088407
0.717478 4.70787 3.14512e-05 624 0.00892209
0.719862 5.01297 3.31579e-05 504 0.0090113
0.722401 5.5484 3.6314e-05 198 0.00910699
0.723603 4.15292 2.70453e-05 600 0.00915255
0.725718 4.65297 3.00377e-05 384 0.00923302
0.727934 4.17905 2.67326e-05 432 0.00931785
0.729846 4.38072 2.78029e-05 336 0.0093915
0.731583 4.38634 2.76408e-05 336 0.0094587
0.733803 4.63214 2.89257e-05 744 0.00954504
0.736176 4.57605 2.82999e-05 624 0.00963796
0.738441 4.389 2.68941e-05 192 0.00972721
0.739813 4.16121 2.53567e-05 432 0.00978153
0.741823 4.66185 2.81772e-05 504 0.00986144
0.744194 4.74989 2.84357e-05 336 0.00995634
0.745982 5.29862 3.14932e-05 456 0.0100283
0.747564 4.47732 2.64432e-05 408 0.0100922
0.749795 4.37186 2.55905e-05 696 0.0101828
0.752344 4.88146 2.8284e-05 384 0.010287
0.754981 5.32832 3.05508e-05 330 0.0103956
0.756746 4.92644 2.80494e-05 624 0.0104686
0.758549 5.32187 3.00852e-05 384 0.0105437
0.760491 4.77708 2.6799e-05 728 0.0106249
0.762803 4.89757 2.7226e-05 432 0.010722
0.765361 4.5131 2.48379e-05 696 0.0108303
0.767036 4.90363 2.68109e-05 408 0.0109015
0.769597 4.70736 2.54817e-05 456 0.0110111
0.771 4.95671 2.66852e-05 408 0.0110714
0.773164 5.11095 2.72851e-05 528 0.0111649
0.775969 5.21745 2.75528e-05 576 0.0112869
0.778071 4.79751 2.51303e-05 672 0.0113788
0.780434 4.72424 2.45224e-05 384 0.0114828
0.782527 5.43484 2.79852e-05 600 0.0115755
0.784473 5.03625 2.57402e-05 294 0.011662
0.786277 5.03782 2.55715e-05 600 0.0117427
0.788337 5.0841 2.56046e-05 768 0.0118352
0.791032 5.74897 2.86581e-05 648 0.011957
0.793268 5.32121 2.63021e-05 408 0.0120587
0.795576 5.44007 2.66562e-05 552 0.0121643
0.797728 5.35926 2.60484e-05 648 0.0122632
0.800144 5.4569 2.62834e-05 348 0.012375
0.801567 5.22387 2.50272e-05 744 0.0124411
0.804245 6.14723 2.91577e-05 672 0.0125662
0.806478 5.6252 2.64606e-05 456 0.0126712
0.808336 5.44518 2.54377e-05 600 0.012759
0.810593 5.50296 2.54934e-05 744 0.0128661
0.812878 6.18321 2.84039e-05 288 0.0129752
0.815591 6.10668 2.77733e-05 704 0.0131056
0.817562 6.38434 2.88266e-05 678 0.0132009
0.820052 5.20913 2.33067e-05 648 0.0133218
0.822478 5.89091 2.61246e-05 648 0.0134404
0.824775 5.99372 2.6359e-05 696 0.0135534
0.826774 5.8187 2.54042e-05 696 0.0136521
0.829585 5.75955 2.48912e-05 552 0.0137919
0.831577 5.71209 2.45091e-05 840 0.0138914
0.834411 6.09514 2.58871e-05 600 0.0140339
0.836554 5.66646 2.3882e-05 696 0.0141424
0.839038 6.05811 2.53065e-05 672 0.0142687
0.841041 6.0417 2.50581e-05 552 0.0143711
0.843748 5.91868 2.43123e-05 492 0.0145104
0.845866 6.15087 2.50768e-05 840 0.0146199
0.84823 5.81206 2.34979e-05 606 0.0147428
0.850494 6.1538 2.46814e-05 936 0.0148612
0.853082 6.14916 2.4439e-05 528 0.0149973
0.854904 6.52711 2.57756e-05 696 0.0150936
0.857637 6.64567 2.59937e-05 648 0.0152388
0.859669 6.0799 2.36126e-05 936 0.0153474
0.862437 5.72085 2.20048e-05 384 0.0154961
0.864033 6.03608 2.3089e-05 864 0.0155823
0.86686 6.3461 2.40381e-05 768 0.0157358
0.869231 6.61659 2.48581e-05 528 0.0158652
0.871675 6.88092 2.56344e-05 776 0.0159994
0.87406 6.38511 2.35931e-05 960 0.0161311
0.876467 5.78667 2.12061e-05 696 0.0162648
0.878396 6.40781 2.33281e-05 582 0.0163723
0.8815 5.69796 2.05254e-05 1008 0.0165465
0.883728 7.06944 2.52737e-05 408 0.0166723
0.88592 6.56098 2.32823e-05 960 0.0167967
0.888795 6.87367 2.41559e-05 852 0.0169607
0.891174 6.43637 2.24385e-05 912 0.0170973
0.89392 6.45432 2.22943e-05 1032 0.0172559
0.895836 6.8099 2.3372e-05 384 0.017367
0.898639 6.29829 2.14144e-05 864 0.0175306
0.900789 6.77757 2.28794e-05 840 0.0176567
0.903273 6.59341 2.20746e-05 912 0.0178032
0.906338 6.30213 2.08861e-05 792 0.017985
0.90863 6.51488 2.14282e-05 744 0.0181218
0.911438 7.31248 2.383e-05 726 0.0182903
0.913568 6.72995 2.17785e-05 984 0.0184189
0.91598 6.82329 2.19066e-05 912 0.0185652
0.918648 6.46769 2.05846e-05 1104 0.0187278
0.921243 6.97304 2.20059e-05 744 0.018887
0.924376 6.73156 2.10286e-05 968 0.0190803
0.92618 7.12427 2.21255e-05 672 0.0191923
0.928764 6.89879 2.12469e-05 984 0.0193534
0.931719 6.70863 2.04653e-05 840 0.0195387
0.934062 7.14626 2.16367e-05 1092 0.0196864
0.937061 7.41043 2.22218e-05 840 0.0198767
0.939156 7.19529 2.14326e-05 720 0.0200103
0.942047 8.00489 2.36253e-05 1110 0.0201957
0.944712 7.64441 2.2371e-05 1056 0.0203675
0.947136 7.56158 2.19591e-05 888 0.0205247
0.949886 7.72764 2.2247e-05 936 0.020704
0.952401 7.57963 2.16485e-05 912 0.0208689
0.955174 7.98018 2.25946e-05 1104 0.0210517
0.957881 7.2524 2.03604e-05 912 0.0212312
0.960427 8.04266 2.23999e-05 1104 0.021401
0.963313 7.51132 2.07326e-05 1128 0.0215945
0.965992 8.16232 2.23426e-05 768 0.0217751
0.968166 8.3527 2.271e-05 888 0.0219225
0.970778 8.34925 2.25179e-05 1224 0.0221004
0.974412 7.91344 2.11046e-05 750 0.0223495
0.976168 8.09972 2.1485e-05 1092 0.0224706
0.979278 7.89578 2.07451e-05 1472 0.022686
0.982348 8.16594 2.12544e-05 792 0.0229001
0.984688 8.80666 2.27591e-05 1080 0.0230641
0.987495 8.46256 2.16839e-05 1584 0.0232619
0.990359 8.08684 2.05419e-05 624 0.0234649
0.992971 8.10327 2.04216e-05 1248 0.023651
0.99555 7.74537 1.93683e-05 888 0.0238358
0.998492 7.81114 1.93607e-05 912 0.0240477
1.00104 8.31344 2.04489e-05 1368 0.0242321
1.00371 8.16237 1.99172e-05 960 0.0244269
1.00665 9.289 2.24683e-05 1542 0.0246422
1.00992 8.61457 2.06353e-05 1152 0.024883
1.01267 8.73343 2.07502e-05 1008 0.0250866
1.01536 8.61076 2.02965e-05 1248 0.0252872
1.01774 8.5815 2.0086e-05 1056 0.0254653
1.02056 8.61928 2.00074e-05 1188 0.025678
1.0236 8.60735 1.98023e-05 1152 0.025908
1.02664 9.54951 2.17752e-05 1560 0.0261396
1.02971 9.65711 2.18242e-05 1128 0.0263748
1.03219 9.13025 2.04852e-05 1152 0.0265658
1.03491 9.23285 2.05526e-05 920 0.0267762
1.03779 9.06732 2.00166e-05 1470 0.0270002
1.04087 8.65461 1.89365e-05 1200 0.0272412
1.04379 9.10637 1.9758e-05 1440 0.0274716
1.04629 9.26272 1.99534e-05 1224 0.0276695
1.04938 9.54397 2.03781e-05 1296 0.0279155
1.0527 8.95361 1.89377e-05 1560 0.0281807
1.0556 10.0231 2.10253e-05 1272 0.0284146
1.05803 9.80419 2.04247e-05 1080 0.0286112
1.06094 8.94527 1.84828e-05 1368 0.0288474
1.06403 9.85463 2.01846e-05 1248 0.0291005
1.06727 9.81898 1.9929e-05 1194 0.0293671
1.06993 9.74191 1.96254e-05 1752 0.0295874
1.07321 9.08111 1.81269e-05 1392 0.0298604
1.07584 9.74226 1.93046e-05 1440 0.0300801
1.07913 9.59018 1.88299e-05 1488 0.030357
1.08224 10.6527 2.07364e-05 1248 0.0306201
1.08486 10.3234 1.99499e-05 1512 0.0308435
1.08787 10.1467 1.94463e-05 1112 0.0311006
1.09115 9.63 1.829e-05 1848 0.0313829
1.09382 10.1192 1.90786e-05 1224 0.0316141
1.09696 9.83775 1.83892e-05 1536 0.0318869
1.10024 9.9502 1.84335e-05 1638 0.0321739
1.10325 10.2087 1.87581e-05 1392 0.0324385
1.10625 10.0355 1.82903e-05 1632 0.0327038
1.10975 10.3022 1.85993e-05 1452 0.0330154
1.11241 10.2969 1.84564e-05 1680 0.0332536
1.11531 9.81744 1.74604e-05 1320 0.0335138
1.11831 10.7488 1.89631e-05 1752 0.0337856
1.1218 10.1973 1.78227e-05 1776 0.0341027
1.12518 10.0811 1.74615e-05 1104 0.0344119
1.12759 10.1729 1.75076e-05 1728 0.0346335
1.13096 10.9793 1.87273e-05 1446 0.0349446
1.13402 11.4848 1.94315e-05 1920 0.0352289
1.13756 10.9872 1.84161e-05 1896 0.0355605
1.14046 10.7259 1.78416e-05 1176 0.0358329
1.14325 11.607 1.91665e-05 1856 0.036096
1.14644 11.2256 1.8382e-05 1896 0.0363996
1.14985 10.6128 1.72244e-05 1464 0.0367251
1.15345 11.2996 1.81681e-05 1968 0.0370711
1.15649 11.9865 1.9121e-05 1548 0.0373647
1.15973 11.4079 1.80458e-05 1944 0.0376799
1.16289 11.6322 1.82507e-05 1470 0.0379893
1.16609 11.4128 1.77596e-05 1920 0.0383035
1.16933 11.3604 1.75315e-05 2184 0.0386238
1.1728 11.3905 1.74223e-05 1464 0.0389686
1.17556 11.443 1.73796e-05 1608 0.0392445
1.1789 11.8491 1.78439e-05 1944 0.0395797
1.18229 12.276 1.83285e-05 1872 0.0399216
1.18552 11.2325 1.66339e-05 2256 0.0402498
1.18882 12.1316 1.78162e-05 1632 0.0405867
1.19235 12.1756 1.77223e-05 1542 0.0409497
1.19548 12.3687 1.78623e-05 2216 0.0412732
1.1989 12.1126 1.73431e-05 2052 0.0416287
1.20218 11.8389 1.6813e-05 1680 0.0419708
1.20534 12.602 1.77564e-05 2280 0.0423024
1.20884 12.4019 1.7323e-05 1968 0.0426722
1.21229 11.9663 1.65723e-05 2016 0.0430385
1.21548 12.1612 1.67098e-05 1968 0.0433795
1.21918 11.9802 1.63116e-05 1920 0.0437772
1.22273 12.0864 1.63134e-05 2400 0.0441602
1.22637 12.2974 1.64511e-05 1974 0.0445554
1.2291 12.3181 1.63689e-05 1944 0.0448544
1.23259 12.3217 1.62349e-05 1920 0.0452377
1.23584 12.2815 1.60547e-05 2280 0.0455962
1.23913 12.9257 1.67629e-05 1968 0.0459607
1.24271 12.1202 1.55826e-05 2220 0.0463607
1.24626 12.9227 1.64727e-05 2352 0.0467595
1.24987 12.3566 1.5615e-05 1968 0.0471667
1.25321 13.1676 1.65071e-05 2504 0.0475461
1.25696 13.0809 1.62522e-05 2118 0.047974
1.26038 12.6006 1.55283e-05 2352 0.0483667
1.26384 13.3108 1.62692e-05 2136 0.0487663
1.26724 13.0345 1.58037e-05 2112 0.0491605
1.27063 13.7675 1.65591e-05 2472 0.0495563
1.27412 12.5972 1.50275e-05 2376 0.0499654
1.27765 13.0635 1.54548e-05 2304 0.050382
1.28146 13.6564 1.60126e-05 2448 0.0508339
1.28498 13.5988 1.58143e-05 2280 0.0512542
1.28891 13.3734 1.54104e-05 2466 0.0517261
1.29209 14.0314 1.60498e-05 2256 0.0521091
1.29555 13.3739 1.51752e-05 2472 0.0525296
1.29914 13.6754 1.53889e-05 2856 0.0529678
1.30275 14.3262 1.59878e-05 2112 0.05341
1.30664 14.0177 1.55042e-05 2720 0.0538897
1.31022 14.1905 1.5567e-05 2136 0.0543342
1.31338 14.1499 1.54106e-05 2736 0.0547285
1.31727 14.4926 1.56446e-05 2376 0.0552156
1.32115 15.0969 1.61536e-05 3126 0.0557057
1.32517 14.9842 1.58877e-05 2568 0.056215
1.3281 14.9434 1.57397e-05 2112 0.0565893
1.33185 14.4139 1.5054e-05 2748 0.0570704
1.33573 15.1758 1.5712e-05 2928 0.0575703
1.33926 14.5493 1.49447e-05 2640 0.0580277
1.34328 14.4872 1.47476e-05 2856 0.0585522
1.34684 15.145 1.52953e-05 2352 0.0590191
1.35065 14.3486 1.43687e-05 2910 0.0595215
1.35428 15.1841 1.50835e-05 2784 0.0600021
1.35819 15.7382 1.54994e-05 2952 0.0605229
1.36191 15.7127 1.53478e-05 2696 0.0610216
1.36552 15.2822 1.48093e-05 3264 0.0615083
1.36942 15.6401 1.50268e-05 2472 0.0620373
1.37321 14.9659 1.42605e-05 3024 0.0625529
1.37739 15.2451 1.43946e-05 2964 0.0631266
1.38108 15.9389 1.49294e-05 2910 0.0636352
1.38476 15.9282 1.48009e-05 2880 0.0641445
1.38834 16.4037 1.51251e-05 3216 0.0646435
1.39269 16.0401 1.46514e-05 3096 0.065254
1.39621 16.1916 1.46783e-05 2880 0.0657499
1.40013 16.1294 1.44995e-05 2904 0.0663052
1.40406 15.875 1.41513e-05 3504 0.0668651
1.40804 15.9626 1.41091e-05 3168 0.0674346
1.41234 15.6714 1.37256e-05 3054 0.0680545
1.41581 17.3297 1.50668e-05 3032 0.0685569
1.4197 16.8645 1.4542e-05 3000 0.0691244
1.42371 16.9401 1.44841e-05 3780 0.0697116
1.42793 17.6139 1.49272e-05 3504 0.0703329
1.43191 17.063 1.43401e-05 2904 0.0709225
1.43567 16.2294 1.35323e-05 3336 0.0714839
1.4396 17.521 1.44901e-05 3144 0.0720723
1.44356 17.1867 1.40971e-05 3414 0.072668
1.44789 17.3174 1.40772e-05 3552 0.0733239
1.45135 16.4301 1.32607e-05 2928 0.0738505
1.45511 17.116 1.37073e-05 3840 0.074427
1.45943 17.6077 1.39764e-05 3312 0.075091
1.4634 17.4375 1.37289e-05 3432 0.0757057
1.46748 17.189 1.34207e-05 3596 0.0763404
1.47192 16.9358 1.31037e-05 4224 0.0770361
1.47635 18.2835 1.40194e-05 3294 0.077734
1.4801 17.9826 1.36842e-05 3792 0.0783272
1.48412 18.2385 1.37664e-05 3528 0.0789676
1.48876 18.0698 1.35121e-05 3984 0.0797097
1.49263 18.6499 1.38375e-05 3768 0.0803339
1.49668 19.0381 1.40111e-05 3672 0.0809898
1.5007 18.5533 1.35449e-05 3384 0.0816444
1.50468 18.7391 1.35723e-05 3648 0.0822954
1.50906 18.6168 1.33667e-05 4098 0.0830158
1.51319 18.9802 1.35164e-05 4008 0.0836992
1.51752 18.4662 1.30381e-05 4032 0.0844198
1.52148 18.6888 1.30926e-05 3800 0.0850816
1.52566 18.6448 1.29546e-05 3816 0.0857856
1.53008 19.1459 1.31879e-05 4248 0.0865329
1.53425 18.6524 1.27434e-05 3720 0.087243
1.5385 19.1228 1.29569e-05 4254 0.0879693
1.54275 19.1662 1.28791e-05 4224 0.0887015
1.54712 19.907 1.3264e-05 4368 0.0894564
1.55154 19.2211 1.26977e-05 4104 0.090226
1.5559 19.4283 1.27271e-05 4500 0.0909888
1.56012 20.0435 1.30239e-05 3480 0.0917305
1.56438 20.3609 1.31224e-05 5328 0.0924836
1.56888 20.0876 1.2835e-05 3342 0.0932851
1.57296 20.0268 1.2697e-05 4800 0.0940139
1.57761 19.8246 1.24579e-05 4184 0.0948501
1.58177 20.9882 1.30853e-05 5064 0.0956031
1.58626 20.8875 1.29123e-05 4032 0.0964191
1.59063 20.6531 1.26625e-05 4632 0.0972179
1.59512 19.6845 1.19669e-05 4680 0.0980443
1.59955 21.0779 1.2708e-05 3924 0.0988627
1.60387 21.4133 1.28061e-05 5166 0.0996657
1.60831 21.2744 1.2618e-05 4800 0.100495
1.6129 21.5059 1.26467e-05 4560 0.101358
1.61719 20.773 1.21186e-05 4584 0.102171
1.62168 21.293 1.2319e-05 4848 0.103024
1.62597 21.9411 1.25938e-05 4560 0.103844
1.631 21.1149 1.2008e-05 5600 0.104809
1.63549 22.3014 1.25785e-05 4686 0.105678
1.64006 21.1747 1.18435e-05 5016 0.106566
1.64474 21.5058 1.19262e-05 4956 0.107481
1.64888 22.2345 1.22378e-05 4872 0.108295
1.65362 22.6216 1.23439e-05 5376 0.109232
1.65838 22.2746 1.20503e-05 5088 0.110177
1.66285 23.2125 1.24566e-05 4710 0.111071
1.66732 22.3502 1.18977e-05 4848 0.111969
1.67182 22.3694 1.18121e-05 5976 0.112877
1.67656 22.505 1.17831e-05 5208 0.113841
1.68127 22.7241 1.17982e-05 5352 0.114803
1.68594 22.3086 1.14865e-05 4820 0.115762
1.6904 22.1995 1.134e-05 5760 0.116684
1.69513 22.7045 1.15011e-05 5166 0.117666
1.69995 23.1453 1.1625e-05 6168 0.118673
1.70477 23.6198 1.1763e-05 5136 0.119685
1.70952 23.7461 1.17276e-05 6240 0.120688
1.71454 23.8462 1.16739e-05 5568 0.121754
1.71919 23.6931 1.15052e-05 5712 0.122747
1.72386 23.3415 1.12425e-05 5520 0.12375
1.72878 24.5882 1.17421e-05 5670 0.124813
1.73344 23.9075 1.13252e-05 6036 0.125825
1.73835 24.2814 1.14052e-05 6264 0.126897
1.74335 23.8897 1.1125e-05 5912 0.127995
1.74794 24.134 1.11504e-05 5736 0.129009
1.75258 25.0229 1.14694e-05 5400 0.13004
1.75753 25.2058 1.14559e-05 6342 0.131145
1.76258 24.683 1.11223e-05 7032 0.132277
1.76751 24.7582 1.1063e-05 5448 0.133391
1.77221 24.7774 1.09837e-05 6528 0.134458
1.77738 25.2647 1.11023e-05 6468 0.135638
1.78243 24.9148 1.08558e-05 6528 0.136797
1.78706 25.4684 1.1011e-05 5568 0.137866
1.79184 25.9805 1.11426e-05 6798 0.138976
1.79723 24.7008 1.04988e-05 6560 0.140233
1.80203 25.0632 1.05679e-05 6888 0.141361
1.80708 26.1935 1.09522e-05 6624 0.142552
1.81205 26.7596 1.1097e-05 6288 0.143732
1.81703 26.1619 1.07602e-05 6960 0.14492
1.82233 26.1588 1.06654e-05 6570 0.146192
1.82696 26.3986 1.06815e-05 6600 0.147309
1.83219 25.5457 1.02482e-05 7776 0.148577
1.83773 26.579 1.05665e-05 7248 0.149929
1.84289 26.8652 1.05908e-05 6672 0.151196
1.84774 27.3044 1.06796e-05 6704 0.152391
1.85265 27.1181 1.05224e-05 6942 0.153611
1.85788 27.3997 1.05422e-05 7656 0.154916
1.86304 27.323 1.04255e-05 7128 0.15621
1.86848 26.7434 1.01157e-05 7908 0.157581
1.87356 27.8117 1.04343e-05 6648 0.158871
1.8783 27.7914 1.03479e-05 7320 0.16008
1.88389 27.7134 1.02273e-05 7638 0.161514
1.88902 28.0594 1.02709e-05 7416 0.162836
1.89401 27.6557 1.00433e-05 7752 0.16413
1.89959 28.1315 1.01263e-05 8448 0.165585
1.90501 28.3541 1.01196e-05 7280 0.167006
1.91024 28.0517 9.92968e-06 7668 0.168386
1.91549 28.4648 9.99328e-06 8094 0.169778
1.9207 28.6682 9.98309e-06 7656 0.171166
1.92602 29.056 1.00344e-05 8160 0.172594
1.93138 28.9352 9.9097e-06 8472 0.174039
1.93696 29.8624 1.01391e-05 7896 0.175552
1.9421 28.7644 9.68907e-06 8088 0.176951
1.94753 28.8109 9.62375e-06 8286 0.17844
1.95309 29.3128 9.70797e-06 8676 0.179974
1.95841 30.2242 9.92852e-06 8120 0.181447
1.96377 30.0968 9.80597e-06 9024 0.18294
1.96932 29.2683 9.45557e-06 8160 0.184497
1.97458 31.2798 1.00249e-05 7944 0.185979
1.98001 30.0262 9.54413e-06 8982 0.187519
1.98555 29.6283 9.33904e-06 9528 0.189097
1.99126 29.7445 9.29527e-06 8832 0.190733
1.99697 29.8052 9.23456e-06 8916 0.192378
2.00244 30.7347 9.44476e-06 9240 0.193963
2.00796 31.2881 9.53576e-06 8502 0.19557
2.01347 31.193 9.42894e-06 9416 0.197185
2.01894 31.1415 9.33705e-06 8976 0.198797
2.02457 30.855 9.17418e-06 9432 0.200465
2.0302 31.6116 9.32119e-06 9864 0.202141
2.03598 31.6681 9.25849e-06 9024 0.203874
2.04164 31.1613 9.03473e-06 9762 0.20558
2.0472 32.1072 9.23339e-06 9264 0.207263
2.05278 32.0405 9.13929e-06 10056 0.208962
2.05848 32.3656 9.15553e-06 9936 0.210708
2.06453 31.9726 8.96503e-06 9624 0.212572
2.0699 32.2317 8.96761e-06 9752 0.214233
2.07576 32.8358 9.05849e-06 10446 0.216059
2.08159 33.244 9.09432e-06 10056 0.217883
2.08723 32.5531 8.83332e-06 9876 0.219659
2.09319 32.5826 8.76601e-06 11160 0.221546
2.09903 33.1131 8.83458e-06 10128 0.223405
2.10491 32.7215 8.6571e-06 9726 0.225289
2.11051 33.2313 8.72212e-06 11112 0.227094
2.11652 33.8656 8.8132e-06 10776 0.229037
2.1222 34.0541 8.79126e-06 10232 0.230887
2.12811 33.7004 8.62762e-06 11184 0.232822
2.13436 34.0848 8.64966e-06 11058 0.234877
2.1403 34.455 8.67094e-06 11472 0.236846
2.14607 35.331 8.81993e-06 10464 0.238765
2.15178 35.2415 8.72769e-06 10584 0.240678
2.15796 35.0136 8.59699e-06 12504 0.242756
2.16404 35.0416 8.53151e-06 10560 0.244815
2.16987 35.1429 8.48742e-06 11694 0.246798
2.17602 34.8756 8.35161e-06 11420 0.248904
2.18203 36.1305 8.58083e-06 12504 0.250972
2.18802 35.9435 8.46651e-06 10800 0.253044
2.19421 36.3491 8.48983e-06 12456 0.255197
2.20046 35.8834 8.30984e-06 12030 0.257383
2.20635 35.6304 8.1853e-06 11232 0.259457
2.21231 36.382 8.29066e-06 13176 0.261564
2.21866 36.6021 8.2694e-06 11196 0.263823
2.22456 36.5807 8.19894e-06 12720 0.265934
2.23077 36.8597 8.19275e-06 11918 0.268165
2.23689 36.8189 8.11665e-06 13392 0.27038
2.24337 36.503 7.97749e-06 12600 0.272736
2.24963 37.3949 8.10432e-06 13200 0.275027
2.25594 36.985 7.94848e-06 12864 0.277346
2.26215 37.6494 8.02476e-06 12270 0.279644
2.26834 37.3146 7.88847e-06 13668 0.281946
2.27465 38.1441 7.99696e-06 13200 0.284304
2.28097 37.403 7.77652e-06 13416 0.286682
2.28734 38.7071 7.9807e-06 12992 0.289088
2.2937 37.5604 7.68001e-06 13806 0.291506
2.29997 37.9436 7.6951e-06 13800 0.293904
2.30631 38.1226 7.66777e-06 13056 0.296342
2.31259 38.9316 7.76689e-06 14364 0.298768
2.31902 39.745 7.86341e-06 13248 0.301267
2.32549 39.6808 7.78535e-06 15054 0.303797
2.33213 39.4543 7.67495e-06 13680 0.306407
2.33841 39.2021 7.56463e-06 15152 0.308888
2.34514 39.0336 7.46744e-06 14376 0.311564
2.35149 40.3576 7.65837e-06 13932 0.314101
2.35808 40.4357 7.60905e-06 14910 0.316749
2.36456 39.9367 7.45347e-06 15648 0.31937
2.37106 40.5874 7.5128e-06 13680 0.32201
2.37766 40.4375 7.42293e-06 15816 0.324705
2.38432 40.4751 7.36777e-06 15030 0.32744
2.39081 40.6033 7.33102e-06 15104 0.330124
2.39768 40.4762 7.24547e-06 16548 0.332977
2.40438 41.8087 7.42157e-06 15360 0.335777
2.41105 41.5506 7.31476e-06 15768 0.338577
2.4176 41.2061 7.19533e-06 14622 0.341343
2.42433 41.3448 7.15953e-06 17568 0.344204
2.43136 41.1696 7.06752e-06 16368 0.347208
2.43802 41.8608 7.12748e-06 15960 0.350068
2.44478 42.2049 7.12666e-06 15732 0.352986
2.45148 42.7272 7.15586e-06 17006 0.355896
2.45825 42.529 7.06391e-06 16680 0.358856
2.46533 42.2289 6.95381e-06 17712 0.361966
2.47205 43.8756 7.16626e-06 15576 0.364931
2.47856 42.7705 6.93087e-06 16974 0.367822
2.48564 43.5052 6.9898e-06 17436 0.370985
2.49249 43.4646 6.92584e-06 17952 0.374062
2.49953 43.8361 6.92622e-06 17448 0.377238
2.50635 43.612 6.83472e-06 17336 0.380334
2.51347 44.0418 6.8436e-06 17958 0.383583
2.52045 44.8151 6.90604e-06 19056 0.386791
2.52756 44.1896 6.75234e-06 17304 0.390073
2.53442 44.583 6.75734e-06 18276 0.393255
2.5414 44.6082 6.70555e-06 17838 0.396516
2.5483 46.0893 6.87208e-06 18984 0.399754
2.55573 45.5392 6.73102e-06 19616 0.403259
2.56269 45.5913 6.68394e-06 18168 0.406565
2.56979 46.2582 6.72571e-06 19320 0.40995
2.57712 45.7425 6.59411e-06 19170 0.41347
2.58402 47.0559 6.72927e-06 19008 0.416799
2.59124 46.0742 6.5339e-06 20472 0.420306
2.5986 47.1509 6.63e-06 19128 0.423894
2.60574 46.7836 6.52439e-06 19998 0.4274
2.61294 46.5032 6.43184e-06 19808 0.430951
2.62018 46.7766 6.41618e-06 20724 0.434543
2.62754 47.2043 6.42057e-06 19896 0.438215
2.6346 47.7269 6.43963e-06 20304 0.441756
2.64214 47.5501 6.36096e-06 21030 0.445562
2.64935 48.101 6.38228e-06 21168 0.449219
2.65671 48.7418 6.41368e-06 20736 0.452975
2.66416 48.0702 6.27242e-06 21356 0.456795
2.67173 48.2268 6.23953e-06 22206 0.460698
2.6791 48.2862 6.19578e-06 21360 0.464523
2.68651 49.0657 6.24384e-06 21456 0.468389
2.69384 49.3596 6.23009e-06 21648 0.472235
2.70134 49.0367 6.13796e-06 22326 0.476187
2.70887 49.0223 6.08512e-06 22212 0.480181
2.71619 49.0598 6.04066e-06 22128 0.484085
2.72367 49.9251 6.09672e-06 22640 0.488093
2.73137 49.0668 5.94134e-06 23022 0.492248
2.7391 49.8887 5.98987e-06 24168 0.496438
2.7466 49.2339 5.86296e-06 22416 0.500526
2.75431 50.8268 6.00196e-06 23700 0.504754
2.76199 50.1458 5.87227e-06 24222 0.508989
2.76962 51.5087 5.98221e-06 22776 0.513215
2.77711 51.5971 5.9441e-06 24296 0.517392
2.78491 51.3946 5.87116e-06 24648 0.521763
2.79252 51.1164 5.79175e-06 22926 0.526054
2.80016 51.1267 5.74563e-06 25476 0.530383
2.80812 51.8154 5.77368e-06 25608 0.534916
2.81589 51.7922 5.72341e-06 24576 0.539373
2.82378 52.6156 5.76583e-06 25134 0.543918
2.83157 52.4781 5.70345e-06 25928 0.548429
2.83951 53.3109 5.74546e-06 26148 0.553059
2.84746 52.8709 5.65044e-06 25632 0.557718
2.85525 52.5046 5.56551e-06 25926 0.562306
2.86324 53.2692 5.59939e-06 26232 0.567042
2.87111 53.3696 5.56395e-06 27216 0.57173
2.87917 54.2806 5.61154e-06 26736 0.576558
2.88739 53.4054 5.47407e-06 27698 0.581507
2.8953 54.8671 5.57792e-06 26640 0.5863
2.90311 54.1152 5.4572e-06 26880 0.591058
2.91139 54.8042 5.47964e-06 29160 0.596131
2.91957 55.2324 5.47615e-06 27318 0.601172
2.92751 55.8906 5.49643e-06 27984 0.606091
2.93565 55.8936 5.45118e-06 28364 0.611155
2.94365 56.2738 5.4436e-06 28464 0.61617
2.95199 55.838 5.35579e-06 28974 0.621421
2.96007 55.5182 5.28166e-06 28920 0.626534
2.96818 55.9626 5.28042e-06 29640 0.631698
2.97653 57.0113 5.33421e-06 28884 0.637045
2.98472 55.9119 5.18842e-06 30558 0.642317
2.99318 56.7623 5.22276e-06 30776 0.647798
3.00137 57.3662 5.23526e-06 29040 0.653128
3.00959 57.7928 5.2311e-06 30984 0.658508
3.01806 57.441 5.15557e-06 30930 0.664087
3.02658 58.3826 5.19599e-06 32712 0.669723
3.03503 57.9613 5.11552e-06 30528 0.675349
3.04327 58.0642 5.08306e-06 30326 0.680869
3.05173 58.3487 5.06564e-06 33624 0.686558
3.06034 58.9398 5.07386e-06 31824 0.692389
3.06872 59.057 5.04242e-06 31860 0.698092
3.07736 58.6434 4.96503e-06 33942 0.704007
3.08588 59.2198 4.97244e-06 31848 0.709867
3.09426 59.9542 4.9933e-06 33624 0.715669
3.10297 58.8368 4.85911e-06 33512 0.721726
3.11157 59.7273 4.89186e-06 33594 0.727745
3.12023 60.3643 4.90299e-06 34944 0.733836
3.12889 60.7143 4.89055e-06 33624 0.739968
3.13752 60.6818 4.84774e-06 34710 0.746104
3.14616 61.4323 4.86739e-06 34704 0.752282
3.15488 60.875 4.78333e-06 35468 0.758558
3.1637 61.786 4.81441e-06 36096 0.764939
3.17266 61.3257 4.73817e-06 35958 0.771458
3.18144 61.6897 4.72696e-06 36576 0.777878
3.19023 62.8479 4.77599e-06 35976 0.784346
3.19904 61.5074 4.6356e-06 36396 0.790863
3.20798 63.0409 4.71158e-06 38030 0.797509
3.21678 63.0786 4.67582e-06 35784 0.804089
3.22564 63.293 4.65316e-06 38712 0.810752
3.23477 63.4145 4.62271e-06 38310 0.817657
3.24374 63.4403 4.58634e-06 37596 0.824478
3.25254 63.4009 4.54641e-06 39000 0.831202
3.26171 64.1218 4.55943e-06 38552 0.838252
3.2708 64.6118 4.55606e-06 40206 0.845284
3.27984 64.6948 4.52429e-06 39072 0.852312
3.28909 65.1523 4.51798e-06 41340 0.859539
3.2983 64.5792 4.44082e-06 39342 0.866782
3.30724 65.0336 4.43588e-06 40176 0.873852
3.31644 66.0067 4.46492e-06 41768 0.88116
3.32563 66.5735 4.46602e-06 40206 0.888507
3.33487 65.6391 4.36683e-06 42300 0.895935
3.34411 66.3214 4.37572e-06 42360 0.903408
3.35331 66.7009 4.36467e-06 40488 0.91088
3.3626 66.7785 4.33362e-06 44406 0.918472
3.37211 66.8005 4.29847e-06 43076 0.926289
3.38132 68.117 4.34745e-06 42600 0.933901
3.39087 66.6102 4.21547e-06 45486 0.941834
3.40043 67.8998 4.26096e-06 43848 0.94982
3.40963 67.8456 4.22319e-06 43248 0.95755
3.41901 68.3533 4.21985e-06 44988 0.965479
3.42866 67.8862 4.15574e-06 46454 0.973672
3.43818 68.7322 4.17269e-06 44928 0.981803
3.4478 68.7949 4.14161e-06 47256 0.990072
3.45736 69.2595 4.1351e-06 45126 0.99833
3.46696 69.7023 4.12707e-06 48084 1.00667
3.47654 69.187 4.06277e-06 46320 1.01504
3.48629 70.0678 4.08007e-06 47894 1.0236
3.49578 70.4539 4.06922e-06 47160 1.03199
3.50539 70.0207 4.01105e-06 48228 1.04051
3.51537 70.1067 3.98185e-06 50598 1.04943
3.52506 70.243 3.9568e-06 47328 1.05813
3.53475 71.1003 3.97224e-06 50696 1.06688
3.54459 70.9121 3.92883e-06 49344 1.07581
3.55459 71.8972 3.94989e-06 51570 1.08494
3.56441 71.0166 3.86933e-06 50832 1.09397
3.5743 72.6368 3.92486e-06 50424 1.1031
3.58421 71.8369 3.84952e-06 52686 1.1123
3.59415 72.661 3.86146e-06 51092 1.12158
3.60407 73.6712 3.88291e-06 53376 1.13089
3.61415 73.1607 3.82384e-06 52374 1.1404
3.62404 72.9747 3.78299e-06 52848 1.14979
3.63411 73.2574 3.76613e-06 55488 1.15941
3.64445 74.5448 3.79979e-06 54098 1.16933
3.65433 75.0144 3.79282e-06 53688 1.17886
3.66443 74.6486 3.7432e-06 55296 1.18866
3.67462 74.3591 3.69775e-06 56358 1.19861
3.68502 74.9826 3.69726e-06 57468 1.20882
3.69525 75.2105 3.6778e-06 56000 1.21891
3.70559 75.1908 3.64612e-06 57774 1.22917
3.71586 76.1635 3.66277e-06 57648 1.23942
3.72609 76.045 3.62703e-06 57480 1.24968
3.73645 76.09 3.59908e-06 58122 1.26013
3.74669 76.9498 3.60997e-06 59208 1.27053
3.75716 76.4718 3.55765e-06 60032 1.2812
3.76768 77.767 3.58766e-06 60366 1.292
3.77814 76.6785 3.50815e-06 60444 1.30279
3.78854 76.9635 3.49227e-06 60912 1.31358
3.79912 77.6264 3.49301e-06 61422 1.32462
3.80967 78.2551 3.49212e-06 63032 1.33568
3.82029 78.2533 3.46301e-06 62052 1.34688
3.83093 78.0813 3.42669e-06 64038 1.35817
3.84147 79.3738 3.45482e-06 61632 1.36941
3.85195 79.0599 3.41314e-06 64896 1.38065
3.86282 80.1377 3.43054e-06 64874 1.39237
3.87338 80.2349 3.4067e-06 64200 1.40381
3.88424 79.585 3.35083e-06 68016 1.41566
3.89516 80.6741 3.3682e-06 65694 1.42763
3.90592 80.4478 3.33107e-06 67212 1.4395
3.91674 80.5157 3.30633e-06 67088 1.45149
3.92755 81.4849 3.31857e-06 67182 1.46355
3.93842 81.7955 3.30373e-06 69768 1.47572
3.94935 81.9044 3.28073e-06 67524 1.48805
3.96027 82.7167 3.28593e-06 70758 1.50043
3.97123 81.9079 3.22694e-06 69488 1.51292
3.98223 82.7084 3.23155e-06 71640 1.52552
3.99344 82.8982 3.21176e-06 72042 1.53844
4.00456 83.0928 3.19255e-06 72960 1.55133
4.01559 82.8798 3.1582e-06 70422 1.56419
4.02684 83.4658 3.15396e-06 76784 1.57737
4.0381 84.1215 3.1522e-06 72348 1.59064
4.04921 84.264 3.13163e-06 74094 1.6038
4.06038 84.7903 3.12527e-06 74976 1.61711
4.0716 85.0556 3.10919e-06 76200 1.63056
4.08307 85.0651 3.08341e-06 77114 1.64437
4.09436 85.2879 3.06598e-06 76872 1.65805
4.10573 85.5533 3.05003e-06 77784 1.67191
4.1172 85.8585 3.0354e-06 78654 1.68596
4.12861 86.0165 3.01585e-06 79380 1.70001
4.14006 86.5681 3.01009e-06 79256 1.71419
4.15155 85.7168 2.95579e-06 80094 1.72851
4.16295 87.283 2.98515e-06 80760 1.74278
4.17466 87.3056 2.96086e-06 83034 1.75754
4.18631 88.9136 2.9903e-06 82664 1.77229
4.19786 88.0284 2.93615e-06 81864 1.787
4.20942 89.06 2.94615e-06 83334 1.80181
4.22115 89.004 2.91982e-06 85980 1.81691
4.23288 88.8816 2.89165e-06 84144 1.83209
4.24467 89.4295 2.88528e-06 86486 1.84745
4.25637 88.888 2.84423e-06 86016 1.86277
4.26828 89.8696 2.85164e-06 88290 1.87844
4.28011 89.6755 2.82195e-06 87672 1.89411
4.29193 90.371 2.82041e-06 88608 1.90984
4.30383 90.8438 2.81171e-06 88682 1.92577
4.31573 90.5898 2.78071e-06 91200 1.9418
4.3279 90.91 2.76707e-06 92568 1.95826
4.33994 90.7715 2.73991e-06 91014 1.97466
4.35196 91.6718 2.74423e-06 92828 1.99111
4.36403 92.2751 2.73944e-06 93054 2.00772
4.37602 92.1917 2.71452e-06 92568 2.02432
4.38816 92.0156 2.68692e-06 96768 2.04121
4.40051 92.5551 2.67998e-06 95658 2.05849
4.41265 92.3993 2.65344e-06 96368 2.07558
4.42502 93.5221 2.66322e-06 98526 2.09309
4.43718 94.6232 2.67249e-06 95436 2.11039
4.44945 93.9226 2.63082e-06 101472 2.12794
4.46195 94.1232 2.61434e-06 98582 2.14593
4.47415 94.097 2.5923e-06 99984 2.16357
4.48658 95.4492 2.60774e-06 101298 2.18166
4.49915 94.952 2.57248e-06 104952 2.20005
4.51164 95.1524 2.55656e-06 100568 2.21842
4.52414 96.1552 2.56215e-06 105942 2.23691
4.5368 95.7253 2.5294e-06 104892 2.25574
4.54929 97.0788 2.54409e-06 103734 2.27443
4.56181 96.1143 2.49814e-06 107160 2.29325
4.57457 97.3779 2.50986e-06 108788 2.31255
4.58728 97.9601 2.50394e-06 107070 2.33188
4.59999 97.3679 2.46823e-06 110760 2.35131
4.6128 98.282 2.4707e-06 109182 2.37102
4.62563 98.7883 2.46282e-06 112820 2.39086
4.63846 99.147 2.45131e-06 110280 2.4108
4.65132 99.0678 2.42909e-06 114678 2.43091
4.66426 99.4597 2.41846e-06 112668 2.45125
4.67718 100.181 2.41586e-06 116030 2.47169
4.69034 100.251 2.39725e-06 118032 2.49261
4.7033 100.547 2.38454e-06 113700 2.51332
4.71623 100.826 2.37153e-06 118566 2.53411
4.7294 101.474 2.36689e-06 119840 2.5554
4.74251 101.209 2.34117e-06 118278 2.5767
4.75558 102.091 2.34217e-06 120852 2.59807
4.76881 102.174 2.32461e-06 122166 2.61981
4.78209 101.582 2.29194e-06 123296 2.64176
4.79535 102.889 2.30222e-06 123300 2.6638
4.8087 103.037 2.28638e-06 126174 2.68611
4.82205 103.756 2.28327e-06 124800 2.70855
4.83537 103.128 2.25076e-06 126774 2.73104
4.8488 105.189 2.2767e-06 128900 2.75387
4.86226 103.959 2.23145e-06 127776 2.77687
4.87577 105.561 2.24706e-06 132246 2.80008
4.8893 105.4 2.22506e-06 129252 2.82345
4.90284 104.96 2.19746e-06 133118 2.84697
4.91643 106.075 2.20244e-06 133272 2.87071
4.93013 106.665 2.19626e-06 134970 2.89479
4.94379 106.958 2.18411e-06 136128 2.91891
4.95761 106.593 2.15851e-06 137270 2.94345
4.97145 107.625 2.16125e-06 139620 2.96818
4.98526 107.851 2.14784e-06 138312 2.99297
4.99912 108.322 2.13932e-06 140694 3.01801
5.01292 107.991 2.11521e-06 140888 3.04308
5.02687 108.282 2.1033e-06 143034 3.06855
5.04082 108.337 2.08696e-06 143688 3.09416
5.05472 109.789 2.09753e-06 143510 3.11983
5.06873 109.644 2.07743e-06 147828 3.14586
5.08293 109.825 2.06347e-06 147918 3.17236
5.09703 110.603 2.0609e-06 148992 3.19883
5.11123 110.82 2.04776e-06 150356 3.22565
5.12527 110.99 2.03412e-06 147606 3.25229
5.13948 111.018 2.01778e-06 156624 3.27943
5.15396 112.214 2.02238e-06 153354 3.30723
5.16816 112.59 2.01249e-06 153968 3.33463
5.18246 112.486 1.99402e-06 155862 3.36239
5.19679 112.502 1.97786e-06 157524 3.39035
5.21123 113.563 1.97995e-06 159126 3.41871
5.22579 113.382 1.96032e-06 162488 3.44743
5.24033 115.176 1.97481e-06 159570 3.47629
5.25479 113.991 1.9384e-06 164304 3.50516
5.26952 114.894 1.93742e-06 165720 3.5347
5.28409 115.111 1.92506e-06 162866 3.56411
5.29868 115.542 1.91636e-06 169056 3.59372
5.31346 116.246 1.91199e-06 167502 3.62388
5.32816 116.26 1.89644e-06 169964 3.65402
5.34291 117.194 1.89589e-06 170478 3.68446
5.35779 116.846 1.87456e-06 175200 3.71533
5.37276 117.635 1.87148e-06 173130 3.74656
5.38758 117.775 1.85829e-06 175712 3.77764
5.4026 118.497 1.85412e-06 177438 3.80932
5.41755 118.89 1.84491e-06 178092 3.84105
5.43256 118.711 1.82692e-06 179694 3.87305
5.44764 119.51 1.82397e-06 182504 3.9054
5.4628 119.964 1.8157e-06 182394 3.93809
5.47789 119.804 1.79833e-06 184464 3.97083
5.49311 120.174 1.78893e-06 186398 4.00402
5.50841 120.809 1.78344e-06 188844 4.03756
5.52365 121.716 1.782e-06 187230 4.07118
5.53901 122.091 1.77266e-06 193776 4.10522
5.55452 121.813 1.75385e-06 192218 4.1398
5.56983 122.17 1.74453e-06 192408 4.17414
5.58522 122.762 1.73854e-06 195510 4.20884
5.60076 122.939 1.72659e-06 198404 4.24405
5.6164 123.542 1.72061e-06 200310 4.27971
5.63203 123.838 1.71041e-06 201216 4.31554
5.64768 124.368 1.70349e-06 201618 4.35162
5.66335 124.763 1.69475e-06 204680 4.38794
5.67898 124.042 1.67109e-06 202770 4.42437
5.69478 125.119 1.6716e-06 211800 4.46141
5.71065 126.183 1.6718e-06 205718 4.4988
5.72637 126.559 1.66301e-06 211452 4.53606
5.74229 126.614 1.64994e-06 213150 4.574
5.75836 127.601 1.64891e-06 217512 4.6125
5.77442 127.908 1.63912e-06 214754 4.65121
5.79027 127.844 1.62489e-06 215424 4.6896
5.80643 128.284 1.6169e-06 224574 4.72899
5.82259 129.708 1.62128e-06 218588 4.76858
5.83867 128.708 1.59553e-06 223902 4.8082
5.85483 130.203 1.60072e-06 224952 4.84824
5.87119 129.796 1.58242e-06 230258 4.88899
5.88752 130.775 1.58113e-06 227544 4.92989
5.90382 131.682 1.57894e-06 231018 4.97095
5.92021 130.965 1.55734e-06 234504 5.01248
5.93666 131.605 1.55197e-06 233102 5.05438
5.95305 131.903 1.54268e-06 236892 5.09635
5.96958 132.987 1.54247e-06 238830 5.13893
5.98612 132.251 1.52126e-06 241232 5.18175
6.00281 134.233 1.53121e-06 243906 5.22522
6.01948 134.252 1.51874e-06 244704 5.26888
6.03618 134.164 1.50517e-06 246698 5.31285
6.05287 134.525 1.49678e-06 248664 5.35704
6.06975 135.512 1.49522e-06 253494 5.40199
6.08663 135.184 1.47922e-06 251522 5.44718
6.10345 136.176 1.47779e-06 255336 5.49246
6.12039 136.55 1.46958e-06 257694 5.53833
6.13742 137.77 1.47041e-06 260988 5.58467
6.15452 137.847 1.45899e-06 261638 5.63148
6.17151 138.313 1.45188e-06 262356 5.67825
6.18861 138.655 1.44343e-06 266478 5.72559
6.20588 139.418 1.43929e-06 272048 5.77366
6.22322 140.507 1.43844e-06 269850 5.82219
6.24044 140.088 1.42231e-06 272544 5.87064
6.25776 141.012 1.41984e-06 275546 5.91967
6.27506 140.781 1.40583e-06 275334 5.96889
6.29257 141.852 1.40473e-06 285024 6.019
6.3102 141.769 1.39217e-06 282242 6.06974
6.32759 142.163 1.38456e-06 280800 6.12005
6.34509 142.75 1.3788e-06 288330 6.17097
6.36273 143.224 1.3719e-06 290024 6.2226
6.38041 144.526 1.3729e-06 290598 6.27461
6.39805 144.009 1.35671e-06 293748 6.3268
6.4159 144.353 1.34863e-06 299582 6.37989
6.43369 145.677 1.34974e-06 295914 6.4331
6.45145 146.121 1.3427e-06 302352 6.48653
6.46945 146.915 1.33876e-06 305342 6.54098
6.48737 147.81 1.33578e-06 305532 6.59549
6.50541 148.584 1.33164e-06 310806 6.65067
6.52346 148.923 1.32363e-06 310436 6.70617
6.54163 149.102 1.31421e-06 318006 6.76236
6.55978 149.854 1.3099e-06 312846 6.81881
6.57792 151.299 1.31163e-06 322508 6.87553
6.59626 151.663 1.30385e-06 321318 6.9332
6.61457 151.971 1.29567e-06 327204 6.9911
6.63294 152.362 1.28825e-06 325766 7.04949
6.65129 152.926 1.28234e-06 330246 7.10817
6.6698 154.262 1.2828e-06 335868 7.16768
6.68842 154.841 1.2769e-06 336710 7.22788
6.70692 154.22 1.26128e-06 336636 7.28801
6.72554 155.641 1.26235e-06 343542 7.34891
6.74416 155.701 1.25241e-06 342092 7.41011
6.76288 157.064 1.25292e-06 349446 7.47197
6.78171 157.434 1.24543e-06 350118 7.53457
6.80049 157.975 1.23939e-06 352628 7.59732
6.81946 158.953 1.23669e-06 359334 7.66107
6.83836 159.349 1.22951e-06 356364 7.72497
6.8573 160.06 1.22479e-06 362990 7.78933
6.87632 160.686 1.21941e-06 364062 7.85434
6.8954 161.477 1.21527e-06 369756 7.91989
6.91452 162.343 1.21168e-06 368726 7.98596
6.93369 163.196 1.20797e-06 375786 8.05255
6.95298 163.82 1.20253e-06 378600 8.11995
6.97229 164.231 1.19556e-06 379394 8.18777
6.99165 165.659 1.19596e-06 386568 8.25619
7.01113 166.415 1.19143e-06 386906 8.3254
7.03054 166.989 1.18566e-06 388950 8.39474
7.05003 167.391 1.17868e-06 394512 8.46475
7.06964 169.23 1.18175e-06 396818 8.53557
7.08927 169.302 1.17246e-06 401112 8.60686
7.109 170.546 1.17126e-06 404850 8.67894
7.12874 170.696 1.16258e-06 405566 8.75143
7.14845 171.398 1.15774e-06 409308 8.82422
7.16828 172.709 1.15694e-06 413766 8.89785
7.18818 173.51 1.15268e-06 417050 8.97215
7.2082 174.426 1.14913e-06 425232 9.04735
7.22829 175.282 1.14517e-06 421862 9.12321
7.24825 175.532 1.13735e-06 426402 9.199
7.26841 176.661 1.13517e-06 434688 9.27596
7.28872 177.754 1.13268e-06 436634 9.35391
7.30888 178.469 1.12785e-06 434784 9.43177
7.32907 179.733 1.12648e-06 441018 9.51013
7.34941 181.112 1.12572e-06 447350 9.58953
7.36984 181.549 1.11908e-06 449868 9.66974
7.3903 183.373 1.12095e-06 453206 9.75049
7.4108 183.802 1.11428e-06 456570 9.83185
7.4314 184.899 1.11164e-06 463824 9.91407
7.45208 186.492 1.11191e-06 463718 9.99706
7.47272 186.568 1.10317e-06 468186 10.0804
7.49346 188.987 1.10822e-06 473448 10.1645
7.51434 190.432 1.10741e-06 479354 10.2497
7.5352 190.797 1.10034e-06 477702 10.3353
7.55605 190.974 1.09227e-06 485204 10.4214
7.5771 193.524 1.09765e-06 491454 10.5087
7.59817 195.266 1.09835e-06 491226 10.5966
7.61922 196.215 1.09456e-06 497648 10.685
7.64048 197.535 1.09275e-06 504930 10.7746
7.66167 199.167 1.09266e-06 500358 10.8645
7.6828 200.29 1.08979e-06 508652 10.9547
7.70418 201.489 1.08721e-06 516390 11.0464
7.72557 202.241 1.08222e-06 515642 11.1386
7.74695 203.892 1.08205e-06 521880 11.2314
7.76853 205.231 1.0801e-06 530850 11.3255
7.79012 207.195 1.0814e-06 527054 11.4202
7.8116 209.249 1.08313e-06 534156 11.5149
7.83338 210.714 1.08165e-06 545150 11.6115
7.85521 212.257 1.08051e-06 543474 11.7088
7.87691 213.449 1.07762e-06 545310 11.8062
7.89874 215.834 1.08065e-06 555788 11.9046
7.92074 217.114 1.07803e-06 559542 12.0043
7.94278 219.612 1.08138e-06 564146 12.1048
7.96481 221.076 1.07958e-06 566520 12.2058
7.98694 223.076 1.08032e-06 573594 12.3078
8.00914 224.429 1.07785e-06 577718 12.4108
8.03133 227.006 1.08122e-06 579300 12.5142
8.05362 227.913 1.07655e-06 586235 12.6187
8.07603 229.661 1.07581e-06 585156 12.7243
8.09843 231.55 1.07568e-06 582704 12.8305
8.12088 232.434 1.07086e-06 584544 12.9375
8.14345 232.687 1.06313e-06 585204 13.0456
8.16605 233.975 1.06016e-06 582812 13.1546
8.18871 235.474 1.05812e-06 584472 13.2644
8.21146 235.491 1.04943e-06 584132 13.3753
8.23424 236.831 1.04667e-06 582540 13.4869
8.25707 238.017 1.04321e-06 582096 13.5993
8.28004 239.594 1.0414e-06 586412 13.7132
8.30307 239.943 1.03427e-06 581640 13.8279
8.32613 241.925 1.03417e-06 583304 13.9434
8.34929 242.549 1.02823e-06 583536 14.0601
8.37244 243.225 1.02257e-06 578204 14.1774
8.39565 245.263 1.02261e-06 582180 14.2956
8.41901 245.835 1.01649e-06 582144 14.4153
8.44239 247.355 1.01429e-06 578780 14.5357
8.46576 248.558 1.01081e-06 577524 14.6568
8.48924 249.699 1.00705e-06 579584 14.779
8.51287 251.081 1.00421e-06 580752 14.9028
8.53655 251.993 9.99498e-07 576896 15.0275
8.5602 251.965 9.91128e-07 575412 15.1527
8.58391 253.564 9.89169e-07 575676 15.2791
8.60777 255.892 9.89975e-07 576392 15.4068
8.63167 256.928 9.85751e-07 574368 15.5355
8.6556 258.034 9.81805e-07 572624 15.6651
8.67964 259.829 9.80443e-07 574056 15.7959
8.70378 260.843 9.76103e-07 572864 15.9281
8.72791 261.957 9.72165e-07 568992 16.0609
8.75214 263.938 9.71401e-07 572024 16.1951
8.77648 264.009 9.63602e-07 569052 16.3306
8.80086 265.793 9.62074e-07 568236 16.467
8.82523 267.279 9.5946e-07 563612 16.6042
8.84969 269.035 9.57777e-07 567216 16.7427
8.8743 270.743 9.55859e-07 564740 16.8828
8.89896 270.344 9.46539e-07 563940 17.0239
8.92369 272.699 9.46871e-07 562172 17.1662
8.9485 273.821 9.4288e-07 561948 17.3097
8.97339 275.317 9.40161e-07 560084 17.4546
8.9983 277.024 9.38156e-07 556764 17.6004
9.02321 278.478 9.35294e-07 553976 17.7469
9.04824 280.049 9.32785e-07 556344 17.895
9.07338 282.283 9.32432e-07 552420 18.0446
9.09857 282.643 9.2589e-07 552200 18.1953
9.12381 285.524 9.27586e-07 548880 18.3472
9.14913 286.427 9.22815e-07 548696 18.5003
9.17454 287.653 9.19085e-07 546948 18.6549
9.20009 290.163 9.19404e-07 547364 18.8112
9.22565 292.436 9.18925e-07 540792 18.9684
9.2512 292.977 9.13019e-07 540320 19.1264
9.27686 295.694 9.13857e-07 538668 19.2861
9.30261 296.158 9.07713e-07 537260 19.4471
9.32845 298.834 9.08326e-07 534912 19.6096
9.35439 300.783 9.06665e-07 534812 19.7737
9.38034 302.298 9.0369e-07 527424 19.9386
9.40633 304.696 9.03329e-07 528968 20.1048
9.43243 305.775 8.99025e-07 525312 20.2727
9.45865 308.488 8.99476e-07 525968 20.4422
9.48493 309.219 8.94136e-07 520272 20.6131
9.51128 313.215 8.98187e-07 520256 20.7853
9.53767 314.415 8.94162e-07 514536 20.9589
9.56415 316.477 8.9257e-07 515732 21.1339
9.59074 318.811 8.91697e-07 510624 21.3106
9.61731 321.052 8.90541e-07 507288 21.4883
9.64399 321.442 8.84244e-07 505904 21.6676
9.67076 325.57 8.88183e-07 502608 21.8485
9.69767 327.824 8.86906e-07 502280 22.0314
9.72462 330.911 8.87836e-07 496404 22.2156
9.75161 331.577 8.82258e-07 494156 22.4011
9.77867 335.493 8.85288e-07 490572 22.5881
9.80581 336.698 8.8111e-07 487856 22.7767
9.83305 339.542 8.81187e-07 485592 22.9671
9.86033 343.157 8.832e-07 479840 23.1587
9.88774 345.385 8.81561e-07 480792 23.3524
9.91523 348.175 8.81309e-07 473276 23.5477
9.94267 352.207 8.84156e-07 469716 23.7438
9.97028 354.328 8.8211e-07 469388 23.9421
9.99798 358.14 8.84212e-07 463164 24.1422
10.0257 359.873 8.8113e-07 460964 24.3438
10.0536 365.067 8.86437e-07 456404 24.5473
10.0815 365.746 8.80734e-07 453096 24.7523
10.1095 371.264 8.86619e-07 447944 24.9589
10.1375 372.338 8.81824e-07 445104 25.1672
10.1657 375.948 8.82993e-07 440876 25.3776
10.1939 381.117 8.87711e-07 438372 25.5898
10.2223 381.94 8.82251e-07 431156 25.8038
10.2506 386.016 8.84302e-07 426816 26.0187
10.279 390.434 8.87025e-07 424208 26.2357
10.3076 394.017 8.87739e-07 420060 26.4551
10.3362 397.228 8.87556e-07 414500 26.6762
10.3649 403.067 8.93153e-07 409044 26.8987
10.3936 406.309 8.9289e-07 406184 27.1231
10.4225 409.918 8.93339e-07 401808 27.3503
10.4515 416.335 8.99805e-07 394448 27.5787
10.4804 419.976 9.00175e-07 390564 27.8085
10.5095 424.266 9.01835e-07 386420 28.0409
10.5387 427.183 9.00511e-07 380148 28.2752
10.568 431.618 9.0233e-07 375116 28.5111
10.5973 436.9 9.05804e-07 371108 28.7494
10.6268 440.203 9.0509e-07 363588 28.9896
10.6563 446.854 9.11151e-07 360704 29.2318
10.6859 450.871 9.11721e-07 352920 29.4761
10.7155 457.574 9.17613e-07 347888 29.7223
10.7453 462.382 9.1957e-07 342564 29.9707
10.7751 467.073 9.21205e-07 336104 30.221
10.805 473.404 9.2596e-07 329616 30.4733
10.835 479.043 9.29241e-07 324044 30.7274
10.865 485.792 9.34535e-07 317940 30.9838
10.8952 489.903 9.34632e-07 311516 31.2428
10.9255 499.018 9.44124e-07 306920 31.5041
10.9559 503.955 9.4556e-07 297936 31.7675
10.9864 506.456 9.42365e-07 293684 32.0334
11.0169 515.297 9.50877e-07 284568 32.3008
11.0473 520.284 9.52163e-07 276704 32.5693
11.078 527.211 9.56836e-07 274896 32.8418
11.1089 532.373 9.58182e-07 263228 33.1168
11.1396 535.72 9.56239e-07 257720 33.3927
11.1706 541.582 9.58694e-07 250968 33.6716
11.2016 545.947 9.58415e-07 242276 33.9529
11.2326 551.32 9.59837e-07 236220 34.2362
11.2638 555.225 9.5863e-07 227624 34.5222
11.2952 558.541 9.56354e-07 221304 34.811
11.3265 560.782 9.5223e-07 212204 35.1021
11.3579 565.106 9.51658e-07 203168 35.394
11.3893 566.812 9.46635e-07 197955 35.6892
11.4211 571.419 9.46395e-07 190268 35.9884
11.4529 575.871 9.45849e-07 184188 36.2897
11.4846 582.7 9.49149e-07 176492 36.5924
11.5165 582.955 9.41708e-07 172200 36.8977
11.5486 585.64 9.38181e-07 166544 37.207
11.5807 592.165 9.40769e-07 160160 37.518
11.6127 600.945 9.46827e-07 155010 37.8307
11.6449 601.661 9.40118e-07 149948 38.1461
11.6773 611.055 9.46884e-07 145458 38.4648
11.7097 617.301 9.48627e-07 140444 38.7866
11.7423 624.913 9.52369e-07 135596 39.1106
11.7747 631.166 9.53956e-07 130308 39.4362
11.8074 643.523 9.64596e-07 126860 39.7648
11.8402 650.815 9.67421e-07 122748 40.098
11.8732 652.874 9.62421e-07 118076 40.4338
11.9062 652.105 9.53323e-07 113774 40.7716
11.9391 668.301 9.6893e-07 109236 41.1112
11.9722 680.295 9.78178e-07 105638 41.4534
12.0054 683.632 9.74829e-07 102174 41.7998
12.0389 692.848 9.79751e-07 98708 42.1505
12.0724 702.265 9.84817e-07 94310 42.5035
12.1059 714.763 9.94062e-07 90414 42.8577
12.1394 724.879 9.99789e-07 87398 43.2153
12.1731 735.755 1.00639e-06 83462 43.5758
12.2067 748.927 1.01597e-06 79902 43.9379
12.2406 752.122 1.01185e-06 77558 44.3049
12.2748 772.662 1.03083e-06 74094 44.6769
12.309 790.079 1.0453e-06 71006 45.0516
12.3433 794.261 1.04211e-06 67574 45.4289
12.3775 804.031 1.0462e-06 64368 45.8078
12.4118 821.132 1.05962e-06 61502 46.1894
12.446 835.299 1.06902e-06 58214 46.573
12.4804 856.22 1.08678e-06 55872 46.9597
12.515 869.371 1.09434e-06 53270 47.3516
12.5498 887.623 1.10804e-06 50742 47.7479
12.5848 903.407 1.11838e-06 48032 48.1477
12.6198 910.611 1.11793e-06 45638 48.551
12.6549 936.693 1.1404e-06 43008 48.9576
12.6901 962.258 1.1618e-06 40694 49.3673
12.7255 970.432 1.16193e-06 38408 49.781
12.7609 988.514 1.17376e-06 35958 50.1975
12.7963 1017.19 1.1978e-06 33920 50.6172
12.8319 1022 1.19348e-06 31622 51.0405
12.8675 1064.58 1.23292e-06 29640 51.4665
12.9033 1084.73 1.24584e-06 27662 51.8966
12.939 1117.81 1.27322e-06 25568 52.3291
12.9748 1157.48 1.30752e-06 23904 52.7651
13.0109 1172.54 1.31354e-06 22118 53.2064
13.0469 1190.93 1.32313e-06 20168 53.6491
13.083 1229.22 1.3544e-06 18816 54.096
13.1194 1241.77 1.35687e-06 17126 54.5488
13.1559 1300.07 1.40878e-06 15680 55.0052
13.1925 1321.26 1.41985e-06 14184 55.4658
13.2293 1350.74 1.43947e-06 12854 55.9307
13.2663 1413.74 1.49403e-06 11600 56.4017
13.3038 1442.75 1.51184e-06 10428 56.8805
13.3412 1507.97 1.56693e-06 9032 57.362
13.3781 1525.51 1.57206e-06 7838 57.8399
13.4149 1573.32 1.60802e-06 6816 58.3184
13.4517 1625.19 1.64746e-06 5840 58.7992
13.4884 1637.74 1.64668e-06 4952 59.2812
13.5246 1731.36 1.72686e-06 4062 59.7599
13.5603 1741.38 1.72317e-06 3368 60.2348
13.596 1908.46 1.87364e-06 2744 60.7124
13.6318 1921.71 1.87182e-06 2184 61.1931
13.6739 2030.6 1.95969e-06 2192 61.7614
13.7179 2085.95 1.9938e-06 1238 62.3597
13.7573 2189.67 2.07501e-06 728 62.8983
13.7931 2459.57 2.31266e-06 456 63.391
13.8288 2246.1 2.09562e-06 248 63.8846
13.8642 3007.74 2.78483e-06 104 64.3755
13.8983 1846.47 1.69707e-06 24 64.852
13.93 354.602 3.2369e-07 1 65.2968
0.666216
1398
200
512
1.29935
0.502655 5.43616 0.000105614 6 0.00306796
0.710861 5.45681 3.74821e-05 12 0.00867751
0.870624 16.1133 6.02465e-05 8 0.0159416
1.00531 4.99079 1.21202e-05 6 0.0245437
1.12397 12.7869 2.22198e-05 24 0.0343009
1.23125 10.0316 1.32609e-05 24 0.0450896
1.42172 20.0147 1.71848e-05 12 0.06942
1.50796 14.007 1.00788e-05 30 0.082835
1.58953 15.4309 9.48029e-06 24 0.0970175
1.66712 19.3602 1.03098e-05 24 0.111928
1.74125 35.029 1.63714e-05 8 0.127533
1.81235 38.0319 1.57639e-05 24 0.143802
1.88076 23.7505 8.8087e-06 48 0.16071
2.01062 36.501 1.10804e-05 6 0.19635
2.0725 44.0785 1.22175e-05 48 0.215042
2.13258 30.3281 7.71555e-06 36 0.234293
2.19102 33.9754 7.97012e-06 24 0.254086
2.24794 43.9342 9.54306e-06 24 0.274407
2.30345 46.6468 9.41723e-06 48 0.295242
2.35766 28.848 5.4314e-06 24 0.31658
2.4625 51.3385 8.48313e-06 24 0.360717
2.51327 56.9156 8.8461e-06 30 0.383495
2.56305 44.2636 6.4866e-06 72 0.406733
2.61187 37.9837 5.25995e-06 32 0.430423
2.70688 50.9449 6.33774e-06 72 0.479123
2.75315 66.8457 7.90354e-06 48 0.504118
2.84345 111.655 1.19835e-05 12 0.55536
2.88753 42.4773 4.35328e-06 48 0.581595
2.93096 52.2135 5.11676e-06 48 0.608231
2.97375 54.5617 5.11937e-06 48 0.635261
3.01593 63.6181 5.72213e-06 30 0.66268
3.05753 66.2416 5.71819e-06 24 0.690482
3.09857 56.4306 4.68026e-06 72 0.718663
3.17907 65.5484 5.03388e-06 24 0.77614
3.21856 62.3403 4.61342e-06 96 0.805426
3.25758 58.1916 4.15352e-06 48 0.835072
3.29613 63.6361 4.38461e-06 24 0.865073
3.33423 70.8112 4.7136e-06 24 0.895424
3.37191 47.8484 3.07949e-06 72 0.926123
3.40917 50.4159 3.13951e-06 48 0.957165
3.48249 52.1774 3.04825e-06 8 1.02026
3.51858 94.358 5.34459e-06 54 1.05231
3.55431 60.9528 3.34941e-06 84 1.08469
3.58967 52.3006 2.78986e-06 48 1.11739
3.6247 76.1254 3.94416e-06 24 1.15042
3.65938 78.5726 3.95628e-06 72 1.18376
3.69374 103.266 5.0559e-06 96 1.21742
3.76152 74.3475 3.44679e-06 48 1.28568
3.79496 44.8619 2.02533e-06 48 1.32027
3.82811 62.6883 2.75724e-06 24 1.35516
3.86096 63.9758 2.74263e-06 72 1.39036
3.92586 95.0073 3.87429e-06 72 1.46165
3.95791 52.4843 2.08868e-06 96 1.49774
4.02124 74.8802 2.84137e-06 6 1.5708
4.05253 104.461 3.87269e-06 96 1.60776
4.08359 80.0931 2.90208e-06 96 1.645
4.11441 35.2491 1.24872e-06 24 1.68253
4.145 96.5012 3.34349e-06 48 1.72034
4.17536 98.9496 3.35406e-06 96 1.75842
4.20551 107.44 3.56409e-06 48 1.79679
4.26517 112.982 3.59288e-06 36 1.87434
4.29468 102.542 3.19409e-06 48 1.91353
4.324 91.6656 2.79762e-06 120 1.95298
4.35312 93.0494 2.78325e-06 56 1.9927
4.38204 147.333 4.32026e-06 24 2.03269
4.41078 88.495 2.54456e-06 96 2.07294
4.43933 88.6591 2.50041e-06 48 2.11345
4.49588 77.2759 2.09816e-06 24 2.19525
4.52389 88.9053 2.36936e-06 102 2.23654
4.55173 100.664 2.6338e-06 48 2.27809
4.5794 90.7842 2.33251e-06 72 2.31989
4.60691 115.427 2.91285e-06 48 2.36194
4.63425 79.1827 1.96305e-06 48 2.40424
4.66143 111.307 2.71147e-06 120 2.4468
4.71532 110.981 2.6119e-06 24 2.53264
4.74204 87.4953 2.02456e-06 144 2.57594
4.7686 94.0194 2.13936e-06 120 2.61947
4.79502 134.17 3.00279e-06 48 2.66325
4.84743 94.6379 2.05008e-06 48 2.75153
4.87342 128.919 2.74824e-06 96 2.79603
4.92499 127.463 2.63274e-06 24 2.88574
4.95058 96.4988 1.96243e-06 48 2.93094
4.97603 94.8943 1.90034e-06 108 2.97638
5.00135 85.8423 1.69309e-06 72 3.02206
5.02655 90.5823 1.75984e-06 30 3.06796
5.05162 82.6609 1.58215e-06 168 3.1141
5.07656 87.5299 1.65077e-06 48 3.16046
5.12609 114.585 2.09897e-06 72 3.25387
5.15068 113.059 2.0415e-06 96 3.30091
5.17515 119.775 2.13224e-06 72 3.34818
5.1995 114.411 2.00827e-06 72 3.39567
5.22374 95.0012 1.64446e-06 32 3.44338
5.24787 133.68 2.28221e-06 72 3.49132
5.27189 99.8685 1.68178e-06 144 3.53948
5.34329 116.846 1.88984e-06 96 3.68526
5.36688 132.873 2.12085e-06 96 3.73428
5.39037 113.758 1.79212e-06 48 3.78353
5.41376 100.389 1.56109e-06 72 3.83298
5.43704 121.5 1.8652e-06 120 3.88265
5.46023 107.92 1.63572e-06 72 3.93254
5.50631 171.293 2.53161e-06 48 4.03294
5.5292 95.7712 1.39793e-06 78 4.08346
5.552 128.482 1.8524e-06 120 4.13418
5.57471 85.6441 1.21975e-06 48 4.18512
5.61985 111.212 1.54603e-06 144 4.28761
5.64229 136.664 1.87727e-06 144 4.33916
5.68689 284.072 3.81104e-06 12 4.44288
5.70906 94.6679 1.2553e-06 144 4.49505
5.73115 140.801 1.84553e-06 48 4.54742
5.75315 113.212 1.46696e-06 120 4.59999
5.77506 137.522 1.76174e-06 48 4.65276
5.7969 91.3869 1.15754e-06 48 4.70573
5.81865 150.698 1.88747e-06 168 4.75891
5.86191 152.651 1.86992e-06 48 4.86585
5.88342 132.001 1.59929e-06 96 4.91961
5.90486 139.573 1.67268e-06 96 4.97357
5.92621 129.923 1.54026e-06 72 5.02773
5.94749 126.454 1.4831e-06 48 5.08209
5.9687 132.686 1.53967e-06 96 5.13663
5.98982 98.7104 1.13334e-06 48 5.19138
6.03186 146.969 1.65239e-06 30 5.30144
6.05277 118.568 1.31931e-06 96 5.35676
6.0736 131.178 1.44465e-06 192 5.41227
6.09437 146.835 1.6006e-06 56 5.46797
6.11506 118.844 1.28237e-06 24 5.52386
6.13568 145.374 1.55288e-06 168 5.57994
6.15624 125.916 1.3316e-06 120 5.63621
6.19714 183.814 1.90565e-06 72 5.7493
6.2175 88.7436 9.11025e-07 144 5.80613
6.23778 136.228 1.38489e-06 96 5.86315
6.258 125.605 1.26456e-06 96 5.92035
6.29825 159.477 1.575e-06 72 6.03531
6.31827 189.89 1.85758e-06 96 6.09306
6.35814 160.408 1.53985e-06 24 6.20912
6.37797 132.948 1.26437e-06 192 6.26742
6.39775 164.263 1.54774e-06 108 6.3259
6.41747 142.647 1.33171e-06 24 6.38457
6.43712 123.422 1.14171e-06 96 6.44341
6.45672 91.869 8.42119e-07 96 6.50243
6.47625 165.46 1.503e-06 120 6.56163
6.51515 124.652 1.11215e-06 48 6.68057
6.53451 164.07 1.45087e-06 78 6.74031
6.55382 141.807 1.24295e-06 144 6.80023
6.57306 132.222 1.14879e-06 120 6.86032
6.59226 160.813 1.38502e-06 24 6.92058
6.61139 130.532 1.11449e-06 168 6.98102
6.63047 155.336 1.31485e-06 144 7.04164
6.66847 136.224 1.13348e-06 24 7.1634
6.68739 164.543 1.35753e-06 48 7.22453
6.70625 136.099 1.11341e-06 96 7.28584
6.72506 133.031 1.07921e-06 120 7.34733
6.74382 114.955 9.24802e-07 72 7.40898
6.76253 166.762 1.33048e-06 120 7.47081
6.78118 161.65 1.27908e-06 144 7.53281
6.81834 155.623 1.21137e-06 48 7.65732
6.83684 154.576 1.19348e-06 192 7.71983
6.8553 183.9 1.40845e-06 144 7.7825
6.8737 147.97 1.1242e-06 48 7.84535
6.91036 143.68 1.07432e-06 192 7.97155
6.92862 129.167 9.58191e-07 48 8.0349
6.96499 69.3229 5.06238e-07 8 8.1621
6.99816 141.23 1.01675e-06 288 8.27926
7.01919 199.817 1.42564e-06 96 8.35414
7.03717 164.645 1.16572e-06 54 8.41849
7.0551 184.475 1.29619e-06 120 8.483
7.07298 128.738 8.97719e-07 120 8.54767
7.10861 155.81 1.07024e-06 84 8.67751
7.12636 162.238 1.10609e-06 144 8.74267
7.14407 184.357 1.24756e-06 72 8.80799
7.16173 153.35 1.03008e-06 96 8.87348
7.19106 161.329 1.07047e-06 144 8.98295
7.21445 175.847 1.15549e-06 240 9.07091
7.24939 102.395 6.63156e-07 24 9.20333
7.2668 171.521 1.10288e-06 240 9.26978
7.28416 132.725 8.4733e-07 96 9.33639
7.31012 168.329 1.06322e-06 144 9.43656
7.33601 231.046 1.44397e-06 96 9.53717
7.35321 133.763 8.30132e-07 72 9.60441
7.38749 124.795 7.63739e-07 96 9.73936
7.40457 138.522 8.41896e-07 96 9.80708
7.42916 174.436 1.04968e-06 216 9.90512
7.4725 148.212 8.76446e-07 192 10.0795
7.48939 150.258 8.82549e-07 144 10.148
7.52305 179.711 1.04144e-06 48 10.2854
7.53982 224.695 1.29345e-06 150 10.3544
7.55656 208.746 1.19367e-06 96 10.4235
7.57326 194.819 1.10668e-06 120 10.4927
7.60179 174.151 9.78175e-07 168 10.6118
7.62314 150.454 8.37997e-07 240 10.7014
7.65621 157.838 8.67782e-07 24 10.8413
7.68256 171.28 9.32029e-07 360 10.9536
7.70555 152.726 8.23647e-07 48 11.0523
7.72193 179.313 9.60893e-07 72 11.1229
7.74479 164.049 8.71335e-07 240 11.222
7.81103 143.67 7.43841e-07 276 11.5124
7.83561 187.941 9.63923e-07 104 11.6214
7.85172 185.138 9.43713e-07 72 11.6932
7.87519 176.508 8.91703e-07 312 11.7984
7.91582 202.216 1.00593e-06 96 11.9819
7.93971 165.555 8.16145e-07 288 12.0908
7.96355 195.552 9.55392e-07 168 12.2
7.99521 153.751 7.42277e-07 48 12.3461
8.011 173.399 8.32199e-07 192 12.4194
8.05769 180.054 8.49201e-07 198 12.6378
8.07383 170.667 8.00109e-07 96 12.7139
8.09726 178.366 8.28968e-07 192 12.8249
8.12064 172.615 7.9533e-07 216 12.9363
8.13618 185.459 8.49621e-07 72 13.0107
8.16717 153.13 6.93561e-07 96 13.16
8.19364 163.965 7.3546e-07 336 13.2884
8.21345 223.63 9.95849e-07 48 13.385
8.24287 200.152 8.81786e-07 288 13.5293
8.25946 194.705 8.52633e-07 192 13.6112
8.29 261.313 1.13172e-06 48 13.7627
8.30522 183.923 7.92177e-07 96 13.8387
8.32731 206.256 8.81318e-07 264 13.9494
8.35073 199.055 8.43412e-07 96 14.0674
8.3764 161.728 6.78972e-07 240 14.1975
8.42353 208.878 8.62285e-07 288 14.4385
8.44101 192.936 7.91535e-07 96 14.5286
8.45596 198.157 8.08651e-07 72 14.6059
8.49216 178.97 7.21051e-07 336 14.7943
8.54127 180.196 7.13538e-07 138 15.0525
8.5599 220.376 8.66955e-07 240 15.1512
8.57955 176.542 6.89752e-07 144 15.2558
8.61048 202.462 7.82531e-07 384 15.4214
8.65698 200.869 7.63929e-07 312 15.6725
8.67717 231.485 8.74238e-07 72 15.7824
8.69499 190.108 7.13564e-07 248 15.8799
8.72942 223.552 8.29205e-07 240 16.0693
8.76409 192.201 7.04489e-07 24 16.2615
8.77849 192.811 7.03254e-07 192 16.3418
8.79618 198.071 7.18088e-07 312 16.4408
8.83014 226.107 8.1031e-07 240 16.6319
8.85015 192.725 6.86002e-07 96 16.7453
8.87865 140.732 4.96126e-07 48 16.9076
8.90372 210.073 7.34337e-07 408 17.0512
8.92124 194.047 6.74327e-07 144 17.152
8.94951 163.765 5.6372e-07 120 17.3157
8.96362 173.055 5.9289e-07 144 17.3977
9.00452 223.853 7.56521e-07 264 17.6369
9.02681 186.592 6.25935e-07 192 17.7682
9.04779 204.765 6.82132e-07 102 17.8924
9.07025 210.397 6.95698e-07 432 18.0259
9.10347 167.059 5.46374e-07 48 18.2247
9.12079 207.031 6.73251e-07 384 18.329
9.1519 206.744 6.65485e-07 144 18.5172
9.18009 240.618 7.67407e-07 264 18.6888
9.22295 239.095 7.51971e-07 144 18.9518
9.24727 186.768 5.82778e-07 324 19.1021
9.28041 202.884 6.26304e-07 384 19.3082
9.29572 182.425 5.6037e-07 216 19.4039
9.32887 243.673 7.40559e-07 216 19.6123
9.35667 218.487 6.58116e-07 240 19.7881
9.39037 160.761 4.79042e-07 168 20.0027
9.40381 173.186 5.13857e-07 240 20.0887
9.44254 209.767 6.14766e-07 216 20.3379
9.46184 194.79 5.67386e-07 288 20.4629
9.48939 218.383 6.30584e-07 240 20.6422
9.51068 241.253 6.91955e-07 72 20.7814
9.54398 209.108 5.93502e-07 246 21.0005
9.56795 207.387 5.84204e-07 320 21.1591
9.60101 244.105 6.80559e-07 288 21.3792
9.61635 187.01 5.18888e-07 144 21.4818
9.65568 182.235 4.99484e-07 288 21.7465
9.67622 216.092 5.88521e-07 336 21.8855
9.70415 240.589 6.49593e-07 168 22.0756
9.72088 239.557 6.43474e-07 336 22.19
9.75547 235.512 6.25905e-07 288 22.4277
9.77625 241.648 6.38125e-07 264 22.5713
9.81143 218.994 5.72105e-07 240 22.8159
9.8243 171.538 4.46371e-07 96 22.9058
9.86024 275.641 7.0945e-07 120 23.1581
9.88236 223.536 5.71485e-07 408 23.3143
9.91926 242.737 6.13675e-07 456 23.5765
9.95206 210.675 5.2737e-07 108 23.8111
9.9705 237.936 5.92311e-07 264 23.9437
9.99351 219.341 5.42256e-07 264 24.1099
10.025 217.343 5.32267e-07 312 24.3386
10.0643 228.863 5.53949e-07 270 24.6255
10.0807 268.42 6.46522e-07 240 24.7464
10.1103 248.188 5.9256e-07 384 24.9648
10.1282 206.978 4.91546e-07 192 25.098
10.1697 221.6 5.19857e-07 432 25.4077
10.1904 231.64 5.40108e-07 144 25.563
10.2213 215.287 4.97434e-07 480 25.7966
10.2604 250.535 5.7229e-07 216 26.0935
10.2853 201.098 4.56033e-07 312 26.284
10.3082 246.91 5.56203e-07 216 26.4597
10.335 211.92 4.73672e-07 192 26.667
10.3681 218.905 4.84614e-07 624 26.924
10.3941 186.756 4.10346e-07 120 27.1273
10.4163 233.205 5.09134e-07 336 27.3015
10.4574 276.692 5.96993e-07 176 27.6254
10.4747 225.384 4.83888e-07 384 27.7625
10.5085 225.379 4.79219e-07 408 28.0323
10.5438 303.942 6.39796e-07 144 28.3158
10.564 219.931 4.60298e-07 486 28.4792
10.6035 226.333 4.68424e-07 96 28.7998
10.6154 218.801 4.51312e-07 384 28.897
10.6571 241.572 4.92454e-07 492 29.2389
10.6866 258.708 5.23039e-07 384 29.482
10.7102 277.344 5.57013e-07 168 29.6779
10.7506 221.994 4.40847e-07 504 30.0147
10.7714 216.423 4.27299e-07 240 30.1893
10.7949 233.84 4.58669e-07 456 30.3877
10.836 236.943 4.59492e-07 264 30.736
10.8632 266.498 5.12935e-07 384 30.9679
10.8921 234.23 4.47241e-07 432 31.2162
10.9282 228.913 4.32782e-07 216 31.527
10.9474 223.561 4.20438e-07 360 31.6939
10.9817 277.469 5.16948e-07 312 31.9924
11.0218 223.909 4.12625e-07 240 32.3442
11.0425 211.683 3.87904e-07 414 32.5268
11.0763 241.972 4.39365e-07 552 32.8262
11.1116 286.677 5.1559e-07 360 33.1412
11.1349 235.731 4.21302e-07 432 33.3505
11.1687 241.958 4.28525e-07 480 33.6546
11.2059 236.925 4.15439e-07 288 33.9926
11.2302 247.824 4.3174e-07 312 34.2137
11.2562 246.402 4.26297e-07 360 34.4519
11.2995 246.958 4.22365e-07 576 34.8511
11.3354 237.481 4.02307e-07 464 35.1845
11.3515 266.885 4.50193e-07 192 35.335
11.3899 265.844 4.4392e-07 396 35.6946
11.4181 268.451 4.44961e-07 432 35.9603
11.4446 231.71 3.81398e-07 240 36.2115
11.4797 239.188 3.90116e-07 624 36.5449
11.5178 232.916 3.76125e-07 504 36.9103
11.5584 248.112 3.96455e-07 198 37.3022
11.5777 256.08 4.0715e-07 600 37.4888
11.6115 242.474 3.82156e-07 384 37.8185
11.6469 267.316 4.17473e-07 432 38.1659
11.6775 254.338 3.9409e-07 336 38.4676
11.7053 236.784 3.64285e-07 336 38.7429
11.7408 265.918 4.05406e-07 744 39.0965
11.7788 269.775 4.07321e-07 624 39.4771
11.8151 270.428 4.0456e-07 192 39.8426
11.837 281.135 4.18242e-07 432 40.0652
11.8692 245.345 3.62041e-07 504 40.3925
11.9071 259.588 3.79407e-07 336 40.7812
11.9357 293.763 4.26277e-07 456 41.0757
11.961 254.007 3.66252e-07 408 41.3376
11.9967 275.015 3.93014e-07 696 41.7088
12.0375 247.345 3.49892e-07 384 42.1357
12.0797 245.898 3.44212e-07 330 42.5803
12.1079 243.371 3.38297e-07 624 42.8796
12.1368 296.59 4.09341e-07 384 43.1869
12.1679 263.101 3.60346e-07 728 43.5194
12.2048 264.874 3.59486e-07 432 43.9174
12.2458 270.469 3.6341e-07 696 44.3608
12.2726 317.026 4.23183e-07 408 44.6527
12.3135 272.731 3.60434e-07 456 45.1014
12.336 278.829 3.66484e-07 408 45.3485
12.3706 266.613 3.47492e-07 528 45.7315
12.4155 313.774 4.04542e-07 576 46.231
12.4491 293.64 3.75525e-07 672 46.6077
12.4869 307.682 3.89918e-07 384 47.0337
12.5204 309.854 3.89528e-07 600 47.4132
12.5516 259.848 3.24238e-07 294 47.7677
12.5804 271.935 3.36991e-07 600 48.098
12.6134 288.219 3.54377e-07 768 48.4771
12.6565 272.453 3.3158e-07 648 48.976
12.6923 280.187 3.38118e-07 408 49.3924
12.7292 262.402 3.13907e-07 552 49.8248
12.7636 289.546 3.43584e-07 648 50.2301
12.8023 282.586 3.32297e-07 348 50.688
12.8251 286.48 3.35084e-07 744 50.9589
12.8679 278.024 3.21956e-07 672 51.4713
12.9036 294.49 3.38199e-07 456 51.9012
12.9334 278.731 3.179e-07 600 52.2607
12.9695 293.611 3.32081e-07 744 52.6997
13.006 269.462 3.02205e-07 288 53.1466
13.0495 297.355 3.3017e-07 704 53.6806
13.081 270.827 2.98544e-07 678 54.0708
13.1208 283.459 3.09632e-07 648 54.5662
13.1596 274.671 2.97385e-07 648 55.0519
13.1964 292.222 3.13752e-07 696 55.5145
13.2284 293.34 3.12674e-07 696 55.9191
13.2734 309.59 3.26651e-07 552 56.4915
13.3052 285.676 2.99258e-07 840 56.8994
13.3506 306.442 3.17752e-07 600 57.4831
13.3849 304.933 3.13764e-07 696 57.9271
13.4246 313.991 3.20223e-07 672 58.4447
13.4567 301.622 3.05416e-07 552 58.8642
13.5 322.968 3.23893e-07 492 59.4345
13.5339 298.533 2.97145e-07 840 59.8832
13.5717 322.948 3.18766e-07 606 60.3866
13.6079 305.12 2.9877e-07 936 60.8715
13.6493 331.023 3.21193e-07 528 61.4288
13.6785 315.709 3.04379e-07 696 61.8233
13.7222 311.099 2.97076e-07 648 62.4181
13.7547 324.866 3.08028e-07 936 62.8628
13.799 318.687 2.99269e-07 384 63.4721
13.8245 314.396 2.93607e-07 864 63.825
13.8698 313.066 2.89514e-07 768 64.4536
13.9077 314.933 2.88864e-07 528 64.984
13.9468 319.671 2.9075e-07 776 65.5335
13.985 308.753 2.78527e-07 960 66.0729
14.0235 294.353 2.63355e-07 696 66.6204
14.0543 317.128 2.81867e-07 582 67.0611
14.104 313.822 2.75992e-07 1008 67.7746
14.1396 328.925 2.87092e-07 408 68.2898
14.1747 303.17 2.62653e-07 960 68.7993
14.2207 306.64 2.6309e-07 852 69.4712
14.2588 319.411 2.71859e-07 912 70.0305
14.3027 324.527 2.73674e-07 1032 70.68
14.3334 352.893 2.9569e-07 384 71.1354
14.3782 311.447 2.58528e-07 864 71.8053
14.4126 313.833 2.58648e-07 840 72.3219
14.4524 308.876 2.52468e-07 912 72.9219
14.5014 294.542 2.38317e-07 792 73.6667
14.5381 302.172 2.42646e-07 744 74.2268
14.583 343.251 2.73093e-07 726 74.9171
14.6171 321.67 2.54137e-07 984 75.4438
14.6557 344.718 2.702e-07 912 76.0429
14.6984 346.109 2.68933e-07 1104 76.7092
14.7399 329.575 2.53928e-07 744 77.3612
14.79 318.691 2.43055e-07 968 78.1531
14.8189 296.108 2.24514e-07 672 78.6116
14.8602 341.364 2.56674e-07 984 79.2714
14.9075 312.984 2.33102e-07 840 80.0305
14.945 314.551 2.32511e-07 1092 80.6357
14.993 316.96 2.32049e-07 840 81.415
15.0265 385.007 2.79986e-07 720 81.9621
15.0728 339.464 2.446e-07 1110 82.7214
15.1154 343.905 2.45709e-07 1056 83.4253
15.1542 320.453 2.27199e-07 888 84.0693
15.1982 350.727 2.4651e-07 936 84.8037
15.2384 356.626 2.48676e-07 912 85.479
15.2828 342.998 2.37095e-07 1104 86.2279
15.3261 325.317 2.22973e-07 912 86.963
15.3668 323.953 2.20277e-07 1104 87.6584
15.413 350.628 2.36278e-07 1128 88.4511
15.4559 351.83 2.35122e-07 768 89.1909
15.4907 351.215 2.33133e-07 888 89.7945
15.5324 352.377 2.32021e-07 1224 90.5232
15.5906 352.46 2.29489e-07 750 91.5437
15.6187 349.645 2.2643e-07 1092 92.0395
15.6685 363.914 2.33432e-07 1472 92.922
15.7176 371.419 2.3602e-07 792 93.7986
15.755 349.18 2.20309e-07 1080 94.4704
15.7999 360.176 2.25315e-07 1584 95.2806
15.8457 366.843 2.27501e-07 624 96.1121
15.8875 348.744 2.14574e-07 1248 96.8745
15.9288 343.721 2.09844e-07 888 97.6315
15.9759 344.114 2.08233e-07 912 98.4994
16.0166 392.919 2.35957e-07 1368 99.2546
16.0594 369.557 2.20157e-07 960 100.053
16.1064 357.101 2.10878e-07 1542 100.934
16.1587 366.903 2.1457e-07 1152 101.921
16.2027 353.454 2.05027e-07 1008 102.755
16.2458 340.253 1.95804e-07 1248 103.576
16.2838 385.331 2.20194e-07 1056 104.306
16.329 382.035 2.16502e-07 1188 105.177
16.3776 383.951 2.15656e-07 1152 106.119
16.4263 388.603 2.16335e-07 1560 107.068
16.4754 355.836 1.96327e-07 1128 108.031
16.5151 373.169 2.0441e-07 1152 108.814
16.5586 369.149 2.00619e-07 920 109.675
16.6046 356.476 1.92124e-07 1470 110.593
16.6539 409.044 2.18506e-07 1200 111.58
16.7007 338.959 1.7955e-07 1440 112.524
16.7407 390.615 2.05432e-07 1224 113.334
16.7902 358.824 1.8705e-07 1296 114.342
16.8432 390.843 2.01823e-07 1560 115.428
16.8896 378.196 1.93685e-07 1272 116.386
16.9285 348.435 1.77217e-07 1080 117.192
16.975 396.413 1.99968e-07 1368 118.159
17.0245 373.829 1.86936e-07 1248 119.195
17.0763 379.243 1.87922e-07 1194 120.288
17.1189 380.46 1.87121e-07 1752 121.19
17.1714 394.318 1.92164e-07 1392 122.308
17.2134 401.131 1.94056e-07 1440 123.208
17.266 393.392 1.88576e-07 1488 124.342
17.3158 409.466 1.94595e-07 1248 125.42
17.3578 388.128 1.83118e-07 1512 126.335
17.4059 416.512 1.94885e-07 1112 127.388
17.4584 383.573 1.77859e-07 1848 128.544
17.5012 392.558 1.80694e-07 1224 129.491
17.5513 414.818 1.89307e-07 1536 130.609
17.6038 406.09 1.8367e-07 1638 131.784
17.652 422.693 1.8962e-07 1392 132.868
17.7 399.125 1.77595e-07 1632 133.955
17.756 393.826 1.73584e-07 1452 135.231
17.7986 390.793 1.71013e-07 1680 136.207
17.8449 434.718 1.88757e-07 1320 137.273
17.893 416.376 1.79339e-07 1752 138.386
17.9488 403.335 1.72106e-07 1776 139.685
18.0029 392.378 1.65927e-07 1104 140.951
18.0415 400.774 1.68393e-07 1728 141.859
18.0953 385.999 1.60741e-07 1446 143.133
18.1443 402.006 1.66055e-07 1920 144.298
18.201 415.83 1.70164e-07 1896 145.656
18.2474 434.017 1.76257e-07 1176 146.771
18.2919 411.345 1.65831e-07 1856 147.849
18.3431 412.67 1.64978e-07 1896 149.093
18.3976 399.565 1.58323e-07 1464 150.426
18.4552 426.325 1.6735e-07 1968 151.843
18.5038 450.849 1.75586e-07 1548 153.046
18.5557 435.937 1.68358e-07 1944 154.337
18.6063 461.835 1.76907e-07 1470 155.604
18.6575 433.015 1.64507e-07 1920 156.891
18.7093 453.542 1.70877e-07 2184 158.203
18.7648 435.171 1.62504e-07 1464 159.615
18.809 406.924 1.50888e-07 1608 160.745
18.8624 453.709 1.66811e-07 1944 162.119
18.9166 429.825 1.56676e-07 1872 163.519
18.9683 442.919 1.60133e-07 2256 164.863
19.021 439.179 1.57463e-07 1632 166.243
19.0776 450.218 1.5999e-07 1542 167.73
19.1277 410.644 1.44783e-07 2216 169.055
19.1825 440.993 1.54155e-07 2052 170.511
19.2349 428.301 1.48498e-07 1680 171.912
19.2854 433.192 1.49017e-07 2280 173.27
19.3414 468.464 1.59754e-07 1968 174.785
19.3966 468.667 1.58463e-07 2016 176.286
19.4477 471.301 1.58101e-07 1968 177.682
19.5069 461.142 1.53287e-07 1920 179.312
19.5637 472.073 1.5556e-07 2400 180.88
19.6219 480.061 1.56789e-07 1974 182.499
19.6656 455.218 1.47684e-07 1944 183.724
19.7215 482.739 1.55286e-07 1920 185.294
19.7735 464.032 1.48095e-07 2280 186.762
19.826 481.195 1.52354e-07 1968 188.255
19.8834 510.67 1.60291e-07 2220 189.894
19.9402 448.407 1.39548e-07 2352 191.527
19.9979 442.982 1.36669e-07 1968 193.195
20.0514 492.973 1.50879e-07 2504 194.749
20.1114 462.873 1.40403e-07 2118 196.502
20.1661 457.467 1.37637e-07 2352 198.11
20.2215 477.704 1.42547e-07 2136 199.747
20.2758 499.344 1.4781e-07 2112 201.361
20.3301 483.077 1.41853e-07 2472 202.983
20.3859 477.332 1.39018e-07 2376 204.658
20.4424 489.428 1.41362e-07 2304 206.365
20.5033 512.382 1.46677e-07 2448 208.216
20.5597 501.541 1.42396e-07 2280 209.937
20.6226 495.63 1.39434e-07 2466 211.87
20.6734 501.134 1.39946e-07 2256 213.439
20.7288 505.922 1.40152e-07 2472 215.161
20.7863 470.559 1.29277e-07 2856 216.956
20.844 473.665 1.29053e-07 2112 218.768
20.9062 483.186 1.30475e-07 2720 220.732
20.9635 489.027 1.30972e-07 2136 222.553
21.0141 526.251 1.39927e-07 2736 224.168
21.0763 500.659 1.31947e-07 2376 226.163
21.1384 530.213 1.38507e-07 3126 228.17
21.2027 493.794 1.27824e-07 2568 230.257
21.2496 497.236 1.27864e-07 2112 231.79
21.3097 512.518 1.30683e-07 2748 233.76
21.3717 541.758 1.36939e-07 2928 235.808
21.4282 526.264 1.31974e-07 2640 237.682
21.4925 516.051 1.28254e-07 2856 239.83
21.5495 522.985 1.28949e-07 2352 241.742
21.6105 496.381 1.21356e-07 2910 243.8
21.6685 564.208 1.36834e-07 2784 245.769
21.731 535.848 1.28837e-07 2952 247.902
21.7905 524.857 1.25164e-07 2696 249.944
21.8483 528.333 1.24995e-07 3264 251.938
21.9108 533.011 1.25027e-07 2472 254.105
21.9713 536.038 1.247e-07 3024 256.217
22.0383 509.678 1.17491e-07 2964 258.567
22.0973 534.789 1.22294e-07 2910 260.65
22.1561 552.656 1.25376e-07 2880 262.736
22.2134 525.409 1.18275e-07 3216 264.78
22.2831 556.639 1.24133e-07 3096 267.281
22.3394 545.498 1.20731e-07 2880 269.312
22.4021 551.224 1.20976e-07 2904 271.586
22.465 542.631 1.18093e-07 3504 273.879
22.5286 555.644 1.19904e-07 3168 276.212
22.5974 576.894 1.23356e-07 3054 278.751
22.6529 556.874 1.18202e-07 3032 280.809
22.7152 559.683 1.17823e-07 3000 283.134
22.7794 569.228 1.18823e-07 3780 285.539
22.8468 561.574 1.1619e-07 3504 288.084
22.9105 561.782 1.15267e-07 2904 290.498
22.9708 575.159 1.17085e-07 3336 292.798
23.0336 581.406 1.1739e-07 3144 295.208
23.0969 589.064 1.17961e-07 3414 297.648
23.1662 583.043 1.15711e-07 3552 300.335
23.2215 577.049 1.13705e-07 2928 302.492
23.2818 567.728 1.11002e-07 3840 304.853
23.3508 573.31 1.11102e-07 3312 307.573
23.4144 600.382 1.15404e-07 3432 310.09
23.4796 581.664 1.10876e-07 3596 312.69
23.5507 593.752 1.12158e-07 4224 315.54
23.6216 593.586 1.1112e-07 3294 318.398
23.6816 615.409 1.14333e-07 3792 320.828
23.7459 640.937 1.1811e-07 3528 323.451
23.8201 596.826 1.08957e-07 3984 326.491
23.8821 601.043 1.08875e-07 3768 329.048
23.9469 608.882 1.09402e-07 3672 331.734
24.0113 639.407 1.13965e-07 3384 334.415
24.0749 622.559 1.10084e-07 3648 337.082
24.145 635.051 1.11319e-07 4098 340.033
24.211 642.883 1.11771e-07 4008 342.832
24.2803 631.959 1.08934e-07 4032 345.784
24.3436 632.699 1.08214e-07 3800 348.494
24.4106 629.957 1.0686e-07 3816 351.378
24.4813 642.71 1.08082e-07 4248 354.439
24.548 613.658 1.02357e-07 3720 357.347
24.616 671.429 1.11068e-07 4254 360.322
24.6841 660.589 1.08373e-07 4224 363.321
24.7539 664.787 1.08141e-07 4368 366.413
24.8247 639.45 1.03132e-07 4104 369.566
24.8945 637.307 1.01925e-07 4500 372.69
24.9619 661.382 1.0492e-07 3480 375.728
25.03 653.471 1.02821e-07 5328 378.813
25.1021 667.187 1.04077e-07 3342 382.096
25.1673 695.594 1.07667e-07 4800 385.081
25.2417 644 9.88026e-08 4184 388.506
25.3083 679.896 1.03488e-07 5064 391.59
25.3801 663.097 1.00077e-07 4032 394.932
25.4501 668.457 1.00057e-07 4632 398.205
25.522 689.576 1.02348e-07 4680 401.59
25.5928 671.758 9.88782e-08 3924 404.941
25.6619 675.52 9.86308e-08 5166 408.231
25.7329 711.389 1.0301e-07 4800 411.629
25.8063 692.857 9.94729e-08 4560 415.163
25.8751 689.342 9.81813e-08 4584 418.491
25.947 698.379 9.86443e-08 4848 421.987
26.0156 693.351 9.71611e-08 4560 425.344
26.0959 725.317 1.00705e-07 5600 429.297
26.1678 718.568 9.89472e-08 4686 432.857
26.2409 695.146 9.49245e-08 5016 436.494
26.3159 709.352 9.60391e-08 4956 440.244
26.3821 695.472 9.3453e-08 4872 443.574
26.458 704.447 9.38465e-08 5376 447.415
26.5341 700.222 9.24834e-08 5088 451.286
26.6057 743.141 9.7362e-08 4710 454.948
26.6772 735.624 9.56041e-08 4848 458.627
26.7491 734.333 9.46689e-08 5976 462.345
26.825 748.329 9.56565e-08 5208 466.292
26.9003 742.648 9.41351e-08 5352 470.232
26.975 730.515 9.18299e-08 4820 474.16
27.0465 767.515 9.57183e-08 5760 477.938
27.1221 769.542 9.517e-08 5166 481.962
27.1993 751.316 9.21279e-08 6168 486.084
27.2764 793.163 9.64369e-08 5136 490.23
27.3523 775.065 9.34533e-08 6240 494.337
27.4326 790.51 9.44808e-08 5568 498.705
27.507 779.951 9.24651e-08 5712 502.77
27.5818 776.615 9.1323e-08 5520 506.881
27.6605 792.588 9.24074e-08 5670 511.235
27.7351 758.7 8.77449e-08 6036 515.381
27.8136 774.402 8.88046e-08 6264 519.77
27.8936 826.976 9.40202e-08 5912 524.266
27.967 827.102 9.32955e-08 5736 528.419
28.0414 811.753 9.08378e-08 5400 532.644
28.1205 812.305 9.01338e-08 6342 537.17
28.2012 798.442 8.78374e-08 7032 541.806
28.2802 799.156 8.71818e-08 5448 546.369
28.3553 837.854 9.06783e-08 6528 550.738
28.4381 822.41 8.8232e-08 6468 555.575
28.5189 826.656 8.79364e-08 6528 560.32
28.5929 841.865 8.88601e-08 5568 564.698
28.6695 841.596 8.81219e-08 6798 569.246
28.7556 844.958 8.76812e-08 6560 574.393
28.8326 869.567 8.95145e-08 6888 579.015
28.9133 859.306 8.7719e-08 6624 583.894
28.9929 888.907 8.99959e-08 6288 588.726
29.0725 890.741 8.94421e-08 6960 593.594
29.1573 848.915 8.45009e-08 6570 598.802
29.2314 873.36 8.62748e-08 6600 603.378
29.315 853.936 8.36363e-08 7776 608.57
29.4037 904.581 8.77974e-08 7248 614.109
29.4863 878.452 8.45471e-08 6672 619.297
29.5638 932.88 8.90812e-08 6704 624.194
29.6425 894.701 8.47569e-08 6942 629.192
29.7261 882.665 8.29126e-08 7656 634.535
29.8087 937.915 8.73723e-08 7128 639.837
29.8956 927.784 8.5677e-08 7908 645.45
29.977 899.142 8.23577e-08 6648 650.735
30.0528 930.1 8.455e-08 7320 655.686
30.1423 915.117 8.24492e-08 7638 661.561
30.2243 940.183 8.402e-08 7416 666.975
30.3042 948.599 8.41035e-08 7752 672.278
30.3935 962.425 8.45796e-08 8448 678.237
30.4801 967.497 8.43021e-08 7280 684.056
30.5639 948.319 8.19539e-08 7668 689.707
30.6478 941.479 8.06957e-08 8094 695.409
30.7311 956.967 8.13581e-08 7656 701.094
30.8164 1002.69 8.45398e-08 8160 706.945
30.9021 993.616 8.30792e-08 8472 712.863
30.9914 997.386 8.26758e-08 7896 719.06
31.0735 1012.03 8.32262e-08 8088 724.791
31.1605 984.319 8.02717e-08 8286 730.892
31.2495 989.125 7.99765e-08 8676 737.172
31.3345 990.347 7.9425e-08 8120 743.208
31.4202 990.234 7.87678e-08 9024 749.323
31.5091 1033.49 8.15146e-08 8160 755.701
31.5932 1045.25 8.17856e-08 7944 761.768
31.6802 1016.91 7.89149e-08 8982 768.076
31.7688 1040.69 8.00862e-08 9528 774.541
31.8602 1045.42 7.97604e-08 8832 781.241
31.9516 1042.45 7.88534e-08 8916 787.982
32.039 1057.48 7.93365e-08 9240 794.471
32.1273 1061.69 7.89979e-08 8496 801.054
32.2155 1056.32 7.79544e-08 9422 807.669
32.303 1096.41 8.0257e-08 8976 814.273
32.3931 1100.01 7.98509e-08 9432 821.104
32.4832 1100.06 7.91919e-08 9864 827.97
32.5757 1089.17 7.77415e-08 9024 835.068
32.6663 1087.5 7.69784e-08 9762 842.056
32.7552 1087.57 7.63579e-08 9264 848.95
32.8445 1151.56 8.01932e-08 10056 855.908
32.9357 1127.77 7.78862e-08 9936 863.059
33.0325 1138.02 7.79047e-08 9624 870.695
33.1183 1137.26 7.7249e-08 9752 877.498
33.2122 1147.73 7.73015e-08 10446 884.978
33.3054 1161.27 7.75587e-08 10056 892.448
33.3956 1153.68 7.64286e-08 9876 899.722
33.491 1156.97 7.59939e-08 11160 907.454
33.5844 1200.94 7.82253e-08 10128 915.069
33.6785 1175.88 7.59524e-08 9726 922.784
33.7682 1212.99 7.77273e-08 11112 930.175
33.8643 1190.03 7.5609e-08 10776 938.136
33.9552 1217.69 7.67466e-08 10232 945.711
34.0498 1193.78 7.46139e-08 11184 953.639
34.1497 1210.13 7.4974e-08 11058 962.058
34.2449 1241.55 7.62814e-08 11472 970.123
34.3371 1253.93 7.64226e-08 10464 977.982
34.4285 1231.59 7.44648e-08 10584 985.815
34.5273 1274.66 7.64089e-08 12504 994.328
34.6247 1261.21 7.49666e-08 10560 1002.76
34.7179 1283.43 7.56747e-08 11694 1010.88
34.8164 1245.43 7.28131e-08 11420 1019.51
34.9125 1264.39 7.33124e-08 12504 1027.98
35.0084 1264.27 7.27051e-08 10800 1036.47
35.1074 1279.79 7.29767e-08 12456 1045.29
35.2074 1330.12 7.52021e-08 12030 1054.24
35.3017 1319.65 7.4014e-08 11232 1062.74
35.397 1339.54 7.4524e-08 13176 1071.37
35.4985 1323.21 7.29855e-08 11196 1080.62
35.593 1341.43 7.34031e-08 12720 1089.27
35.6922 1358.56 7.3722e-08 11918 1098.4
35.7902 1351.75 7.27516e-08 13392 1107.48
35.8939 1369.24 7.30561e-08 12600 1117.13
35.9941 1368.1 7.23875e-08 13200 1126.51
36.095 1407.72 7.38607e-08 12864 1136.01
36.1944 1412.7 7.3513e-08 12270 1145.42
36.2935 1410.49 7.2799e-08 13668 1154.85
36.3944 1420.37 7.27009e-08 13200 1164.51
36.4956 1453.14 7.37612e-08 13416 1174.25
36.5974 1431.89 7.20777e-08 12992 1184.1
36.6991 1422.12 7.09919e-08 13806 1194.01
36.7995 1466.51 7.26104e-08 13800 1203.83
36.901 1448.05 7.11064e-08 13056 1213.82
37.0014 1473.36 7.17619e-08 14364 1223.75
37.1043 1480.07 7.14911e-08 13248 1233.99
37.2078 1502.39 7.19645e-08 15054 1244.35
37.3141 1526.61 7.25019e-08 13680 1255.04
37.4145 1519.92 7.16044e-08 15152 1265.21
37.5223 1524.39 7.1198e-08 14376 1276.17
37.6238 1507.19 6.98263e-08 13932 1286.56
37.7292 1553.89 7.1388e-08 14910 1297.4
37.833 1547.26 7.05001e-08 15648 1308.14
37.937 1604.22 7.24964e-08 13680 1318.95
38.0425 1582.71 7.09304e-08 15816 1329.99
38.1491 1571.19 6.9826e-08 15030 1341.2
38.253 1632.04 7.19408e-08 15104 1352.19
38.3629 1614.69 7.05658e-08 16548 1363.87
38.4701 1595.91 6.91636e-08 15360 1375.34
38.5768 1644.35 7.06735e-08 15768 1386.81
38.6815 1650.37 7.03576e-08 14622 1398.14
38.7893 1634.16 6.90876e-08 17568 1409.86
38.9018 1666.1 6.98284e-08 16368 1422.16
39.0083 1676.48 6.96895e-08 15960 1433.88
39.1164 1676.78 6.91257e-08 15732 1445.83
39.2236 1676.88 6.85646e-08 17006 1457.75
39.332 1740.55 7.05809e-08 16680 1469.87
39.4453 1709.6 6.87302e-08 17712 1482.61
39.5528 1748.04 6.97045e-08 15576 1494.76
39.6569 1763.39 6.9764e-08 16974 1506.6
39.7703 1776.89 6.96986e-08 17436 1519.56
39.8799 1742.56 6.77899e-08 17952 1532.16
39.9925 1768.47 6.82186e-08 17448 1545.17
40.1016 1823.52 6.97696e-08 17336 1557.85
40.2155 1839.89 6.97996e-08 17958 1571.16
40.3272 1827.97 6.87722e-08 19056 1584.29
40.441 1845.44 6.88453e-08 17304 1597.74
40.5506 1820.5 6.73654e-08 18276 1610.77
40.6624 1865.12 6.84488e-08 17838 1624.13
40.7728 1876.07 6.82932e-08 18984 1637.39
40.8917 1880.76 6.78685e-08 19616 1651.75
41.0031 1930.6 6.91008e-08 18168 1665.29
41.1166 1919.87 6.81491e-08 19320 1679.16
41.2339 1939.2 6.82494e-08 19170 1693.57
41.3443 1913.22 6.67972e-08 19008 1707.21
41.4599 1955.5 6.77036e-08 20472 1721.57
41.5775 1985.12 6.81476e-08 19128 1736.27
41.6919 1997 6.79931e-08 19998 1750.63
41.807 1996.08 6.74015e-08 19808 1765.17
41.9229 2019.51 6.76289e-08 20724 1779.89
42.0406 2051.87 6.8137e-08 19896 1794.93
42.1535 2032.67 6.69583e-08 20304 1809.43
42.2743 2035.41 6.64759e-08 21030 1825.02
42.3896 2077.41 6.72953e-08 21168 1840
42.5074 2083.62 6.69368e-08 20736 1855.39
42.6266 2094.71 6.67302e-08 21356 1871.03
42.7476 2123.43 6.70719e-08 22206 1887.02
42.8656 2126.24 6.66077e-08 21360 1902.69
42.9842 2143.74 6.66017e-08 21456 1918.52
43.1015 2157.2 6.64742e-08 21648 1934.27
43.2214 2253.77 6.88734e-08 22326 1950.46
43.3419 2184.43 6.61992e-08 22212 1966.82
43.4591 2220.77 6.67578e-08 22128 1982.81
43.5787 2278.41 6.7928e-08 22640 1999.23
43.702 2297.49 6.79189e-08 23022 2016.25
43.8256 2297.98 6.73598e-08 24168 2033.41
43.9456 2297.78 6.68039e-08 22416 2050.16
44.069 2286.82 6.59285e-08 23700 2067.47
44.1919 2342.57 6.69738e-08 24222 2084.82
44.3139 2299.31 6.51955e-08 22776 2102.13
44.4338 2369.72 6.66497e-08 24296 2119.24
44.5585 2354.8 6.56752e-08 24648 2137.14
44.6804 2382.7 6.59111e-08 22926 2154.72
44.8026 2393.89 6.56801e-08 25476 2172.45
44.9299 2423.19 6.59207e-08 25608 2191.02
45.0543 2424.71 6.5417e-08 24576 2209.27
45.1805 2481.68 6.63946e-08 25134 2227.89
45.3051 2511.64 6.66434e-08 25928 2246.37
45.4322 2488.87 6.54865e-08 26136 2265.33
45.5594 2512.84 6.55649e-08 25644 2284.41
45.684 2545.66 6.58792e-08 25926 2303.2
45.8119 2575.7 6.60999e-08 26232 2322.6
45.9378 2584.93 6.57926e-08 27216 2341.81
46.0667 2619.38 6.61114e-08 26736 2361.58
46.1982 2562.01 6.4113e-08 27698 2381.85
46.3248 2621.93 6.5076e-08 26640 2401.49
46.4497 2690.83 6.62487e-08 26880 2420.97
46.5822 2671.38 6.52101e-08 29160 2441.75
46.7132 2709.61 6.55885e-08 27318 2462.4
46.8402 2711.2 6.50944e-08 27984 2482.55
46.9703 2739.63 6.5232e-08 28364 2503.29
47.0985 2749.15 6.49258e-08 28464 2523.83
47.2319 2789.1 6.53128e-08 28974 2545.34
47.3611 2802.91 6.51005e-08 28920 2566.28
47.4908 2798.51 6.44669e-08 29640 2587.44
47.6245 2852.57 6.51607e-08 28884 2609.34
47.7555 2850.2 6.45722e-08 30558 2630.93
47.8909 2895.22 6.50372e-08 30776 2653.38
48.0219 2880.61 6.41809e-08 29040 2675.21
48.1534 2900.95 6.41062e-08 30984 2697.25
48.289 2949.74 6.46366e-08 30930 2720.1
48.4252 2982.53 6.48051e-08 32712 2743.19
48.5604 2989.91 6.44244e-08 30528 2766.23
48.6924 3074.41 6.5708e-08 30326 2788.84
48.8276 3026.08 6.41391e-08 33624 2812.14
48.9655 3045.96 6.40168e-08 31824 2836.02
49.0996 3110.01 6.48289e-08 31860 2859.39
49.2378 3086.59 6.38001e-08 33942 2883.61
49.3741 3104.3 6.36366e-08 31848 2907.62
49.5082 3141.58 6.38786e-08 33624 2931.38
49.6475 3157.49 6.36633e-08 33512 2956.19
49.7851 3218.85 6.43638e-08 33594 2980.84
49.9236 3269.39 6.48318e-08 34944 3005.79
50.0623 3268.59 6.42788e-08 33624 3030.91
50.2003 3251.95 6.34256e-08 34710 3056.04
50.3385 3294.56 6.37289e-08 34704 3081.35
50.4781 3350.71 6.42788e-08 35468 3107.06
50.6192 3383.24 6.43614e-08 36096 3133.19
50.7626 3345.5 6.31058e-08 35958 3159.89
50.903 3376.06 6.31566e-08 36576 3186.19
51.0437 3383.62 6.27761e-08 35976 3212.68
51.1847 3450.59 6.3491e-08 36396 3239.37
51.3277 3517.06 6.41748e-08 38030 3266.6
51.4685 3494.8 6.32467e-08 35784 3293.55
51.6102 3543.52 6.36015e-08 38712 3320.84
51.7563 3566.63 6.34757e-08 38310 3349.12
51.8999 3604.26 6.36147e-08 37596 3377.06
52.0406 3601.75 6.3056e-08 39000 3404.6
52.1873 3648.09 6.33301e-08 38552 3433.48
52.3328 3676.23 6.32879e-08 40206 3462.28
52.4775 3722.74 6.35601e-08 39072 3491.07
52.6254 3736.82 6.32641e-08 41340 3520.67
52.7728 3764.16 6.31943e-08 39342 3550.34
52.9159 3825.32 6.37014e-08 40176 3579.3
53.063 3833.44 6.33073e-08 41768 3609.23
53.21 3868.86 6.3364e-08 40206 3639.33
53.3579 3885.1 6.31024e-08 42300 3669.75
53.5058 3941.55 6.34897e-08 42360 3700.36
53.6529 3940.88 6.29583e-08 40488 3730.96
53.8016 3970.63 6.29092e-08 44406 3762.06
53.9538 3999.42 6.28305e-08 43076 3794.08
54.1012 4041.84 6.29794e-08 42600 3825.26
54.2539 4045.62 6.25074e-08 45486 3857.75
54.4068 4091.52 6.2685e-08 43848 3890.46
54.554 4125.55 6.26961e-08 43248 3922.12
54.7042 4193.5 6.32054e-08 44988 3954.6
54.8585 4230.05 6.32197e-08 46454 3988.16
55.0108 4239.12 6.28306e-08 44928 4021.46
55.1648 4266.5 6.27083e-08 47256 4055.34
55.3178 4348.63 6.33867e-08 45126 4089.16
55.4713 4355.37 6.29592e-08 48084 4123.31
55.6247 4362 6.2535e-08 46320 4157.6
55.7806 4356.28 6.19306e-08 47894 4192.67
55.9325 4431.33 6.24857e-08 47160 4227.02
56.0862 4486.45 6.27443e-08 48228 4261.95
56.246 4493.12 6.23037e-08 50598 4298.48
56.4009 4547.14 6.25345e-08 47328 4334.1
56.556 4541.07 6.19386e-08 50696 4369.95
56.7134 4639.1 6.27505e-08 49344 4406.53
56.8734 4643.16 6.22769e-08 51570 4443.93
57.0306 4665.04 6.20542e-08 50832 4480.89
57.1888 4714.82 6.21974e-08 50424 4518.28
57.3474 4758.15 6.22496e-08 52686 4555.98
57.5064 4852.83 6.2963e-08 51092 4593.99
57.6651 4832.74 6.21862e-08 53376 4632.12
57.8263 4898.45 6.25059e-08 52374 4671.08
57.9846 4958.38 6.27542e-08 52848 4709.53
58.1458 4941.84 6.20259e-08 55488 4748.93
58.3113 5003.62 6.22683e-08 54098 4789.58
58.4692 5013.82 6.18909e-08 53688 4828.61
58.6308 5087.46 6.22821e-08 55296 4868.76
58.7939 5174.54 6.28225e-08 56358 4909.5
58.9603 5206.93 6.26817e-08 57468 4951.31
59.1239 5189.46 6.19543e-08 56000 4992.64
59.2895 5208.6 6.16635e-08 57774 5034.69
59.4537 5311.53 6.23623e-08 57648 5076.65
59.6174 5352.13 6.23228e-08 57480 5118.7
59.7831 5397.93 6.23348e-08 58122 5161.51
59.9471 5417.46 6.20486e-08 59208 5204.08
60.1145 5466.69 6.20907e-08 60032 5247.81
60.2829 5513.21 6.20956e-08 60366 5292.05
60.4503 5531.06 6.17806e-08 60444 5336.25
60.6167 5597.94 6.20143e-08 60912 5380.43
60.786 5614.48 6.16793e-08 61422 5425.63
60.9547 5653.83 6.15971e-08 63032 5470.95
61.1246 5755.78 6.21864e-08 62052 5516.82
61.2949 5790.54 6.2042e-08 64038 5563.05
61.4635 5866.42 6.23391e-08 61632 5609.09
61.6312 5857.46 6.17371e-08 64896 5655.13
61.8052 5906.27 6.17275e-08 64874 5703.15
61.974 5957.72 6.17577e-08 64200 5750.02
62.1478 6080.96 6.25078e-08 68016 5798.54
62.3225 6061.93 6.17896e-08 65694 5847.57
62.4947 6120.75 6.18749e-08 67212 5896.17
62.6679 6189.13 6.2049e-08 67088 5945.32
62.8408 6299.82 6.26386e-08 67182 5994.68
63.0147 6312.47 6.22464e-08 69768 6044.56
63.1896 6368.35 6.22774e-08 67524 6095.04
63.3643 6373.2 6.18106e-08 70758 6145.75
63.5397 6461.74 6.21519e-08 69488 6196.91
63.7157 6478.7 6.18001e-08 71640 6248.55
63.895 6496.48 6.14492e-08 72042 6301.47
64.073 6588.05 6.17976e-08 72960 6354.27
64.2495 6672.29 6.20733e-08 70416 6406.93
64.4294 6688.67 6.1706e-08 76790 6460.9
64.6097 6700.41 6.12984e-08 72348 6515.27
64.7874 6804.12 6.17363e-08 74094 6569.18
64.966 6858.36 6.17165e-08 74976 6623.68
65.1456 6846.37 6.11004e-08 76200 6678.77
65.3291 6985.8 6.18211e-08 77114 6735.34
65.5098 7085.51 6.2186e-08 76872 6791.39
65.6917 7074.88 6.15783e-08 77784 6848.13
65.8753 7111.86 6.13841e-08 78654 6905.69
66.0578 7190.74 6.15519e-08 79380 6963.25
66.2409 7220.82 6.12982e-08 79256 7021.32
66.4249 7368.94 6.20373e-08 80094 7079.99
66.6071 7366.41 6.15082e-08 80760 7138.43
66.7946 7434.53 6.15558e-08 83034 7198.88
66.9809 7516.41 6.17159e-08 82664 7259.29
67.1658 7519.57 6.12335e-08 81864 7319.54
67.3508 7644.92 6.17426e-08 83334 7380.2
67.5384 7706.11 6.17194e-08 85980 7442.06
67.726 7749.37 6.15516e-08 84144 7504.24
67.9148 7804.9 6.14772e-08 86486 7567.17
68.1019 7891.38 6.16473e-08 86016 7629.89
68.2924 7943.68 6.15381e-08 88290 7694.1
68.4818 8098.85 6.22212e-08 87672 7758.27
68.6708 8104.29 6.17501e-08 88608 7822.71
68.8613 8153.13 6.16083e-08 88682 7887.97
69.0517 8165.37 6.11917e-08 91200 7953.6
69.2463 8274.84 6.14906e-08 92568 8021.04
69.4391 8401.04 6.191e-08 91014 8088.21
69.6314 8411.24 6.14731e-08 92828 8155.58
69.8244 8405.21 6.09208e-08 93054 8223.62
70.0163 8487.65 6.10139e-08 92568 8291.6
70.2106 8586.81 6.12159e-08 96768 8360.8
70.4081 8692.85 6.14517e-08 95658 8431.57
70.6024 8840.09 6.19781e-08 96368 8501.56
70.8004 8871.88 6.16806e-08 98526 8573.28
70.9949 8857.3 6.10744e-08 95436 8644.15
71.1912 8977.47 6.13923e-08 101472 8716.05
71.3912 9074.95 6.15389e-08 98582 8789.72
71.5863 9083.72 6.10961e-08 99984 8861.98
71.7853 9223.09 6.1519e-08 101298 8936.09
71.9865 9315.63 6.16169e-08 104952 9011.41
72.1863 9391.57 6.16047e-08 100568 9086.66
72.3863 9419.32 6.12761e-08 105942 9162.39
72.5888 9628.98 6.2117e-08 104892 9239.53
72.7887 9641.03 6.16839e-08 103734 9316.05
72.9889 9666.46 6.13389e-08 107160 9393.16
73.1931 9788.66 6.1596e-08 108788 9472.2
73.3965 9801.89 6.11679e-08 107070 9551.38
73.5998 9977.17 6.17472e-08 110760 9630.97
73.8048 10028.2 6.15475e-08 109182 9711.68
74.0101 10142.1 6.17295e-08 112820 9792.95
74.2153 10206.3 6.16065e-08 110280 9874.65
74.4211 10265.6 6.14518e-08 114678 9957.01
74.6281 10341.1 6.13901e-08 112668 10040.3
74.835 10482.8 6.17166e-08 116030 10124
75.0455 10561.2 6.16566e-08 118032 10209.7
75.2528 10641.2 6.16119e-08 113700 10294.6
75.4597 10700.3 6.14457e-08 118566 10379.7
75.6704 10843.6 6.17495e-08 119840 10466.9
75.8801 10934.5 6.17525e-08 118278 10554.2
76.0893 10945.5 6.13063e-08 120852 10641.7
76.3009 11139.3 6.18738e-08 122166 10730.7
76.5134 11135.5 6.13388e-08 123296 10820.6
76.7256 11248.5 6.14489e-08 123300 10910.9
76.9392 11380.4 6.16529e-08 126174 11002.3
77.1528 11548.8 6.20468e-08 124800 11094.2
77.3659 11530.8 6.14399e-08 126774 11186.4
77.5809 11682.1 6.17303e-08 128900 11279.9
77.7962 11738.4 6.15139e-08 127776 11374.1
78.0124 11822 6.14386e-08 132246 11469.1
78.2288 12004 6.18679e-08 129252 11564.9
78.4454 12063.4 6.16603e-08 133118 11661.2
78.6629 12121.4 6.14446e-08 133272 11758.4
78.8821 12293.5 6.17986e-08 134970 11857
79.1006 12365 6.16445e-08 136128 11955.8
79.3217 12552.4 6.20572e-08 137270 12056.4
79.5433 12557.4 6.15645e-08 139620 12157.7
79.7641 12740.5 6.19445e-08 138312 12259.2
79.9859 12750.9 6.14809e-08 140694 12361.8
80.2068 12872.8 6.15574e-08 140888 12464.5
80.4299 12978.1 6.1546e-08 143034 12568.8
80.6531 13121.2 6.17093e-08 143688 12673.7
80.8755 13239.2 6.17518e-08 143510 12778.8
81.0998 13286.6 6.14602e-08 147828 12885.4
81.3269 13559.4 6.21982e-08 147918 12994
81.5524 13495.9 6.13947e-08 148992 13102.4
81.7797 13640.3 6.15356e-08 150356 13212.3
82.0043 13772 6.1621e-08 147606 13321.4
82.2317 13949.9 6.19005e-08 156624 13432.5
82.4634 14021.8 6.16962e-08 153354 13546.4
82.6905 14149.9 6.17485e-08 153968 13658.6
82.9194 14277.4 6.17903e-08 155862 13772.3
83.1486 14378.1 6.17128e-08 157524 13886.9
83.3797 14564.3 6.19937e-08 159126 14003
83.6126 14635 6.17758e-08 162488 14120.7
83.8452 14851.9 6.2171e-08 159570 14238.9
84.0767 14934 6.19996e-08 164304 14357.1
84.3123 15155.8 6.23944e-08 165720 14478.1
84.5455 15188.8 6.20145e-08 162866 14598.6
84.7789 15254.3 6.17686e-08 169056 14719.9
85.0154 15440.9 6.20038e-08 167502 14843.4
85.2505 15524.7 6.1826e-08 169964 14966.9
85.4866 15629.5 6.17293e-08 170478 15091.6
85.7246 15813.2 6.1936e-08 175200 15218
85.9642 15904.5 6.17744e-08 173130 15345.9
86.2012 16157.5 6.22405e-08 175712 15473.2
86.4415 16272.8 6.21633e-08 177438 15603
86.6808 16378.2 6.20492e-08 178092 15732.9
86.9209 16524.1 6.20848e-08 179694 15864
87.1623 16674 6.2129e-08 182504 15996.5
87.4047 16774.8 6.19857e-08 182394 16130.4
87.6463 16988.1 6.22566e-08 184464 16264.5
87.8898 17066.3 6.20246e-08 186398 16400.5
88.1346 17244 6.21498e-08 188844 16537.9
88.3785 17369.3 6.20843e-08 187230 16675.5
88.6241 17494.9 6.2015e-08 193776 16815
88.8723 17828.9 6.26708e-08 192218 16956.6
89.1173 17887.7 6.23605e-08 192408 17097.3
89.3636 18030 6.23381e-08 195510 17239.4
89.6121 18231.3 6.25109e-08 198404 17383.6
89.8624 18440.1 6.27e-08 200310 17529.7
90.1125 18566.2 6.2605e-08 201216 17676.4
90.3629 18757.6 6.27259e-08 201618 17824.3
90.6136 18916.7 6.27343e-08 204680 17973
90.8637 18972.2 6.24003e-08 202758 18122.2
91.1165 19211.4 6.26623e-08 211812 18273.9
91.3704 19465.9 6.29649e-08 205718 18427.1
91.6219 19580.6 6.28155e-08 211452 18579.7
91.8766 19614.3 6.24019e-08 213150 18735.1
92.1337 19985.1 6.30506e-08 217512 18892.8
92.3907 20131.3 6.29835e-08 214754 19051.3
92.6443 20238.7 6.28012e-08 215424 19208.6
92.9029 20529.3 6.31722e-08 224574 19369.9
93.1615 20586.6 6.28225e-08 218588 19532.1
93.4187 20824.8 6.30258e-08 223902 19694.4
93.6773 21062.8 6.32198e-08 224952 19858.4
93.9391 21130.3 6.28935e-08 230258 20025.3
94.2003 21442.2 6.32925e-08 227544 20192.8
94.4611 21541.7 6.30609e-08 231018 20361
94.7234 21765.6 6.31884e-08 234504 20531.1
94.9866 22019.7 6.33962e-08 233102 20702.7
95.2488 22150.8 6.32487e-08 236892 20874.6
95.5133 22467.7 6.3622e-08 238830 21049
95.7779 22676.8 6.36833e-08 241232 21224.4
96.045 22803.7 6.35071e-08 243906 21402.5
96.3117 23048.7 6.36574e-08 244704 21581.3
96.5789 23326.7 6.3892e-08 246698 21761.4
96.8459 23447.4 6.36928e-08 248664 21942.4
97.1161 23709.7 6.38692e-08 253494 22126.5
97.3861 23945.4 6.39692e-08 251522 22311.6
97.6552 24144.8 6.39701e-08 255336 22497.1
97.9263 24287.4 6.3815e-08 257694 22685
98.1987 24548.2 6.39652e-08 260988 22874.8
98.4723 24859.1 6.42367e-08 261638 23066.6
98.7442 25039.8 6.41705e-08 262356 23258.1
99.0178 25273.6 6.42342e-08 266478 23452
99.2941 25453.9 6.41541e-08 272048 23648.9
99.5716 25750.9 6.43616e-08 269850 23847.7
99.847 26075.9 6.46359e-08 272544 24046.2
100.124 26314.3 6.46866e-08 275546 24247
100.401 26386.6 6.43296e-08 275334 24448.6
100.681 26893.8 6.50201e-08 285024 24653.8
100.963 26958.3 6.46312e-08 282242 24861.7
101.241 27265.9 6.48314e-08 280800 25067.7
101.521 27583.3 6.50448e-08 288330 25276.3
101.804 27811.2 6.50382e-08 290024 25487.8
102.087 28122.6 6.52213e-08 290598 25700.8
102.369 28351.1 6.52088e-08 293748 25914.6
102.654 28494.5 6.49931e-08 299582 26132
102.939 28874.7 6.53156e-08 295914 26350
103.223 29293.8 6.57178e-08 302352 26568.8
103.511 29346.7 6.52884e-08 305342 26791.8
103.798 29576.7 6.52563e-08 305532 27015.1
104.087 30067.3 6.57885e-08 310806 27241.1
104.375 30317.9 6.57876e-08 310436 27468.5
104.666 30604.1 6.58569e-08 318006 27698.6
104.957 31028.3 6.62171e-08 312846 27929.8
105.247 31299.4 6.62445e-08 322508 28162.2
105.54 31755.7 6.66513e-08 321318 28398.4
105.833 31910.7 6.64219e-08 327204 28635.5
106.127 32033.8 6.61257e-08 325766 28874.7
106.421 32472.6 6.64783e-08 330246 29115.1
106.717 32859.8 6.67124e-08 335868 29358.8
107.015 33074.4 6.65888e-08 336710 29605.4
107.311 33399.1 6.66878e-08 336636 29851.7
107.609 33737.1 6.68044e-08 343542 30101.1
107.907 34119.6 6.70037e-08 342092 30351.8
108.206 34498.3 6.71866e-08 349446 30605.2
108.507 34698.2 6.70146e-08 350118 30861.6
108.808 35227.3 6.74744e-08 352628 31118.6
109.111 35654.2 6.77238e-08 359334 31379.7
109.414 35854.7 6.75413e-08 356364 31641.5
109.717 36271.9 6.77627e-08 362990 31905.1
110.021 36724.1 6.80397e-08 364062 32171.4
110.326 37058 6.80899e-08 369756 32439.9
110.632 37429.6 6.82038e-08 368726 32710.5
110.939 37720.7 6.81658e-08 375786 32983.3
111.248 38313.6 6.86626e-08 378600 33259.3
111.557 38604.9 6.86115e-08 379394 33537.1
111.866 39001.9 6.87426e-08 386568 33817.4
112.178 39368.2 6.88114e-08 386906 34100.8
112.489 39672.9 6.87713e-08 388950 34384.8
112.801 40177.1 6.90693e-08 394512 34671.6
113.114 40603.6 6.92233e-08 396818 34961.7
113.428 41069.2 6.94371e-08 401112 35253.7
113.744 41714.9 6.9943e-08 404850 35548.9
114.06 41981.5 6.9807e-08 405566 35845.9
114.375 42414.3 6.99449e-08 409308 36144
114.692 43065.4 7.04311e-08 413766 36445.6
115.011 43553.9 7.064e-08 417050 36749.9
115.331 43785.6 7.04254e-08 425232 37057.9
115.653 44368.2 7.07692e-08 421862 37368.7
115.972 44951.4 7.11088e-08 426402 37679.1
116.295 45437.9 7.1282e-08 434688 37994.4
116.619 45953.9 7.14907e-08 436634 38313.6
116.942 46466.6 7.16915e-08 434784 38632.5
117.265 47111.5 7.20876e-08 441018 38953.5
117.591 47554.4 7.21629e-08 447350 39278.7
117.917 48142.5 7.24493e-08 449868 39607.2
118.245 48895.2 7.29726e-08 453206 39938
118.573 49180.3 7.27908e-08 456570 40271.3
118.902 49958.9 7.33299e-08 463824 40608
119.233 50522.2 7.35412e-08 463718 40948
119.564 50956.1 7.35597e-08 468186 41289.2
119.895 51565 7.38224e-08 473448 41633.9
120.229 52279.9 7.42237e-08 479354 41982.9
120.563 52678.8 7.41704e-08 477702 42333.6
120.897 53423 7.45975e-08 485204 42685.9
121.234 54190.6 7.50402e-08 491454 43043.7
121.571 54886.6 7.53737e-08 491226 43403.7
121.908 55544.6 7.56467e-08 497648 43765.6
122.248 56167.3 7.5858e-08 504930 44132.9
122.587 56987.9 7.63294e-08 500358 44501.1
122.925 57426.9 7.62844e-08 508652 44870.3
123.267 58234.9 7.67157e-08 516390 45246
123.609 58965.3 7.70343e-08 515642 45623.9
123.951 59809.5 7.74922e-08 521880 46003.7
124.297 60559.2 7.78114e-08 530850 46389.2
124.642 60928.7 7.76372e-08 527054 46777
124.986 62171.4 7.85688e-08 534156 47165.1
125.334 62905.3 7.88351e-08 545150 47560.6
125.683 63504.5 7.89244e-08 543474 47959.3
126.031 64534 7.95426e-08 545310 48358
126.38 65419.6 7.99677e-08 555788 48761.1
126.732 66382.4 8.04702e-08 559542 49169.8
127.084 67122.9 8.06926e-08 564146 49581.2
127.437 68219 8.13316e-08 566520 49995
127.791 69224.7 8.18465e-08 573594 50412.9
128.146 69960.1 8.20299e-08 577718 50834.5
128.501 70653 8.21577e-08 579303 51258.1
128.858 71893.2 8.29077e-08 586232 51686
129.216 72467.6 8.28763e-08 585156 52118.7
129.575 73270.6 8.31011e-08 582704 52553.7
129.934 73698.2 8.2895e-08 584544 52991.8
130.295 74474.7 8.30738e-08 585204 53434.9
130.657 75757.7 8.3805e-08 582812 53881.1
131.019 76322.5 8.37308e-08 584472 54331
131.383 77192.6 8.39835e-08 584132 54785
131.748 77506.5 8.36271e-08 582540 55242.2
132.113 78576.2 8.40801e-08 582096 55702.9
132.481 79215.9 8.4061e-08 586412 56169.1
132.849 80102.5 8.42966e-08 581640 56639.1
133.218 80970.6 8.45041e-08 583304 57112.3
133.589 81842.4 8.4705e-08 583536 57590.3
133.959 82793.9 8.4981e-08 578204 58070.6
134.33 83623.4 8.51227e-08 582180 58554.8
134.704 84499.4 8.53004e-08 582144 59045
135.078 85358 8.54531e-08 578780 59538.3
135.452 86171.7 8.55553e-08 577524 60034.1
135.828 86825.5 8.54912e-08 579584 60534.9
136.206 88325.2 8.62455e-08 580752 61042
136.585 88909.2 8.60954e-08 576896 61552.7
136.963 90072.3 8.65008e-08 575412 62065.7
137.343 90680.8 8.63652e-08 575676 62583
137.724 91849.4 8.6753e-08 576392 63106.2
138.107 92730.8 8.68599e-08 574368 63633.4
138.49 93888.2 8.72167e-08 572624 64164.1
138.874 94869.1 8.73977e-08 574056 64700.1
139.26 95889.4 8.76046e-08 572864 65241.4
139.647 96925.1 8.78184e-08 568992 65785.6
140.034 98271 8.83004e-08 572024 66335
140.424 98962.4 8.81838e-08 569052 66890.1
140.814 99844.2 8.82324e-08 568236 67448.9
141.204 101248 8.87332e-08 563612 68010.8
141.595 102732 8.92897e-08 567216 68577.9
141.989 103770 8.94436e-08 564740 69151.8
142.383 104919 8.96839e-08 563940 69729.9
142.779 105538 8.94653e-08 562172 70312.6
143.176 107299 9.02036e-08 561948 70900.7
143.574 108454 9.0418e-08 560084 71494.1
143.973 109396 9.04485e-08 556764 72091.1
144.371 110905 9.09383e-08 553976 72691.4
144.772 112091 9.11503e-08 556344 73298.1
145.174 113438 9.14812e-08 552420 73910.8
145.577 114962 9.19426e-08 552200 74528
145.981 115782 9.18315e-08 548880 75149.9
146.386 117604 9.25047e-08 548696 75777.4
146.793 118550 9.24755e-08 546948 76410.6
147.201 119856 9.27179e-08 547364 77050.6
147.61 121750 9.34027e-08 540792 77694.7
148.019 122849 9.3467e-08 540320 78341.9
148.43 124079 9.36216e-08 538668 78995.8
148.842 126106 9.43625e-08 537260 79655.3
149.255 127749 9.48004e-08 534912 80320.9
149.67 129393 9.52233e-08 534812 80992.9
150.085 130776 9.54447e-08 527424 81668.7
150.501 132571 9.59554e-08 528968 82349.4
150.919 134724 9.67064e-08 525312 83036.8
151.338 136140 9.69119e-08 525968 83731.3
151.759 137539 9.70966e-08 520272 84431.2
152.18 139239 9.74822e-08 520256 85136.6
152.603 140365 9.74563e-08 514536 85847.5
153.026 143281 9.86572e-08 515732 86564.5
153.452 144945 9.89754e-08 510624 87288.4
153.877 146658 9.93172e-08 507288 88016
154.304 148789 9.99264e-08 505904 88750.6
154.732 150430 1.00192e-07 502608 89491.6
155.163 152508 1.00733e-07 502280 90240.8
155.594 154976 1.01514e-07 496404 90995.1
156.026 156713 1.01802e-07 494156 91754.8
156.459 158838 1.02328e-07 490572 92520.7
156.893 160383 1.02468e-07 487856 93293.3
157.329 163398 1.03529e-07 485592 94073.1
157.765 165022 1.03693e-07 479840 94858.1
158.204 167935 1.04648e-07 480792 95651.3
158.644 170390 1.05297e-07 473276 96451.5
159.083 172306 1.05602e-07 469716 97254.5
159.525 174927 1.06319e-07 469388 98067
159.968 177091 1.06743e-07 463164 98886.5
160.412 179917 1.07548e-07 460964 99712.4
160.858 182245 1.08037e-07 456404 100546
161.304 185198 1.08878e-07 453096 101385
161.752 188508 1.09907e-07 447944 102232
162.2 190230 1.09993e-07 445104 103085
162.651 193309 1.10847e-07 440876 103947
163.103 197145 1.12109e-07 438372 104816
163.556 199382 1.1244e-07 431156 105692
164.009 202545 1.13281e-07 426816 106572
164.464 206149 1.14343e-07 424208 107461
164.921 208782 1.14843e-07 420060 108360
165.379 211733 1.15501e-07 414500 109266
165.838 215396 1.16527e-07 409044 110177
166.298 219369 1.17694e-07 406184 111096
166.761 222512 1.18389e-07 401808 112027
167.224 225836 1.19162e-07 394448 112962
167.687 230175 1.20449e-07 390564 113904
168.153 233749 1.21305e-07 386420 114855
168.62 237586 1.22274e-07 380148 115815
169.087 241257 1.23136e-07 375116 116781
169.557 245506 1.24267e-07 371108 117757
170.028 248456 1.24718e-07 363588 118741
170.5 254094 1.26491e-07 360704 119734
170.974 257075 1.26914e-07 352920 120734
171.449 263074 1.288e-07 347888 121742
171.925 266605 1.29447e-07 342564 122760
172.402 270407 1.30206e-07 336104 123785
172.881 273273 1.30496e-07 329616 124819
173.36 280646 1.32909e-07 324044 125860
173.841 284456 1.33598e-07 317940 126910
174.324 288055 1.34167e-07 311516 127971
174.808 294541 1.3605e-07 306920 129041
175.294 299807 1.37334e-07 297936 130120
175.782 303696 1.37961e-07 293684 131209
176.27 309085 1.39246e-07 284568 132304
176.757 312866 1.39788e-07 276704 133404
177.248 320204 1.41879e-07 274896 134520
177.742 324294 1.42499e-07 263228 135646
178.234 329458 1.43572e-07 257720 136777
178.729 333869 1.44289e-07 250968 137919
179.225 338665 1.45149e-07 242276 139071
179.722 343584 1.46038e-07 236220 140232
180.221 346852 1.46206e-07 227624 141403
180.722 353814 1.47904e-07 221304 142586
181.225 356189 1.47662e-07 212204 143778
181.726 358986 1.47594e-07 203168 144974
182.23 361806 1.47523e-07 197955 146183
182.737 367407 1.48561e-07 190268 147408
183.246 373598 1.4981e-07 184188 148643
183.754 377271 1.50032e-07 176492 149882
184.264 382715 1.50937e-07 172200 151133
184.777 387979 1.51741e-07 166544 152400
185.291 392851 1.52373e-07 160160 153674
185.804 398753 1.53384e-07 155010 154955
186.319 406115 1.54924e-07 149948 156246
186.836 412931 1.56219e-07 145458 157552
187.356 416682 1.56331e-07 140444 158870
187.876 420741 1.56546e-07 135596 160197
188.396 432020 1.59415e-07 130308 161531
188.918 440233 1.61103e-07 126860 162877
189.444 449945 1.63289e-07 122748 164241
189.971 456417 1.64262e-07 118076 165617
190.499 461260 1.6463e-07 113774 167000
191.026 470700 1.66611e-07 109236 168391
191.555 476805 1.67379e-07 105638 169793
192.087 487797 1.69819e-07 102174 171212
192.623 493521 1.70382e-07 98708 172648
193.159 505781 1.73164e-07 94310 174095
193.694 514416 1.74665e-07 90414 175545
194.231 525660 1.77006e-07 87398 177010
194.77 537339 1.79441e-07 83462 178487
195.308 546947 1.81145e-07 79902 179970
195.85 558169 1.8333e-07 77558 181473
196.397 566012 1.84359e-07 74094 182996
196.944 582501 1.88151e-07 71006 184531
197.492 597528 1.91402e-07 67574 186077
198.04 605926 1.92487e-07 64368 187629
198.588 615674 1.93967e-07 61502 189192
199.137 635692 1.98624e-07 58214 190763
199.686 649979 2.01416e-07 55872 192347
200.24 660266 2.0291e-07 53270 193952
200.797 680378 2.07356e-07 50742 195575
201.356 695843 2.10308e-07 48032 197213
201.917 705864 2.11565e-07 45638 198865
202.479 719780 2.13944e-07 43008 200530
203.042 744893 2.19571e-07 40694 202208
203.608 770339 2.25185e-07 38408 203903
204.174 782632 2.2688e-07 35958 205609
204.742 802169 2.30615e-07 33920 207328
205.311 827911 2.36042e-07 31622 209062
205.88 842008 2.38074e-07 29640 210807
206.452 870748 2.44159e-07 27662 212569
207.024 900009 2.50279e-07 25568 214340
207.598 922341 2.54369e-07 23904 216126
208.175 943923 2.58162e-07 22118 217934
208.75 964856 2.6171e-07 20168 219747
209.328 1.01269e+06 2.72415e-07 18816 221577
209.911 1.03642e+06 2.76484e-07 17126 223432
210.495 1.07432e+06 2.84216e-07 15680 225301
211.081 1.08073e+06 2.83537e-07 14184 227188
211.669 1.14742e+06 2.98533e-07 12854 229092
212.261 1.19822e+06 3.09146e-07 11600 231021
212.86 1.21897e+06 3.11852e-07 10428 232982
213.459 1.25864e+06 3.19298e-07 9032 234955
214.05 1.29638e+06 3.26156e-07 7838 236912
214.639 1.33749e+06 3.33737e-07 6816 238872
215.227 1.43076e+06 3.54091e-07 5840 240841
215.814 1.44802e+06 3.55448e-07 4952 242816
216.393 1.49119e+06 3.63114e-07 4062 244776
216.965 1.51599e+06 3.66242e-07 3368 246722
217.537 1.57632e+06 3.77821e-07 2744 248678
218.109 1.68221e+06 4.00034e-07 2184 250647
218.782 1.71028e+06 4.02967e-07 2192 252975
219.487 1.79067e+06 4.17861e-07 1238 255425
220.117 1.73274e+06 4.0088e-07 728 257632
220.69 1.9967e+06 4.58358e-07 456 259650
221.261 2.09114e+06 4.76329e-07 248 261671
221.827 1.96081e+06 4.43236e-07 104 263682
222.372 2.98611e+06 6.70044e-07 24 265634
222.88 2.89075e+06 6.44228e-07 1 267456
0.666216
1200
200
512
1.29935
8.04248 118.903 5.63979e-07 6 12.5664
11.3738 225.557 3.78253e-07 12 35.5431
13.93 191.018 1.74366e-07 8 65.2968
16.085 247.496 1.4674e-07 6 100.531
17.9835 385.226 1.6343e-07 24 140.496
19.7 629.317 2.03101e-07 24 184.687
22.7476 369.712 7.74995e-08 12 284.345
24.1274 677.104 1.18949e-07 30 339.292
25.4325 500.337 7.50469e-08 24 397.384
26.6739 691.702 8.99292e-08 24 458.457
27.86 895.098 1.02134e-07 8 522.374
28.9976 1242.04 1.25687e-07 24 589.013
30.0922 857.487 7.76436e-08 48 658.267
32.1699 943.456 6.99217e-08 6 804.248
33.16 995.712 6.738e-08 48 880.812
34.1213 1409.4 8.75376e-08 36 959.663
35.0563 1351.54 7.7405e-08 24 1040.74
35.9671 1954.76 1.03662e-07 24 1123.97
36.8553 1687.18 8.31577e-08 48 1209.31
37.7226 1561.91 7.17947e-08 24 1296.71
39.3999 2219.17 8.95251e-08 24 1477.5
40.2124 1450.39 5.50357e-08 30 1570.8
41.0087 1866.88 6.67924e-08 72 1665.98
41.7899 2381.79 8.05246e-08 32 1763.01
43.3101 1550.28 4.7085e-08 72 1962.49
44.0505 2422.86 6.99387e-08 48 2064.87
45.4951 1942.8 5.09064e-08 12 2274.76
46.2005 1510.61 3.77965e-08 48 2382.21
46.8953 3843.47 9.1955e-08 48 2491.31
47.5799 3054.14 6.99611e-08 48 2602.03
48.2549 1897.7 4.1672e-08 30 2714.34
48.9205 2597.99 5.47526e-08 24 2828.22
49.5772 3695.95 7.48377e-08 72 2943.64
50.8651 2017.51 3.78265e-08 24 3179.07
51.497 3197.52 5.77708e-08 96 3299.03
52.1212 3225.06 5.61997e-08 48 3420.45
52.738 2841.47 4.77981e-08 24 3543.34
53.3478 3426.17 5.56801e-08 24 3667.66
53.9506 4770.23 7.49532e-08 72 3793.4
54.5467 4236.66 6.44105e-08 48 3920.55
55.7199 5107.45 7.28472e-08 8 4178.99
56.2973 3072.96 4.24945e-08 54 4310.27
56.8689 4507.72 6.04745e-08 84 4442.88
57.4348 5374.38 6.99912e-08 48 4576.83
57.9951 4086.17 5.16871e-08 24 4712.1
58.5501 6012.75 7.39145e-08 72 4848.68
59.0999 5157.89 6.16527e-08 96 4986.55
60.1844 6539.67 7.40191e-08 48 5266.13
60.7194 5372.09 5.92108e-08 48 5407.82
61.2497 4724.34 5.07305e-08 24 5550.75
61.7754 4387.45 4.59202e-08 72 5694.92
62.8138 7363.93 7.33137e-08 72 5986.94
63.3265 6168.42 5.99317e-08 96 6134.76
64.3398 8841.59 8.19088e-08 6 6433.98
64.8405 7336.47 6.64029e-08 96 6585.37
65.3374 4909.79 4.34327e-08 96 6737.92
65.8305 4399.48 3.80504e-08 24 6891.63
66.32 6217.11 5.25891e-08 48 7046.5
66.8058 8372.98 6.92909e-08 96 7202.5
67.2882 6221.02 5.03831e-08 48 7359.65
68.2427 9102.9 7.06727e-08 36 7677.3
68.715 9336.67 7.10032e-08 48 7837.8
69.184 8159.36 6.07965e-08 120 7999.4
69.6499 9289.09 6.78346e-08 56 8162.1
70.1127 7387.83 5.28892e-08 24 8325.88
70.5725 6688.3 4.69516e-08 96 8490.75
71.0292 5654.22 3.89315e-08 48 8656.69
71.9341 9798.96 6.49554e-08 24 8991.76
72.3823 9725.8 6.32802e-08 102 9160.88
72.8277 9689.47 6.18941e-08 48 9331.05
73.2705 7634.03 4.78859e-08 72 9502.26
73.7105 10739.2 6.61645e-08 48 9674.51
74.148 12168.2 7.3649e-08 48 9847.78
74.5829 9432.21 5.60965e-08 120 10022.1
75.4451 15742.3 9.04511e-08 24 10373.7
75.8726 10863.5 6.13697e-08 144 10551
76.2976 13042.9 7.24568e-08 120 10729.4
76.7203 13705.9 7.48886e-08 48 10908.7
77.5588 13665.1 7.22699e-08 48 11270.3
77.9747 9329.76 4.85567e-08 96 11452.5
78.7999 7502.71 3.78339e-08 24 11820
79.2092 13229.3 6.56826e-08 48 12005.1
79.6165 12919.3 6.31638e-08 108 12191.3
80.0216 13574 6.5362e-08 72 12378.3
80.4248 11709.3 5.55393e-08 30 12566.4
80.8259 13999.2 6.54172e-08 168 12755.3
81.225 16614.7 7.65003e-08 48 12945.2
82.0175 15969.1 7.14168e-08 72 13327.8
82.4109 11489.1 5.06491e-08 96 13520.5
82.8024 14014.4 6.09097e-08 72 13714.1
83.192 12104 5.18708e-08 72 13908.7
83.5799 9365.81 3.95804e-08 32 14104.1
83.9659 15012.8 6.25735e-08 72 14300.4
84.3502 14777.8 6.07561e-08 144 14497.7
85.4927 14326.6 5.65712e-08 96 15094.8
85.8702 12282.1 4.78614e-08 96 15295.6
86.246 16306.2 6.27157e-08 48 15497.3
86.6201 11718.7 4.44901e-08 72 15699.9
86.9927 15751.7 5.90362e-08 120 15903.4
87.3637 12747.8 4.71718e-08 72 16107.7
88.1009 16975 6.12504e-08 48 16518.9
88.4672 22445.3 7.99868e-08 78 16725.8
88.8321 15658.2 5.51152e-08 120 16933.6
89.1954 16538.6 5.75059e-08 48 17142.2
89.9176 12699.9 4.31028e-08 144 17562
90.2766 15935.8 5.34428e-08 144 17773.2
90.9902 35898.9 1.17581e-07 12 18198
91.345 18202.9 5.89286e-08 144 18411.7
91.6983 15350.4 4.91219e-08 48 18626.2
92.0504 26996 8.5401e-08 120 18841.6
92.401 16342.5 5.11125e-08 48 19057.7
92.7504 22061.4 6.82222e-08 48 19274.7
93.0984 18444.3 5.63996e-08 168 19492.5
93.7906 26127.3 7.81369e-08 48 19930.5
94.1348 19111.4 5.65302e-08 96 20150.7
94.4777 19921 5.82859e-08 96 20371.8
94.8194 22394 6.48157e-08 72 20593.6
95.1599 21216.9 6.0752e-08 48 20816.2
95.4991 20726.2 5.87166e-08 96 21039.7
95.8372 18770.5 5.26155e-08 48 21263.9
96.5097 43267.9 1.18766e-07 30 21714.7
96.8442 25693.3 6.97972e-08 96 21941.3
97.1776 22682.9 6.09872e-08 192 22168.6
97.5099 27370.8 7.28421e-08 56 22396.8
97.841 19603.9 5.16441e-08 24 22625.7
98.1709 24245.5 6.32298e-08 168 22855.4
98.4998 21932.2 5.66259e-08 120 23085.9
99.1543 20842.2 5.27532e-08 72 23549.2
99.4799 17974.3 4.5049e-08 144 23781.9
99.8045 21910.7 5.43808e-08 96 24015.5
100.128 22753.1 5.5926e-08 96 24249.8
100.772 27319.5 6.58708e-08 72 24720.6
101.092 30975.6 7.39783e-08 96 24957.2
101.73 18911.1 4.43208e-08 24 25432.5
102.048 23407 5.43471e-08 192 25671.3
102.364 28146.5 6.47473e-08 108 25910.9
102.679 28637.1 6.52707e-08 24 26151.2
102.994 23655.9 5.3425e-08 96 26392.2
103.307 30643.3 6.85772e-08 96 26634
103.62 28551.3 6.33189e-08 120 26876.5
104.242 26745 5.82572e-08 48 27363.6
104.552 24665.2 5.32507e-08 78 27608.3
104.861 22540 4.82337e-08 144 27853.7
105.169 28394.6 6.02298e-08 120 28099.9
105.476 20411.4 4.29191e-08 24 28346.7
105.782 29019.9 6.04918e-08 168 28594.3
106.088 26513.1 5.47906e-08 144 28842.6
106.696 27398 5.56571e-08 24 29341.3
106.998 25797.5 5.19623e-08 48 29591.7
107.3 31389.5 6.26939e-08 96 29842.8
107.601 32086.7 6.35501e-08 120 30094.7
107.901 29265.1 5.74793e-08 72 30347.2
108.2 31172.2 6.07184e-08 120 30600.4
108.499 29996.3 5.79471e-08 144 30854.4
109.093 28102.4 5.34057e-08 48 31364.4
109.39 23308.2 4.39362e-08 192 31620.4
109.685 26763 5.00421e-08 144 31877.1
109.979 34156.8 6.33557e-08 48 32134.6
110.566 32026.5 5.84637e-08 192 32651.5
110.858 35396.9 6.41069e-08 48 32910.9
111.44 12928.5 2.30497e-08 8 33431.9
111.971 38044.9 6.68691e-08 288 33911.8
112.307 28571.8 4.97686e-08 96 34218.6
112.595 28961.9 5.00625e-08 54 34482.1
112.882 33147 5.68611e-08 120 34746.4
113.168 30661.4 5.21993e-08 120 35011.3
113.738 37270.4 6.25014e-08 84 35543.1
114.022 35563.2 5.9194e-08 144 35810
114.305 35848.9 5.92269e-08 72 36077.5
114.588 39727.3 6.51502e-08 96 36345.8
115.057 43245.3 7.00551e-08 144 36794.2
115.431 35800.4 5.74324e-08 240 37154.4
115.99 55946.5 8.84603e-08 24 37696.8
116.269 38979.4 6.11908e-08 240 37969
116.547 31383.1 4.89144e-08 96 38241.8
116.962 45905.7 7.07901e-08 144 38652.1
117.376 41125.1 6.27491e-08 96 39064.2
117.651 29418.7 4.45731e-08 72 39339.7
118.2 40139.4 5.99736e-08 96 39892.4
118.473 44020.2 6.5318e-08 96 40169.8
118.867 39796.8 5.84667e-08 216 40571.4
119.56 38335.1 5.5345e-08 192 41285.6
119.83 36633.5 5.25314e-08 144 41566.1
120.369 26166.2 3.70202e-08 48 42129.1
120.637 45289.2 6.3649e-08 150 42411.5
120.905 43917.3 6.13117e-08 96 42694.6
121.172 38291.1 5.31042e-08 120 42978.2
121.629 42572.7 5.83798e-08 168 43465.9
121.97 37475.8 5.09601e-08 240 43833
122.499 61506.3 8.25578e-08 24 44406
122.921 45155.8 5.99896e-08 360 44866
123.289 45344.9 5.97031e-08 48 45270.1
123.551 37858.8 4.953e-08 72 45559.4
123.917 49938.7 6.47572e-08 240 45965.2
124.977 47958.8 6.0621e-08 276 47154.8
125.37 49362.8 6.18103e-08 104 47601.4
125.628 49746.9 6.19086e-08 72 47895.5
126.003 44544.9 5.49407e-08 312 48326.3
126.653 54620.8 6.63362e-08 96 49078.1
127.035 52580.6 6.32836e-08 288 49523.8
127.417 49547.7 5.90994e-08 168 49971.3
127.923 55503.9 6.54203e-08 48 50569.7
128.176 49614.9 5.81342e-08 192 50869.8
128.68 10381.2 1.20214e-08 6 51471.9
128.931 49411.3 5.68848e-08 192 51773.7
129.181 40615.2 4.64868e-08 96 52076.2
129.556 60300.9 6.84209e-08 192 52530.9
129.93 50928.1 5.72885e-08 216 52987.2
130.179 51666.5 5.77866e-08 72 53292
130.675 61789.4 6.83248e-08 96 53903.3
131.098 50602.1 5.54137e-08 336 54429.1
131.415 50387 5.478e-08 48 54824.8
131.886 57947.7 6.23276e-08 288 55416.1
132.151 51266.2 5.48095e-08 192 55751.4
132.64 51062.1 5.39903e-08 48 56372
132.884 62952.9 6.61976e-08 96 56683.1
133.237 56544.9 5.89874e-08 264 57136.6
133.612 48607.3 5.02815e-08 96 57620
134.022 60702.4 6.22176e-08 240 58153.1
134.776 55783.8 5.6222e-08 288 59140.1
135.056 67371 6.74792e-08 96 59509.1
135.295 71693.2 7.1428e-08 72 59825.9
135.875 59945.4 5.89632e-08 336 60597.5
136.66 44312.9 4.28394e-08 138 61654.9
136.958 64170.1 6.1632e-08 240 62059.3
137.273 54674.3 5.21518e-08 144 62487.7
137.768 68056 6.42191e-08 384 63165.9
138.512 64078.6 5.94968e-08 312 64194.7
138.835 80706.6 7.4414e-08 72 64644.9
139.12 62862.5 5.76055e-08 248 65044.1
139.671 62660.8 5.6744e-08 240 65819.7
140.225 107065 9.58089e-08 24 66607.1
140.456 63752.6 5.677e-08 192 66936
140.739 69465.1 6.14843e-08 312 67341.5
141.282 76560.1 6.69853e-08 240 68124.4
141.602 69796.3 6.06541e-08 96 68588.7
142.058 57037.9 4.9091e-08 48 69253.5
142.46 73065.2 6.23556e-08 408 69841.8
142.74 68839.8 5.84042e-08 144 70254.8
143.192 73584.1 6.18394e-08 120 70924.9
143.418 76691.8 6.41473e-08 144 71260.8
144.072 71669.8 5.91335e-08 264 72240.8
144.429 74452.6 6.09757e-08 192 72778.6
144.765 90419.4 7.35384e-08 102 73287.1
145.124 69501.9 5.61072e-08 432 73834.3
145.655 80922.2 6.46141e-08 48 74648.4
145.933 78696 6.24791e-08 384 75075.5
146.43 80912.7 6.35862e-08 144 75846.3
146.882 75511.8 5.87968e-08 264 76549.4
147.567 83188.5 6.38754e-08 144 77626.4
147.956 92056.4 7.01284e-08 324 78242.1
148.487 90605.9 6.82864e-08 384 79086.5
148.731 76793.3 5.7591e-08 216 79478.4
149.262 82470 6.11911e-08 216 80331.9
149.707 80856.5 5.94608e-08 240 81052.1
150.246 86199.7 6.27101e-08 168 81931
150.461 91786.2 6.64884e-08 240 82283.3
151.081 86312.2 6.17569e-08 216 83304.1
151.389 85478.9 6.07872e-08 288 83816.1
151.83 87894.1 6.19618e-08 240 84550.4
152.171 82913.8 5.80594e-08 72 85120.5
152.704 79228.9 5.49003e-08 246 86018
153.087 80234.1 5.51801e-08 320 86667.6
153.616 94622.3 6.44054e-08 288 87569.2
153.862 80397.5 5.44617e-08 144 87989.6
154.491 92006.2 6.1567e-08 288 89073.7
154.819 91654.1 6.09417e-08 336 89643.2
155.266 91378.9 6.02355e-08 168 90421.9
155.534 91746.3 6.0166e-08 336 90890.2
156.088 102393 6.64365e-08 288 91864
156.42 85742 5.52786e-08 264 92452.1
156.983 89275.5 5.69397e-08 240 93453.9
157.189 83787.4 5.32297e-08 96 93822
157.764 74939.7 4.70901e-08 120 94855.4
158.118 92377.2 5.76583e-08 408 95495.4
158.708 104783 6.46744e-08 456 96569.2
159.233 80078.7 4.89394e-08 108 97530.2
159.528 101898 6.19288e-08 264 98073.4
159.896 107182 6.46913e-08 264 98754
160.4 99085.2 5.92424e-08 312 99691.1
161.028 108852 6.43235e-08 270 100866
161.291 114239 6.71771e-08 240 101361
161.764 97673.4 5.69336e-08 384 102256
162.051 102892 5.96569e-08 192 102801
162.715 98883.4 5.66342e-08 432 104070
163.046 108090 6.15308e-08 144 104706
163.541 104575 5.89912e-08 480 105663
164.166 113168 6.31118e-08 216 106879
164.565 86226.7 4.77386e-08 312 107659
164.931 101843 5.60099e-08 216 108379
165.36 102916 5.61602e-08 192 109228
165.89 111930 6.04958e-08 624 110281
166.306 110642 5.93518e-08 120 111113
166.661 117559 6.26599e-08 336 111827
167.318 104215 5.48964e-08 176 113153
167.594 120087 6.29443e-08 384 113715
168.136 110143 5.71768e-08 408 114820
168.7 109872 5.64648e-08 144 115982
169.024 130011 6.64316e-08 486 116651
169.656 134071 6.77431e-08 96 117964
169.847 120528 6.06954e-08 384 118362
170.514 116648 5.80544e-08 492 119763
170.985 118964 5.87193e-08 384 120758
171.363 97620.1 4.78658e-08 168 121561
172.009 120710 5.85233e-08 504 122940
172.342 128808 6.20884e-08 240 123655
172.719 120368 5.76411e-08 456 124468
173.376 134375 6.36198e-08 264 125895
173.811 126873 5.96182e-08 384 126844
174.274 135371 6.31052e-08 432 127862
174.851 119199 5.50187e-08 216 129134
175.159 127637 5.86034e-08 360 129818
175.707 122588 5.57596e-08 312 131041
176.349 129854 5.84225e-08 240 132482
176.68 117402 5.25237e-08 414 133230
177.22 137767 6.10722e-08 552 134456
177.785 148827 6.53483e-08 360 135746
178.159 135994 5.93385e-08 432 136604
178.699 137113 5.92861e-08 480 137849
179.295 139994 5.993e-08 288 139234
179.683 135972 5.78321e-08 312 140139
180.099 140572 5.93755e-08 360 141115
180.792 136021 5.67948e-08 576 142750
181.367 145268 6.00811e-08 464 144116
181.625 145980 6.01186e-08 192 144732
182.239 156677 6.38738e-08 396 146205
182.69 145465 5.88648e-08 432 147294
183.114 133859 5.37925e-08 240 148322
183.674 140072 5.57757e-08 624 149688
184.285 140599 5.54311e-08 504 151185
184.935 145256 5.66658e-08 198 152790
185.242 145570 5.65053e-08 600 153554
185.784 162014 6.23403e-08 384 154904
186.351 130321 4.96889e-08 432 156328
186.841 152775 5.77933e-08 336 157563
187.285 136991 5.14541e-08 336 158691
187.853 153484 5.71275e-08 744 160139
188.461 173840 6.40803e-08 624 161698
189.041 135605 4.95276e-08 192 163195
189.392 173185 6.29018e-08 432 164107
189.907 157892 5.68828e-08 504 165448
190.514 158686 5.66239e-08 336 167040
190.971 173245 6.13757e-08 456 168246
191.376 165047 5.8101e-08 408 169319
191.948 171549 5.98521e-08 696 170839
192.6 161590 5.58065e-08 384 172588
193.275 155804 5.32463e-08 330 174409
193.727 170449 5.78448e-08 624 175635
194.189 157074 5.29265e-08 384 176893
194.686 168096 5.62076e-08 728 178256
195.277 176017 5.83229e-08 432 179886
195.932 184436 6.05014e-08 696 181702
196.361 179763 5.85833e-08 408 182897
197.017 180284 5.81684e-08 456 184735
197.376 194888 6.25377e-08 408 185747
197.93 172663 5.49419e-08 528 187316
198.648 191229 6.01925e-08 576 189362
199.186 199538 6.22999e-08 672 190905
199.791 175919 5.44282e-08 384 192650
200.327 194000 5.95419e-08 600 194204
200.825 191599 5.83685e-08 294 195657
201.287 186220 5.63403e-08 600 197009
201.814 208921 6.27142e-08 768 198562
202.504 205664 6.11077e-08 648 200606
203.077 191714 5.64824e-08 408 202311
203.668 219248 6.40339e-08 552 204083
204.218 204953 5.93758e-08 648 205743
204.837 180015 5.16802e-08 348 207618
205.201 223097 6.3708e-08 744 208728
205.887 228671 6.46497e-08 672 210827
206.458 219815 6.1631e-08 456 212587
206.934 226757 6.31401e-08 600 214060
207.512 244617 6.75458e-08 744 215858
208.097 232259 6.35942e-08 288 217689
208.791 230400 6.24576e-08 704 219876
209.296 228181 6.14097e-08 678 221474
209.933 237896 6.3443e-08 648 223503
210.554 223720 5.91361e-08 648 225493
211.142 237853 6.23479e-08 696 227388
211.654 230808 6.00635e-08 696 229045
212.374 233109 6.00478e-08 552 231389
212.884 223416 5.71382e-08 840 233060
213.609 241680 6.11816e-08 600 235451
214.158 237008 5.95391e-08 696 237269
214.794 236935 5.89936e-08 672 239389
215.306 228917 5.65909e-08 552 241108
216 253030 6.19518e-08 492 243444
216.542 229618 5.57983e-08 840 245282
217.147 236539 5.70008e-08 606 247344
217.726 239040 5.71449e-08 936 249329
218.389 249057 5.89992e-08 528 251612
218.855 249236 5.8665e-08 696 253228
219.555 245877 5.73227e-08 648 255665
220.075 237015 5.4866e-08 936 257486
220.784 282471 6.47607e-08 384 259982
221.192 306859 6.99631e-08 864 261427
221.916 257348 5.81022e-08 768 264002
222.523 254368 5.69608e-08 528 266174
223.149 263914 5.86029e-08 776 268425
223.759 279038 6.14554e-08 960 270635
224.376 276050 6.02977e-08 696 272877
224.869 271420 5.88967e-08 582 274682
225.664 261291 5.61018e-08 1008 277605
226.234 287003 6.11577e-08 408 279715
226.796 279746 5.91697e-08 960 281802
227.531 285005 5.96991e-08 852 284554
228.14 303899 6.31485e-08 912 286845
228.844 279565 5.75582e-08 1032 289505
229.334 266376 5.44916e-08 384 291370
230.052 296171 6.00213e-08 864 294114
230.602 299491 6.02607e-08 840 296231
231.238 301633 6.01923e-08 912 298688
232.023 283983 5.60972e-08 792 301739
232.609 320654 6.28631e-08 744 304033
233.328 307093 5.96497e-08 726 306860
233.873 314619 6.06851e-08 984 309018
234.491 323214 6.18517e-08 912 311472
235.174 329758 6.25558e-08 1104 314201
235.838 300715 5.65656e-08 744 316872
236.64 334516 6.22861e-08 968 320115
237.102 315920 5.84804e-08 672 321993
237.764 329834 6.05479e-08 984 324696
238.52 304247 5.53211e-08 840 327805
239.12 318613 5.74985e-08 1092 330284
239.888 323436 5.78102e-08 840 333476
240.424 322315 5.72253e-08 720 335717
241.164 327002 5.75245e-08 1110 338827
241.846 332236 5.79521e-08 1056 341710
242.467 307808 5.32798e-08 888 344348
243.171 334293 5.73631e-08 936 347356
243.815 350984 5.97513e-08 912 350122
244.525 369657 6.23837e-08 1104 353190
245.217 329748 5.51782e-08 912 356200
245.869 353285 5.86478e-08 1104 359049
246.608 339316 5.5824e-08 1128 362296
247.294 404893 6.60602e-08 768 365326
247.85 374758 6.07325e-08 888 367798
248.519 401054 6.44708e-08 1224 370783
249.45 422552 6.71694e-08 750 374963
249.899 374010 5.91329e-08 1092 376994
250.695 391411 6.12964e-08 1472 380609
251.481 366513 5.68608e-08 792 384199
252.08 365838 5.63524e-08 1080 386951
252.799 397979 6.07822e-08 1584 390269
253.532 389110 5.89136e-08 624 393675
254.2 412028 6.18924e-08 1248 396798
254.861 379243 5.65259e-08 888 399899
255.614 378434 5.59084e-08 912 403454
256.265 398047 5.83585e-08 1368 406547
256.953 392090 5.7025e-08 966 409828
257.704 410680 5.92076e-08 1536 413434
258.54 412815 5.89404e-08 1152 417467
259.243 414023 5.8633e-08 1008 420884
259.932 439903 6.18041e-08 1248 424248
260.541 467521 6.52247e-08 1056 427237
261.264 426935 5.90693e-08 1188 430805
262.042 440667 6.04279e-08 1152 434663
262.821 455310 6.18825e-08 1560 438550
263.607 453236 6.10513e-08 1128 442496
264.241 456114 6.09973e-08 1152 445700
264.937 443389 5.88296e-08 920 449230
265.674 454524 5.98066e-08 1470 452989
266.462 449498 5.8622e-08 1200 457032
267.211 495827 6.41221e-08 1440 460896
267.851 454203 5.83188e-08 1224 464218
268.643 476607 6.06562e-08 1296 468344
269.491 487328 6.14369e-08 1560 472794
270.234 534970 6.68881e-08 1272 476717
270.856 472019 5.86115e-08 1080 480017
271.599 458266 5.64378e-08 1368 483980
272.391 490205 5.98465e-08 1248 488225
273.221 484901 5.86614e-08 1194 492698
273.902 501378 6.02031e-08 1752 496394
274.742 536166 6.37917e-08 1392 500974
275.414 484716 5.72491e-08 1440 504660
276.257 509746 5.96561e-08 1488 509306
277.053 509185 5.90784e-08 1248 513721
277.725 497100 5.72586e-08 1512 517468
278.494 528579 6.03813e-08 1112 521781
279.334 569292 6.4447e-08 1848 526517
280.018 554814 6.23487e-08 1224 530396
280.822 538625 6.00116e-08 1536 534973
281.662 547213 6.04246e-08 1638 539788
282.432 535053 5.85997e-08 1392 544228
283.2 540702 5.8738e-08 1632 548679
284.096 568884 6.12164e-08 1452 553906
284.778 571962 6.11066e-08 1680 557903
285.519 569553 6.03768e-08 1320 562269
286.288 582039 6.12042e-08 1752 566828
287.181 563497 5.87033e-08 1776 572149
288.046 559955 5.78103e-08 1104 577335
288.664 593965 6.09291e-08 1728 581054
289.525 585881 5.95648e-08 1446 586273
290.308 628514 6.33835e-08 1920 591043
291.216 580929 5.80383e-08 1896 596607
291.958 620860 6.15563e-08 1176 601176
292.671 619763 6.09995e-08 1856 605591
293.489 610257 5.95629e-08 1896 610684
294.361 656543 6.35126e-08 1464 616145
295.283 623388 5.97424e-08 1968 621951
296.06 651716 6.19665e-08 1548 626876
296.89 608212 5.73464e-08 1944 632163
297.701 597098 5.58399e-08 1470 637355
298.52 635648 5.89574e-08 1920 642627
299.349 681147 6.26536e-08 2184 648000
300.237 680186 6.20116e-08 1464 653785
300.944 640865 5.8016e-08 1608 658413
301.799 609711 5.47282e-08 1944 664038
302.665 664524 5.91375e-08 1872 669773
303.492 663246 5.85425e-08 2256 675280
304.337 659822 5.77568e-08 1632 680932
305.241 697820 6.05414e-08 1542 687023
306.043 690748 5.94582e-08 2216 692449
306.919 666369 5.68698e-08 2052 698414
307.758 672193 5.68993e-08 1680 704153
308.566 735243 6.17485e-08 2280 709716
309.463 728935 6.06882e-08 1968 715920
310.346 724085 5.97714e-08 2016 722066
311.163 704355 5.76855e-08 1968 727787
312.111 720830 5.84985e-08 1920 734460
313.019 746081 6.00226e-08 2400 740885
313.95 790585 6.30389e-08 1974 747516
314.65 758116 6.00469e-08 1944 752532
315.544 757084 5.94571e-08 1920 758963
316.375 775029 6.03879e-08 2280 764977
317.216 755951 5.84342e-08 1968 771092
318.134 754525 5.78207e-08 2220 777804
319.043 819510 6.22652e-08 2352 784494
319.967 785802 5.91886e-08 1968 791325
320.822 758831 5.6701e-08 2504 797691
321.782 798162 5.91078e-08 2118 804870
322.658 800801 5.88218e-08 2352 811458
323.544 823336 5.99816e-08 2136 818163
324.413 813313 5.87762e-08 2112 824776
325.282 841587 6.03338e-08 2472 831416
326.174 888309 6.31618e-08 2376 838281
327.078 826409 5.82746e-08 2304 845270
328.053 837546 5.85349e-08 2448 852852
328.955 863145 5.98295e-08 2280 859902
329.961 837625 5.75308e-08 2466 867820
330.774 906993 6.18373e-08 2256 874246
331.661 924329 6.25147e-08 2472 881301
332.581 892197 5.98424e-08 2856 888652
333.504 933087 6.20668e-08 2112 896072
334.499 897243 5.91513e-08 2720 904119
335.416 957193 6.25873e-08 2136 911577
336.226 899855 5.84143e-08 2736 918191
337.22 937719 6.03352e-08 2376 926365
338.215 951877 6.07074e-08 3126 934586
339.243 897505 5.67211e-08 2568 943132
339.994 963597 6.04953e-08 2112 949411
340.955 947638 5.89918e-08 2748 957482
341.947 928404 5.72927e-08 2928 965869
342.851 971937 5.95062e-08 2640 973544
343.881 957646 5.81061e-08 2856 982343
344.792 974994 5.86907e-08 2352 990177
345.768 976705 5.82975e-08 2910 998604
346.696 1.0382e+06 6.14719e-08 2784 1.00667e+06
347.696 986830 5.79272e-08 2952 1.01541e+06
348.648 1.0733e+06 6.24883e-08 2696 1.02377e+06
349.573 1.04795e+06 6.05295e-08 3264 1.03194e+06
350.572 1.07684e+06 6.16676e-08 2472 1.04081e+06
351.541 1.08088e+06 6.13892e-08 3024 1.04946e+06
352.612 1.05948e+06 5.96267e-08 2964 1.05909e+06
353.557 1.05918e+06 5.91335e-08 2910 1.06762e+06
354.497 1.07283e+06 5.94199e-08 2880 1.07617e+06
355.414 1.12786e+06 6.19855e-08 3216 1.08454e+06
356.53 1.12248e+06 6.11127e-08 3096 1.09478e+06
357.43 1.11347e+06 6.01648e-08 2880 1.1031e+06
358.434 1.17391e+06 6.28998e-08 2904 1.11242e+06
359.44 1.10955e+06 5.8953e-08 3504 1.12181e+06
360.458 1.13641e+06 5.98703e-08 3168 1.13137e+06
361.559 1.12225e+06 5.85859e-08 3054 1.14176e+06
362.446 1.14715e+06 5.9447e-08 3032 1.15019e+06
363.444 1.17213e+06 6.02425e-08 3000 1.15972e+06
364.47 1.17877e+06 6.00739e-08 3780 1.16957e+06
365.549 1.16088e+06 5.86395e-08 3504 1.17999e+06
366.568 1.18534e+06 5.93774e-08 2904 1.18988e+06
367.533 1.21476e+06 6.03732e-08 3336 1.1993e+06
368.538 1.17101e+06 5.77233e-08 3144 1.20917e+06
369.551 1.20286e+06 5.88074e-08 3414 1.21917e+06
370.659 1.25981e+06 6.10409e-08 3552 1.23017e+06
371.545 1.23259e+06 5.92961e-08 2928 1.23901e+06
372.509 1.2519e+06 5.97584e-08 3840 1.24868e+06
373.613 1.20901e+06 5.7201e-08 3312 1.25982e+06
374.63 1.27003e+06 5.96e-08 3432 1.27013e+06
375.674 1.23356e+06 5.74071e-08 3596 1.28078e+06
376.812 1.28398e+06 5.9214e-08 4224 1.29245e+06
377.946 1.28844e+06 5.88863e-08 3294 1.30416e+06
378.905 1.33446e+06 6.05277e-08 3792 1.31411e+06
379.935 1.2824e+06 5.76944e-08 3528 1.32486e+06
381.122 1.33966e+06 5.97093e-08 3984 1.33731e+06
382.114 1.32608e+06 5.86451e-08 3768 1.34778e+06
383.151 1.39883e+06 6.13612e-08 3672 1.35878e+06
384.18 1.41065e+06 6.13838e-08 3384 1.36977e+06
385.199 1.38219e+06 5.96693e-08 3648 1.38069e+06
386.32 1.38971e+06 5.94736e-08 4098 1.39277e+06
387.377 1.37139e+06 5.82103e-08 4008 1.40424e+06
388.485 1.4213e+06 5.98136e-08 4032 1.41633e+06
389.498 1.46694e+06 6.12543e-08 3800 1.42743e+06
390.569 1.44055e+06 5.96587e-08 3816 1.43924e+06
391.7 1.44478e+06 5.9317e-08 4248 1.45178e+06
392.769 1.46065e+06 5.94805e-08 3720 1.46369e+06
393.856 1.49709e+06 6.04612e-08 4254 1.47588e+06
394.945 1.46274e+06 5.85865e-08 4224 1.48816e+06
396.062 1.46597e+06 5.82203e-08 4368 1.50083e+06
397.195 1.51081e+06 5.94891e-08 4104 1.51374e+06
398.311 1.55698e+06 6.07931e-08 4500 1.52654e+06
399.391 1.56228e+06 6.05069e-08 3480 1.53898e+06
400.481 1.52527e+06 5.85925e-08 5328 1.55162e+06
401.634 1.49454e+06 5.69189e-08 3342 1.56506e+06
402.677 1.57972e+06 5.96963e-08 4800 1.57729e+06
403.868 1.54753e+06 5.79645e-08 4184 1.59132e+06
404.934 1.63263e+06 6.06703e-08 5064 1.60395e+06
406.082 1.62845e+06 6.00028e-08 4032 1.61764e+06
407.201 1.59017e+06 5.81109e-08 4632 1.63105e+06
408.351 1.6027e+06 5.80751e-08 4680 1.64491e+06
409.484 1.63559e+06 5.87763e-08 3924 1.65864e+06
410.59 1.70578e+06 6.08048e-08 5166 1.67211e+06
411.726 1.65054e+06 5.83499e-08 4800 1.68603e+06
412.901 1.71143e+06 5.99875e-08 4560 1.70051e+06
414.001 1.64801e+06 5.73052e-08 4584 1.71414e+06
415.151 1.68244e+06 5.80178e-08 4848 1.72846e+06
416.249 1.70036e+06 5.8173e-08 4560 1.74221e+06
417.535 1.75198e+06 5.93869e-08 5600 1.7584e+06
418.686 1.76497e+06 5.93352e-08 4686 1.77298e+06
419.855 1.77864e+06 5.92965e-08 5016 1.78788e+06
421.054 1.76496e+06 5.83392e-08 4956 1.80324e+06
422.113 1.76285e+06 5.7832e-08 4872 1.81688e+06
423.328 1.92625e+06 6.26503e-08 5376 1.83261e+06
424.545 1.81185e+06 5.84239e-08 5088 1.84847e+06
425.69 1.89243e+06 6.0531e-08 4710 1.86347e+06
426.835 1.87295e+06 5.94275e-08 4848 1.87854e+06
427.985 1.89274e+06 5.95723e-08 5976 1.89376e+06
429.2 1.87547e+06 5.85293e-08 5208 1.90993e+06
430.405 1.87266e+06 5.79519e-08 5352 1.92607e+06
431.6 1.94775e+06 5.97761e-08 4820 1.94216e+06
432.743 1.9712e+06 6.00177e-08 5760 1.95763e+06
433.954 2.01807e+06 6.09318e-08 5166 1.97412e+06
435.188 1.96234e+06 5.87467e-08 6168 1.991e+06
436.422 2.05618e+06 6.10355e-08 5136 2.00798e+06
437.637 1.99199e+06 5.86385e-08 6240 2.02481e+06
438.922 2.07005e+06 6.04028e-08 5568 2.0427e+06
440.112 2.05169e+06 5.9383e-08 5712 2.05935e+06
441.308 2.0841e+06 5.98318e-08 5520 2.07618e+06
442.568 2.14098e+06 6.09413e-08 5670 2.09402e+06
443.761 2.17127e+06 6.13064e-08 6036 2.111e+06
445.017 2.0882e+06 5.8463e-08 6264 2.12898e+06
446.297 2.14332e+06 5.94915e-08 5912 2.14739e+06
447.472 2.18104e+06 6.00628e-08 5736 2.1644e+06
448.662 2.20483e+06 6.02363e-08 5400 2.18171e+06
449.929 2.18512e+06 5.91949e-08 6342 2.20025e+06
451.219 2.21962e+06 5.9615e-08 7032 2.21924e+06
452.483 2.22317e+06 5.92117e-08 5448 2.23793e+06
453.686 2.26281e+06 5.97893e-08 6528 2.25582e+06
455.01 2.25446e+06 5.90501e-08 6468 2.27563e+06
456.302 2.30217e+06 5.9789e-08 6528 2.29507e+06
457.487 2.30439e+06 5.93826e-08 5568 2.313e+06
458.712 2.29543e+06 5.86792e-08 6798 2.33163e+06
460.09 2.36192e+06 5.98378e-08 6560 2.35271e+06
461.321 2.36142e+06 5.93476e-08 6888 2.37165e+06
462.613 2.36923e+06 5.90463e-08 6624 2.39163e+06
463.886 2.3198e+06 5.734e-08 6288 2.41142e+06
465.161 2.40354e+06 5.89225e-08 6960 2.43136e+06
466.517 2.46062e+06 5.97973e-08 6570 2.45269e+06
467.702 2.46068e+06 5.93452e-08 6600 2.47144e+06
469.04 2.50876e+06 5.99885e-08 7776 2.4927e+06
470.459 2.51148e+06 5.9512e-08 7248 2.51539e+06
471.78 2.48364e+06 5.83593e-08 6672 2.53664e+06
473.02 2.51302e+06 5.85863e-08 6704 2.5567e+06
474.279 2.61536e+06 6.04879e-08 6942 2.57717e+06
475.618 2.5502e+06 5.84842e-08 7656 2.59905e+06
476.939 2.5342e+06 5.76357e-08 7128 2.62077e+06
478.33 2.62978e+06 5.92893e-08 7908 2.64376e+06
479.632 2.5852e+06 5.78109e-08 6648 2.66541e+06
480.845 2.69648e+06 5.98441e-08 7320 2.68569e+06
482.277 2.75564e+06 6.0614e-08 7638 2.70975e+06
483.589 2.79664e+06 6.10166e-08 7416 2.73193e+06
484.867 2.79e+06 6.03914e-08 7752 2.75365e+06
486.296 2.79562e+06 5.99815e-08 8448 2.77806e+06
487.682 2.79807e+06 5.95233e-08 7280 2.80189e+06
489.022 2.86811e+06 6.05133e-08 7668 2.82504e+06
490.366 2.81413e+06 5.88876e-08 8094 2.8484e+06
491.698 2.873e+06 5.9632e-08 7656 2.87168e+06
493.062 2.89373e+06 5.95652e-08 8160 2.89565e+06
494.434 2.94467e+06 6.01106e-08 8472 2.91989e+06
495.863 2.98253e+06 6.03588e-08 7896 2.94527e+06
497.177 2.96053e+06 5.94396e-08 8088 2.96874e+06
498.568 2.93642e+06 5.84636e-08 8286 2.99373e+06
499.992 3.10674e+06 6.13277e-08 8676 3.01946e+06
501.353 2.92911e+06 5.73517e-08 8120 3.04418e+06
502.724 3.09777e+06 6.0159e-08 9024 3.06923e+06
504.146 3.10358e+06 5.9763e-08 8160 3.09535e+06
505.492 3.13932e+06 5.99699e-08 7944 3.1202e+06
506.883 3.08496e+06 5.84474e-08 8982 3.14604e+06
508.301 3.23384e+06 6.07567e-08 9528 3.17252e+06
509.763 3.28114e+06 6.11167e-08 8832 3.19996e+06
511.225 3.19343e+06 5.89742e-08 8916 3.22757e+06
512.624 3.20179e+06 5.86456e-08 9240 3.25415e+06
514.037 3.29526e+06 5.98613e-08 8502 3.28113e+06
515.448 3.28625e+06 5.92088e-08 9416 3.30822e+06
516.848 3.33924e+06 5.96757e-08 8976 3.33526e+06
518.29 3.37159e+06 5.97527e-08 9432 3.36324e+06
519.73 3.38462e+06 5.94861e-08 9864 3.39137e+06
521.211 3.43409e+06 5.98425e-08 9024 3.42044e+06
522.661 3.44081e+06 5.9462e-08 9762 3.44906e+06
524.084 3.40951e+06 5.84427e-08 9264 3.4773e+06
525.512 3.49953e+06 5.9498e-08 10056 3.5058e+06
526.971 3.46895e+06 5.84894e-08 9936 3.53509e+06
528.52 3.6272e+06 6.06214e-08 9624 3.56636e+06
529.893 3.6103e+06 5.98711e-08 9752 3.59423e+06
531.395 3.66443e+06 6.02551e-08 10446 3.62487e+06
532.886 3.5797e+06 5.83692e-08 10056 3.65547e+06
534.33 3.7593e+06 6.08022e-08 9876 3.68526e+06
535.856 3.63296e+06 5.8258e-08 11160 3.71693e+06
537.351 3.69792e+06 5.88063e-08 10128 3.74812e+06
538.857 3.71463e+06 5.85781e-08 9726 3.77972e+06
540.292 3.86277e+06 6.04302e-08 11112 3.81e+06
541.829 3.8155e+06 5.91842e-08 10776 3.84261e+06
543.283 3.8943e+06 5.99227e-08 10232 3.87363e+06
544.797 3.82441e+06 5.8358e-08 11184 3.90611e+06
546.395 4.00303e+06 6.05491e-08 11058 3.94059e+06
547.918 3.93297e+06 5.89949e-08 11472 3.97362e+06
549.394 3.99167e+06 5.93942e-08 10464 4.00582e+06
550.856 3.95898e+06 5.84397e-08 10584 4.0379e+06
552.438 4.14348e+06 6.06395e-08 12504 4.07277e+06
553.995 4.09948e+06 5.94909e-08 10560 4.10732e+06
555.487 4.17046e+06 6.00347e-08 11694 4.14058e+06
557.062 4.2417e+06 6.05437e-08 11420 4.17591e+06
558.601 4.28476e+06 6.06543e-08 12504 4.21061e+06
560.134 4.29066e+06 6.02404e-08 10800 4.24538e+06
561.718 4.31685e+06 6.00969e-08 12456 4.28149e+06
563.318 4.27069e+06 5.89491e-08 12030 4.31818e+06
564.827 4.33428e+06 5.93487e-08 11232 4.35297e+06
566.351 4.41225e+06 5.99297e-08 13176 4.38832e+06
567.977 4.35044e+06 5.85843e-08 11196 4.42621e+06
569.488 4.43803e+06 5.92893e-08 12720 4.46163e+06
571.076 4.49203e+06 5.95115e-08 11918 4.49906e+06
572.644 4.60351e+06 6.04888e-08 13392 4.53622e+06
574.302 4.55034e+06 5.92737e-08 12600 4.57575e+06
575.906 4.58058e+06 5.91704e-08 13200 4.61419e+06
577.52 4.71301e+06 6.03721e-08 12864 4.65309e+06
579.111 4.64601e+06 5.90248e-08 12270 4.69165e+06
580.695 4.6584e+06 5.86991e-08 13668 4.73027e+06
582.31 4.8762e+06 6.0934e-08 13200 4.76983e+06
583.929 4.90434e+06 6.0777e-08 13416 4.80973e+06
585.558 4.80452e+06 5.90447e-08 12992 4.85009e+06
587.186 4.90338e+06 5.97595e-08 13806 4.89067e+06
588.791 4.97942e+06 6.01913e-08 13800 4.93088e+06
590.416 5.02097e+06 6.01942e-08 13056 4.9718e+06
592.022 5.11429e+06 6.0815e-08 14364 5.0125e+06
593.668 5.07902e+06 5.98947e-08 13248 5.05442e+06
595.325 5.20198e+06 6.08339e-08 15054 5.09686e+06
597.026 5.09725e+06 5.91013e-08 13680 5.14066e+06
598.633 5.21317e+06 5.99598e-08 15152 5.18229e+06
600.356 5.16501e+06 5.88958e-08 14376 5.22718e+06
601.981 5.35923e+06 6.06168e-08 13932 5.26974e+06
603.668 5.17764e+06 5.80734e-08 14910 5.31416e+06
605.328 5.34082e+06 5.9412e-08 15648 5.35813e+06
606.992 5.41627e+06 5.97574e-08 13680 5.40243e+06
608.681 5.488e+06 6.00462e-08 15816 5.44765e+06
610.385 5.50918e+06 5.97744e-08 15030 5.49353e+06
612.048 5.61435e+06 6.04203e-08 15104 5.53856e+06
613.806 5.51053e+06 5.87949e-08 16548 5.58642e+06
615.522 5.62857e+06 5.95535e-08 15360 5.63341e+06
617.228 5.56489e+06 5.83928e-08 15768 5.68038e+06
618.905 5.7855e+06 6.02157e-08 14622 5.72679e+06
620.629 5.70769e+06 5.89121e-08 17568 5.77478e+06
622.429 5.87508e+06 6.01152e-08 16368 5.82518e+06
624.133 5.79302e+06 5.87914e-08 15960 5.87316e+06
625.863 5.84047e+06 5.87829e-08 15732 5.92212e+06
627.578 6.06419e+06 6.05355e-08 17006 5.97094e+06
629.313 6.03698e+06 5.97668e-08 16680 6.0206e+06
631.126 6.1425e+06 6.02889e-08 17712 6.07278e+06
632.844 6.06632e+06 5.90575e-08 15576 6.12253e+06
634.511 6.14103e+06 5.93149e-08 16974 6.17102e+06
636.325 6.26463e+06 5.99927e-08 17436 6.2241e+06
638.079 6.3725e+06 6.0524e-08 17952 6.27571e+06
639.88 6.42695e+06 6.0527e-08 17448 6.329e+06
641.626 6.32159e+06 5.90502e-08 17336 6.38095e+06
643.448 6.53702e+06 6.05452e-08 17958 6.43546e+06
645.236 6.53349e+06 6.00108e-08 19056 6.48927e+06
647.056 6.49221e+06 5.91298e-08 17304 6.54434e+06
648.81 6.56855e+06 5.93411e-08 18276 6.59772e+06
650.599 6.86726e+06 6.15294e-08 17838 6.65243e+06
652.365 6.75234e+06 6.00098e-08 18984 6.70676e+06
654.267 6.7574e+06 5.95327e-08 19616 6.76557e+06
656.049 6.78846e+06 5.932e-08 18168 6.82103e+06
657.865 6.78537e+06 5.88034e-08 19320 6.87782e+06
659.743 6.99845e+06 6.01337e-08 19170 6.93687e+06
661.508 6.94823e+06 5.92254e-08 19008 6.99272e+06
663.358 6.93929e+06 5.86556e-08 20472 7.05156e+06
665.241 6.98533e+06 5.8545e-08 19128 7.11176e+06
667.07 7.18103e+06 5.96915e-08 19998 7.17057e+06
668.912 7.11952e+06 5.86926e-08 19808 7.23015e+06
670.766 7.33616e+06 5.99786e-08 20724 7.29042e+06
672.65 7.60625e+06 6.16656e-08 19896 7.35204e+06
674.456 7.46969e+06 6.00731e-08 20304 7.41143e+06
676.388 7.42525e+06 5.92056e-08 21030 7.4753e+06
678.233 7.45769e+06 5.89802e-08 21168 7.53664e+06
680.119 7.71659e+06 6.05217e-08 20736 7.59966e+06
682.025 7.65958e+06 5.95722e-08 21356 7.66375e+06
683.962 7.59997e+06 5.86078e-08 22206 7.72924e+06
685.85 7.80822e+06 5.97179e-08 21360 7.79341e+06
687.747 7.87608e+06 5.97398e-08 21456 7.85826e+06
689.624 8.08861e+06 6.08522e-08 21648 7.92278e+06
691.543 7.89935e+06 5.89351e-08 22326 7.98909e+06
693.471 8.06624e+06 5.96797e-08 22212 8.0561e+06
695.345 8.25503e+06 6.05839e-08 22128 8.1216e+06
697.259 8.15651e+06 5.93693e-08 22640 8.18884e+06
699.232 8.38411e+06 6.05109e-08 23022 8.25855e+06
701.21 8.31063e+06 5.94742e-08 24168 8.32885e+06
703.13 8.39967e+06 5.96205e-08 22416 8.39744e+06
705.104 8.52221e+06 5.99836e-08 23700 8.46836e+06
707.07 8.48248e+06 5.92072e-08 24222 8.53941e+06
709.022 8.58409e+06 5.94231e-08 22776 8.61032e+06
710.94 8.66473e+06 5.94971e-08 24296 8.68039e+06
712.937 8.81305e+06 6.00086e-08 24648 8.75373e+06
714.886 8.63284e+06 5.8302e-08 22926 8.82573e+06
716.842 8.9562e+06 5.99921e-08 25476 8.89836e+06
718.878 8.92322e+06 5.92647e-08 25608 8.9744e+06
720.869 8.91931e+06 5.87492e-08 24576 9.04918e+06
722.888 8.92477e+06 5.82941e-08 25134 9.12542e+06
724.881 9.16987e+06 5.94022e-08 25928 9.20111e+06
726.915 9.36706e+06 6.01717e-08 26136 9.27878e+06
728.95 9.25679e+06 5.89667e-08 25644 9.35694e+06
730.944 9.38947e+06 5.93238e-08 25926 9.43392e+06
732.99 9.57043e+06 5.9962e-08 26232 9.51339e+06
735.005 9.69317e+06 6.02331e-08 27216 9.59204e+06
737.068 9.67681e+06 5.96279e-08 26736 9.67303e+06
739.171 9.78282e+06 5.97681e-08 27698 9.75607e+06
741.196 9.88227e+06 5.9882e-08 26640 9.83649e+06
743.196 9.88519e+06 5.94177e-08 26880 9.9163e+06
745.316 1.01618e+07 6.05603e-08 29160 1.00014e+07
747.411 1.00472e+07 5.93753e-08 27318 1.0086e+07
749.444 1.00899e+07 5.91438e-08 27984 1.01685e+07
751.526 1.0291e+07 5.98227e-08 28364 1.02535e+07
753.575 1.04618e+07 6.03204e-08 28464 1.03376e+07
755.71 1.05092e+07 6.00821e-08 28974 1.04257e+07
757.777 1.04361e+07 5.9177e-08 28920 1.05115e+07
759.853 1.0578e+07 5.94912e-08 29640 1.05981e+07
761.991 1.06112e+07 5.91773e-08 28884 1.06878e+07
764.087 1.06527e+07 5.89211e-08 30558 1.07763e+07
766.255 1.09054e+07 5.98084e-08 30776 1.08683e+07
768.35 1.09765e+07 5.9707e-08 29040 1.09577e+07
770.454 1.1104e+07 5.99069e-08 30984 1.10479e+07
772.624 1.11625e+07 5.97169e-08 30930 1.11415e+07
774.804 1.11957e+07 5.93905e-08 32712 1.12361e+07
776.967 1.11375e+07 5.85894e-08 30528 1.13305e+07
779.078 1.15232e+07 6.01273e-08 30326 1.14231e+07
781.242 1.1521e+07 5.96173e-08 33624 1.15185e+07
783.447 1.15916e+07 5.94777e-08 31824 1.16164e+07
785.593 1.1725e+07 5.96708e-08 31860 1.1712e+07
787.805 1.18896e+07 5.99997e-08 33942 1.18113e+07
789.985 1.19253e+07 5.96832e-08 31848 1.19096e+07
792.132 1.19095e+07 5.91211e-08 33624 1.20069e+07
794.36 1.20699e+07 5.94145e-08 33512 1.21086e+07
796.562 1.22363e+07 5.97355e-08 33594 1.22095e+07
798.778 1.23805e+07 5.99374e-08 34944 1.23117e+07
800.997 1.23383e+07 5.92382e-08 33624 1.24146e+07
803.205 1.24135e+07 5.91091e-08 34710 1.25176e+07
805.416 1.27489e+07 6.02077e-08 34704 1.26212e+07
807.649 1.29146e+07 6.04856e-08 35468 1.27265e+07
809.907 1.26388e+07 5.87002e-08 36096 1.28335e+07
812.202 1.26604e+07 5.83035e-08 35958 1.29429e+07
814.448 1.30661e+07 5.96754e-08 36576 1.30506e+07
816.7 1.30812e+07 5.92518e-08 35976 1.31591e+07
818.955 1.34066e+07 6.02252e-08 36396 1.32685e+07
821.243 1.36794e+07 6.09385e-08 38030 1.338e+07
823.495 1.36062e+07 6.01165e-08 35784 1.34904e+07
825.764 1.36336e+07 5.97425e-08 38712 1.36022e+07
828.102 1.38348e+07 6.0112e-08 38310 1.3718e+07
830.398 1.37794e+07 5.93758e-08 37596 1.38324e+07
832.649 1.40137e+07 5.9897e-08 39000 1.39453e+07
834.997 1.40678e+07 5.96229e-08 38552 1.40635e+07
837.325 1.42462e+07 5.98768e-08 40206 1.41815e+07
839.639 1.42509e+07 5.94024e-08 39072 1.42994e+07
842.006 1.44047e+07 5.95388e-08 41340 1.44207e+07
844.364 1.45056e+07 5.94548e-08 39342 1.45422e+07
846.654 1.46537e+07 5.95755e-08 40176 1.46608e+07
849.007 1.4823e+07 5.97642e-08 41768 1.47834e+07
851.36 1.48215e+07 5.92639e-08 40206 1.49067e+07
853.726 1.50414e+07 5.96447e-08 42300 1.50313e+07
856.093 1.51202e+07 5.94613e-08 42360 1.51567e+07
858.447 1.52181e+07 5.93551e-08 40488 1.5282e+07
860.825 1.54368e+07 5.97108e-08 44406 1.54094e+07
863.261 1.55852e+07 5.97759e-08 43076 1.55405e+07
865.619 1.58238e+07 6.01962e-08 42600 1.56683e+07
868.063 1.58099e+07 5.96371e-08 45486 1.58014e+07
870.51 1.62926e+07 6.09408e-08 43848 1.59353e+07
872.865 1.60198e+07 5.94369e-08 43248 1.6065e+07
875.268 1.6167e+07 5.94903e-08 44988 1.61981e+07
877.736 1.64272e+07 5.99393e-08 46454 1.63355e+07
880.173 1.63637e+07 5.92129e-08 44928 1.64719e+07
882.637 1.64734e+07 5.9112e-08 47256 1.66107e+07
885.084 1.67435e+07 5.95843e-08 45126 1.67492e+07
887.541 1.70638e+07 6.02214e-08 48084 1.68891e+07
889.995 1.71181e+07 5.99147e-08 46320 1.70295e+07
892.49 1.72382e+07 5.98302e-08 47894 1.71732e+07
894.921 1.74826e+07 6.01857e-08 47160 1.73139e+07
897.379 1.74222e+07 5.94862e-08 48228 1.74569e+07
899.935 1.7645e+07 5.97347e-08 50598 1.76066e+07
902.415 1.76264e+07 5.91815e-08 47328 1.77525e+07
904.896 1.79092e+07 5.96374e-08 50696 1.78993e+07
907.414 1.80596e+07 5.96391e-08 49344 1.80492e+07
909.974 1.82904e+07 5.98931e-08 51570 1.82023e+07
912.489 1.84673e+07 5.99734e-08 50832 1.83537e+07
915.021 1.84815e+07 5.9523e-08 50424 1.85069e+07
917.558 1.88046e+07 6.00623e-08 52686 1.86613e+07
920.103 1.87928e+07 5.95282e-08 51092 1.8817e+07
922.642 1.93302e+07 6.07264e-08 53376 1.89732e+07
925.222 1.92651e+07 6.0017e-08 52374 1.91328e+07
927.753 1.92848e+07 5.9588e-08 52848 1.92902e+07
930.333 1.96052e+07 6.00754e-08 55488 1.94516e+07
932.98 1.98393e+07 6.02767e-08 54098 1.96181e+07
935.507 1.98741e+07 5.98943e-08 53688 1.9778e+07
938.093 2.01906e+07 6.03465e-08 55296 1.99424e+07
940.702 2.02228e+07 5.9941e-08 56358 2.01093e+07
943.366 2.05531e+07 6.04056e-08 57468 2.02806e+07
945.983 2.07332e+07 6.04304e-08 56000 2.04499e+07
948.631 2.09351e+07 6.05094e-08 57774 2.06221e+07
951.26 2.11443e+07 6.06089e-08 57648 2.0794e+07
953.878 2.07105e+07 5.88779e-08 57480 2.09662e+07
956.53 2.14484e+07 6.04698e-08 58122 2.11415e+07
959.153 2.13738e+07 5.97665e-08 59208 2.13159e+07
961.832 2.1734e+07 6.02672e-08 60032 2.1495e+07
964.527 2.16016e+07 5.93994e-08 60366 2.16762e+07
967.205 2.19203e+07 5.97766e-08 60444 2.18573e+07
969.867 2.21373e+07 5.98725e-08 60912 2.20382e+07
972.575 2.2107e+07 5.92925e-08 61422 2.22234e+07
975.276 2.22048e+07 5.90614e-08 63032 2.2409e+07
977.994 2.2704e+07 5.98871e-08 62052 2.25969e+07
980.718 2.28019e+07 5.96456e-08 64038 2.27863e+07
983.416 2.30843e+07 5.98886e-08 61632 2.29748e+07
986.1 2.33882e+07 6.0183e-08 64896 2.31634e+07
988.883 2.35867e+07 6.01829e-08 64874 2.33601e+07
991.584 2.38238e+07 6.02924e-08 64200 2.35521e+07
994.365 2.39633e+07 6.01378e-08 68016 2.37508e+07
997.161 2.42402e+07 6.03227e-08 65694 2.39517e+07
999.915 2.45093e+07 6.04897e-08 67212 2.41507e+07
1002.69 2.44391e+07 5.98178e-08 67088 2.4352e+07
1005.45 2.45812e+07 5.967e-08 67182 2.45542e+07
1008.23 2.48385e+07 5.97972e-08 69768 2.47585e+07
1011.03 2.5224e+07 6.02223e-08 67524 2.49653e+07
1013.83 2.53639e+07 6.00567e-08 70758 2.5173e+07
1016.63 2.56406e+07 6.02107e-08 69488 2.53825e+07
1019.45 2.5597e+07 5.96115e-08 71640 2.5594e+07
1022.32 2.60283e+07 6.01068e-08 72042 2.58108e+07
1025.17 2.6184e+07 5.99641e-08 72960 2.60271e+07
1027.99 2.657e+07 6.03478e-08 70422 2.62428e+07
1030.87 2.67394e+07 6.02253e-08 76784 2.64638e+07
1033.75 2.69517e+07 6.01968e-08 72348 2.66866e+07
1036.6 2.70684e+07 5.99613e-08 74094 2.69074e+07
1039.46 2.74521e+07 6.0311e-08 74976 2.71306e+07
1042.33 2.76032e+07 6.01426e-08 76200 2.73562e+07
1045.27 2.80437e+07 6.05893e-08 77114 2.7588e+07
1048.16 2.79188e+07 5.98215e-08 76872 2.78175e+07
1051.07 2.82757e+07 6.00844e-08 77784 2.80499e+07
1054 2.86124e+07 6.02931e-08 78654 2.82857e+07
1056.92 2.86817e+07 5.99394e-08 79380 2.85215e+07
1059.85 2.88626e+07 5.98186e-08 79256 2.87593e+07
1062.8 2.94979e+07 6.06288e-08 80094 2.89996e+07
1065.71 2.94746e+07 6.0085e-08 80760 2.9239e+07
1068.71 2.96048e+07 5.98436e-08 83034 2.94866e+07
1071.7 2.99261e+07 5.99897e-08 82664 2.9734e+07
1074.65 3.01552e+07 5.99512e-08 81864 2.99808e+07
1077.61 3.04422e+07 6.00245e-08 83334 3.02293e+07
1080.61 3.06756e+07 5.9982e-08 85980 3.04827e+07
1083.62 3.09849e+07 6.00847e-08 84144 3.07374e+07
1086.64 3.1483e+07 6.05429e-08 86486 3.09951e+07
1089.63 3.15291e+07 6.0133e-08 86016 3.1252e+07
1092.68 3.18864e+07 6.0307e-08 88290 3.1515e+07
1095.71 3.20772e+07 6.01661e-08 87672 3.17779e+07
1098.73 3.23485e+07 6.01751e-08 88608 3.20418e+07
1101.78 3.26427e+07 6.022e-08 88682 3.23091e+07
1104.83 3.29901e+07 6.03586e-08 91200 3.2578e+07
1107.94 3.31941e+07 6.02213e-08 92568 3.28542e+07
1111.03 3.33856e+07 6.00657e-08 91014 3.31293e+07
1114.1 3.38289e+07 6.03606e-08 92828 3.34053e+07
1117.19 3.40305e+07 6.02179e-08 93054 3.36839e+07
1120.26 3.45666e+07 6.0665e-08 92568 3.39624e+07
1123.37 3.45733e+07 6.01747e-08 96768 3.42458e+07
1126.53 3.49002e+07 6.02338e-08 95658 3.45357e+07
1129.64 3.53903e+07 6.05767e-08 96368 3.48224e+07
1132.81 3.53571e+07 6.00137e-08 98526 3.51162e+07
1135.92 3.60704e+07 6.07224e-08 95436 3.54064e+07
1139.06 3.61096e+07 6.02869e-08 101472 3.57009e+07
1142.26 3.63995e+07 6.02616e-08 98582 3.60027e+07
1145.38 3.67611e+07 6.03639e-08 99984 3.62987e+07
1148.57 3.69581e+07 6.01841e-08 101298 3.66022e+07
1151.78 3.73499e+07 6.03138e-08 104952 3.69107e+07
1154.98 3.77997e+07 6.05347e-08 100568 3.7219e+07
1158.18 3.80509e+07 6.04333e-08 105942 3.75291e+07
1161.42 3.8573e+07 6.07511e-08 104892 3.78451e+07
1164.62 3.89318e+07 6.08126e-08 103734 3.81585e+07
1167.82 3.91669e+07 6.06776e-08 107160 3.84744e+07
1171.09 3.9517e+07 6.0709e-08 108788 3.87982e+07
1174.34 3.97569e+07 6.05713e-08 107070 3.91224e+07
1177.6 4.01468e+07 6.06599e-08 110760 3.94484e+07
1180.88 4.01916e+07 6.02228e-08 109182 3.9779e+07
1184.16 4.09216e+07 6.08078e-08 112820 4.01119e+07
1187.45 4.08487e+07 6.01973e-08 110280 4.04466e+07
1190.74 4.09698e+07 5.98763e-08 114678 4.07839e+07
1194.05 4.19758e+07 6.08375e-08 112668 4.11252e+07
1197.36 4.21885e+07 6.06402e-08 116030 4.14681e+07
1200.73 4.27534e+07 6.09364e-08 118032 4.1819e+07
1204.04 4.29313e+07 6.06857e-08 113700 4.21665e+07
1207.36 4.34921e+07 6.09739e-08 118566 4.25154e+07
1210.73 4.35834e+07 6.05929e-08 119840 4.28725e+07
1214.08 4.40813e+07 6.07785e-08 118278 4.32299e+07
1217.43 4.42478e+07 6.05065e-08 120852 4.35883e+07
1220.81 4.44797e+07 6.03188e-08 122166 4.39531e+07
1224.21 4.5148e+07 6.07164e-08 123296 4.43213e+07
1227.61 4.53825e+07 6.05267e-08 123300 4.46911e+07
1231.03 4.60168e+07 6.0863e-08 126174 4.50654e+07
1234.45 4.61321e+07 6.051e-08 124800 4.54419e+07
1237.85 4.67559e+07 6.0823e-08 126774 4.58193e+07
1241.29 4.67923e+07 6.03657e-08 128900 4.62023e+07
1244.74 4.74474e+07 6.07039e-08 127776 4.65882e+07
1248.2 4.80229e+07 6.0931e-08 132246 4.69776e+07
1251.66 4.85371e+07 6.10737e-08 129252 4.73696e+07
1255.13 4.85957e+07 6.06422e-08 133118 4.77642e+07
1258.61 4.93504e+07 6.10746e-08 133272 4.81626e+07
1262.11 4.9277e+07 6.04767e-08 134970 4.85665e+07
1265.61 5.04216e+07 6.13701e-08 136128 4.89711e+07
1269.15 5.07245e+07 6.1224e-08 137270 4.93829e+07
1272.69 5.10627e+07 6.11186e-08 139620 4.97979e+07
1276.23 5.13554e+07 6.09599e-08 138312 5.02137e+07
1279.77 5.16628e+07 6.0816e-08 140694 5.06338e+07
1283.31 5.22608e+07 6.10129e-08 140888 5.10545e+07
1286.88 5.27354e+07 6.10562e-08 143034 5.14817e+07
1290.45 5.28953e+07 6.07343e-08 143688 5.19114e+07
1294.01 5.38106e+07 6.1277e-08 143510 5.23421e+07
1297.6 5.40408e+07 6.103e-08 147828 5.27787e+07
1301.23 5.45344e+07 6.10728e-08 147918 5.32234e+07
1304.84 5.49321e+07 6.10092e-08 148992 5.36674e+07
1308.48 5.55751e+07 6.12101e-08 150356 5.41174e+07
1312.07 5.59691e+07 6.1139e-08 147606 5.45644e+07
1315.71 5.64204e+07 6.11222e-08 156624 5.50196e+07
1319.41 5.68829e+07 6.11052e-08 153354 5.54861e+07
1323.05 5.722e+07 6.09622e-08 153968 5.59458e+07
1326.71 5.81375e+07 6.14283e-08 155862 5.64115e+07
1330.38 5.86254e+07 6.14329e-08 157524 5.68807e+07
1334.08 5.90346e+07 6.13486e-08 159126 5.73564e+07
1337.8 5.91683e+07 6.09752e-08 162488 5.78383e+07
1341.52 6.01613e+07 6.1484e-08 159570 5.83224e+07
1345.23 6.01585e+07 6.09747e-08 164304 5.88068e+07
1349 6.07763e+07 6.1086e-08 165720 5.93024e+07
1352.73 6.21485e+07 6.19497e-08 162866 5.97959e+07
1356.46 6.21389e+07 6.14299e-08 169056 6.02925e+07
1360.25 6.24926e+07 6.12654e-08 167502 6.07986e+07
1364.01 6.30837e+07 6.13347e-08 169964 6.13043e+07
1367.79 6.35597e+07 6.12869e-08 170478 6.1815e+07
1371.59 6.45083e+07 6.16849e-08 175200 6.23329e+07
1375.43 6.48945e+07 6.15368e-08 173130 6.28568e+07
1379.22 6.53836e+07 6.14905e-08 175712 6.33784e+07
1383.06 6.60971e+07 6.16446e-08 177438 6.39098e+07
1386.89 6.67281e+07 6.17191e-08 178092 6.44421e+07
1390.73 6.75828e+07 6.19931e-08 179694 6.4979e+07
1394.6 6.79886e+07 6.18487e-08 182504 6.55218e+07
1398.48 6.8506e+07 6.18022e-08 182394 6.60701e+07
1402.34 6.90666e+07 6.17941e-08 184464 6.66194e+07
1406.24 6.97218e+07 6.18632e-08 186398 6.71763e+07
1410.15 7.03375e+07 6.1891e-08 188844 6.77391e+07
1414.06 7.07293e+07 6.17219e-08 187230 6.8303e+07
1417.99 7.14064e+07 6.17961e-08 193776 6.88741e+07
1421.96 7.2447e+07 6.21729e-08 192218 6.94543e+07
1425.88 7.30175e+07 6.2147e-08 192408 7.00304e+07
1429.82 7.34163e+07 6.19713e-08 195510 7.06125e+07
1433.79 7.41725e+07 6.20901e-08 198404 7.12034e+07
1437.8 7.50769e+07 6.23235e-08 200310 7.18017e+07
1441.8 7.53831e+07 6.20582e-08 201216 7.24027e+07
1445.81 7.60167e+07 6.20608e-08 201618 7.30081e+07
1449.82 7.68213e+07 6.21987e-08 204680 7.36174e+07
1453.82 7.7301e+07 6.20718e-08 202758 7.42285e+07
1457.86 7.80525e+07 6.21549e-08 211812 7.485e+07
1461.93 7.88023e+07 6.22303e-08 205718 7.54774e+07
1465.95 7.94697e+07 6.2242e-08 211452 7.61024e+07
1470.03 8.02679e+07 6.23456e-08 213150 7.67389e+07
1474.14 8.12326e+07 6.25683e-08 217512 7.73849e+07
1478.25 8.17799e+07 6.24656e-08 214754 7.80343e+07
1482.31 8.28362e+07 6.27544e-08 215424 7.86785e+07
1486.45 8.35744e+07 6.27864e-08 224574 7.93393e+07
1490.58 8.41334e+07 6.26815e-08 218588 8.00036e+07
1494.7 8.4387e+07 6.23524e-08 223902 8.06682e+07
1498.84 8.62942e+07 6.3235e-08 224952 8.134e+07
1503.03 8.65998e+07 6.293e-08 230258 8.20237e+07
1507.2 8.70078e+07 6.2702e-08 227544 8.27098e+07
1511.38 8.80496e+07 6.29286e-08 231018 8.33987e+07
1515.57 8.87418e+07 6.28979e-08 234504 8.40954e+07
1519.79 8.9089e+07 6.26205e-08 233102 8.47984e+07
1523.98 9.0307e+07 6.29539e-08 236892 8.55025e+07
1528.21 9.12396e+07 6.3077e-08 238830 8.62169e+07
1532.45 9.21233e+07 6.31616e-08 241232 8.69353e+07
1536.72 9.26522e+07 6.29958e-08 243906 8.76646e+07
1540.99 9.35429e+07 6.30744e-08 244704 8.83971e+07
1545.26 9.48583e+07 6.34319e-08 246698 8.91349e+07
1549.54 9.55641e+07 6.33768e-08 248664 8.98762e+07
1553.86 9.67703e+07 6.36427e-08 253494 9.06303e+07
1558.18 9.7832e+07 6.38072e-08 251522 9.13885e+07
1562.48 9.82287e+07 6.35378e-08 255336 9.21481e+07
1566.82 1.0007e+08 6.41926e-08 257694 9.29177e+07
1571.18 9.98462e+07 6.35177e-08 260988 9.36952e+07
1575.56 1.00832e+08 6.36118e-08 261638 9.44806e+07
1579.91 1.01605e+08 6.35709e-08 262356 9.52652e+07
1584.28 1.03059e+08 6.39478e-08 266478 9.60595e+07
1588.71 1.03712e+08 6.38175e-08 272048 9.68659e+07
1593.14 1.0512e+08 6.41446e-08 269850 9.76801e+07
1597.55 1.05905e+08 6.40901e-08 272544 9.84931e+07
1601.99 1.0669e+08 6.40305e-08 275546 9.93156e+07
1606.41 1.07618e+08 6.4055e-08 275334 1.00141e+08
1610.9 1.0943e+08 6.45911e-08 285024 1.00982e+08
1615.41 1.10104e+08 6.44453e-08 282242 1.01833e+08
1619.86 1.10742e+08 6.42864e-08 280800 1.02677e+08
1624.34 1.12149e+08 6.45657e-08 288330 1.03532e+08
1628.86 1.12886e+08 6.44507e-08 290024 1.04398e+08
1633.39 1.14506e+08 6.48338e-08 290598 1.0527e+08
1637.9 1.15077e+08 6.46196e-08 293748 1.06146e+08
1642.47 1.16344e+08 6.47873e-08 299582 1.07037e+08
1647.02 1.18128e+08 6.52368e-08 295914 1.0793e+08
1651.57 1.18899e+08 6.51218e-08 302352 1.08826e+08
1656.18 1.20333e+08 6.53586e-08 305342 1.09739e+08
1660.77 1.21339e+08 6.53601e-08 305532 1.10654e+08
1665.39 1.21734e+08 6.50291e-08 310806 1.1158e+08
1670.01 1.23759e+08 6.55633e-08 310436 1.12511e+08
1674.66 1.24748e+08 6.55386e-08 318006 1.13454e+08
1679.3 1.26184e+08 6.57441e-08 312846 1.14401e+08
1683.95 1.27127e+08 6.56887e-08 322508 1.15352e+08
1688.64 1.28033e+08 6.5607e-08 321318 1.1632e+08
1693.33 1.29825e+08 6.59743e-08 327204 1.17291e+08
1698.03 1.30951e+08 6.59951e-08 325766 1.18271e+08
1702.73 1.3312e+08 6.65344e-08 330246 1.19255e+08
1707.47 1.33707e+08 6.6273e-08 335868 1.20254e+08
1712.24 1.35336e+08 6.65215e-08 336710 1.21264e+08
1716.97 1.36761e+08 6.66674e-08 336636 1.22273e+08
1721.74 1.38206e+08 6.68134e-08 343542 1.23294e+08
1726.51 1.3958e+08 6.69203e-08 342092 1.24321e+08
1731.3 1.41106e+08 6.70919e-08 349446 1.25359e+08
1736.12 1.42568e+08 6.72239e-08 350118 1.26409e+08
1740.93 1.44219e+08 6.74407e-08 352628 1.27462e+08
1745.78 1.45192e+08 6.73306e-08 359334 1.28531e+08
1750.62 1.46164e+08 6.72209e-08 356364 1.29603e+08
1755.47 1.48959e+08 6.79404e-08 362990 1.30683e+08
1760.34 1.50078e+08 6.78842e-08 364062 1.31774e+08
1765.22 1.50837e+08 6.76626e-08 369756 1.32874e+08
1770.12 1.52922e+08 6.80303e-08 368726 1.33982e+08
1775.02 1.54402e+08 6.81208e-08 375786 1.35099e+08
1779.96 1.5625e+08 6.83641e-08 378600 1.3623e+08
1784.91 1.5824e+08 6.86609e-08 379394 1.37368e+08
1789.86 1.59776e+08 6.87532e-08 386568 1.38516e+08
1794.85 1.61031e+08 6.87171e-08 386906 1.39677e+08
1799.82 1.62268e+08 6.86732e-08 388950 1.4084e+08
1804.81 1.65142e+08 6.93112e-08 394512 1.42015e+08
1809.83 1.6689e+08 6.94638e-08 396818 1.43203e+08
1814.85 1.68418e+08 6.95192e-08 401112 1.44399e+08
1819.91 1.70006e+08 6.95917e-08 404850 1.45608e+08
1824.96 1.71696e+08 6.97015e-08 405566 1.46825e+08
1830 1.73583e+08 6.98863e-08 409308 1.48046e+08
1835.08 1.75672e+08 7.01418e-08 413766 1.49281e+08
1840.17 1.77302e+08 7.02063e-08 417050 1.50528e+08
1845.3 1.79863e+08 7.06285e-08 425232 1.51789e+08
1850.44 1.81227e+08 7.05723e-08 421862 1.53062e+08
1855.55 1.8354e+08 7.08842e-08 426402 1.54334e+08
1860.71 1.85824e+08 7.1171e-08 434688 1.55625e+08
1865.91 1.8793e+08 7.13777e-08 436634 1.56933e+08
1871.07 1.89851e+08 7.15123e-08 434784 1.58239e+08
1876.24 1.92152e+08 7.17825e-08 441018 1.59553e+08
1881.45 1.95127e+08 7.22902e-08 447350 1.60886e+08
1886.68 1.96392e+08 7.21556e-08 449868 1.62231e+08
1891.92 1.98917e+08 7.24779e-08 453206 1.63586e+08
1897.16 2.0053e+08 7.24611e-08 456570 1.64951e+08
1902.44 2.03756e+08 7.3016e-08 463824 1.6633e+08
1907.73 2.05601e+08 7.30656e-08 463718 1.67723e+08
1913.02 2.08127e+08 7.33519e-08 468186 1.69121e+08
1918.32 2.10904e+08 7.37154e-08 473448 1.70532e+08
1923.67 2.13443e+08 7.39826e-08 479354 1.71962e+08
1929.01 2.15161e+08 7.39602e-08 477702 1.73398e+08
1934.35 2.18413e+08 7.44587e-08 485204 1.74841e+08
1939.74 2.21674e+08 7.49418e-08 491454 1.76307e+08
1945.13 2.237e+08 7.49996e-08 491226 1.77782e+08
1950.52 2.27234e+08 7.55545e-08 497648 1.79264e+08
1955.96 2.3037e+08 7.59599e-08 504930 1.80768e+08
1961.39 2.32776e+08 7.6118e-08 500358 1.82277e+08
1966.8 2.34704e+08 7.61171e-08 508652 1.83789e+08
1972.27 2.39254e+08 7.69483e-08 516390 1.85327e+08
1977.75 2.41004e+08 7.68691e-08 515642 1.86875e+08
1983.22 2.43855e+08 7.71362e-08 521880 1.88431e+08
1988.74 2.47706e+08 7.77032e-08 530850 1.9001e+08
1994.27 2.51157e+08 7.81327e-08 527054 1.91599e+08
1999.77 2.53909e+08 7.83389e-08 534156 1.93188e+08
2005.35 2.576e+08 7.88168e-08 545150 1.94808e+08
2010.93 2.60743e+08 7.91152e-08 543474 1.96441e+08
2016.49 2.64723e+08 7.96604e-08 545310 1.98074e+08
2022.08 2.67974e+08 7.99722e-08 555788 1.99725e+08
2027.71 2.70746e+08 8.01281e-08 559542 2.01399e+08
2033.35 2.74271e+08 8.04974e-08 564146 2.03085e+08
2038.99 2.78377e+08 8.10265e-08 566520 2.04779e+08
2044.66 2.82146e+08 8.14427e-08 573594 2.06491e+08
2050.34 2.85927e+08 8.18498e-08 577718 2.08218e+08
2056.02 2.90768e+08 8.25477e-08 579300 2.09953e+08
6.9058e+07
1.67772e+07
1.67772e+07
