0.499324
1398
200
512
1.64658
0.0314159 0.00506853 0.000403341 6 7.49014e-07
0.0444288 0.0244942 0.000689142 12 2.11853e-06
0.054414 0.0837114 0.00128201 8 3.89199e-06
0.0628319 0.0272669 0.000271229 6 5.99211e-06
0.0702481 0.0551896 0.000392819 24 8.37423e-06
0.076953 0.0522393 0.000282853 24 1.10082e-05
0.0888577 0.0994798 0.000349857 12 1.69483e-05
0.0942478 0.100919 0.000297439 30 2.02234e-05
0.0993459 0.0702577 0.000176801 24 2.36859e-05
0.104195 0.089209 0.000194585 24 2.73262e-05
0.108828 0.233811 0.000447594 8 3.11359e-05
0.113272 0.119773 0.000203344 24 3.51079e-05
0.117548 0.160126 0.000243255 48 3.92358e-05
0.125664 0.270788 0.000336698 6 4.79369e-05
0.129531 0.18445 0.000209409 48 5.25005e-05
0.133286 0.133629 0.000139245 36 5.72004e-05
0.136939 0.131045 0.000125916 24 6.20327e-05
0.140496 0.104074 9.25949e-05 24 6.69939e-05
0.143966 0.193341 0.000159877 48 7.20807e-05
0.147354 0.223971 0.000172722 24 7.72901e-05
0.153906 0.174207 0.000117907 24 8.80657e-05
0.15708 0.270643 0.000172297 30 9.36268e-05
0.16019 0.236962 0.000142236 72 9.93002e-05
0.163242 0.161242 9.14581e-05 32 0.000105084
0.16918 0.269632 0.000137393 72 0.000116973
0.172072 0.246669 0.00011946 48 0.000123076
0.177715 0.373266 0.000164091 12 0.000135586
0.180471 0.262151 0.000110045 48 0.000141991
0.183185 0.259536 0.000104177 48 0.000148494
0.185859 0.25078 9.63786e-05 48 0.000155093
0.188496 0.245998 9.06291e-05 30 0.000161787
0.191096 0.374837 0.000132535 24 0.000168575
0.193661 0.309052 0.000104989 72 0.000175455
0.198692 0.296853 9.33774e-05 24 0.000189487
0.20116 0.361144 0.00010947 96 0.000196637
0.203598 0.40758 0.00011916 48 0.000203875
0.206008 0.377858 0.000106639 24 0.000211199
0.20839 0.300771 8.20062e-05 24 0.000218609
0.210744 0.211026 5.56299e-05 72 0.000226104
0.213073 0.297194 7.58042e-05 48 0.000233683
0.217656 0.403091 9.64565e-05 8 0.000249087
0.219911 0.390787 9.06642e-05 54 0.000256912
0.222144 0.414757 9.33531e-05 84 0.000264816
0.224355 0.621508 0.000135794 48 0.000272801
0.226543 0.394263 8.36702e-05 24 0.000280863
0.228711 0.323541 6.67277e-05 72 0.000289004
0.230859 0.411703 8.25626e-05 96 0.000297222
0.235095 0.349288 6.63272e-05 48 0.000313886
0.237185 0.318754 5.89431e-05 48 0.000322331
0.239257 0.291282 5.24761e-05 24 0.000330851
0.24131 0.40225 7.06331e-05 72 0.000339444
0.245366 0.47194 7.88284e-05 72 0.000356849
0.247369 0.331824 5.40892e-05 96 0.00036566
0.251327 0.175162 2.72245e-05 6 0.000383495
0.253283 0.406389 6.17109e-05 96 0.000392518
0.255224 0.361318 5.36245e-05 96 0.000401611
0.25715 0.488455 7.08766e-05 24 0.000410773
0.259062 0.446564 6.3374e-05 48 0.000420004
0.26096 0.414352 5.75289e-05 96 0.000429303
0.262844 0.521704 7.08871e-05 48 0.000438669
0.266573 0.365877 4.7657e-05 36 0.000457603
0.268418 0.43798 5.58804e-05 48 0.000467169
0.27025 0.523154 6.53992e-05 120 0.000476801
0.27207 0.388448 4.75917e-05 56 0.000486499
0.273878 0.36967 4.44001e-05 24 0.000496261
0.275674 0.452684 5.3315e-05 96 0.000506088
0.277458 0.585245 6.76061e-05 48 0.000515979
0.280993 0.584929 6.50516e-05 24 0.000535951
0.282743 0.440382 4.8072e-05 102 0.000546031
0.284483 0.536809 5.75293e-05 48 0.000556174
0.286213 0.580913 6.11342e-05 72 0.000566379
0.287932 0.483014 4.99265e-05 48 0.000576645
0.289641 0.50355 5.11334e-05 48 0.000586973
0.291339 0.566449 5.65201e-05 120 0.000597362
0.294708 0.523526 5.04666e-05 24 0.000618321
0.296377 0.628203 5.95395e-05 144 0.00062889
0.298038 0.559127 5.21119e-05 120 0.000639519
0.299689 0.522735 4.79192e-05 48 0.000650208
0.302964 0.457686 4.06101e-05 48 0.00067176
0.304589 0.483882 4.22511e-05 96 0.000682624
0.307812 0.522744 4.42254e-05 24 0.000704526
0.309411 0.659349 5.49222e-05 48 0.000715562
0.311002 0.441177 3.61879e-05 108 0.000726656
0.312585 0.593981 4.79855e-05 72 0.000737807
0.314159 0.53225 4.23551e-05 30 0.000749014
0.315726 0.550831 4.31844e-05 168 0.000760277
0.317285 0.701195 5.41662e-05 48 0.000771596
0.320381 0.556452 4.17511e-05 72 0.000794401
0.321917 0.521994 3.86075e-05 96 0.000805887
0.323447 0.823492 6.00469e-05 72 0.000817427
0.324969 0.622465 4.47538e-05 72 0.000829021
0.326484 0.668965 4.74305e-05 32 0.00084067
0.327992 0.735805 5.14533e-05 72 0.000852373
0.329493 0.740452 5.10738e-05 144 0.00086413
0.333956 0.774622 5.13171e-05 96 0.000899721
0.33543 0.613214 4.00908e-05 96 0.00091169
0.336898 0.617002 3.98135e-05 48 0.000923712
0.33836 0.531213 3.38354e-05 72 0.000935787
0.339815 0.658538 4.14088e-05 120 0.000947914
0.341264 0.850075 5.27745e-05 72 0.000960092
0.344144 0.766574 4.64058e-05 48 0.000984605
0.345575 0.64209 3.83891e-05 78 0.000996938
0.347 0.744432 4.39618e-05 120 0.00100932
0.348419 0.723259 4.21917e-05 48 0.00102176
0.351241 0.577528 3.2885e-05 144 0.00104678
0.352643 0.629924 3.54424e-05 144 0.00105937
0.355431 0.538531 2.95928e-05 12 0.00108469
0.356816 0.513749 2.79034e-05 144 0.00109742
0.358197 0.697459 3.7445e-05 48 0.00111021
0.359572 0.826291 4.38547e-05 120 0.00112304
0.360942 0.513398 2.69391e-05 48 0.00113593
0.362306 0.650979 3.37738e-05 48 0.00114886
0.363666 0.655949 3.36514e-05 168 0.00116184
0.36637 0.787425 3.95085e-05 48 0.00118795
0.367714 0.696465 3.45628e-05 96 0.00120108
0.369054 0.929117 4.56081e-05 96 0.00121425
0.370388 0.603154 2.92884e-05 72 0.00122747
0.371718 0.764946 3.67476e-05 48 0.00124074
0.373043 0.704679 3.34929e-05 96 0.00125406
0.374364 0.924776 4.34905e-05 48 0.00126743
0.376991 1.16227 5.35247e-05 30 0.0012943
0.378298 0.805584 3.67155e-05 96 0.0013078
0.3796 0.612216 2.76163e-05 192 0.00132135
0.380898 0.753715 3.36528e-05 56 0.00133495
0.382191 1.04081 4.60011e-05 24 0.0013486
0.38348 0.808705 3.53835e-05 168 0.00136229
0.384765 0.867379 3.75718e-05 120 0.00137603
0.387322 1.04638 4.44339e-05 72 0.00140364
0.388594 0.776285 3.26418e-05 144 0.00141751
0.389861 0.756257 3.14904e-05 96 0.00143143
0.391125 0.687404 2.83468e-05 96 0.0014454
0.39364 0.89386 3.61585e-05 72 0.00147346
0.394892 0.680077 2.72498e-05 96 0.00148756
0.397384 0.812181 3.19347e-05 24 0.0015159
0.398623 0.751821 2.92864e-05 192 0.00153013
0.399859 1.02363 3.95059e-05 108 0.00154441
0.401092 0.932116 3.56434e-05 24 0.00155873
0.40232 0.619727 2.34814e-05 96 0.0015731
0.403545 0.972528 3.65146e-05 96 0.00158751
0.404766 0.885211 3.29363e-05 120 0.00160196
0.407197 0.941892 3.44213e-05 48 0.001631
0.408407 0.833545 3.01918e-05 78 0.00164558
0.409614 0.928705 3.33422e-05 144 0.00166021
0.410817 0.813641 2.89554e-05 120 0.00167488
0.412016 0.870393 3.07053e-05 24 0.0016896
0.413212 0.982988 3.43771e-05 168 0.00170435
0.414405 0.746386 2.5878e-05 144 0.00171915
0.416779 0.843503 2.8748e-05 24 0.00174888
0.417962 0.915419 3.0935e-05 48 0.0017638
0.419141 0.979146 3.28101e-05 96 0.00177877
0.420316 0.902409 2.99857e-05 120 0.00179378
0.421489 0.682205 2.248e-05 72 0.00180883
0.422658 0.801278 2.61852e-05 120 0.00182393
0.423824 1.20622 3.90938e-05 144 0.00183906
0.426146 0.981225 3.12847e-05 48 0.00186946
0.427303 0.918036 2.9033e-05 192 0.00188472
0.428456 0.939031 2.94578e-05 144 0.00190003
0.429606 1.08258 3.36889e-05 48 0.00191537
0.431898 1.00809 3.08743e-05 192 0.00194618
0.433039 0.647655 1.9679e-05 48 0.00196164
0.435312 1.08058 3.23217e-05 8 0.0019927
0.437385 0.98592 2.9073e-05 288 0.0020213
0.4387 0.803209 2.34729e-05 96 0.00203959
0.439823 1.06006 3.07423e-05 54 0.00205529
0.440944 0.796412 2.29207e-05 120 0.00207104
0.442061 0.870307 2.48579e-05 120 0.00208683
0.444288 0.921262 2.59196e-05 84 0.00211853
0.445398 1.0025 2.79951e-05 144 0.00213444
0.446504 1.17753 3.26389e-05 72 0.00215039
0.447608 1.01756 2.79966e-05 96 0.00216638
0.449441 0.921447 2.50433e-05 144 0.0021931
0.450903 0.988796 2.66131e-05 240 0.00221458
0.453087 1.72414 4.57369e-05 24 0.00224691
0.454175 1.134 2.98665e-05 240 0.00226313
0.45526 0.985787 2.57777e-05 96 0.00227939
0.456882 0.797699 2.06379e-05 144 0.00230385
0.4585 1.13404 2.90301e-05 96 0.00232841
0.459575 1.50425 3.82376e-05 72 0.00234483
0.461718 0.871956 2.18577e-05 96 0.00237777
0.462785 0.927778 2.30964e-05 96 0.00239431
0.464323 1.45288 3.58106e-05 216 0.00241824
0.467031 1.14552 2.77462e-05 192 0.00246081
0.468087 1.13409 2.7284e-05 144 0.00247753
0.470191 0.906126 2.15083e-05 48 0.00251109
0.471239 1.15364 2.72011e-05 150 0.00252792
0.472285 1.17927 2.7621e-05 96 0.00254479
0.473329 1.31401 3.05739e-05 120 0.0025617
0.475112 1.03577 2.38295e-05 168 0.00259077
0.476446 0.965304 2.20223e-05 240 0.00261265
0.478513 0.876479 1.97378e-05 24 0.0026468
0.48016 1.14273 2.54699e-05 360 0.00267422
0.481597 1.14762 2.53504e-05 48 0.00269831
0.482621 1.32084 2.89916e-05 72 0.00271555
0.484049 1.08909 2.36938e-05 240 0.00273974
0.488189 1.05371 2.23457e-05 276 0.00281064
0.489726 1.03862 2.18191e-05 104 0.00283726
0.490732 1.33993 2.79761e-05 72 0.00285479
0.492199 1.26325 2.614e-05 312 0.00288047
0.494739 0.980768 1.99838e-05 96 0.00292528
0.496232 0.909442 1.83637e-05 288 0.00295185
0.497722 1.16991 2.34117e-05 168 0.00297852
0.499701 1.09922 2.17367e-05 48 0.00301419
0.500687 1.24385 2.44516e-05 192 0.00303208
0.503606 1.19025 2.29936e-05 198 0.00308541
0.504614 1.16161 2.2306e-05 96 0.00310398
0.506079 1.12065 2.13331e-05 192 0.00313108
0.50754 1.13892 2.14942e-05 216 0.00315828
0.508511 1.34999 2.53319e-05 72 0.00317645
0.510448 1.29927 2.41037e-05 96 0.00321289
0.512103 1.19477 2.1951e-05 336 0.00324423
0.51334 1.21341 2.21325e-05 48 0.00326781
0.51518 1.16531 2.10284e-05 288 0.00330306
0.516216 1.25831 2.257e-05 192 0.00332304
0.518125 0.863043 1.53098e-05 48 0.00336003
0.519076 1.01827 1.79643e-05 96 0.00337858
0.520457 1.33188 2.33104e-05 264 0.00340561
0.521921 1.11444 1.93411e-05 96 0.00343442
0.523525 1.37723 2.36829e-05 240 0.00346619
0.52647 1.27423 2.1546e-05 288 0.00352503
0.527563 1.26785 2.13052e-05 96 0.00354702
0.528498 1.17895 1.97063e-05 72 0.0035659
0.53076 1.24449 2.0537e-05 336 0.0036119
0.533829 1.33647 2.16767e-05 138 0.00367492
0.534994 1.32144 2.12932e-05 240 0.00369902
0.536222 1.4172 2.26797e-05 144 0.00372455
0.538155 1.41368 2.23805e-05 384 0.00376498
0.541061 1.1765 1.8327e-05 312 0.00382631
0.542323 1.55116 2.39951e-05 72 0.00385314
0.543437 1.34708 2.07103e-05 248 0.00387693
0.545589 1.28434 1.9513e-05 240 0.00392316
0.547755 1.13992 1.71141e-05 24 0.00397009
0.548656 1.2283 1.83503e-05 192 0.0039897
0.549761 1.31305 1.94984e-05 312 0.00401386
0.551884 1.32604 1.94649e-05 240 0.00406053
0.553134 1.45088 2.11534e-05 96 0.0040882
0.554916 1.38317 1.99725e-05 48 0.00412783
0.556483 1.3865 1.98521e-05 408 0.0041629
0.557577 1.203 1.71234e-05 144 0.00418751
0.559345 1.45736 2.05479e-05 120 0.00422745
0.560226 1.33494 1.87331e-05 144 0.00424747
0.562783 1.3666 1.89173e-05 264 0.00430589
0.564176 1.29155 1.77463e-05 192 0.00433794
0.565487 1.38051 1.88371e-05 102 0.00436825
0.566891 1.37342 1.86013e-05 432 0.00440087
0.568967 1.11646 1.49563e-05 48 0.00444939
0.57005 1.50436 2.0038e-05 384 0.00447485
0.571994 1.33539 1.76065e-05 144 0.00452079
0.573756 1.53907 2.01055e-05 264 0.0045627
0.576434 1.29221 1.66465e-05 144 0.00462689
0.577954 1.50848 1.92797e-05 324 0.00466359
0.580026 1.57467 1.99107e-05 384 0.00471392
0.580982 1.72435 2.16958e-05 216 0.00473728
0.583055 1.43295 1.78379e-05 216 0.00478815
0.584792 1.56312 1.92854e-05 240 0.00483108
0.586898 1.66926 2.0374e-05 168 0.00488347
0.587738 1.605 1.95058e-05 240 0.00490447
0.590159 1.24649 1.49632e-05 216 0.00496531
0.591365 1.5645 1.86658e-05 288 0.00499583
0.593087 1.49688 1.7704e-05 240 0.0050396
0.594417 2.00271 2.35279e-05 72 0.00507358
0.596499 1.36164 1.58298e-05 246 0.00512707
0.597997 1.91558 2.21026e-05 320 0.00516579
0.600063 1.44841 1.65401e-05 288 0.00521953
0.601022 1.65297 1.8786e-05 144 0.00524459
0.60348 1.67695 1.88266e-05 288 0.00530921
0.604764 1.70731 1.90456e-05 336 0.00534315
0.60651 1.39024 1.5375e-05 168 0.00538956
0.607555 1.72106 1.89355e-05 336 0.00541748
0.609717 1.52489 1.65994e-05 288 0.00547552
0.611016 1.63536 1.76887e-05 264 0.00551058
0.613214 1.47859 1.58216e-05 240 0.00557029
0.614019 1.77252 1.88924e-05 96 0.00559223
0.616265 2.13931 2.25533e-05 120 0.00565382
0.617648 1.67647 1.75555e-05 408 0.00569197
0.619954 1.80171 1.86572e-05 456 0.00575597
0.622004 1.57396 1.61382e-05 108 0.00581325
0.623156 1.5075 1.53711e-05 264 0.00584563
0.624595 1.78616 1.80869e-05 264 0.0058862
0.626564 1.7459 1.75131e-05 312 0.00594205
0.629016 1.55293 1.53959e-05 270 0.00601209
0.630044 1.65703 1.63477e-05 240 0.00604161
0.631892 1.60321 1.56784e-05 384 0.00609492
0.633013 1.57261 1.52976e-05 192 0.00612744
0.635606 1.5958 1.5334e-05 432 0.00620304
0.636899 1.73876 1.66061e-05 144 0.00624098
0.638833 1.86263 1.76281e-05 480 0.006298
0.641275 1.83331 1.71531e-05 216 0.00637049
0.642832 1.73841 1.61474e-05 312 0.006417
0.64426 1.50951 1.39281e-05 216 0.00645988
0.645938 1.92037 1.75813e-05 192 0.00651049
0.648007 1.79263 1.62551e-05 624 0.00657325
0.649634 1.81523 1.63368e-05 120 0.00662287
0.651021 1.62873 1.45648e-05 336 0.0066654
0.653586 1.66417 1.47072e-05 176 0.00674447
0.654666 1.81868 1.59932e-05 384 0.00677797
0.656779 1.70158 1.48195e-05 408 0.00684383
0.658986 1.67507 1.44425e-05 144 0.00691304
0.660251 1.76047 1.50918e-05 486 0.00695292
0.66272 1.44103 1.22158e-05 96 0.00703121
0.663464 1.58889 1.3424e-05 384 0.00705492
0.666071 1.86237 1.55505e-05 492 0.00713841
0.667911 1.78375 1.47713e-05 384 0.00719774
0.669388 2.25793 1.85745e-05 168 0.00724559
0.67191 2.04706 1.66509e-05 504 0.00732781
0.67321 1.89549 1.53289e-05 240 0.00737043
0.674682 2.11072 1.69579e-05 456 0.00741888
0.67725 2.29681 1.82439e-05 264 0.0075039
0.678949 2.0303 1.60062e-05 384 0.00756052
0.680759 1.89413 1.48139e-05 432 0.00762114
0.68301 2.01771 1.56249e-05 216 0.00769701
0.684213 1.96448 1.51325e-05 360 0.00773776
0.686355 2.16831 1.65468e-05 312 0.00781065
0.688862 1.92252 1.45116e-05 240 0.00789653
0.690156 2.14415 1.60936e-05 414 0.00794112
0.692267 2.07794 1.54544e-05 552 0.00801421
0.694474 2.18772 1.61162e-05 360 0.00809112
0.695933 1.97153 1.44325e-05 432 0.00814222
0.698042 1.88518 1.36757e-05 480 0.00821645
0.700371 1.95784 1.40615e-05 288 0.00829898
0.701886 2.4104 1.72e-05 312 0.00835296
0.703511 2.24965 1.5942e-05 360 0.0084111
0.706218 2.04552 1.43294e-05 576 0.00850856
0.708463 2.3533 1.63292e-05 464 0.00858997
0.709472 2.16439 1.49545e-05 192 0.00862671
0.71187 2.14759 1.46889e-05 396 0.0087145
0.713632 2.23256 1.51572e-05 432 0.00877938
0.71529 2.30762 1.55582e-05 240 0.0088407
0.717478 2.20287 1.47164e-05 624 0.00892209
0.719862 2.43187 1.60855e-05 504 0.0090113
0.722401 2.68609 1.75803e-05 198 0.00910699
0.723603 1.99126 1.29678e-05 600 0.00915255
0.725718 2.12371 1.37098e-05 384 0.00923302
0.727934 2.1676 1.38658e-05 432 0.00931785
0.729846 2.17732 1.38187e-05 336 0.0093915
0.731583 2.31393 1.45814e-05 336 0.0094587
0.733803 2.22999 1.39253e-05 744 0.00954504
0.736176 2.12338 1.31317e-05 624 0.00963796
0.738441 2.22413 1.36286e-05 192 0.00972721
0.739813 1.90683 1.16194e-05 432 0.00978153
0.741823 2.39043 1.44483e-05 504 0.00986144
0.744194 2.47219 1.48e-05 336 0.00995634
0.745982 2.44171 1.45127e-05 456 0.0100283
0.747564 2.3193 1.36978e-05 408 0.0100922
0.749795 2.16792 1.26898e-05 696 0.0101828
0.752344 2.54165 1.47267e-05 384 0.010287
0.754981 2.37009 1.35893e-05 330 0.0103956
0.756746 2.31717 1.31931e-05 624 0.0104686
0.758549 2.46625 1.3942e-05 384 0.0105437
0.760491 2.30956 1.29564e-05 728 0.0106249
0.762803 2.58881 1.43914e-05 432 0.010722
0.765361 2.22508 1.22458e-05 696 0.0108303
0.767036 2.47679 1.3542e-05 408 0.0109015
0.769597 2.16808 1.17362e-05 456 0.0110111
0.771 2.28685 1.23116e-05 408 0.0110714
0.773164 2.41322 1.28831e-05 528 0.0111649
0.775969 2.63111 1.38946e-05 576 0.0112869
0.778071 2.3982 1.25623e-05 672 0.0113788
0.780434 2.16768 1.12519e-05 384 0.0114828
0.782527 2.72301 1.40214e-05 600 0.0115755
0.784473 2.5587 1.30775e-05 294 0.011662
0.786277 2.30518 1.17009e-05 600 0.0117427
0.788337 2.38678 1.20203e-05 768 0.0118352
0.791032 2.64501 1.31851e-05 648 0.011957
0.793268 2.64889 1.30931e-05 408 0.0120587
0.795576 2.50384 1.22687e-05 552 0.0121643
0.797728 2.35259 1.14346e-05 648 0.0122632
0.800144 2.42821 1.16956e-05 348 0.012375
0.801567 2.60663 1.24882e-05 744 0.0124411
0.804245 2.80672 1.33129e-05 672 0.0125662
0.806478 2.9203 1.37369e-05 456 0.0126712
0.808336 2.64773 1.23691e-05 600 0.012759
0.810593 2.62564 1.21637e-05 744 0.0128661
0.812878 2.71167 1.24566e-05 288 0.0129752
0.815591 2.8606 1.30101e-05 704 0.0131056
0.817562 2.99922 1.35421e-05 678 0.0132009
0.820052 2.55283 1.14219e-05 648 0.0133218
0.822478 2.71586 1.20441e-05 648 0.0134404
0.824775 2.91411 1.28156e-05 696 0.0135534
0.826774 2.64258 1.15374e-05 696 0.0136521
0.829585 2.6629 1.15083e-05 552 0.0137919
0.831577 2.5919 1.11212e-05 840 0.0138914
0.834411 2.64206 1.12213e-05 600 0.0140339
0.836554 2.59163 1.09227e-05 696 0.0141424
0.839038 2.96935 1.24039e-05 672 0.0142687
0.841041 2.66738 1.1063e-05 552 0.0143711
0.843748 2.6721 1.09763e-05 492 0.0145104
0.845866 2.85635 1.16452e-05 840 0.0146199
0.84823 2.71254 1.09667e-05 606 0.0147428
0.850494 2.70938 1.08667e-05 936 0.0148612
0.853082 2.9452 1.17053e-05 528 0.0149973
0.854904 3.10863 1.2276e-05 696 0.0150936
0.857637 3.18572 1.24606e-05 648 0.0152388
0.859669 2.80712 1.0902e-05 936 0.0153474
0.862437 2.67783 1.03001e-05 384 0.0154961
0.864033 2.74336 1.04938e-05 864 0.0155823
0.86686 2.93501 1.11174e-05 768 0.0157358
0.869231 3.34563 1.25693e-05 528 0.0158652
0.871675 2.92547 1.08986e-05 776 0.0159994
0.87406 2.9909 1.10514e-05 960 0.0161311
0.876467 2.98372 1.09343e-05 696 0.0162648
0.878396 2.87432 1.04642e-05 582 0.0163723
0.8815 2.80319 1.00978e-05 1008 0.0165465
0.883728 3.19239 1.1413e-05 408 0.0166723
0.88592 2.93708 1.04225e-05 960 0.0167967
0.888795 3.13439 1.10151e-05 852 0.0169607
0.891174 3.05847 1.06625e-05 912 0.0170973
0.89392 2.96731 1.02496e-05 1032 0.0172559
0.895836 3.02998 1.03991e-05 384 0.017367
0.898639 2.92085 9.931e-06 864 0.0175306
0.900789 3.15418 1.06477e-05 840 0.0176567
0.903273 3.07557 1.02969e-05 912 0.0178032
0.906338 3.1082 1.0301e-05 792 0.017985
0.90863 3.11799 1.02554e-05 744 0.0181218
0.911438 3.55854 1.15966e-05 726 0.0182903
0.913568 3.24023 1.04856e-05 984 0.0184189
0.91598 3.22726 1.03613e-05 912 0.0185652
0.918648 3.05751 9.73105e-06 1104 0.0187278
0.921243 3.14751 9.93308e-06 744 0.018887
0.924376 3.25992 1.01836e-05 968 0.0190803
0.92618 3.16119 9.81758e-06 672 0.0191923
0.928764 3.54254 1.09103e-05 984 0.0193534
0.931719 3.37617 1.02993e-05 840 0.0195387
0.934062 3.45647 1.04652e-05 1092 0.0196864
0.937061 3.42488 1.02702e-05 840 0.0198767
0.939156 3.48791 1.03894e-05 720 0.0200103
0.942047 3.52641 1.04077e-05 1110 0.0201957
0.944712 3.70364 1.08385e-05 1056 0.0203675
0.947136 3.55792 1.03324e-05 888 0.0205247
0.949886 3.35884 9.66974e-06 936 0.020704
0.952401 3.63115 1.03711e-05 912 0.0208689
0.955174 3.62339 1.02591e-05 1104 0.0210517
0.957881 3.35241 9.41159e-06 912 0.0212312
0.960427 3.86251 1.07576e-05 1104 0.021401
0.963313 3.6515 1.00788e-05 1128 0.0215945
0.965992 3.61634 9.89893e-06 768 0.0217751
0.968166 3.85363 1.04776e-05 888 0.0219225
0.970778 3.98245 1.07406e-05 1224 0.0221004
0.974412 3.95353 1.05438e-05 750 0.0223495
0.976168 3.70721 9.8336e-06 1092 0.0224706
0.979278 3.89177 1.02251e-05 1472 0.022686
0.982348 3.81092 9.91912e-06 792 0.0229001
0.984688 3.91728 1.01235e-05 1080 0.0230641
0.987495 3.6992 9.47857e-06 1584 0.0232619
0.990359 3.73957 9.49913e-06 624 0.0234649
0.992971 3.9528 9.96174e-06 1248 0.023651
0.99555 3.73567 9.34154e-06 888 0.0238358
0.998492 3.95776 9.80969e-06 912 0.0240477
1.00104 4.12212 1.01393e-05 1368 0.0242321
1.00371 3.73861 9.12267e-06 960 0.0244269
1.00665 4.26402 1.03138e-05 1542 0.0246422
1.00992 4.01332 9.61351e-06 1152 0.024883
1.01267 3.79293 9.01182e-06 1008 0.0250866
1.01536 3.91921 9.23801e-06 1248 0.0252872
1.01774 3.69862 8.65707e-06 1056 0.0254653
1.02056 4.0358 9.36804e-06 1188 0.025678
1.0236 3.96101 9.11281e-06 1152 0.025908
1.02664 4.36799 9.96008e-06 1560 0.0261396
1.02971 4.34806 9.82622e-06 1128 0.0263748
1.03219 3.91835 8.79145e-06 1152 0.0265658
1.03491 4.48058 9.9739e-06 920 0.0267762
1.03779 4.43451 9.78945e-06 1470 0.0270002
1.04087 4.03204 8.82222e-06 1200 0.0272412
1.04379 4.00611 8.69199e-06 1440 0.0274716
1.04629 4.13985 8.9179e-06 1224 0.0276695
1.04938 4.3163 9.2161e-06 1296 0.0279155
1.0527 4.01437 8.49074e-06 1560 0.0281807
1.0556 4.46193 9.35971e-06 1272 0.0284146
1.05803 4.46384 9.29935e-06 1080 0.0286112
1.06094 4.20387 8.68605e-06 1368 0.0288474
1.06403 4.3839 8.97927e-06 1248 0.0291005
1.06727 4.61584 9.3685e-06 1194 0.0293671
1.06993 4.25986 8.58161e-06 1752 0.0295874
1.07321 4.37615 8.73528e-06 1392 0.0298604
1.07584 4.18078 8.28435e-06 1440 0.0300801
1.07913 4.39037 8.6203e-06 1488 0.030357
1.08224 4.69206 9.13349e-06 1248 0.0306201
1.08486 4.89304 9.45573e-06 1512 0.0308435
1.08787 4.61416 8.8431e-06 1112 0.0311006
1.09115 4.34266 8.24791e-06 1848 0.0313829
1.09382 4.46975 8.42719e-06 1224 0.0316141
1.09696 4.53573 8.47843e-06 1536 0.0318869
1.10024 4.81559 8.92127e-06 1638 0.0321739
1.10325 4.93343 9.06499e-06 1392 0.0324385
1.10625 4.67102 8.5132e-06 1632 0.0327038
1.10975 4.74346 8.56365e-06 1452 0.0330154
1.11241 4.89491 8.77377e-06 1680 0.0332536
1.11531 4.93383 8.77486e-06 1320 0.0335138
1.11831 4.69745 8.28726e-06 1752 0.0337856
1.1218 4.88136 8.53163e-06 1776 0.0341027
1.12518 4.57337 7.92152e-06 1104 0.0344119
1.12759 4.61603 7.94424e-06 1728 0.0346335
1.13096 5.03201 8.58306e-06 1446 0.0349446
1.13402 4.82942 8.171e-06 1920 0.0352289
1.13756 4.81405 8.06904e-06 1896 0.0355605
1.14046 4.97768 8.27991e-06 1176 0.0358329
1.14325 5.06298 8.3604e-06 1856 0.036096
1.14644 4.89247 8.01145e-06 1896 0.0363996
1.14985 4.89893 7.95093e-06 1464 0.0367251
1.15345 4.77792 7.68216e-06 1968 0.0370711
1.15649 5.44072 8.6791e-06 1548 0.0373647
1.15973 5.20314 8.2307e-06 1944 0.0376799
1.16289 5.01898 7.87469e-06 1470 0.0379893
1.16609 5.03317 7.83218e-06 1920 0.0383035
1.16933 5.27958 8.1475e-06 2184 0.0386238
1.1728 4.8067 7.35211e-06 1464 0.0389686
1.17556 5.10656 7.75587e-06 1608 0.0392445
1.1789 5.15146 7.75778e-06 1944 0.0395797
1.18229 5.16005 7.70418e-06 1872 0.0399216
1.18552 5.25244 7.77817e-06 2256 0.0402498
1.18882 5.22187 7.6687e-06 1632 0.0405867
1.19235 5.20117 7.57059e-06 1542 0.0409497
1.19548 5.26924 7.60958e-06 2216 0.0412732
1.1989 5.58104 7.99102e-06 2052 0.0416287
1.20218 5.49479 7.80341e-06 1680 0.0419708
1.20534 5.58708 7.87228e-06 2280 0.0423024
1.20884 5.50899 7.69498e-06 1968 0.0426722
1.21229 5.58725 7.73787e-06 2016 0.0430385
1.21548 5.62004 7.72208e-06 1968 0.0433795
1.21918 5.36988 7.31133e-06 1920 0.0437772
1.22273 5.43796 7.33982e-06 2400 0.0441602
1.22637 5.4075 7.23396e-06 1974 0.0445554
1.2291 5.60073 7.44251e-06 1944 0.0448544
1.23259 5.77475 7.60873e-06 1920 0.0452377
1.23584 5.58369 7.29916e-06 2280 0.0455962
1.23913 5.85352 7.59121e-06 1968 0.0459607
1.24271 5.49289 7.06205e-06 2220 0.0463607
1.24626 5.79427 7.386e-06 2352 0.0467595
1.24987 5.8331 7.37131e-06 1968 0.0471667
1.25321 5.89015 7.384e-06 2504 0.0475461
1.25696 6.01324 7.47107e-06 2118 0.047974
1.26038 6.0225 7.42183e-06 2352 0.0483667
1.26384 5.95578 7.27946e-06 2136 0.0487663
1.26724 5.72136 6.93686e-06 2112 0.0491605
1.27063 6.32562 7.60825e-06 2472 0.0495563
1.27412 5.5991 6.67926e-06 2376 0.0499654
1.27765 6.34802 7.51005e-06 2304 0.050382
1.28146 6.33599 7.42918e-06 2448 0.0508339
1.28498 6.15086 7.15298e-06 2280 0.0512542
1.28891 5.9152 6.81616e-06 2466 0.0517261
1.29209 6.01883 6.88459e-06 2256 0.0521091
1.29555 5.8925 6.68613e-06 2472 0.0525296
1.29914 6.23561 7.01693e-06 2856 0.0529678
1.30275 6.0551 6.75738e-06 2112 0.05341
1.30664 6.58249 7.28056e-06 2720 0.0538897
1.31022 6.49967 7.13014e-06 2136 0.0543342
1.31338 6.49056 7.06886e-06 2736 0.0547285
1.31727 6.49601 7.01237e-06 2376 0.0552156
1.32115 6.66121 7.12745e-06 3126 0.0557057
1.32517 6.26151 6.63907e-06 2568 0.056215
1.3281 6.31827 6.65494e-06 2112 0.0565893
1.33185 6.42394 6.7092e-06 2748 0.0570704
1.33573 6.78162 7.02127e-06 2928 0.0575703
1.33926 6.55762 6.73583e-06 2640 0.0580277
1.34328 6.55868 6.67657e-06 2856 0.0585522
1.34684 6.61231 6.67791e-06 2352 0.0590191
1.35065 6.66034 6.66965e-06 2910 0.0595215
1.35428 6.98109 6.93485e-06 2784 0.0600021
1.35819 6.90351 6.79877e-06 2952 0.0605229
1.36191 6.94732 6.786e-06 2696 0.0610216
1.36552 6.8386 6.62695e-06 3264 0.0615083
1.36942 6.87277 6.60327e-06 2472 0.0620373
1.37321 7.06242 6.72954e-06 3024 0.0625529
1.37739 6.87648 6.49283e-06 2964 0.0631266
1.38108 7.09594 6.64649e-06 2910 0.0636352
1.38476 7.21084 6.70049e-06 2880 0.0641445
1.38834 7.64737 7.05127e-06 3216 0.0646435
1.39269 7.21105 6.58675e-06 3096 0.065254
1.39621 7.21688 6.54237e-06 2880 0.0657499
1.40013 7.5329 6.77165e-06 2904 0.0663052
1.40406 7.22301 6.43871e-06 3504 0.0668651
1.40804 7.05359 6.23459e-06 3168 0.0674346
1.41234 7.34298 6.43126e-06 3054 0.0680545
1.41581 7.48492 6.50752e-06 3032 0.0685569
1.4197 7.15648 6.17089e-06 3000 0.0691244
1.42371 7.36716 6.29905e-06 3780 0.0697116
1.42793 7.60807 6.44757e-06 3504 0.0703329
1.43191 7.48416 6.28984e-06 2904 0.0709225
1.43567 7.32895 6.11102e-06 3336 0.0714839
1.4396 7.75404 6.41269e-06 3144 0.0720723
1.44356 7.53279 6.17864e-06 3414 0.072668
1.44789 7.76229 6.30993e-06 3552 0.0733239
1.45135 7.55058 6.09406e-06 2928 0.0738505
1.45511 7.64847 6.12525e-06 3840 0.074427
1.45943 7.9493 6.30988e-06 3312 0.075091
1.4634 7.85464 6.18412e-06 3432 0.0757057
1.46748 7.63881 5.96419e-06 3596 0.0763404
1.47192 8.03507 6.21692e-06 4224 0.0770361
1.47635 8.18615 6.27695e-06 3294 0.077734
1.4801 8.41574 6.40413e-06 3792 0.0783272
1.48412 8.07013 6.09132e-06 3528 0.0789676
1.48876 8.16322 6.10422e-06 3984 0.0797097
1.49263 7.9728 5.91552e-06 3768 0.0803339
1.49668 8.40232 6.18371e-06 3672 0.0809898
1.5007 8.14628 5.94721e-06 3384 0.0816444
1.50468 8.07078 5.84547e-06 3648 0.0822954
1.50906 8.03589 5.7697e-06 4098 0.0830158
1.51319 8.40264 5.98377e-06 4008 0.0836992
1.51752 8.3184 5.87321e-06 4032 0.0844198
1.52148 8.35477 5.853e-06 3800 0.0850816
1.52566 8.22327 5.71361e-06 3816 0.0857856
1.53008 8.66814 5.9707e-06 4248 0.0865329
1.53425 8.67986 5.9301e-06 3720 0.087243
1.5385 8.54695 5.79109e-06 4254 0.0879693
1.54275 8.50172 5.71289e-06 4224 0.0887015
1.54712 8.56494 5.7068e-06 4368 0.0894564
1.55154 8.7152 5.75739e-06 4104 0.090226
1.5559 8.73592 5.7227e-06 4500 0.0909888
1.56012 9.38488 6.09811e-06 3480 0.0917305
1.56438 9.09284 5.86024e-06 5328 0.0924836
1.56888 8.79016 5.61649e-06 3342 0.0932851
1.57296 9.03061 5.72539e-06 4800 0.0940139
1.57761 9.4077 5.91189e-06 4184 0.0948501
1.58177 9.55469 5.95696e-06 5064 0.0956031
1.58626 8.997 5.56179e-06 4032 0.0964191
1.59063 9.18229 5.62969e-06 4632 0.0972179
1.59512 9.16808 5.5736e-06 4680 0.0980443
1.59955 8.98309 5.41594e-06 3924 0.0988627
1.60387 9.43695 5.64373e-06 5166 0.0996657
1.60831 9.35764 5.5501e-06 4800 0.100495
1.6129 9.69283 5.69996e-06 4560 0.101358
1.61719 9.58483 5.59163e-06 4584 0.102171
1.62168 9.23121 5.34071e-06 4848 0.103024
1.62597 9.36943 5.3779e-06 4560 0.103844
1.631 9.45102 5.37478e-06 5600 0.104809
1.63549 9.76728 5.50895e-06 4686 0.105678
1.64006 9.73377 5.44432e-06 5016 0.106566
1.64474 9.88332 5.48087e-06 4956 0.107481
1.64888 9.92396 5.46209e-06 4872 0.108295
1.65362 9.82953 5.36367e-06 5376 0.109232
1.65838 9.89551 5.35336e-06 5088 0.110177
1.66285 9.31843 5.00058e-06 4710 0.111071
1.66732 10.3426 5.50566e-06 4848 0.111969
1.67182 10.2936 5.43554e-06 5976 0.112877
1.67656 10.0786 5.27695e-06 5208 0.113841
1.68127 9.98045 5.18177e-06 5352 0.114803
1.68594 10.1876 5.24548e-06 4820 0.115762
1.6904 10.0913 5.15485e-06 5760 0.116684
1.69513 10.3076 5.22139e-06 5166 0.117666
1.69995 10.6902 5.36924e-06 6168 0.118673
1.70477 10.197 5.07824e-06 5136 0.119685
1.70952 10.1638 5.01962e-06 6240 0.120688
1.71454 10.5255 5.15274e-06 5568 0.121754
1.71919 10.5366 5.11649e-06 5712 0.122747
1.72386 10.4436 5.03017e-06 5520 0.12375
1.72878 10.7221 5.12036e-06 5670 0.124813
1.73344 10.724 5.08005e-06 6036 0.125825
1.73835 10.8442 5.09362e-06 6264 0.126897
1.74335 11.3704 5.29499e-06 5912 0.127995
1.74794 10.7442 4.96404e-06 5736 0.129009
1.75258 11.173 5.12121e-06 5400 0.13004
1.75753 11.1331 5.05994e-06 6342 0.131145
1.76258 10.9648 4.9408e-06 7032 0.132277
1.76751 11.2083 5.00833e-06 5448 0.133391
1.77221 11.1777 4.95503e-06 6528 0.134458
1.77738 11.4927 5.05033e-06 6468 0.135638
1.78243 11.1893 4.87538e-06 6528 0.136797
1.78706 11.1472 4.81936e-06 5568 0.137866
1.79184 11.5577 4.95691e-06 6798 0.138976
1.79723 11.3414 4.82055e-06 6560 0.140233
1.80203 11.1426 4.69825e-06 6888 0.141361
1.80708 11.8646 4.9609e-06 6624 0.142552
1.81205 11.8647 4.92021e-06 6288 0.143732
1.81703 11.5758 4.76102e-06 6960 0.14492
1.82233 11.5354 4.70317e-06 6570 0.146192
1.82696 12.0759 4.88617e-06 6600 0.147309
1.83219 11.9773 4.80496e-06 7776 0.148577
1.83773 12.1407 4.82658e-06 7248 0.149929
1.84289 12.0831 4.76341e-06 6672 0.151196
1.84774 11.8592 4.63848e-06 6704 0.152391
1.85265 12.3087 4.77607e-06 6942 0.153611
1.85788 12.3076 4.73543e-06 7656 0.154916
1.86304 12.1423 4.63308e-06 7128 0.15621
1.86848 12.4547 4.71098e-06 7908 0.157581
1.87356 12.3678 4.64013e-06 6648 0.158871
1.8783 12.5875 4.68686e-06 7320 0.16008
1.88389 12.485 4.60741e-06 7638 0.161514
1.88902 12.9044 4.72355e-06 7416 0.162836
1.89401 12.6425 4.59118e-06 7752 0.16413
1.89959 12.6517 4.55417e-06 8448 0.165585
1.90501 12.6108 4.50083e-06 7280 0.167006
1.91024 12.9732 4.59223e-06 7668 0.168386
1.91549 12.9273 4.53844e-06 8094 0.169778
1.9207 13.0861 4.55694e-06 7656 0.171166
1.92602 13.275 4.58448e-06 8160 0.172594
1.93138 13.0573 4.47187e-06 8472 0.174039
1.93696 13.3454 4.53113e-06 7896 0.175552
1.9421 13.169 4.43588e-06 8088 0.176951
1.94753 13.3856 4.4712e-06 8286 0.17844
1.95309 13.0933 4.33631e-06 8676 0.179974
1.95841 13.7996 4.53312e-06 8120 0.181447
1.96377 13.6045 4.43256e-06 9024 0.18294
1.96932 13.5534 4.37864e-06 8160 0.184497
1.97458 13.7027 4.39161e-06 7944 0.185979
1.98001 13.788 4.38267e-06 8982 0.187519
1.98555 13.7937 4.34787e-06 9528 0.189097
1.99126 13.9507 4.35965e-06 8832 0.190733
1.99697 13.5104 4.18592e-06 8916 0.192378
2.00244 13.8821 4.26597e-06 9240 0.193963
2.00796 14.2966 4.35723e-06 8502 0.19557
2.01347 14.0524 4.24772e-06 9416 0.197185
2.01894 14.0983 4.22703e-06 8976 0.198797
2.02457 14.1753 4.21478e-06 9432 0.200465
2.0302 14.2937 4.21473e-06 9864 0.202141
2.03598 14.6998 4.29763e-06 9024 0.203874
2.04164 14.8102 4.29399e-06 9762 0.20558
2.0472 14.5471 4.18344e-06 9264 0.207263
2.05278 14.7967 4.22062e-06 10056 0.208962
2.05848 14.9638 4.23293e-06 9936 0.210708
2.06453 14.685 4.11763e-06 9624 0.212572
2.0699 14.664 4.07988e-06 9752 0.214233
2.07576 14.7714 4.07501e-06 10446 0.216059
2.08159 15.0258 4.1105e-06 10056 0.217883
2.08723 15.4283 4.18648e-06 9876 0.219659
2.09319 15.0807 4.05728e-06 11160 0.221546
2.09903 15.0902 4.02607e-06 10128 0.223405
2.10491 15.2749 4.04128e-06 9726 0.225289
2.11051 15.362 4.03202e-06 11112 0.227094
2.11652 15.5361 4.0431e-06 10776 0.229037
2.1222 15.2793 3.94443e-06 10232 0.230887
2.12811 15.8713 4.0632e-06 11184 0.232822
2.13436 15.666 3.97556e-06 11058 0.234877
2.1403 15.8277 3.9832e-06 11472 0.236846
2.14607 15.8168 3.94846e-06 10464 0.238765
2.15178 15.6985 3.88778e-06 10584 0.240678
2.15796 15.9457 3.9152e-06 12504 0.242756
2.16404 16.409 3.99506e-06 10560 0.244815
2.16987 15.8238 3.82165e-06 11694 0.246798
2.17602 16.2414 3.8893e-06 11420 0.248904
2.18203 16.1757 3.84166e-06 12504 0.250972
2.18802 16.1713 3.80915e-06 10800 0.253044
2.19421 15.9273 3.72004e-06 12456 0.255197
2.20046 16.9752 3.9311e-06 12030 0.257383
2.20635 16.6851 3.83303e-06 11232 0.259457
2.21231 16.82 3.8329e-06 13176 0.261564
2.21866 16.4525 3.71707e-06 11196 0.263823
2.22456 16.62 3.72508e-06 12720 0.265934
2.23077 17.0747 3.79517e-06 11918 0.268165
2.23689 16.9092 3.72761e-06 13392 0.27038
2.24337 16.8565 3.68388e-06 12600 0.272736
2.24963 17.0698 3.6994e-06 13200 0.275027
2.25594 16.4411 3.53337e-06 12864 0.277346
2.26215 17.4811 3.72601e-06 12270 0.279644
2.26834 17.6456 3.73035e-06 13668 0.281946
2.27465 17.3318 3.63364e-06 13200 0.284304
2.28097 17.3951 3.61664e-06 13416 0.286682
2.28734 17.7418 3.65803e-06 12992 0.289088
2.2937 17.5926 3.59718e-06 13806 0.291506
2.29997 17.4503 3.53899e-06 13800 0.293904
2.30631 17.5656 3.53305e-06 13056 0.296342
2.31259 17.955 3.58205e-06 14364 0.298768
2.31902 17.8506 3.53167e-06 13248 0.301267
2.32549 18.1465 3.56032e-06 15054 0.303797
2.33213 18.1195 3.52474e-06 13680 0.306407
2.33841 18.3056 3.53234e-06 15152 0.308888
2.34514 18.2253 3.48664e-06 14376 0.311564
2.35149 18.4121 3.49393e-06 13932 0.314101
2.35808 18.692 3.5174e-06 14910 0.316749
2.36456 18.9219 3.53144e-06 15648 0.31937
2.37106 18.5895 3.44095e-06 13680 0.32201
2.37766 19.2335 3.5306e-06 15816 0.324705
2.38432 18.3566 3.3415e-06 15030 0.32744
2.39081 18.9288 3.41763e-06 15104 0.330124
2.39768 19.1294 3.42427e-06 16548 0.332977
2.40438 18.9437 3.36275e-06 15360 0.335777
2.41105 19.2296 3.38527e-06 15768 0.338577
2.4176 19.4835 3.40217e-06 14622 0.341343
2.42433 19.6474 3.40228e-06 17568 0.344204
2.43136 19.473 3.34291e-06 16368 0.347208
2.43802 19.7619 3.36478e-06 15960 0.350068
2.44478 20.2081 3.41231e-06 15732 0.352986
2.45148 19.6285 3.28734e-06 17006 0.355896
2.45825 19.6989 3.27192e-06 16680 0.358856
2.46533 20.046 3.30096e-06 17712 0.361966
2.47205 20.1355 3.28875e-06 15576 0.364931
2.47856 20.3696 3.30084e-06 16974 0.367822
2.48564 20.5493 3.30157e-06 17436 0.370985
2.49249 20.658 3.29173e-06 17952 0.374062
2.49953 20.6485 3.26253e-06 17448 0.377238
2.50635 20.5361 3.21835e-06 17336 0.380334
2.51347 20.2671 3.14929e-06 17958 0.383583
2.52045 21.0726 3.24729e-06 19056 0.386791
2.52756 21.0893 3.22253e-06 17304 0.390073
2.53442 21.0565 3.19148e-06 18276 0.393255
2.5414 21.3857 3.21472e-06 17838 0.396516
2.5483 21.3337 3.18092e-06 18984 0.399754
2.55573 20.9719 3.0998e-06 19616 0.403259
2.56269 21.5008 3.15213e-06 18168 0.406565
2.56979 21.4645 3.12083e-06 19320 0.40995
2.57712 21.6932 3.12722e-06 19170 0.41347
2.58402 21.787 3.11567e-06 19008 0.416799
2.59124 21.512 3.05068e-06 20472 0.420306
2.5986 21.7638 3.06026e-06 19128 0.423894
2.60574 22.2618 3.1046e-06 19998 0.4274
2.61294 22.1137 3.05854e-06 19808 0.430951
2.62018 22.1541 3.03879e-06 20724 0.434543
2.62754 22.0509 2.9993e-06 19896 0.438215
2.6346 22.1099 2.98322e-06 20304 0.441756
2.64214 22.3111 2.98465e-06 21030 0.445562
2.64935 22.8388 3.03037e-06 21168 0.449219
2.65671 22.7816 2.99771e-06 20736 0.452975
2.66416 22.8001 2.97505e-06 21356 0.456795
2.67173 23.0551 2.98284e-06 22206 0.460698
2.6791 23.3994 3.00246e-06 21360 0.464523
2.68651 22.9369 2.91883e-06 21456 0.468389
2.69384 23.3962 2.95303e-06 21648 0.472235
2.70134 23.1508 2.8978e-06 22326 0.476187
2.70887 23.4102 2.9059e-06 22212 0.480181
2.71619 23.3606 2.87636e-06 22128 0.484085
2.72367 23.5735 2.87874e-06 22640 0.488093
2.73137 23.5148 2.84733e-06 23022 0.492248
2.7391 23.6172 2.83558e-06 24168 0.496438
2.7466 24.2207 2.8843e-06 22416 0.500526
2.75431 24.0858 2.84421e-06 23700 0.504754
2.76199 24.3607 2.85273e-06 24222 0.508989
2.76962 24.0311 2.79096e-06 22776 0.513215
2.77711 24.1471 2.78179e-06 24296 0.517392
2.78491 24.1561 2.75952e-06 24648 0.521763
2.79252 24.9327 2.82501e-06 22926 0.526054
2.80016 24.9657 2.80565e-06 25476 0.530383
2.80812 24.9595 2.78119e-06 25608 0.534916
2.81589 25.2302 2.78812e-06 24576 0.539373
2.82378 24.9224 2.7311e-06 25134 0.543918
2.83157 25.0271 2.72001e-06 25928 0.548429
2.83951 25.5326 2.75172e-06 26148 0.553059
2.84746 25.2272 2.69609e-06 25632 0.557718
2.85525 25.4886 2.7018e-06 25926 0.562306
2.86324 25.8052 2.71251e-06 26232 0.567042
2.87111 25.6422 2.67328e-06 27216 0.57173
2.87917 25.7375 2.66075e-06 26736 0.576558
2.88739 26.0626 2.67143e-06 27698 0.581507
2.8953 26.058 2.64911e-06 26640 0.5863
2.90311 26.1256 2.63461e-06 26880 0.591058
2.91139 26.2005 2.61968e-06 29160 0.596131
2.91957 26.1544 2.59314e-06 27318 0.601172
2.92751 26.439 2.60008e-06 27984 0.606091
2.93565 26.7774 2.61154e-06 28364 0.611155
2.94365 26.6987 2.58268e-06 28464 0.61617
2.95199 26.9592 2.58583e-06 28974 0.621421
2.96007 26.6614 2.53641e-06 28920 0.626534
2.96818 26.9429 2.54223e-06 29640 0.631698
2.97653 27.423 2.56581e-06 28884 0.637045
2.98472 27.1638 2.5207e-06 30558 0.642317
2.99318 27.5369 2.5337e-06 30776 0.647798
3.00137 27.9992 2.55522e-06 29040 0.653128
3.00959 27.5103 2.49008e-06 30984 0.658508
3.01806 27.9199 2.50593e-06 30930 0.664087
3.02658 28.3717 2.52505e-06 32712 0.669723
3.03503 28.4252 2.50874e-06 30528 0.675349
3.04327 28.2653 2.4744e-06 30326 0.680869
3.05173 28.643 2.48669e-06 33624 0.686558
3.06034 28.4745 2.45124e-06 31824 0.692389
3.06872 28.6537 2.44652e-06 31860 0.698092
3.07736 28.8425 2.44194e-06 33942 0.704007
3.08588 28.7692 2.41564e-06 31848 0.709867
3.09426 28.9701 2.41278e-06 33624 0.715669
3.10297 29.0052 2.39543e-06 33512 0.721726
3.11157 29.1997 2.39155e-06 33594 0.727745
3.12023 29.3224 2.38167e-06 34944 0.733836
3.12889 29.3769 2.36631e-06 33624 0.739968
3.13752 29.9459 2.39231e-06 34710 0.746104
3.14616 29.7598 2.35792e-06 34704 0.752282
3.15488 29.8839 2.34816e-06 35468 0.758558
3.1637 30.1583 2.34996e-06 36096 0.764939
3.17266 29.7745 2.30045e-06 35958 0.771458
3.18144 30.2872 2.32075e-06 36576 0.777878
3.19023 30.8214 2.3422e-06 35976 0.784346
3.19904 30.1212 2.27013e-06 36396 0.790863
3.20798 30.7509 2.29827e-06 38030 0.797509
3.21678 30.5578 2.26515e-06 35784 0.804089
3.22564 30.9148 2.27279e-06 38712 0.810752
3.23477 31.1548 2.27109e-06 38310 0.817657
3.24374 31.171 2.25347e-06 37596 0.824478
3.25254 31.4479 2.2551e-06 39000 0.831202
3.26171 31.5249 2.2416e-06 38552 0.838252
3.2708 31.761 2.23961e-06 40206 0.845284
3.27984 31.5633 2.20731e-06 39072 0.852312
3.28909 31.7901 2.20448e-06 41340 0.859539
3.2983 32.1127 2.20824e-06 39342 0.866782
3.30724 32.4823 2.21559e-06 40176 0.873852
3.31644 32.5159 2.19949e-06 41768 0.88116
3.32563 32.2602 2.16414e-06 40206 0.888507
3.33487 32.1826 2.14104e-06 42300 0.895935
3.34411 32.822 2.16551e-06 42360 0.903408
3.35331 32.9363 2.15523e-06 40488 0.91088
3.3626 33.1955 2.15424e-06 44406 0.918472
3.37211 33.2169 2.13744e-06 43076 0.926289
3.38132 33.7366 2.15318e-06 42600 0.933901
3.39087 33.6389 2.12887e-06 45486 0.941834
3.40043 33.6261 2.11016e-06 43848 0.94982
3.40963 33.5404 2.08779e-06 43248 0.95755
3.41901 34.0049 2.09932e-06 44988 0.965479
3.42866 34.4655 2.10985e-06 46454 0.973672
3.43818 34.1266 2.0718e-06 44928 0.981803
3.4478 34.3783 2.06965e-06 47256 0.990072
3.45736 34.4792 2.05856e-06 45126 0.99833
3.46696 35.0131 2.07312e-06 48084 1.00667
3.47654 35.0092 2.0558e-06 46320 1.01504
3.48629 34.859 2.02985e-06 47894 1.0236
3.49578 34.9709 2.01982e-06 47160 1.03199
3.50539 35.2145 2.01722e-06 48228 1.04051
3.51537 35.3128 2.00566e-06 50598 1.04943
3.52506 35.6338 2.00726e-06 47328 1.05813
3.53475 35.3006 1.97217e-06 50696 1.06688
3.54459 35.4776 1.96561e-06 49344 1.07581
3.55459 36.0932 1.98289e-06 51570 1.08494
3.56441 36.3679 1.9815e-06 50832 1.09397
3.5743 35.8744 1.93844e-06 50424 1.1031
3.58421 36.2432 1.94216e-06 52686 1.1123
3.59415 36.5004 1.93976e-06 51092 1.12158
3.60407 36.4419 1.92071e-06 53376 1.13089
3.61415 37.0939 1.93876e-06 52374 1.1404
3.62404 36.6022 1.89745e-06 52848 1.14979
3.63411 37.076 1.90606e-06 55488 1.15941
3.64445 36.994 1.8857e-06 54098 1.16933
3.65433 37.535 1.89782e-06 53688 1.17886
3.66443 37.4902 1.87992e-06 55296 1.18866
3.67462 37.5748 1.86853e-06 56358 1.19861
3.68502 37.4836 1.84825e-06 57468 1.20882
3.69525 37.8172 1.84926e-06 56000 1.21891
3.70559 37.708 1.82852e-06 57774 1.22917
3.71586 38.1338 1.83389e-06 57648 1.23942
3.72609 38.412 1.83209e-06 57480 1.24968
3.73645 38.6534 1.82832e-06 58122 1.26013
3.74669 38.6447 1.81295e-06 59208 1.27053
3.75716 38.7213 1.80141e-06 60032 1.2812
3.76768 38.7181 1.7862e-06 60366 1.292
3.77814 38.9819 1.78347e-06 60444 1.30279
3.78854 39.3323 1.78473e-06 60912 1.31358
3.79912 39.0412 1.75676e-06 61422 1.32462
3.80967 39.382 1.75742e-06 63032 1.33568
3.82029 39.6274 1.75367e-06 62052 1.34688
3.83093 39.4866 1.73291e-06 64038 1.35817
3.84147 39.8003 1.73235e-06 61632 1.36941
3.85195 39.9498 1.72469e-06 64896 1.38065
3.86282 40.5317 1.73508e-06 64874 1.39237
3.87338 40.2196 1.70769e-06 64200 1.40381
3.88424 41.0049 1.72646e-06 68016 1.41566
3.89516 40.7232 1.70023e-06 65694 1.42763
3.90592 41.2165 1.70664e-06 67212 1.4395
3.91674 40.4872 1.66258e-06 67088 1.45149
3.92755 40.9789 1.66892e-06 67182 1.46355
3.93842 41.0844 1.6594e-06 69768 1.47572
3.94935 41.6271 1.6674e-06 67524 1.48805
3.96027 41.9247 1.66546e-06 70758 1.50043
3.97123 42.4597 1.67279e-06 69488 1.51292
3.98223 41.714 1.62983e-06 71640 1.52552
3.99344 42.1178 1.63179e-06 72042 1.53844
4.00456 42.2254 1.62237e-06 72960 1.55133
4.01559 42.5557 1.62162e-06 70422 1.56419
4.02684 42.7104 1.61392e-06 76784 1.57737
4.0381 42.9412 1.60909e-06 72348 1.59064
4.04921 42.8039 1.59079e-06 74094 1.6038
4.06038 43.4888 1.60294e-06 74976 1.61711
4.0716 43.3003 1.58283e-06 76200 1.63056
4.08307 43.7187 1.5847e-06 77114 1.64437
4.09436 43.9301 1.57922e-06 76872 1.65805
4.10573 43.5758 1.55351e-06 77784 1.67191
4.1172 44.2914 1.56586e-06 78654 1.68596
4.12861 44.1334 1.54738e-06 79380 1.70001
4.14006 44.372 1.54287e-06 79256 1.71419
4.15155 44.5675 1.53683e-06 80094 1.72851
4.16295 44.6411 1.52676e-06 80760 1.74278
4.17466 44.8251 1.52019e-06 83034 1.75754
4.18631 44.9086 1.51034e-06 82664 1.77229
4.19786 45.4876 1.51722e-06 81864 1.787
4.20942 45.106 1.49213e-06 83334 1.80181
4.22115 45.8922 1.50552e-06 85980 1.81691
4.23288 45.7863 1.4896e-06 84144 1.83209
4.24467 46.0346 1.48522e-06 86486 1.84745
4.25637 46.2506 1.47992e-06 86016 1.86277
4.26828 46.3057 1.46932e-06 88290 1.87844
4.28011 46.6356 1.46755e-06 87672 1.89411
4.29193 46.3797 1.44747e-06 88608 1.90984
4.30383 46.6998 1.44541e-06 88682 1.92577
4.31573 46.8042 1.43668e-06 91200 1.9418
4.3279 47.0162 1.43106e-06 92568 1.95826
4.33994 47.0338 1.4197e-06 91014 1.97466
4.35196 47.6933 1.42772e-06 92828 1.99111
4.36403 47.7853 1.41864e-06 93054 2.00772
4.37602 47.6312 1.40247e-06 92568 2.02432
4.38816 48.1802 1.40689e-06 96768 2.04121
4.40051 48.5999 1.40724e-06 95658 2.05849
4.41265 48.2891 1.38673e-06 96368 2.07558
4.42502 48.6611 1.38572e-06 98526 2.09309
4.43718 48.2767 1.3635e-06 95436 2.11039
4.44945 48.6877 1.36376e-06 101472 2.12794
4.46195 49.2803 1.3688e-06 98582 2.14593
4.47415 49.4739 1.36297e-06 99984 2.16357
4.48658 49.4807 1.35185e-06 101298 2.18166
4.49915 49.7417 1.34762e-06 104952 2.20005
4.51164 49.8822 1.34024e-06 100568 2.21842
4.52414 50.2563 1.33913e-06 105942 2.23691
4.5368 50.3273 1.32982e-06 104892 2.25574
4.54929 50.2837 1.31776e-06 103734 2.27443
4.56181 50.8407 1.32142e-06 107160 2.29325
4.57457 50.9915 1.31428e-06 108788 2.31255
4.58728 50.8536 1.29986e-06 107070 2.33188
4.59999 50.6552 1.28409e-06 110760 2.35131
4.6128 51.1811 1.28663e-06 109182 2.37102
4.62563 51.2982 1.27888e-06 112820 2.39086
4.63846 51.245 1.26698e-06 110280 2.4108
4.65132 51.4478 1.26147e-06 114678 2.43091
4.66426 51.8929 1.26183e-06 112668 2.45125
4.67718 52.0967 1.25631e-06 116030 2.47169
4.69034 52.7605 1.26164e-06 118032 2.49261
4.7033 52.5643 1.24659e-06 113700 2.51332
4.71623 52.6428 1.23821e-06 118566 2.53411
4.7294 53.1426 1.23955e-06 119840 2.5554
4.74251 53.6467 1.24096e-06 118278 2.5767
4.75558 53.0909 1.21801e-06 120852 2.59807
4.76881 53.53 1.21789e-06 122166 2.61981
4.78209 54.0809 1.2202e-06 123296 2.64176
4.79535 53.9932 1.20814e-06 123300 2.6638
4.8087 54.3985 1.2071e-06 126174 2.68611
4.82205 54.2639 1.19414e-06 124800 2.70855
4.83537 54.3394 1.18595e-06 126774 2.73104
4.8488 55.1281 1.19319e-06 128900 2.75387
4.86226 54.9701 1.17991e-06 127776 2.77687
4.87577 54.9876 1.17051e-06 132246 2.80008
4.8893 55.7321 1.17654e-06 129252 2.82345
4.90284 55.203 1.15574e-06 133118 2.84697
4.91643 55.6886 1.15626e-06 133272 2.87071
4.93013 55.7736 1.1484e-06 134970 2.89479
4.94379 55.9167 1.14183e-06 136128 2.91891
4.95761 56.0605 1.13522e-06 137270 2.94345
4.97145 56.3789 1.13216e-06 139620 2.96818
4.98526 56.9509 1.13417e-06 138312 2.99297
4.99912 56.3367 1.11263e-06 140694 3.01801
5.01292 57.3252 1.12282e-06 140888 3.04308
5.02687 57.2973 1.11297e-06 143034 3.06855
5.04082 57.7005 1.11152e-06 143688 3.09416
5.05472 57.9114 1.1064e-06 143510 3.11983
5.06873 57.9134 1.09729e-06 147828 3.14586
5.08293 57.9409 1.08864e-06 147918 3.17236
5.09703 58.4865 1.0898e-06 148992 3.19883
5.11123 58.7872 1.08629e-06 150356 3.22565
5.12527 58.642 1.07473e-06 147606 3.25229
5.13948 59.1672 1.07538e-06 156624 3.27943
5.15396 58.9973 1.06328e-06 153354 3.30723
5.16816 59.4101 1.06192e-06 153968 3.33463
5.18246 59.6148 1.05678e-06 155862 3.36239
5.19679 59.884 1.0528e-06 157524 3.39035
5.21123 59.967 1.04552e-06 159126 3.41871
5.22579 59.9935 1.03726e-06 162488 3.44743
5.24033 60.2093 1.03235e-06 159570 3.47629
5.25479 60.5093 1.02895e-06 164304 3.50516
5.26952 60.4654 1.01961e-06 165720 3.5347
5.28409 60.8177 1.01709e-06 162866 3.56411
5.29868 61.1489 1.0142e-06 169056 3.59372
5.31346 61.1277 1.00541e-06 167502 3.62388
5.32816 61.2267 9.98734e-07 169964 3.65402
5.34291 61.6545 9.97402e-07 170478 3.68446
5.35779 62.2373 9.98468e-07 175200 3.71533
5.37276 62.0517 9.8719e-07 173130 3.74656
5.38758 62.3303 9.83464e-07 175712 3.77764
5.4026 62.3028 9.74855e-07 177438 3.80932
5.41755 62.5472 9.70595e-07 178092 3.84105
5.43256 62.8835 9.67752e-07 179694 3.87305
5.44764 63.2816 9.65809e-07 182504 3.9054
5.4628 63.1336 9.55555e-07 182394 3.93809
5.47789 63.7095 9.56321e-07 184464 3.97083
5.49311 63.4733 9.44876e-07 186398 4.00402
5.50841 64.1158 9.46511e-07 188844 4.03756
5.52365 64.2827 9.4114e-07 187230 4.07118
5.53901 64.6893 9.3924e-07 193776 4.10522
5.55452 65.0111 9.36027e-07 192218 4.1398
5.56983 64.8158 9.25539e-07 192408 4.17414
5.58522 65.2633 9.24245e-07 195510 4.20884
5.60076 65.3696 9.18068e-07 198404 4.24405
5.6164 65.8731 9.17431e-07 200310 4.27971
5.63203 65.7074 9.07527e-07 201216 4.31554
5.64768 66.2468 9.0739e-07 201618 4.35162
5.66335 66.59 9.04541e-07 204680 4.38794
5.67898 66.6834 8.98353e-07 202770 4.42437
5.69478 66.5008 8.88455e-07 211800 4.46141
5.71065 66.9471 8.86983e-07 205718 4.4988
5.72637 67.2936 8.84251e-07 211452 4.53606
5.74229 66.9255 8.7212e-07 213150 4.574
5.75836 67.6133 8.73727e-07 217512 4.6125
5.77442 68.146 8.73283e-07 214754 4.65121
5.79027 67.8856 8.62823e-07 215424 4.6896
5.80643 68.485 8.63191e-07 224574 4.72899
5.82259 68.9617 8.61983e-07 218588 4.76858
5.83867 69.0895 8.56465e-07 223902 4.8082
5.85483 68.8136 8.45999e-07 224952 4.84824
5.87119 69.3056 8.44945e-07 230258 4.88899
5.88752 69.6523 8.42129e-07 227544 4.92989
5.90382 69.66 8.35265e-07 231018 4.97095
5.92021 70.1727 8.34441e-07 234504 5.01248
5.93666 70.6172 8.32766e-07 233102 5.05438
5.95305 70.479 8.24292e-07 236892 5.09635
5.96958 70.9843 8.23323e-07 238830 5.13893
5.98612 71.088 8.17712e-07 241232 5.18175
6.00281 71.6091 8.16853e-07 243906 5.22522
6.01948 71.0957 8.04277e-07 244704 5.26888
6.03618 71.7874 8.0538e-07 246698 5.31285
6.05287 72.4377 8.05972e-07 248664 5.35704
6.06975 72.6307 8.01394e-07 253494 5.40199
6.08663 72.6323 7.94764e-07 251522 5.44718
6.10345 72.9347 7.91494e-07 255336 5.49246
6.12039 73.0491 7.8617e-07 257694 5.53833
6.13742 73.337 7.82719e-07 260988 5.58467
6.15452 73.7609 7.80699e-07 261638 5.63148
6.17151 73.7863 7.74536e-07 262356 5.67825
6.18861 74.236 7.72813e-07 266478 5.72559
6.20588 74.4239 7.68319e-07 272048 5.77366
6.22322 75.1469 7.69316e-07 269850 5.82219
6.24044 75.582 7.67384e-07 272544 5.87064
6.25776 75.348 7.58672e-07 275546 5.91967
6.27506 75.4836 7.53771e-07 275334 5.96889
6.29257 75.9888 7.52498e-07 285024 6.019
6.3102 76.4243 7.50484e-07 282242 6.06974
6.32759 76.5976 7.46002e-07 280800 6.12005
6.34509 76.7358 7.41182e-07 288330 6.17097
6.36273 77.2943 7.40382e-07 290024 6.2226
6.38041 77.0579 7.32e-07 290598 6.27461
6.39805 77.7281 7.32276e-07 293748 6.3268
6.4159 78.0708 7.29383e-07 299582 6.37989
6.43369 78.6888 7.29075e-07 295914 6.4331
6.45145 78.9932 7.25867e-07 302352 6.48653
6.46945 79.0718 7.20542e-07 305342 6.54098
6.48737 79.2033 7.15774e-07 305532 6.59549
6.50541 79.6537 7.13873e-07 310806 6.65067
6.52346 79.8744 7.09926e-07 310436 6.70617
6.54163 80.3892 7.08565e-07 318006 6.76236
6.55978 80.9477 7.07581e-07 312846 6.81881
6.57792 80.9021 7.01348e-07 322508 6.87553
6.59626 81.2942 6.98885e-07 321318 6.9332
6.61457 81.5971 6.95679e-07 327204 6.9911
6.63294 82.0324 6.93597e-07 325766 7.04949
6.65129 82.3937 6.90902e-07 330246 7.10817
6.6698 82.8783 6.89195e-07 335868 7.16768
6.68842 83.1636 6.85807e-07 336710 7.22788
6.70692 83.7771 6.85167e-07 336636 7.28801
6.72554 84.0324 6.8156e-07 343542 7.34891
6.74416 83.8797 6.74702e-07 342092 7.41011
6.76288 84.2344 6.71946e-07 349446 7.47197
6.78171 84.8178 6.70979e-07 350118 7.53457
6.80049 85.1635 6.68148e-07 352628 7.59732
6.81946 85.3575 6.64098e-07 359334 7.66107
6.83836 86.1535 6.64747e-07 356364 7.72497
6.8573 86.5041 6.61937e-07 362990 7.78933
6.87632 86.608 6.57247e-07 364062 7.85434
6.8954 87.2862 6.56911e-07 369756 7.91989
6.91452 87.5238 6.5325e-07 368726 7.98596
6.93369 87.6623 6.48873e-07 375786 8.05255
6.95298 88.2105 6.47511e-07 378600 8.11995
6.97229 88.7574 6.46129e-07 379394 8.18777
6.99165 89.2062 6.44014e-07 386568 8.25619
7.01113 89.6013 6.4149e-07 386906 8.3254
7.03054 89.9493 6.38662e-07 388950 8.39474
7.05003 89.9447 6.33347e-07 394512 8.46475
7.06964 91.0521 6.35825e-07 396818 8.53557
7.08927 91.2356 6.31829e-07 401112 8.60686
7.109 91.6448 6.29392e-07 404850 8.67894
7.12874 92.3281 6.28833e-07 405566 8.75143
7.14845 92.6638 6.25913e-07 409308 8.82422
7.16828 93.3173 6.25112e-07 413766 8.89785
7.18818 93.8919 6.23752e-07 417050 8.97215
7.2082 93.846 6.18265e-07 425232 9.04735
7.22829 94.6333 6.18267e-07 421862 9.12321
7.24825 95.2529 6.17189e-07 426402 9.199
7.26841 95.7534 6.15283e-07 434688 9.27596
7.28872 96.1716 6.12821e-07 436634 9.35391
7.30888 96.8628 6.12131e-07 434784 9.43177
7.32907 97.5991 6.11701e-07 441018 9.51013
7.34941 97.7863 6.078e-07 447350 9.58953
7.36984 98.658 6.08132e-07 449868 9.66974
7.3903 99.0572 6.05535e-07 453206 9.75049
7.4108 99.4831 6.03107e-07 456570 9.83185
7.4314 100.391 6.03565e-07 463824 9.91407
7.45208 100.838 6.01219e-07 463718 9.99706
7.47272 101.638 6.00977e-07 468186 10.0804
7.49346 102.24 5.99531e-07 473448 10.1645
7.51434 103.414 6.01377e-07 479354 10.2497
7.5352 103.328 5.959e-07 477702 10.3353
7.55605 104.282 5.9644e-07 485204 10.4214
7.5771 104.738 5.94063e-07 491454 10.5087
7.59817 105.704 5.94573e-07 491226 10.5966
7.61922 106.328 5.93138e-07 497648 10.685
7.64048 107.465 5.9449e-07 504930 10.7746
7.66167 107.651 5.90593e-07 500358 10.8645
7.6828 108.903 5.92544e-07 508652 10.9547
7.70418 109.282 5.8967e-07 516390 11.0464
7.72557 110.316 5.90316e-07 515642 11.1386
7.74695 111 5.89074e-07 521880 11.2314
7.76853 111.791 5.88344e-07 530850 11.3255
7.79012 112.461 5.86963e-07 527054 11.4202
7.8116 113.738 5.8874e-07 534156 11.5149
7.83338 114.711 5.88843e-07 545150 11.6115
7.85521 115.621 5.88578e-07 543474 11.7088
7.87691 116.386 5.87589e-07 545310 11.8062
7.89874 117.617 5.88893e-07 555788 11.9046
7.92074 118.271 5.87248e-07 559542 12.0043
7.94278 119.414 5.88002e-07 564146 12.1048
7.96481 120.716 5.89493e-07 566520 12.2058
7.98694 121.39 5.87869e-07 573594 12.3078
8.00914 122.855 5.90032e-07 577718 12.4108
8.03133 123.163 5.86622e-07 579300 12.5142
8.05362 124.612 5.88609e-07 586235 12.6187
8.07603 125.464 5.87714e-07 585156 12.7243
8.09843 125.866 5.84718e-07 582704 12.8305
8.12088 125.856 5.79837e-07 584544 12.9375
8.14345 126.431 5.77653e-07 585204 13.0456
8.16605 127.594 5.78139e-07 582812 13.1546
8.18871 127.769 5.74141e-07 584472 13.2644
8.21146 128.2 5.71303e-07 584132 13.3753
8.23424 129.251 5.71217e-07 582540 13.4869
8.25707 129.76 5.68725e-07 582096 13.5993
8.28004 130.278 5.66255e-07 586412 13.7132
8.30307 130.719 5.63459e-07 581640 13.8279
8.32613 131.874 5.6373e-07 583304 13.9434
8.34929 131.911 5.59208e-07 583536 14.0601
8.37244 132.609 5.57514e-07 578204 14.1774
8.39565 133.947 5.58485e-07 582180 14.2956
8.41901 134.26 5.55143e-07 582144 14.4153
8.44239 134.684 5.5228e-07 578780 14.5357
8.46576 135.903 5.52677e-07 577524 14.6568
8.48924 136.518 5.50583e-07 579584 14.779
8.51287 136.859 5.47376e-07 580752 14.9028
8.53655 137.609 5.45809e-07 576896 15.0275
8.5602 138.671 5.45473e-07 575412 15.1527
8.58391 139.036 5.42391e-07 575676 15.2791
8.60777 139.622 5.40159e-07 576392 15.4068
8.63167 140.338 5.3843e-07 574368 15.5355
8.6556 141.325 5.37732e-07 572624 15.6651
8.67964 142.197 5.36571e-07 574056 15.7959
8.70378 142.759 5.34222e-07 572864 15.9281
8.72791 143.868 5.33916e-07 568992 16.0609
8.75214 144.283 5.31023e-07 572024 16.1951
8.77648 145.488 5.31012e-07 569052 16.3306
8.80086 146.043 5.28622e-07 568236 16.467
8.82523 146.576 5.26167e-07 563612 16.6042
8.84969 147.739 5.25958e-07 567216 16.7427
8.8743 148.708 5.25013e-07 564740 16.8828
8.89896 149.78 5.24414e-07 563940 17.0239
8.92369 149.878 5.20407e-07 562172 17.1662
8.9485 150.883 5.19554e-07 561948 17.3097
8.97339 152.156 5.19588e-07 560084 17.4546
8.9983 152.99 5.18108e-07 556764 17.6004
9.02321 154.061 5.17428e-07 553976 17.7469
9.04824 155.072 5.16514e-07 556344 17.895
9.07338 156.323 5.16363e-07 552420 18.0446
9.09857 156.029 5.11124e-07 552200 18.1953
9.12381 157.603 5.12006e-07 548880 18.3472
9.14913 158.839 5.11751e-07 548696 18.5003
9.17454 159.766 5.10471e-07 546948 18.6549
9.20009 160.536 5.08669e-07 547364 18.8112
9.22565 162.039 5.09176e-07 540792 18.9684
9.2512 162.534 5.06511e-07 540320 19.1264
9.27686 163.993 5.06828e-07 538668 19.2861
9.30261 164.401 5.03883e-07 537260 19.4471
9.32845 165.956 5.04435e-07 534912 19.6096
9.35439 166.149 5.00831e-07 534812 19.7737
9.38034 167.708 5.01347e-07 527424 19.9386
9.40633 169.188 5.01591e-07 528968 20.1048
9.43243 170.088 5.00083e-07 525312 20.2727
9.45865 170.876 4.98235e-07 525968 20.4422
9.48493 172.478 4.98735e-07 520272 20.6131
9.51128 174.026 4.99042e-07 520256 20.7853
9.53767 175.419 4.98872e-07 514536 20.9589
9.56415 176.634 4.98165e-07 515732 21.1339
9.59074 177.532 4.96548e-07 510624 21.3106
9.61731 178.733 4.95774e-07 507288 21.4883
9.64399 180.768 4.97268e-07 505904 21.6676
9.67076 182.092 4.96764e-07 502608 21.8485
9.69767 183.321 4.95964e-07 502280 22.0314
9.72462 185.117 4.96672e-07 496404 22.2156
9.75161 186.365 4.95879e-07 494156 22.4011
9.77867 187.169 4.93895e-07 490572 22.5881
9.80581 189.08 4.94806e-07 487856 22.7767
9.83305 190.164 4.93518e-07 485592 22.9671
9.86033 191.825 4.9371e-07 479840 23.1587
9.88774 194.057 4.95312e-07 480792 23.3524
9.91523 194.838 4.93179e-07 473276 23.5477
9.94267 196.745 4.93893e-07 469716 23.7438
9.97028 199.51 4.96687e-07 469388 23.9421
9.99798 200.758 4.9565e-07 463164 24.1422
10.0257 202.34 4.95419e-07 460964 24.3438
10.0536 204.638 4.96892e-07 456404 24.5473
10.0815 205.765 4.95491e-07 453096 24.7523
10.1095 208.381 4.97636e-07 447944 24.9589
10.1375 209.829 4.96946e-07 445104 25.1672
10.1657 212.65 4.99454e-07 440876 25.3776
10.1939 213.829 4.98057e-07 438372 25.5898
10.2223 215.991 4.98922e-07 431156 25.8038
10.2506 217.819 4.98989e-07 426816 26.0187
10.279 220.921 5.0191e-07 424208 26.2357
10.3076 221.769 4.99658e-07 420060 26.4551
10.3362 225.125 5.03014e-07 414500 26.6762
10.3649 228.498 5.06327e-07 409044 26.8987
10.3936 230.176 5.05826e-07 406184 27.1231
10.4225 231.404 5.04301e-07 401808 27.3503
10.4515 234.979 5.07849e-07 394448 27.5787
10.4804 237.805 5.09711e-07 390564 27.8085
10.5095 239.809 5.09746e-07 386420 28.0409
10.5387 241.104 5.08251e-07 380148 28.2752
10.568 246.281 5.1487e-07 375116 28.5111
10.5973 248.919 5.16071e-07 371108 28.7494
10.6268 251.485 5.17072e-07 363588 28.9896
10.6563 254.436 5.18803e-07 360704 29.2318
10.6859 257.963 5.21635e-07 352920 29.4761
10.7155 261.105 5.23617e-07 347888 29.7223
10.7453 263.428 5.23896e-07 342564 29.9707
10.7751 266.491 5.25599e-07 336104 30.221
10.805 269.998 5.28107e-07 329616 30.4733
10.835 274.366 5.32211e-07 324044 30.7274
10.865 276.717 5.32331e-07 317940 30.9838
10.8952 279.699 5.33607e-07 311516 31.2428
10.9255 283.248 5.35894e-07 306920 31.5041
10.9559 286.267 5.37117e-07 297936 31.7675
10.9864 290.217 5.40009e-07 293684 32.0334
11.0169 293.379 5.41372e-07 284568 32.3008
11.0473 297.037 5.43604e-07 276704 32.5693
11.078 301.699 5.47554e-07 274896 32.8418
11.1089 303.349 5.45978e-07 263228 33.1168
11.1396 306.82 5.47662e-07 257720 33.3927
11.1706 308.341 5.45817e-07 250968 33.6716
11.2016 311.758 5.47295e-07 242276 33.9529
11.2326 315.331 5.48986e-07 236220 34.2362
11.2638 316.853 5.47066e-07 227624 34.5222
11.2952 321.437 5.50376e-07 221304 34.811
11.3265 321.636 5.46149e-07 212204 35.1021
11.3579 322.834 5.43664e-07 203168 35.394
11.3893 325.503 5.43625e-07 197955 35.6892
11.4211 326.773 5.41207e-07 190268 35.9884
11.4529 330.101 5.42181e-07 184188 36.2897
11.4846 332.677 5.41891e-07 176492 36.5924
11.5165 336.729 5.43954e-07 172200 36.8977
11.5486 340.17 5.44943e-07 166544 37.207
11.5807 342.4 5.43969e-07 160160 37.518
11.6127 344.342 5.42533e-07 155010 37.8307
11.6449 346.51 5.41435e-07 149948 38.1461
11.6773 352.189 5.45748e-07 145458 38.4648
11.7097 356.343 5.47605e-07 140444 38.7866
11.7423 358.402 5.46206e-07 135596 39.1106
11.7747 361.899 5.46981e-07 130308 39.4362
11.8074 367.328 5.50599e-07 126860 39.7648
11.8402 371.836 5.52726e-07 122748 40.098
11.8732 373.925 5.51215e-07 118076 40.4338
11.9062 381.162 5.57227e-07 113774 40.7716
11.9391 383.92 5.56623e-07 109236 41.1112
11.9722 391.288 5.62622e-07 105638 41.4534
12.0054 394.943 5.63171e-07 102174 41.7998
12.0389 401.977 5.68432e-07 98708 42.1505
12.0724 407.39 5.71302e-07 94310 42.5035
12.1059 412.818 5.7413e-07 90414 42.8577
12.1394 420.927 5.80564e-07 87398 43.2153
12.1731 420.29 5.74888e-07 83462 43.5758
12.2067 428.797 5.81692e-07 79902 43.9379
12.2406 438.512 5.89942e-07 77558 44.3049
12.2748 440.772 5.88046e-07 74094 44.6769
12.309 449.887 5.95213e-07 71006 45.0516
12.3433 457.356 6.0007e-07 67574 45.4289
12.3775 461.259 6.00186e-07 64368 45.8078
12.4118 472.255 6.09416e-07 61502 46.1894
12.446 473.231 6.05646e-07 58214 46.573
12.4804 482.748 6.12738e-07 55872 46.9597
12.515 501.465 6.31227e-07 53270 47.3516
12.5498 512.792 6.40129e-07 50742 47.7479
12.5848 519.343 6.42923e-07 48032 48.1477
12.6198 525.437 6.45064e-07 45638 48.551
12.6549 533.097 6.49032e-07 43008 48.9576
12.6901 546.077 6.59318e-07 40694 49.3673
12.7255 560.04 6.70556e-07 38408 49.781
12.7609 574.463 6.8212e-07 35958 50.1975
12.7963 589.303 6.93937e-07 33920 50.6172
12.8319 592.805 6.92273e-07 31622 51.0405
12.8675 616.006 7.13413e-07 29640 51.4665
12.9033 638.783 7.33659e-07 27662 51.8966
12.939 642.216 7.31507e-07 25568 52.3291
12.9748 659.965 7.45511e-07 23904 52.7651
13.0109 677.32 7.58769e-07 22118 53.2064
13.0469 692.642 7.69532e-07 20168 53.6491
13.083 715.771 7.88659e-07 18816 54.096
13.1194 723.196 7.90225e-07 17126 54.5488
13.1559 741.516 8.0352e-07 15680 55.0052
13.1925 758.455 8.1505e-07 14184 55.4658
13.2293 797.073 8.49432e-07 12854 55.9307
13.2663 802.697 8.48281e-07 11600 56.4017
13.3038 826.87 8.66472e-07 10428 56.8805
13.3412 865.043 8.98863e-07 9032 57.362
13.3781 882.142 9.09056e-07 7838 57.8399
13.4149 911.552 9.31657e-07 6816 58.3184
13.4517 968.877 9.8215e-07 5840 58.7992
13.4884 970.246 9.75539e-07 4952 59.2812
13.5246 996.115 9.93527e-07 4062 59.7599
13.5603 1039.01 1.02814e-06 3368 60.2348
13.596 1138.11 1.11735e-06 2744 60.7124
13.6318 1105.19 1.0765e-06 2184 61.1931
13.6739 1167.4 1.12664e-06 2192 61.7614
13.7179 1259.35 1.20371e-06 1238 62.3597
13.7573 1281.27 1.21418e-06 728 62.8983
13.7931 1333.01 1.25339e-06 456 63.391
13.8288 1424.19 1.32877e-06 248 63.8846
13.8642 1427.82 1.322e-06 104 64.3755
13.8983 1342.3 1.23369e-06 24 64.852
13.93 422.379 3.85558e-07 1 65.2968
0.499324
1398
200
512
1.64658
0.502655 2.79913 5.43818e-05 6 0.00306796
0.710861 3.08662 2.12016e-05 12 0.00867751
0.870624 7.56502 2.82851e-05 8 0.0159416
1.00531 2.86129 6.94869e-06 6 0.0245437
1.12397 4.29976 7.4717e-06 24 0.0343009
1.23125 7.3036 9.65474e-06 24 0.0450896
1.42172 3.51916 3.02158e-06 12 0.06942
1.50796 8.50433 6.11937e-06 30 0.082835
1.58953 7.06288 4.33922e-06 24 0.0970175
1.66712 14.1459 7.53307e-06 24 0.111928
1.74125 5.31931 2.48607e-06 8 0.127533
1.81235 14.4361 5.98364e-06 24 0.143802
1.88076 10.3501 3.83868e-06 48 0.16071
2.01062 14.7878 4.48904e-06 6 0.19635
2.0725 14.2246 3.94272e-06 48 0.215042
2.13258 15.0504 3.82886e-06 36 0.234293
2.19102 14.3212 3.35952e-06 24 0.254086
2.24794 16.898 3.67047e-06 24 0.274407
2.30345 15.4425 3.11759e-06 48 0.295242
2.35766 18.357 3.45619e-06 24 0.31658
2.4625 17.1419 2.83252e-06 24 0.360717
2.51327 18.6327 2.89598e-06 30 0.383495
2.56305 14.4391 2.11597e-06 72 0.406733
2.61187 21.8813 3.0301e-06 32 0.430423
2.70688 22.8534 2.84305e-06 72 0.479123
2.75315 27.9403 3.30354e-06 48 0.504118
2.84345 33.845 3.63246e-06 12 0.55536
2.88753 27.6481 2.8335e-06 48 0.581595
2.93096 19.0571 1.86753e-06 48 0.608231
2.97375 27.5796 2.58772e-06 48 0.635261
3.01593 23.3912 2.10392e-06 30 0.66268
3.05753 30.2699 2.61299e-06 24 0.690482
3.09857 32.4839 2.69416e-06 72 0.718663
3.17907 24.0181 1.8445e-06 24 0.77614
3.21856 33.3281 2.46641e-06 96 0.805426
3.25758 30.218 2.15686e-06 48 0.835072
3.29613 30.5425 2.10442e-06 24 0.865073
3.33423 22.9255 1.52606e-06 24 0.895424
3.37191 27.8169 1.79028e-06 72 0.926123
3.40917 25.1772 1.56784e-06 48 0.957165
3.48249 23.0945 1.3492e-06 8 1.02026
3.51858 28.5865 1.61919e-06 54 1.05231
3.55431 44.2679 2.43256e-06 84 1.08469
3.58967 37.4029 1.99517e-06 48 1.11739
3.6247 25.6301 1.32793e-06 24 1.15042
3.65938 39.2297 1.97529e-06 72 1.18376
3.69374 33.2243 1.62665e-06 96 1.21742
3.76152 32.567 1.50982e-06 48 1.28568
3.79496 40.0143 1.80648e-06 48 1.32027
3.82811 44.4376 1.95452e-06 24 1.35516
3.86096 43.5652 1.86763e-06 72 1.39036
3.92586 55.5478 2.26518e-06 72 1.46165
3.95791 42.7813 1.70254e-06 96 1.49774
4.02124 30.7588 1.16716e-06 6 1.5708
4.05253 41.5133 1.53903e-06 96 1.60776
4.08359 52.927 1.91775e-06 96 1.645
4.11441 56.7353 2.00988e-06 24 1.68253
4.145 51.1631 1.77265e-06 48 1.72034
4.17536 47.4427 1.60815e-06 96 1.75842
4.20551 49.7566 1.65057e-06 48 1.79679
4.26517 39.855 1.2674e-06 36 1.87434
4.29468 35.0789 1.09268e-06 48 1.91353
4.324 37.527 1.14532e-06 120 1.95298
4.35312 54.964 1.64406e-06 56 1.9927
4.38204 34.8077 1.02067e-06 24 2.03269
4.41078 45.8436 1.31817e-06 96 2.07294
4.43933 53.1971 1.50029e-06 48 2.11345
4.49588 60.3399 1.63832e-06 24 2.19525
4.52389 62.7911 1.6734e-06 102 2.23654
4.55173 48.5255 1.26964e-06 48 2.27809
4.5794 49.7775 1.27893e-06 72 2.31989
4.60691 35.9194 9.06443e-07 48 2.36194
4.63425 38.7607 9.60933e-07 48 2.40424
4.66143 48.1432 1.17278e-06 120 2.4468
4.71532 44.1236 1.03843e-06 24 2.53264
4.74204 49.0782 1.13562e-06 144 2.57594
4.7686 49.9403 1.13636e-06 120 2.61947
4.79502 45.2262 1.01218e-06 48 2.66325
4.84743 42.3 9.16317e-07 48 2.75153
4.87342 54.2888 1.15731e-06 96 2.79603
4.92499 72.5491 1.4985e-06 24 2.88574
4.95058 62.0369 1.2616e-06 48 2.93094
4.97603 50.6317 1.01394e-06 108 2.97638
5.00135 60.9405 1.20194e-06 72 3.02206
5.02655 52.262 1.01535e-06 30 3.06796
5.05162 59.11 1.13138e-06 168 3.1141
5.07656 46.0973 8.69371e-07 48 3.16046
5.12609 57.2612 1.04892e-06 72 3.25387
5.15068 67.5051 1.21894e-06 96 3.30091
5.17515 51.9422 9.2468e-07 72 3.34818
5.1995 43.4673 7.62987e-07 72 3.39567
5.22374 68.184 1.18026e-06 32 3.44338
5.24787 55.3669 9.45237e-07 72 3.49132
5.27189 57.0259 9.60313e-07 144 3.53948
5.34329 67.5719 1.0929e-06 96 3.68526
5.36688 61.7795 9.86092e-07 96 3.73428
5.39037 56.8494 8.9559e-07 48 3.78353
5.41376 69.9043 1.08704e-06 72 3.83298
5.43704 65.1354 9.99927e-07 120 3.88265
5.46023 68.2329 1.03419e-06 72 3.93254
5.50631 73.7724 1.09032e-06 48 4.03294
5.5292 62.4066 9.10925e-07 78 4.08346
5.552 66.2104 9.5459e-07 120 4.13418
5.57471 49.8675 7.10216e-07 48 4.18512
5.61985 56.0196 7.78762e-07 144 4.28761
5.64229 50.6597 6.95884e-07 144 4.33916
5.68689 126.456 1.69651e-06 12 4.44288
5.70906 65.6488 8.70507e-07 144 4.49505
5.73115 53.9419 7.07036e-07 48 4.54742
5.75315 50.9598 6.60314e-07 120 4.59999
5.77506 60.1326 7.70335e-07 48 4.65276
5.7969 68.9164 8.72921e-07 48 4.70573
5.81865 76.1811 9.54157e-07 168 4.75891
5.86191 80.898 9.90968e-07 48 4.86585
5.88342 52.8465 6.40274e-07 96 4.91961
5.90486 56.5099 6.7723e-07 96 4.97357
5.92621 79.1245 9.38035e-07 72 5.02773
5.94749 57.2269 6.71179e-07 48 5.08209
5.9687 75.4679 8.75717e-07 96 5.13663
5.98982 49.6038 5.69525e-07 48 5.19138
6.03186 73.6434 8.27981e-07 30 5.30144
6.05277 76.4106 8.50221e-07 96 5.35676
6.0736 75.468 8.3112e-07 192 5.41227
6.09437 80.803 8.80809e-07 56 5.46797
6.11506 48.6963 5.25453e-07 24 5.52386
6.13568 63.072 6.73732e-07 168 5.57994
6.15624 77.8658 8.23455e-07 120 5.63621
6.19714 62.3955 6.46872e-07 72 5.7493
6.2175 81.8194 8.39943e-07 144 5.80613
6.23778 65.2765 6.636e-07 96 5.86315
6.258 78.5428 7.9075e-07 96 5.92035
6.29825 74.7435 7.38166e-07 72 6.03531
6.31827 73.1205 7.15292e-07 96 6.09306
6.35814 46.0817 4.42363e-07 24 6.20912
6.37797 79.4981 7.56046e-07 192 6.26742
6.39775 74.8506 7.05266e-07 108 6.3259
6.41747 67.9154 6.3404e-07 24 6.38457
6.43712 61.8483 5.72127e-07 96 6.44341
6.45672 74.6482 6.84264e-07 96 6.50243
6.47625 84.1817 7.64691e-07 120 6.56163
6.51515 83.6992 7.46771e-07 48 6.68057
6.53451 89.0893 7.87818e-07 78 6.74031
6.55382 73.6357 6.45424e-07 144 6.80023
6.57306 85.1542 7.39847e-07 120 6.86032
6.59226 94.2861 8.12055e-07 24 6.92058
6.61139 79.3851 6.77798e-07 168 6.98102
6.63047 81.657 6.91193e-07 144 7.04164
6.66847 50.0073 4.16097e-07 24 7.1634
6.68739 78.1148 6.44472e-07 48 7.22453
6.70625 70.8156 5.79334e-07 96 7.28584
6.72506 88.1253 7.1491e-07 120 7.34733
6.74382 118.523 9.53506e-07 72 7.40898
6.76253 67.94 5.42048e-07 120 7.47081
6.78118 76.3895 6.04445e-07 144 7.53281
6.81834 98.4373 7.66237e-07 48 7.65732
6.83684 84.9756 6.56095e-07 192 7.71983
6.8553 88.3482 6.76641e-07 144 7.7825
6.8737 68.9443 5.23801e-07 48 7.84535
6.91036 77.2232 5.77411e-07 192 7.97155
6.92862 86.6654 6.42903e-07 48 8.0349
6.96499 35.6462 2.6031e-07 8 8.1621
6.99816 80.0604 5.76377e-07 288 8.27926
7.01919 72.6151 5.1809e-07 96 8.35414
7.03717 85.4716 6.05156e-07 54 8.41849
7.0551 86.1932 6.05625e-07 120 8.483
7.07298 82.1441 5.72807e-07 120 8.54767
7.10861 96.9254 6.65768e-07 84 8.67751
7.12636 90.9634 6.20159e-07 144 8.74267
7.14407 84.1802 5.69657e-07 72 8.80799
7.16173 78.7643 5.29073e-07 96 8.87348
7.19106 115.731 7.67911e-07 144 8.98295
7.21445 76.0206 4.99529e-07 240 9.07091
7.24939 79.3575 5.13952e-07 24 9.20333
7.2668 78.5684 5.05195e-07 240 9.26978
7.28416 93.738 5.98435e-07 96 9.33639
7.31012 94.0904 5.94308e-07 144 9.43656
7.33601 64.9283 4.05784e-07 96 9.53717
7.35321 114.019 7.076e-07 72 9.60441
7.38749 123.441 7.55453e-07 96 9.73936
7.40457 93.8724 5.7053e-07 96 9.80708
7.42916 99.869 6.00968e-07 216 9.90512
7.4725 97.1764 5.74649e-07 192 10.0795
7.48939 105.626 6.20401e-07 144 10.148
7.52305 90.1704 5.22543e-07 48 10.2854
7.53982 70.0273 4.0311e-07 150 10.3544
7.55656 97.6037 5.58128e-07 96 10.4235
7.57326 81.7637 4.64464e-07 120 10.4927
7.60179 105.291 5.91402e-07 168 10.6118
7.62314 80.5243 4.48503e-07 240 10.7014
7.65621 42.9934 2.36374e-07 24 10.8413
7.68256 88.4748 4.8144e-07 360 10.9536
7.70555 94.2776 5.08437e-07 48 11.0523
7.72193 92.7978 4.97278e-07 72 11.1229
7.74479 94.4323 5.0157e-07 240 11.222
7.81103 94.1204 4.87302e-07 276 11.5124
7.83561 85.6002 4.39031e-07 104 11.6214
7.85172 110.526 5.63389e-07 72 11.6932
7.87519 84.3918 4.2634e-07 312 11.7984
7.91582 101.363 5.04232e-07 96 11.9819
7.93971 107.092 5.27938e-07 288 12.0908
7.96355 93.2836 4.55748e-07 168 12.2
7.99521 63.3023 3.05611e-07 48 12.3461
8.011 91.515 4.3921e-07 192 12.4194
8.05769 104.694 4.93774e-07 198 12.6378
8.07383 80.9306 3.79414e-07 96 12.7139
8.09726 93.1124 4.32746e-07 192 12.8249
8.12064 102.151 4.70665e-07 216 12.9363
8.13618 107.832 4.94e-07 72 13.0107
8.16717 106.87 4.84039e-07 96 13.16
8.19364 87.5978 3.92918e-07 336 13.2884
8.21345 116.247 5.17661e-07 48 13.385
8.24287 93.6729 4.12684e-07 288 13.5293
8.25946 107.302 4.69888e-07 192 13.6112
8.29 147.684 6.39604e-07 48 13.7627
8.30522 82.8196 3.56713e-07 96 13.8387
8.32731 95.9193 4.09856e-07 264 13.9494
8.35073 100.617 4.26324e-07 96 14.0674
8.3764 76.721 3.22093e-07 240 14.1975
8.42353 89.2612 3.68486e-07 288 14.4385
8.44101 104.361 4.28149e-07 96 14.5286
8.45596 113.071 4.61425e-07 72 14.6059
8.49216 119.159 4.80079e-07 336 14.7943
8.54127 116.566 4.61578e-07 138 15.0525
8.5599 125.281 4.92853e-07 240 15.1512
8.57955 110.274 4.30843e-07 144 15.2558
8.61048 107.938 4.17188e-07 384 15.4214
8.65698 100.213 3.81123e-07 312 15.6725
8.67717 104.585 3.94981e-07 72 15.7824
8.69499 114.355 4.29229e-07 248 15.8799
8.72942 113.862 4.2234e-07 240 16.0693
8.76409 87.3434 3.20147e-07 24 16.2615
8.77849 104.691 3.81847e-07 192 16.3418
8.79618 99.1299 3.59387e-07 312 16.4408
8.83014 108.15 3.87583e-07 240 16.6319
8.85015 117.401 4.17886e-07 96 16.7453
8.87865 114.563 4.03872e-07 48 16.9076
8.90372 105.766 3.69719e-07 408 17.0512
8.92124 89.0724 3.09533e-07 144 17.152
8.94951 108.342 3.7294e-07 120 17.3157
8.96362 101.026 3.46116e-07 144 17.3977
9.00452 113.355 3.83088e-07 264 17.6369
9.02681 109.047 3.65806e-07 192 17.7682
9.04779 87.3743 2.91069e-07 102 17.8924
9.07025 111.459 3.6855e-07 432 18.0259
9.10347 115.46 3.77617e-07 48 18.2247
9.12079 118.748 3.8616e-07 384 18.329
9.1519 102.846 3.31049e-07 144 18.5172
9.18009 117.914 3.76065e-07 264 18.6888
9.22295 112.392 3.53481e-07 144 18.9518
9.24727 107.82 3.36435e-07 324 19.1021
9.28041 106.999 3.30308e-07 384 19.3082
9.29572 116.798 3.5878e-07 216 19.4039
9.32887 108.161 3.28718e-07 216 19.6123
9.35667 114.871 3.46007e-07 240 19.7881
9.39037 104.295 3.10781e-07 168 20.0027
9.40381 125.844 3.73389e-07 240 20.0887
9.44254 131.983 3.86803e-07 216 20.3379
9.46184 118.817 3.46093e-07 288 20.4629
9.48939 98.4786 2.84358e-07 240 20.6422
9.51068 105.258 3.01899e-07 72 20.7814
9.54398 105.88 3.00515e-07 246 21.0005
9.56795 108.379 3.05301e-07 320 21.1591
9.60101 111.058 3.09628e-07 288 21.3792
9.61635 121.953 3.38377e-07 144 21.4818
9.65568 142.683 3.91077e-07 288 21.7465
9.67622 116.061 3.16088e-07 336 21.8855
9.70415 127.056 3.43053e-07 168 22.0756
9.72088 122.583 3.2927e-07 336 22.19
9.75547 112.497 2.98975e-07 288 22.4277
9.77625 126.184 3.33216e-07 264 22.5713
9.81143 122.351 3.19632e-07 240 22.8159
9.8243 103.434 2.69152e-07 96 22.9058
9.86024 111.192 2.86188e-07 120 23.1581
9.88236 127.84 3.26831e-07 408 23.3143
9.91926 106.689 2.69726e-07 456 23.5765
9.95206 158.71 3.97287e-07 108 23.8111
9.9705 142.12 3.53788e-07 264 23.9437
9.99351 115.737 2.86125e-07 264 24.1099
10.025 123.752 3.03066e-07 312 24.3386
10.0643 129.733 3.14012e-07 270 24.6255
10.0807 130.993 3.15511e-07 240 24.7464
10.1103 135.388 3.23246e-07 384 24.9648
10.1282 102.476 2.43369e-07 192 25.098
10.1697 140.132 3.28739e-07 432 25.4077
10.1904 140.768 3.28225e-07 144 25.563
10.2213 135.737 3.1363e-07 480 25.7966
10.2604 110.843 2.53196e-07 216 26.0935
10.2853 134.752 3.0558e-07 312 26.284
10.3082 102.362 2.30588e-07 216 26.4597
10.335 129.338 2.89089e-07 192 26.667
10.3681 121.332 2.68606e-07 624 26.924
10.3941 161.654 3.55189e-07 120 27.1273
10.4163 142.977 3.12149e-07 336 27.3015
10.4574 118.224 2.55081e-07 176 27.6254
10.4747 130.58 2.80349e-07 384 27.7625
10.5085 123.844 2.63328e-07 408 28.0323
10.5438 116.051 2.44286e-07 144 28.3158
10.564 131.478 2.75173e-07 486 28.4792
10.6035 185.821 3.84578e-07 96 28.7998
10.6154 130.685 2.6956e-07 384 28.897
10.6571 143.974 2.93496e-07 492 29.2389
10.6866 151.736 3.0677e-07 384 29.482
10.7102 138.503 2.78167e-07 168 29.6779
10.7506 130.385 2.58925e-07 504 30.0147
10.7714 154.547 3.05132e-07 240 30.1893
10.7949 129.619 2.54243e-07 456 30.3877
10.836 122.046 2.36678e-07 264 30.736
10.8632 150.436 2.89547e-07 384 30.9679
10.8921 135.71 2.59126e-07 432 31.2162
10.9282 115.424 2.1822e-07 216 31.527
10.9474 139.127 2.61648e-07 360 31.6939
10.9817 143.979 2.68246e-07 312 31.9924
11.0218 125.349 2.30997e-07 240 32.3442
11.0425 143.43 2.62832e-07 414 32.5268
11.0763 148.563 2.69755e-07 552 32.8262
11.1116 137.025 2.4644e-07 360 33.1412
11.1349 137.918 2.46489e-07 432 33.3505
11.1687 142.811 2.52928e-07 480 33.6546
11.2059 137.349 2.40835e-07 288 33.9926
11.2302 141.658 2.46787e-07 312 34.2137
11.2562 156.935 2.71511e-07 360 34.4519
11.2995 138.933 2.37613e-07 576 34.8511
11.3354 151.271 2.56262e-07 464 35.1845
11.3515 137.919 2.32648e-07 192 35.335
11.3899 148.489 2.47954e-07 396 35.6946
11.4181 161.105 2.67034e-07 432 35.9603
11.4446 161.659 2.66093e-07 240 36.2115
11.4797 146.361 2.38715e-07 624 36.5449
11.5178 145.156 2.34406e-07 504 36.9103
11.5584 145.656 2.32742e-07 198 37.3022
11.5777 140.923 2.24057e-07 600 37.4888
11.6115 152.927 2.41024e-07 384 37.8185
11.6469 159.032 2.48364e-07 432 38.1659
11.6775 150.106 2.32586e-07 336 38.4676
11.7053 136.818 2.10491e-07 336 38.7429
11.7408 149.701 2.28227e-07 744 39.0965
11.7788 148.266 2.2386e-07 624 39.4771
11.8151 155.404 2.32485e-07 192 39.8426
11.837 151.572 2.25493e-07 432 40.0652
11.8692 141.531 2.08848e-07 504 40.3925
11.9071 140.302 2.05062e-07 336 40.7812
11.9357 151.335 2.19601e-07 456 41.0757
11.961 141.112 2.03469e-07 408 41.3376
11.9967 165.239 2.36137e-07 696 41.7088
12.0375 154.241 2.18188e-07 384 42.1357
12.0797 145.48 2.03645e-07 330 42.5803
12.1079 159.843 2.22189e-07 624 42.8796
12.1368 161.189 2.22467e-07 384 43.1869
12.1679 153.57 2.10331e-07 728 43.5194
12.2048 161.297 2.18911e-07 432 43.9174
12.2458 158.601 2.13101e-07 696 44.3608
12.2726 161.791 2.15967e-07 408 44.6527
12.3135 151.939 2.00799e-07 456 45.1014
12.336 158.711 2.08605e-07 408 45.3485
12.3706 160.292 2.08918e-07 528 45.7315
12.4155 155.633 2.00655e-07 576 46.231
12.4491 156.134 1.99674e-07 672 46.6077
12.4869 164.87 2.08935e-07 384 47.0337
12.5204 162.82 2.04686e-07 600 47.4132
12.5516 157.387 1.96388e-07 294 47.7677
12.5804 168.071 2.08279e-07 600 48.098
12.6134 171.141 2.10425e-07 768 48.4771
12.6565 176.442 2.14733e-07 648 48.976
12.6923 177.775 2.14531e-07 408 49.3924
12.7292 155.361 1.85856e-07 552 49.8248
12.7636 176.431 2.09359e-07 648 50.2301
12.8023 170.949 2.01022e-07 348 50.688
12.8251 161.497 1.88897e-07 744 50.9589
12.8679 158.476 1.83518e-07 672 51.4713
12.9036 167.447 1.923e-07 456 51.9012
12.9334 191.747 2.18693e-07 600 52.2607
12.9695 179.98 2.03562e-07 744 52.6997
13.006 179.365 2.0116e-07 288 53.1466
13.0495 164.568 1.82729e-07 704 53.6806
13.081 190.009 2.09456e-07 678 54.0708
13.1208 184.875 2.01945e-07 648 54.5662
13.1596 177.973 1.92691e-07 648 55.0519
13.1964 196.657 2.11146e-07 696 55.5145
13.2284 178.742 1.90523e-07 696 55.9191
13.2734 185.143 1.95346e-07 552 56.4915
13.3052 196.694 2.06046e-07 840 56.8994
13.3506 178.325 1.84906e-07 600 57.4831
13.3849 172.582 1.7758e-07 696 57.9271
13.4246 201.67 2.05672e-07 672 58.4447
13.4567 191.312 1.93718e-07 552 58.8642
13.5 191.944 1.92494e-07 492 59.4345
13.5339 178.806 1.77975e-07 840 59.8832
13.5717 169.9 1.677e-07 606 60.3866
13.6079 171.395 1.67829e-07 936 60.8715
13.6493 181.355 1.7597e-07 528 61.4288
13.6785 173.733 1.67498e-07 696 61.8233
13.7222 182.911 1.74666e-07 648 62.4181
13.7547 196.634 1.86442e-07 936 62.8628
13.799 205.907 1.93361e-07 384 63.4721
13.8245 198.35 1.85234e-07 864 63.825
13.8698 195.357 1.8066e-07 768 64.4536
13.9077 207.923 1.90712e-07 528 64.984
13.9468 182.415 1.65911e-07 776 65.5335
13.985 180.28 1.62632e-07 960 66.0729
14.0235 191.766 1.71571e-07 696 66.6204
14.0543 205.626 1.82763e-07 582 67.0611
14.104 196.016 1.72387e-07 1008 67.7746
14.1396 172.693 1.5073e-07 408 68.2898
14.1747 198.155 1.71673e-07 960 68.7993
14.2207 198.096 1.69962e-07 852 69.4712
14.2588 207.561 1.7666e-07 912 70.0305
14.3027 210.762 1.77736e-07 1032 70.68
14.3334 183.135 1.53449e-07 384 71.1354
14.3782 198.58 1.64839e-07 864 71.8053
14.4126 202.9 1.67222e-07 840 72.3219
14.4524 207.81 1.69859e-07 912 72.9219
14.5014 207.256 1.67694e-07 792 73.6667
14.5381 181.513 1.45756e-07 744 74.2268
14.583 209.451 1.66641e-07 726 74.9171
14.6171 193.399 1.52795e-07 984 75.4438
14.6557 205.653 1.61197e-07 912 76.0429
14.6984 209.805 1.63023e-07 1104 76.7092
14.7399 197.464 1.52141e-07 744 77.3612
14.79 208.842 1.59276e-07 968 78.1531
14.8189 187.076 1.41844e-07 672 78.6116
14.8602 218.225 1.64085e-07 984 79.2714
14.9075 211.499 1.57519e-07 840 80.0305
14.945 207.051 1.53049e-07 1092 80.6357
14.993 218.873 1.60239e-07 840 81.415
15.0265 191.53 1.39285e-07 720 81.9621
15.0728 210.382 1.5159e-07 1110 82.7214
15.1154 217.328 1.55274e-07 1056 83.4253
15.1542 205.215 1.45496e-07 888 84.0693
15.1982 221.166 1.55447e-07 936 84.8037
15.2384 206.079 1.43699e-07 912 85.479
15.2828 218.046 1.50723e-07 1104 86.2279
15.3261 199.063 1.36438e-07 912 86.963
15.3668 223.372 1.51885e-07 1104 87.6584
15.413 210.315 1.41725e-07 1128 88.4511
15.4559 228.217 1.52513e-07 768 89.1909
15.4907 217.994 1.44702e-07 888 89.7945
15.5324 224.692 1.47948e-07 1224 90.5232
15.5906 216.261 1.40809e-07 750 91.5437
15.6187 228.672 1.48088e-07 1092 92.0395
15.6685 217.23 1.39342e-07 1472 92.922
15.7176 196.475 1.24851e-07 792 93.7986
15.755 225.357 1.42186e-07 1080 94.4704
15.7999 236.049 1.47665e-07 1584 95.2806
15.8457 217.351 1.34792e-07 624 96.1121
15.8875 219.122 1.3482e-07 1248 96.8745
15.9288 230.22 1.40551e-07 888 97.6315
15.9759 237.455 1.4369e-07 912 98.4994
16.0166 230.942 1.38686e-07 1368 99.2546
16.0594 215.838 1.28582e-07 960 100.053
16.1064 232.553 1.37329e-07 1542 100.934
16.1587 216.064 1.26357e-07 1152 101.921
16.2027 237.365 1.37688e-07 1008 102.755
16.2458 239.275 1.37695e-07 1248 103.576
16.2838 227.793 1.3017e-07 1056 104.306
16.329 245.865 1.39333e-07 1188 105.177
16.3776 243.275 1.36642e-07 1152 106.119
16.4263 236.927 1.31897e-07 1560 107.068
16.4754 246.007 1.3573e-07 1128 108.031
16.5151 229.639 1.25789e-07 1152 108.814
16.5586 240.583 1.30748e-07 920 109.675
16.6046 234.72 1.26504e-07 1470 110.593
16.6539 251.02 1.34092e-07 1200 111.58
16.7007 243.716 1.29098e-07 1440 112.524
16.7407 253.442 1.3329e-07 1224 113.334
16.7902 235.31 1.22664e-07 1296 114.342
16.8432 246.64 1.2736e-07 1560 115.428
16.8896 225.246 1.15355e-07 1272 116.386
16.9285 263.635 1.34087e-07 1080 117.192
16.975 250.079 1.26151e-07 1368 118.159
17.0245 254.683 1.27356e-07 1248 119.195
17.0763 257.835 1.27762e-07 1194 120.288
17.1189 250.815 1.23358e-07 1752 121.19
17.1714 244.514 1.1916e-07 1392 122.308
17.2134 265.668 1.28523e-07 1440 123.208
17.266 252.23 1.20909e-07 1488 124.342
17.3158 258.996 1.23085e-07 1248 125.42
17.3578 256.146 1.20849e-07 1512 126.335
17.4059 253.584 1.18652e-07 1112 127.388
17.4584 254.218 1.17878e-07 1848 128.544
17.5012 256.811 1.1821e-07 1224 129.491
17.5513 263.779 1.20378e-07 1536 130.609
17.6038 269.528 1.21905e-07 1638 131.784
17.652 260.9 1.1704e-07 1392 132.868
17.7 261.564 1.16386e-07 1632 133.955
17.756 276.603 1.21916e-07 1452 135.231
17.7986 256.186 1.12108e-07 1680 136.207
17.8449 272.069 1.18134e-07 1320 137.273
17.893 265.075 1.14172e-07 1752 138.386
17.9488 273.628 1.16759e-07 1776 139.685
18.0029 276.223 1.16808e-07 1104 140.951
18.0415 274.405 1.15296e-07 1728 141.859
18.0953 275.635 1.14782e-07 1446 143.133
18.1443 274.822 1.1352e-07 1920 144.298
18.201 279.678 1.14449e-07 1896 145.656
18.2474 267.814 1.0876e-07 1176 146.771
18.2919 276.254 1.1137e-07 1856 147.849
18.3431 272.886 1.09095e-07 1896 149.093
18.3976 280.949 1.11323e-07 1464 150.426
18.4552 284.66 1.11741e-07 1968 151.843
18.5038 274.721 1.06992e-07 1548 153.046
18.5557 278.303 1.0748e-07 1944 154.337
18.6063 279.886 1.07211e-07 1470 155.604
18.6575 281.044 1.06771e-07 1920 156.891
18.7093 293.742 1.1067e-07 2184 158.203
18.7648 287.193 1.07245e-07 1464 159.615
18.809 295.054 1.09407e-07 1608 160.745
18.8624 296.997 1.09194e-07 1944 162.119
18.9166 287.918 1.0495e-07 1872 163.519
18.9683 313.932 1.13499e-07 2256 164.863
19.021 284.606 1.02042e-07 1632 166.243
19.0776 300.677 1.06849e-07 1542 167.73
19.1277 308.581 1.08798e-07 2216 169.055
19.1825 293.586 1.02627e-07 2052 170.511
19.2349 313.846 1.08815e-07 1680 171.912
19.2854 321.558 1.10615e-07 2280 173.27
19.3414 311.581 1.06254e-07 1968 174.785
19.3966 327.673 1.10791e-07 2016 176.286
19.4477 301.71 1.0121e-07 1968 177.682
19.5069 306.77 1.01973e-07 1920 179.312
19.5637 323.203 1.06504e-07 2400 180.88
19.6219 308.445 1.00739e-07 1974 182.499
19.6656 328.876 1.06696e-07 1944 183.724
19.7215 340.864 1.09648e-07 1920 185.294
19.7735 306.844 9.79287e-08 2280 186.762
19.826 306.944 9.71835e-08 1968 188.255
19.8834 311.737 9.78494e-08 2220 189.894
19.9402 330.423 1.0283e-07 2352 191.527
19.9979 320.009 9.87294e-08 1968 193.195
20.0514 330.496 1.01151e-07 2504 194.749
20.1114 333.761 1.0124e-07 2118 196.502
20.1661 342.819 1.03143e-07 2352 198.11
20.2215 334.432 9.9795e-08 2136 199.747
20.2758 337.693 9.99599e-08 2112 201.361
20.3301 325.262 9.55114e-08 2472 202.983
20.3859 364.172 1.06061e-07 2376 204.658
20.4424 347.713 1.0043e-07 2304 206.365
20.5033 342.76 9.81198e-08 2448 208.216
20.5597 343.401 9.74973e-08 2280 209.937
20.6226 369.321 1.039e-07 2466 211.87
20.6734 342.163 9.5552e-08 2256 213.439
20.7288 359.904 9.97016e-08 2472 215.161
20.7863 341.334 9.37751e-08 2856 216.956
20.844 358.468 9.7667e-08 2112 218.768
20.9062 348.832 9.41957e-08 2720 220.732
20.9635 351.429 9.41206e-08 2136 222.553
21.0141 367.365 9.76798e-08 2736 224.168
21.0763 369.044 9.72606e-08 2376 226.163
21.1384 362.922 9.48056e-08 3126 228.17
21.2027 376.219 9.73887e-08 2568 230.257
21.2496 357.736 9.19917e-08 2112 231.79
21.3097 368.363 9.3926e-08 2748 233.76
21.3717 353.27 8.92954e-08 2928 235.808
21.4282 370.233 9.28453e-08 2640 237.682
21.4925 374.802 9.31492e-08 2856 239.83
21.5495 407.37 1.00442e-07 2352 241.742
21.6105 365.431 8.93412e-08 2910 243.8
21.6685 394.391 9.5649e-08 2784 245.769
21.731 386.865 9.30164e-08 2952 247.902
21.7905 393.841 9.39199e-08 2696 249.944
21.8483 379.849 8.98666e-08 3264 251.938
21.9108 402.032 9.43036e-08 2472 254.105
21.9713 391.811 9.11484e-08 3024 256.217
22.0383 404.002 9.31303e-08 2964 258.567
22.0973 410.151 9.37921e-08 2910 260.65
22.1561 393.32 8.92292e-08 2880 262.736
22.2134 393.218 8.85174e-08 3216 264.78
22.2831 408.856 9.11766e-08 3096 267.281
22.3394 399.508 8.84201e-08 2880 269.312
22.4021 395.999 8.69093e-08 2904 271.586
22.465 423.778 9.22273e-08 3504 273.879
22.5286 396.673 8.55991e-08 3168 276.212
22.5974 419.358 8.96702e-08 3054 278.751
22.6529 421.694 8.95089e-08 3032 280.809
22.7152 426.81 8.98509e-08 3000 283.134
22.7794 405.648 8.46768e-08 3780 285.539
22.8468 437.382 9.04945e-08 3504 288.084
22.9105 433.477 8.89411e-08 2904 290.498
22.9708 429.927 8.75199e-08 3336 292.798
23.0336 441.46 8.91339e-08 3144 295.208
23.0969 448.363 8.97855e-08 3414 297.648
23.1662 461.84 9.16572e-08 3552 300.335
23.2215 435.461 8.58057e-08 2928 302.492
23.2818 426.579 8.34044e-08 3840 304.853
23.3508 447.718 8.67634e-08 3312 307.573
23.4144 440.534 8.46782e-08 3432 310.09
23.4796 453.328 8.64128e-08 3596 312.69
23.5507 448.57 8.47337e-08 4224 315.54
23.6216 447.561 8.37842e-08 3294 318.398
23.6816 455.995 8.47165e-08 3792 320.828
23.7459 476.599 8.78263e-08 3528 323.451
23.8201 442.733 8.08259e-08 3984 326.491
23.8821 484.285 8.77248e-08 3768 329.048
23.9469 450.548 8.09526e-08 3672 331.734
24.0113 460.272 8.20368e-08 3384 334.415
24.0749 459.18 8.11946e-08 3648 337.082
24.145 499.789 8.76084e-08 4098 340.033
24.211 495.279 8.61091e-08 4008 342.832
24.2803 493.817 8.5122e-08 4032 345.784
24.3436 469.076 8.02284e-08 3800 348.494
24.4106 492.583 8.35574e-08 3816 351.378
24.4813 496.514 8.3497e-08 4248 354.439
24.548 490.34 8.17875e-08 3720 357.347
24.616 504.987 8.35351e-08 4254 360.322
24.6841 518.203 8.50137e-08 4224 363.321
24.7539 510.128 8.29827e-08 4368 366.413
24.8247 503.626 8.12262e-08 4104 369.566
24.8945 513.448 8.21162e-08 4500 372.69
24.9619 498.403 7.90656e-08 3480 375.728
25.03 528.682 8.31859e-08 5328 378.813
25.1021 529.188 8.25501e-08 3342 382.096
25.1673 513.944 7.95507e-08 4800 385.081
25.2417 537.797 8.25089e-08 4184 388.506
25.3083 524.006 7.97599e-08 5064 391.59
25.3801 553.556 8.35447e-08 4032 394.932
25.4501 542.017 8.11309e-08 4632 398.205
25.522 529.633 7.86091e-08 4680 401.59
25.5928 549.217 8.0841e-08 3924 404.941
25.6619 538.885 7.86811e-08 5166 408.231
25.7329 528.1 7.64698e-08 4800 411.629
25.8063 549.598 7.89054e-08 4560 415.163
25.8751 535.249 7.62343e-08 4584 418.491
25.947 548.866 7.75259e-08 4848 421.987
26.0156 569.051 7.97427e-08 4560 425.344
26.0959 568.241 7.88959e-08 5600 429.297
26.1678 574.565 7.91179e-08 4686 432.857
26.2409 582.5 7.95423e-08 5016 436.494
26.3159 576.644 7.80718e-08 4956 440.244
26.3821 591.121 7.9431e-08 4872 443.574
26.458 568.216 7.56978e-08 5376 447.415
26.5341 583.036 7.70057e-08 5088 451.286
26.6057 566.653 7.42395e-08 4710 454.948
26.6772 588.504 7.64839e-08 4848 458.627
26.7491 602.926 7.77281e-08 5976 462.345
26.825 592.522 7.57402e-08 5208 466.292
26.9003 614.64 7.79092e-08 5352 470.232
26.975 593.417 7.45959e-08 4820 474.16
27.0465 627.3 7.82319e-08 5760 477.938
27.1221 620.263 7.67085e-08 5166 481.962
27.1993 631.508 7.74367e-08 6168 486.084
27.2764 634.611 7.71594e-08 5136 490.23
27.3523 639.751 7.71378e-08 6240 494.337
27.4326 624.183 7.46016e-08 5568 498.705
27.507 657.07 7.78973e-08 5712 502.77
27.5818 647.938 7.61917e-08 5520 506.881
27.6605 644.483 7.514e-08 5670 511.235
27.7351 648.477 7.49974e-08 6036 515.381
27.8136 667.673 7.65655e-08 6264 519.77
27.8936 646.279 7.34765e-08 5912 524.266
27.967 653.425 7.3705e-08 5736 528.419
28.0414 651.866 7.2946e-08 5400 532.644
28.1205 669.432 7.42805e-08 6342 537.17
28.2012 672.262 7.39562e-08 7032 541.806
28.2802 670.584 7.31556e-08 5448 546.369
28.3553 672.397 7.27713e-08 6528 550.738
28.4381 689.339 7.39555e-08 6468 555.575
28.5189 692.368 7.36513e-08 6528 560.32
28.5929 697.652 7.36381e-08 5568 564.698
28.6695 687.07 7.19418e-08 6798 569.246
28.7556 700.489 7.26896e-08 6560 574.393
28.8326 692.473 7.12842e-08 6888 579.015
28.9133 730.9 7.46111e-08 6624 583.894
28.9929 709.512 7.18334e-08 6288 588.726
29.0725 715.037 7.17991e-08 6960 593.594
29.1573 729.669 7.26312e-08 6570 598.802
29.2314 723.361 7.14572e-08 6600 603.378
29.315 745.121 7.29787e-08 7776 608.57
29.4037 738.157 7.16445e-08 7248 614.109
29.4863 743.036 7.1514e-08 6672 619.297
29.5638 761.27 7.26941e-08 6704 624.194
29.6425 747.138 7.0778e-08 6942 629.192
29.7261 756.774 7.10871e-08 7656 634.535
29.8087 787.474 7.33579e-08 7128 639.837
29.8956 758.689 7.00618e-08 7908 645.45
29.977 815.466 7.46933e-08 6648 650.735
30.0528 793.588 7.21405e-08 7320 655.686
30.1423 802.561 7.23083e-08 7638 661.561
30.2243 808.127 7.22187e-08 7416 666.975
30.3042 792.629 7.0275e-08 7752 672.278
30.3935 819.991 7.20623e-08 8448 678.237
30.4801 810.672 7.06372e-08 7280 684.056
30.5639 825.81 7.13667e-08 7668 689.707
30.6478 811.773 6.95784e-08 8094 695.409
30.7311 821.55 6.98454e-08 7656 701.094
30.8164 831.493 7.01056e-08 8160 706.945
30.9021 836.188 6.99162e-08 8472 712.863
30.9914 823.646 6.8274e-08 7896 719.06
31.0735 865.946 7.12128e-08 8088 724.791
31.1605 844.015 6.88299e-08 8286 730.892
31.2495 847.663 6.85385e-08 8676 737.172
31.3345 904.873 7.257e-08 8120 743.208
31.4202 866.731 6.89438e-08 9024 749.323
31.5091 864.297 6.817e-08 8160 755.701
31.5932 913.694 7.14921e-08 7944 761.768
31.6802 890.242 6.9085e-08 8982 768.076
31.7688 899.78 6.92424e-08 9528 774.541
31.8602 907.142 6.92103e-08 8832 781.241
31.9516 893.611 6.75947e-08 8916 787.982
32.039 966.309 7.24966e-08 9240 794.471
32.1273 924.811 6.88131e-08 8496 801.054
32.2155 951.362 7.0209e-08 9422 807.669
32.303 918.451 6.72304e-08 8976 814.273
32.3931 928.217 6.73801e-08 9432 821.104
32.4832 970.308 6.98514e-08 9864 827.97
32.5757 941.13 6.71751e-08 9024 835.068
32.6663 987.572 6.99049e-08 9762 842.056
32.7552 985.155 6.91676e-08 9264 848.95
32.8445 996.87 6.94211e-08 10056 855.908
32.9357 985.666 6.80722e-08 9936 863.059
33.0325 989.654 6.77482e-08 9624 870.695
33.1183 1012.6 6.87819e-08 9752 877.498
33.2122 1032.75 6.95572e-08 10446 884.978
33.3054 1009.92 6.74501e-08 10056 892.448
33.3956 1049.4 6.95208e-08 9876 899.722
33.491 1048.47 6.88669e-08 11160 907.454
33.5844 1042.27 6.789e-08 10128 915.069
33.6785 1031.61 6.66339e-08 9726 922.784
33.7682 1045.13 6.69711e-08 11112 930.175
33.8643 1055.96 6.70905e-08 10776 938.136
33.9552 1055.06 6.64963e-08 10232 945.711
34.0498 1107.26 6.9206e-08 11184 953.639
34.1497 1079.67 6.68911e-08 11058 962.058
34.2449 1112.57 6.83567e-08 11472 970.123
34.3371 1082.99 6.60046e-08 10464 977.982
34.4285 1119.38 6.76806e-08 10584 985.815
34.5273 1117.21 6.69707e-08 12504 994.328
34.6247 1115.72 6.6319e-08 10560 1002.76
34.7179 1135.05 6.69256e-08 11694 1010.88
34.8164 1117.32 6.5323e-08 11420 1019.51
34.9125 1175.21 6.81413e-08 12504 1027.98
35.0084 1147.93 6.60145e-08 10800 1036.47
35.1074 1153.73 6.57882e-08 12456 1045.29
35.2074 1167.71 6.60199e-08 12030 1054.24
35.3017 1195.32 6.70406e-08 11232 1062.74
35.397 1202.37 6.6893e-08 13176 1071.37
35.4985 1224.12 6.752e-08 11196 1080.62
35.593 1201.79 6.57617e-08 12720 1089.27
35.6922 1239.08 6.72385e-08 11918 1098.4
35.7902 1237.11 6.65816e-08 13392 1107.48
35.8939 1235.83 6.59383e-08 12600 1117.13
35.9941 1266.77 6.70256e-08 13200 1126.51
36.095 1254.36 6.58144e-08 12864 1136.01
36.1944 1280.79 6.66488e-08 12270 1145.42
36.2935 1276.13 6.58641e-08 13668 1154.85
36.3944 1268.48 6.49264e-08 13200 1164.51
36.4956 1283.29 6.51393e-08 13416 1174.25
36.5974 1288.92 6.48809e-08 12992 1184.1
36.6991 1311 6.5445e-08 13806 1194.01
36.7995 1301.87 6.44588e-08 13800 1203.83
36.901 1306.5 6.41558e-08 13056 1213.82
37.0014 1328.65 6.47138e-08 14364 1223.75
37.1043 1342.4 6.48413e-08 13248 1233.99
37.2078 1403.07 6.72072e-08 15054 1244.35
37.3141 1386.05 6.58261e-08 13680 1255.04
37.4145 1410.74 6.64608e-08 15152 1265.21
37.5223 1382.94 6.45916e-08 14376 1276.17
37.6238 1402.31 6.49672e-08 13932 1286.56
37.7292 1415.94 6.50505e-08 14910 1297.4
37.833 1422.21 6.48021e-08 15648 1308.14
37.937 1448.17 6.54441e-08 13680 1318.95
38.0425 1453.6 6.51443e-08 15816 1329.99
38.1491 1464.14 6.50685e-08 15030 1341.2
38.253 1443.73 6.364e-08 15104 1352.19
38.3629 1468.66 6.41842e-08 16548 1363.87
38.4701 1494.01 6.47475e-08 15360 1375.34
38.5768 1489.92 6.40363e-08 15768 1386.81
38.6815 1506.77 6.42358e-08 14622 1398.14
38.7893 1564.6 6.61468e-08 17568 1409.86
38.9018 1519.46 6.36825e-08 16368 1422.16
39.0083 1531.85 6.36773e-08 15960 1433.88
39.1164 1582.11 6.52229e-08 15732 1445.83
39.2236 1561.26 6.38368e-08 17006 1457.75
39.332 1615.25 6.54997e-08 16680 1469.87
39.4453 1625.14 6.53346e-08 17712 1482.61
39.5528 1592.36 6.34967e-08 15576 1494.76
39.6569 1656.55 6.5537e-08 16974 1506.6
39.7703 1663.28 6.52424e-08 17436 1519.56
39.8799 1672.76 6.50743e-08 17952 1532.16
39.9925 1688.81 6.51456e-08 17448 1545.17
40.1016 1693.75 6.48043e-08 17336 1557.85
40.2155 1708.6 6.48188e-08 17958 1571.16
40.3272 1723 6.48232e-08 19056 1584.29
40.441 1667.5 6.22072e-08 17304 1597.74
40.5506 1747.45 6.46622e-08 18276 1610.77
40.6624 1736.78 6.37389e-08 17838 1624.13
40.7728 1753.67 6.38374e-08 18984 1637.39
40.8917 1775.51 6.40705e-08 19616 1651.75
41.0031 1763.94 6.31355e-08 18168 1665.29
41.1166 1812.32 6.43315e-08 19320 1679.16
41.2339 1777.33 6.25523e-08 19170 1693.57
41.3443 1833.42 6.40113e-08 19008 1707.21
41.4599 1862.94 6.4499e-08 20472 1721.57
41.5775 1874.94 6.43652e-08 19128 1736.27
41.6919 1866.06 6.35349e-08 19998 1750.63
41.807 1886.65 6.37064e-08 19808 1765.17
41.9229 1886.68 6.31809e-08 20724 1779.89
42.0406 1903.63 6.32141e-08 19896 1794.93
42.1535 1935.41 6.37545e-08 20304 1809.43
42.2743 1920.75 6.27309e-08 21030 1825.02
42.3896 1934.53 6.26667e-08 21168 1840
42.5074 1991.42 6.39746e-08 20736 1855.39
42.6266 1988.19 6.3337e-08 21356 1871.03
42.7476 2003.74 6.32915e-08 22206 1887.02
42.8656 2029.39 6.35739e-08 21360 1902.69
42.9842 2060.6 6.40187e-08 21456 1918.52
43.1015 2058.06 6.3419e-08 21648 1934.27
43.2214 2080.43 6.35764e-08 22326 1950.46
43.3419 2115.81 6.41198e-08 22212 1966.82
43.4591 2074.16 6.23505e-08 22128 1982.81
43.5787 2110.51 6.29223e-08 22640 1999.23
43.702 2109.87 6.23723e-08 23022 2016.25
43.8256 2124.23 6.22666e-08 24168 2033.41
43.9456 2174.96 6.32332e-08 22416 2050.16
44.069 2209.19 6.36903e-08 23700 2067.47
44.1919 2191.23 6.26469e-08 24222 2084.82
44.3139 2244.02 6.36279e-08 22776 2102.13
44.4338 2228.87 6.26883e-08 24296 2119.24
44.5585 2246.53 6.26555e-08 24648 2137.14
44.6804 2270.91 6.28188e-08 22926 2154.72
44.8026 2292.61 6.29014e-08 25476 2172.45
44.9299 2282.19 6.2085e-08 25608 2191.02
45.0543 2323.6 6.26892e-08 24576 2209.27
45.1805 2382.16 6.37322e-08 25134 2227.89
45.3051 2371.86 6.29344e-08 25928 2246.37
45.4322 2423.82 6.37749e-08 26136 2265.33
45.5594 2411.3 6.29154e-08 25644 2284.41
45.684 2415.13 6.25011e-08 25926 2303.2
45.8119 2420.67 6.21213e-08 26232 2322.6
45.9378 2465.31 6.27481e-08 27216 2341.81
46.0667 2483.9 6.2692e-08 26736 2361.58
46.1982 2491.67 6.23529e-08 27698 2381.85
46.3248 2535.65 6.29344e-08 26640 2401.49
46.4497 2570.45 6.32848e-08 26880 2420.97
46.5822 2569.14 6.27142e-08 29160 2441.75
46.7132 2590.47 6.27045e-08 27318 2462.4
46.8402 2601.71 6.24657e-08 27984 2482.55
46.9703 2584.59 6.15405e-08 28364 2503.29
47.0985 2597.82 6.13519e-08 28464 2523.83
47.2319 2665.03 6.24075e-08 28974 2545.34
47.3611 2692.59 6.25383e-08 28920 2566.28
47.4908 2740.21 6.3124e-08 29640 2587.44
47.6245 2743.78 6.26756e-08 28884 2609.34
47.7555 2728.74 6.18206e-08 30558 2630.93
47.8909 2776.85 6.23782e-08 30776 2653.38
48.0219 2788.34 6.21251e-08 29040 2675.21
48.1534 2825.98 6.24494e-08 30984 2697.25
48.289 2817.28 6.17341e-08 30930 2720.1
48.4252 2835.86 6.16183e-08 32712 2743.19
48.5604 2911.56 6.27361e-08 30528 2766.23
48.6924 2918.4 6.23736e-08 30326 2788.84
48.8276 2958 6.26961e-08 33624 2812.14
48.9655 2929.66 6.15726e-08 31824 2836.02
49.0996 3008.09 6.27045e-08 31860 2859.39
49.2378 2996.93 6.1947e-08 33942 2883.61
49.3741 3023.43 6.19788e-08 31848 2907.62
49.5082 3013.6 6.12764e-08 33624 2931.38
49.6475 3114.03 6.27871e-08 33512 2956.19
49.7851 3126.47 6.25166e-08 33594 2980.84
49.9236 3076.45 6.10057e-08 34944 3005.79
50.0623 3138.34 6.17173e-08 33624 3030.91
50.2003 3197.48 6.23632e-08 34710 3056.04
50.3385 3172.84 6.13745e-08 34704 3081.35
50.4781 3250.86 6.23634e-08 35468 3107.06
50.6192 3222.89 6.13111e-08 36096 3133.19
50.7626 3227.14 6.08732e-08 35958 3159.89
50.903 3284.92 6.14516e-08 36576 3186.19
51.0437 3342.18 6.20073e-08 35976 3212.68
51.1847 3342.56 6.15032e-08 36396 3239.37
51.3277 3348.1 6.10918e-08 38030 3266.6
51.4685 3401.83 6.15642e-08 35784 3293.55
51.6102 3382.19 6.07057e-08 38712 3320.84
51.7563 3457.53 6.1534e-08 38310 3349.12
51.8999 3494.55 6.16782e-08 37596 3377.06
52.0406 3569.95 6.24994e-08 39000 3404.6
52.1873 3567.52 6.19315e-08 38552 3433.48
52.3328 3590.79 6.1817e-08 40206 3462.28
52.4775 3610.24 6.16392e-08 39072 3491.07
52.6254 3691.14 6.24906e-08 41340 3520.67
52.7728 3668.28 6.15847e-08 39342 3550.34
52.9159 3713.48 6.18392e-08 40176 3579.3
53.063 3691.08 6.09563e-08 41768 3609.23
53.21 3745.13 6.13375e-08 40206 3639.33
53.3579 3773.91 6.12965e-08 42300 3669.75
53.5058 3775.87 6.08209e-08 42360 3700.36
53.6529 3893.22 6.21967e-08 40488 3730.96
53.8016 3852.89 6.10437e-08 44406 3762.06
53.9538 3912.92 6.14717e-08 43076 3794.08
54.1012 3932.55 6.12765e-08 42600 3825.26
54.2539 3996.23 6.17442e-08 45486 3857.75
54.4068 4029.61 6.17365e-08 43848 3890.46
54.554 4075.55 6.19364e-08 43248 3922.12
54.7042 4061.92 6.12221e-08 44988 3954.6
54.8585 4080.94 6.09913e-08 46454 3988.16
55.0108 4157.48 6.16207e-08 44928 4021.46
55.1648 4193.84 6.16403e-08 47256 4055.34
55.3178 4224.61 6.15791e-08 45126 4089.16
55.4713 4267.33 6.16865e-08 48084 4123.31
55.6247 4314.47 6.18536e-08 46320 4157.6
55.7806 4291.43 6.10087e-08 47894 4192.67
55.9325 4345.1 6.12697e-08 47160 4227.02
56.0862 4347.54 6.08017e-08 48228 4261.95
56.246 4386.37 6.08234e-08 50598 4298.48
56.4009 4475.72 6.15522e-08 47328 4334.1
56.556 4481.91 6.11317e-08 50696 4369.95
56.7134 4518.9 6.11246e-08 49344 4406.53
56.8734 4629.32 6.20912e-08 51570 4443.93
57.0306 4628.44 6.15673e-08 50832 4480.89
57.1888 4670.48 6.16125e-08 50424 4518.28
57.3474 4691.61 6.1379e-08 52686 4555.98
57.5064 4711.02 6.1123e-08 51092 4593.99
57.6651 4717.43 6.07023e-08 53376 4632.12
57.8263 4825.37 6.15733e-08 52374 4671.08
57.9846 4833.65 6.11756e-08 52848 4709.53
58.1458 4846.59 6.08304e-08 55488 4748.93
58.3113 4936.03 6.14272e-08 54098 4789.58
58.4692 4976.17 6.14261e-08 53688 4828.61
58.6308 4951.04 6.0612e-08 55296 4868.76
58.7939 5080.49 6.16806e-08 56358 4909.5
58.9603 5129.86 6.1754e-08 57468 4951.31
59.1239 5100.37 6.08907e-08 56000 4992.64
59.2895 5146.05 6.0923e-08 57774 5034.69
59.4537 5185.53 6.08829e-08 57648 5076.65
59.6174 5261.92 6.12724e-08 57480 5118.7
59.7831 5341.73 6.16858e-08 58122 5161.51
59.9471 5295.85 6.06557e-08 59208 5204.08
60.1145 5291.57 6.01017e-08 60032 5247.81
60.2829 5386.55 6.0669e-08 60366 5292.05
60.4503 5473.82 6.11413e-08 60444 5336.25
60.6167 5551.19 6.14964e-08 60912 5380.43
60.786 5583.23 6.1336e-08 61422 5425.63
60.9547 5623.34 6.12649e-08 63032 5470.95
61.1246 5644.53 6.09844e-08 62052 5516.82
61.2949 5621.86 6.02348e-08 64038 5563.05
61.4635 5744.87 6.10475e-08 61632 5609.09
61.6312 5867.33 6.18412e-08 64896 5655.13
61.8052 5809.83 6.07196e-08 64874 5703.15
61.974 5922.32 6.13907e-08 64200 5750.02
62.1478 5947.35 6.11343e-08 68016 5798.54
62.3225 5942.99 6.05772e-08 65694 5847.57
62.4947 6065.3 6.13144e-08 67212 5896.17
62.6679 6081.25 6.09674e-08 67088 5945.32
62.8408 6175.23 6.13998e-08 67182 5994.68
63.0147 6192.17 6.10602e-08 69768 6044.56
63.1896 6280.88 6.1422e-08 67524 6095.04
63.3643 6235.34 6.04735e-08 70758 6145.75
63.5397 6357.34 6.11478e-08 69488 6196.91
63.7157 6419.33 6.12337e-08 71640 6248.55
63.895 6488.9 6.13775e-08 72042 6301.47
64.073 6513.04 6.1094e-08 72960 6354.27
64.2495 6553.58 6.0969e-08 70416 6406.93
64.4294 6625.02 6.11188e-08 76790 6460.9
64.6097 6699.33 6.12885e-08 72348 6515.27
64.7874 6770.38 6.14302e-08 74094 6569.18
64.966 6759.52 6.08271e-08 74976 6623.68
65.1456 6844.47 6.10834e-08 76200 6678.77
65.3291 6898.22 6.1046e-08 77114 6735.34
65.5098 6931.53 6.08346e-08 76872 6791.39
65.6917 6974.73 6.07066e-08 77784 6848.13
65.8753 7095.72 6.12448e-08 78654 6905.69
66.0578 7130.46 6.1036e-08 79380 6963.25
66.2409 7111.48 6.037e-08 79256 7021.32
66.4249 7275.64 6.12518e-08 80094 7079.99
66.6071 7284.33 6.08228e-08 80760 7138.43
66.7946 7359.29 6.09328e-08 83034 7198.88
66.9809 7449.02 6.11625e-08 82664 7259.29
67.1658 7410.97 6.03492e-08 81864 7319.54
67.3508 7487.9 6.04744e-08 83334 7380.2
67.5384 7581.72 6.07232e-08 85980 7442.06
67.726 7644.04 6.07151e-08 84144 7504.24
67.9148 7719.41 6.08038e-08 86486 7567.17
68.1019 7860.69 6.14076e-08 86016 7629.89
68.2924 7869.5 6.09634e-08 88290 7694.1
68.4818 7990.03 6.13851e-08 87672 7758.27
68.6708 7950.34 6.05771e-08 88608 7822.71
68.8613 8088.69 6.11214e-08 88682 7887.97
69.0517 8128.7 6.09168e-08 91200 7953.6
69.2463 8256.74 6.13561e-08 92568 8021.04
69.4391 8237.66 6.0706e-08 91014 8088.21
69.6314 8332.41 6.0897e-08 92828 8155.58
69.8244 8469.46 6.13865e-08 93054 8223.62
70.0163 8500.03 6.11029e-08 92568 8291.6
70.2106 8604.63 6.13429e-08 96768 8360.8
70.4081 8622.54 6.09546e-08 95658 8431.57
70.6024 8659.07 6.07089e-08 96368 8501.56
70.8004 8803.52 6.12053e-08 98526 8573.28
70.9949 8767.36 6.04542e-08 95436 8644.15
71.1912 8881.8 6.07381e-08 101472 8716.05
71.3912 9000.11 6.10313e-08 98582 8789.72
71.5863 9019.02 6.06609e-08 99984 8861.98
71.7853 9212.55 6.14487e-08 101298 8936.09
71.9865 9210.98 6.09247e-08 104952 9011.41
72.1863 9272.91 6.08263e-08 100568 9086.66
72.3863 9381.84 6.10323e-08 105942 9162.39
72.5888 9458.08 6.10145e-08 104892 9239.53
72.7887 9564.77 6.1196e-08 103734 9316.05
72.9889 9565.38 6.06975e-08 107160 9393.16
73.1931 9661.51 6.07958e-08 108788 9472.2
73.3965 9765.6 6.09415e-08 107070 9551.38
73.5998 9893.9 6.12319e-08 110760 9630.97
73.8048 9940.34 6.1008e-08 109182 9711.68
74.0101 10100.2 6.14747e-08 112820 9792.95
74.2153 10108.9 6.10189e-08 110280 9874.65
74.4211 10268.2 6.14674e-08 114678 9957.01
74.6281 10329.2 6.13196e-08 112668 10040.3
74.835 10403 6.1247e-08 116030 10124
75.0455 10498.5 6.12907e-08 118032 10209.7
75.2528 10581.7 6.12674e-08 113700 10294.6
75.4597 10630.7 6.1046e-08 118566 10379.7
75.6704 10718.8 6.10389e-08 119840 10466.9
75.8801 10856.6 6.13123e-08 118278 10554.2
76.0893 10860.2 6.08286e-08 120852 10641.7
76.3009 10981.3 6.09964e-08 122166 10730.7
76.5134 11114.2 6.1222e-08 123296 10820.6
76.7256 11211.1 6.12447e-08 123300 10910.9
76.9392 11354.2 6.1511e-08 126174 11002.3
77.1528 11390.5 6.11965e-08 124800 11094.2
77.3659 11509.9 6.13284e-08 126774 11186.4
77.5809 11641.9 6.15175e-08 128900 11279.9
77.7962 11704.5 6.13363e-08 127776 11374.1
78.0124 11769.4 6.11652e-08 132246 11469.1
78.2288 11844.8 6.10473e-08 129252 11564.9
78.4454 12092.3 6.18084e-08 133118 11661.2
78.6629 12076.2 6.12154e-08 133272 11758.4
78.8821 12209.4 6.13761e-08 134970 11857
79.1006 12351.6 6.15776e-08 136128 11955.8
79.3217 12384.1 6.12247e-08 137270 12056.4
79.5433 12405.6 6.08201e-08 139620 12157.7
79.7641 12556.4 6.10494e-08 138312 12259.2
79.9859 12746 6.14574e-08 140694 12361.8
80.2068 12897.2 6.16737e-08 140888 12464.5
80.4299 12960.6 6.14629e-08 143034 12568.8
80.6531 13040.1 6.13281e-08 143688 12673.7
80.8755 13173.5 6.14457e-08 143510 12778.8
81.0998 13283.6 6.14464e-08 147828 12885.4
81.3269 13468.2 6.17799e-08 147918 12994
81.5524 13615.9 6.19408e-08 148992 13102.4
81.7797 13584.4 6.12833e-08 150356 13212.3
82.0043 13765.6 6.1592e-08 147606 13321.4
82.2317 13863.6 6.15174e-08 156624 13432.5
82.4634 13954.5 6.14002e-08 153354 13546.4
82.6905 14072 6.14086e-08 153968 13658.6
82.9194 14144 6.12132e-08 155862 13772.3
83.1486 14423.3 6.19071e-08 157524 13886.9
83.3797 14502.9 6.17324e-08 159126 14003
83.6126 14492.9 6.11759e-08 162488 14120.7
83.8452 14696 6.15182e-08 159570 14238.9
84.0767 14813.1 6.14978e-08 164304 14357.1
84.3123 15065.9 6.20246e-08 165720 14478.1
84.5455 15078.3 6.15631e-08 162866 14598.6
84.7789 15301.1 6.19584e-08 169056 14719.9
85.0154 15354.8 6.16582e-08 167502 14843.4
85.2505 15399.5 6.13275e-08 169964 14966.9
85.4866 15614.2 6.16687e-08 170478 15091.6
85.7246 15874.2 6.21749e-08 175200 15218
85.9642 15891.2 6.17228e-08 173130 15345.9
86.2012 16041.3 6.17929e-08 175712 15473.2
86.4415 16166.9 6.17588e-08 177438 15603
86.6808 16330.4 6.18684e-08 178092 15732.9
86.9209 16386.1 6.15663e-08 179694 15864
87.1623 16570.5 6.17432e-08 182504 15996.5
87.4047 16697.8 6.17011e-08 182394 16130.4
87.6463 17044.8 6.2464e-08 184464 16264.5
87.8898 17105.3 6.21661e-08 186398 16400.5
88.1346 17213.9 6.20413e-08 188844 16537.9
88.3785 17367.5 6.20779e-08 187230 16675.5
88.6241 17529.9 6.21388e-08 193776 16815
88.8723 17737.5 6.23497e-08 192218 16956.6
89.1173 17818.4 6.21186e-08 192408 17097.3
89.3636 18015.4 6.22876e-08 195510 17239.4
89.6121 18184.8 6.23518e-08 198404 17383.6
89.8624 18284.6 6.21714e-08 200310 17529.7
90.1125 18520 6.24492e-08 201216 17676.4
90.3629 18633.2 6.23098e-08 201618 17824.3
90.6136 18830 6.24467e-08 204680 17973
90.8637 18999.2 6.24891e-08 202758 18122.2
91.1165 19180.6 6.25619e-08 211812 18273.9
91.3704 19388.6 6.27149e-08 205718 18427.1
91.6219 19570.4 6.2783e-08 211452 18579.7
91.8766 19553.7 6.2209e-08 213150 18735.1
92.1337 19800 6.24668e-08 217512 18892.8
92.3907 20113.7 6.29283e-08 214754 19051.3
92.6443 20313.9 6.30344e-08 215424 19208.6
92.9029 20222 6.22265e-08 224574 19369.9
93.1615 20617.6 6.29171e-08 218588 19532.1
93.4187 20802.2 6.29576e-08 223902 19694.4
93.6773 21002.2 6.30378e-08 224952 19858.4
93.9391 21154.1 6.29644e-08 230258 20025.3
94.2003 21370.9 6.3082e-08 227544 20192.8
94.4611 21615.3 6.32764e-08 231018 20361
94.7234 21609.1 6.27343e-08 234504 20531.1
94.9866 22065.8 6.3529e-08 233102 20702.7
95.2488 22227.1 6.34663e-08 236892 20874.6
95.5133 22344.4 6.32727e-08 238830 21049
95.7779 22522.3 6.32493e-08 241232 21224.4
96.045 22779.8 6.34405e-08 243906 21402.5
96.3117 23064.6 6.37013e-08 244704 21581.3
96.5789 23214.7 6.35852e-08 246698 21761.4
96.8459 23412.8 6.35987e-08 248664 21942.4
97.1161 23578.4 6.35156e-08 253494 22126.5
97.3861 23916.9 6.38931e-08 251522 22311.6
97.6552 24059.9 6.37452e-08 255336 22497.1
97.9263 24305.5 6.38626e-08 257694 22685
98.1987 24639.3 6.42024e-08 260988 22874.8
98.4723 24910 6.43682e-08 261638 23066.6
98.7442 24904.9 6.38249e-08 262356 23258.1
99.0178 25045 6.36533e-08 266478 23452
99.2941 25354.5 6.39034e-08 272048 23648.9
99.5716 25594.5 6.39706e-08 269850 23847.7
99.847 25914.7 6.42364e-08 272544 24046.2
100.124 26184.6 6.43677e-08 275546 24247
100.401 26440.4 6.44606e-08 275334 24448.6
100.681 26755.1 6.46848e-08 285024 24653.8
100.963 26972.8 6.4666e-08 282242 24861.7
101.241 27361 6.50575e-08 280800 25067.7
101.521 27502.9 6.48553e-08 288330 25276.3
101.804 27758.6 6.49151e-08 290024 25487.8
102.087 27897.6 6.46994e-08 290598 25700.8
102.369 28216.4 6.4899e-08 293748 25914.6
102.654 28468.5 6.49338e-08 299582 26132
102.939 28664 6.48391e-08 295914 26350
103.223 28968.8 6.49888e-08 302352 26568.8
103.511 29247.9 6.50686e-08 305342 26791.8
103.798 29786 6.5718e-08 305532 27015.1
104.087 29918.6 6.5463e-08 310806 27241.1
104.375 30295.8 6.57397e-08 310436 27468.5
104.666 30528.3 6.56938e-08 318006 27698.6
104.957 30752.9 6.56293e-08 312846 27929.8
105.247 31107.3 6.58379e-08 322508 28162.2
105.54 31429.2 6.59659e-08 321318 28398.4
105.833 31776.8 6.61431e-08 327204 28635.5
106.127 32082.4 6.62261e-08 325766 28874.7
106.421 32386.5 6.63019e-08 330246 29115.1
106.717 32740.3 6.64699e-08 335868 29358.8
107.015 33134.7 6.67102e-08 336710 29605.4
107.311 33424.6 6.67386e-08 336636 29851.7
107.609 33826.3 6.6981e-08 343542 30101.1
107.907 34154.8 6.70729e-08 342092 30351.8
108.206 34588.5 6.73624e-08 349446 30605.2
108.507 34678.9 6.69773e-08 350118 30861.6
108.808 35242.1 6.75027e-08 352628 31118.6
109.111 35441.4 6.73196e-08 359334 31379.7
109.414 35812.8 6.74624e-08 356364 31641.5
109.717 36319.2 6.78511e-08 362990 31905.1
110.021 36625.5 6.78568e-08 364062 32171.4
110.326 36846.3 6.77011e-08 369756 32439.9
110.632 37457.1 6.82538e-08 368726 32710.5
110.939 37829.8 6.8363e-08 375786 32983.3
111.248 38113 6.8303e-08 378600 33259.3
111.557 38742.5 6.88559e-08 379394 33537.1
111.866 39058.5 6.88424e-08 386568 33817.4
112.178 39499.1 6.90403e-08 386906 34100.8
112.489 39825.7 6.90361e-08 388950 34384.8
112.801 40408 6.94662e-08 394512 34671.6
113.114 40638.2 6.92822e-08 396818 34961.7
113.428 41080.7 6.94566e-08 401112 35253.7
113.744 41532.1 6.96366e-08 404850 35548.9
114.06 42084.6 6.99784e-08 405566 35845.9
114.375 42359 6.98538e-08 409308 36144
114.692 42896.3 7.01545e-08 413766 36445.6
115.011 43525.8 7.05945e-08 417050 36749.9
115.331 44180.8 7.10612e-08 425232 37057.9
115.653 44493.3 7.09688e-08 421862 37368.7
115.972 44824.4 7.09079e-08 426402 37679.1
116.295 45316.1 7.10908e-08 434688 37994.4
116.619 45810 7.12668e-08 436634 38313.6
116.942 46323.5 7.14708e-08 434784 38632.5
117.265 47248 7.22964e-08 441018 38953.5
117.591 47389.9 7.19132e-08 447350 39278.7
117.917 47886.3 7.20637e-08 449868 39607.2
118.245 48626.9 7.25722e-08 453206 39938
118.573 49372.2 7.30748e-08 456570 40271.3
118.902 49834.6 7.31474e-08 463824 40608
119.233 50619.3 7.36825e-08 463718 40948
119.564 51055.2 7.37027e-08 468186 41289.2
119.895 51525.6 7.3766e-08 473448 41633.9
120.229 52187.9 7.4093e-08 479354 41982.9
120.563 52789.9 7.43269e-08 477702 42333.6
120.897 53592.2 7.48338e-08 485204 42685.9
121.234 54248.5 7.51204e-08 491454 43043.7
121.571 54885.8 7.53725e-08 491226 43403.7
121.908 55515.6 7.56071e-08 497648 43765.6
122.248 56121.9 7.57966e-08 504930 44132.9
122.587 56886.4 7.61935e-08 500358 44501.1
122.925 57571.6 7.64766e-08 508652 44870.3
123.267 58137.7 7.65876e-08 516390 45246
123.609 58937.4 7.69978e-08 515642 45623.9
123.951 59541.6 7.71451e-08 521880 46003.7
124.297 60674.4 7.79593e-08 530850 46389.2
124.642 61324.5 7.81415e-08 527054 46777
124.986 62033.4 7.83943e-08 534156 47165.1
125.334 62754.6 7.86463e-08 545150 47560.6
125.683 63512 7.89338e-08 543474 47959.3
126.031 64568.1 7.95847e-08 545310 48358
126.38 65422.6 7.99714e-08 555788 48761.1
126.732 66283.2 8.03499e-08 559542 49169.8
127.084 67171.9 8.07514e-08 564146 49581.2
127.437 68469.3 8.163e-08 566520 49995
127.791 69106.6 8.17068e-08 573594 50412.9
128.146 69840.1 8.18892e-08 577718 50834.5
128.501 70903.4 8.24489e-08 579303 51258.1
128.858 71843.6 8.28505e-08 586232 51686
129.216 72398.6 8.27974e-08 585156 52118.7
129.575 73238.9 8.30652e-08 582704 52553.7
129.934 73806.2 8.30164e-08 584544 52991.8
130.295 74825.7 8.34652e-08 585204 53434.9
130.657 75372.9 8.33794e-08 582812 53881.1
131.019 76715.5 8.4162e-08 584472 54331
131.383 76958.4 8.37286e-08 584132 54785
131.748 77787.6 8.39304e-08 582540 55242.2
132.113 78582.6 8.4087e-08 582096 55702.9
132.481 79361.3 8.42153e-08 586412 56169.1
132.849 80142.5 8.43386e-08 581640 56639.1
133.218 81096.9 8.4636e-08 583304 57112.3
133.589 81834.5 8.46969e-08 583536 57590.3
133.959 82735.7 8.49213e-08 578204 58070.6
134.33 83743.7 8.52452e-08 582180 58554.8
134.704 84487.5 8.52884e-08 582144 59045
135.078 85331.9 8.5427e-08 578780 59538.3
135.452 85866.7 8.52524e-08 577524 60034.1
135.828 87371.4 8.60287e-08 579584 60534.9
136.206 88238.6 8.61609e-08 580752 61042
136.585 89046.5 8.62283e-08 576896 61552.7
136.963 90072.7 8.65011e-08 575412 62065.7
137.343 90919 8.65921e-08 575676 62583
137.724 91722.7 8.66333e-08 576392 63106.2
138.107 92911.1 8.70288e-08 574368 63633.4
138.49 93701.4 8.70431e-08 572624 64164.1
138.874 94719.5 8.72599e-08 574056 64700.1
139.26 96181.4 8.78714e-08 572864 65241.4
139.647 96805.5 8.77101e-08 568992 65785.6
140.034 97884.5 8.7953e-08 572024 66335
140.424 98811.1 8.80489e-08 569052 66890.1
140.814 100088 8.84477e-08 568236 67448.9
141.204 101090 8.8595e-08 563612 68010.8
141.595 102516 8.91017e-08 567216 68577.9
141.989 102998 8.87785e-08 564740 69151.8
142.383 104721 8.95146e-08 563940 69729.9
142.779 105611 8.95273e-08 562172 70312.6
143.176 106959 8.99184e-08 561948 70900.7
143.574 108468 9.04301e-08 560084 71494.1
143.973 109450 9.04932e-08 556764 72091.1
144.371 110527 9.06286e-08 553976 72691.4
144.772 112557 9.15292e-08 556344 73298.1
145.174 112890 9.10387e-08 552420 73910.8
145.577 114652 9.16941e-08 552200 74528
145.981 116230 9.21871e-08 548880 75149.9
146.386 117430 9.23672e-08 548696 75777.4
146.793 118703 9.2595e-08 546948 76410.6
147.201 119866 9.27255e-08 547364 77050.6
147.61 121514 9.32217e-08 540792 77694.7
148.019 123055 9.36234e-08 540320 78341.9
148.43 124502 9.39404e-08 538668 78995.8
148.842 126061 9.43291e-08 537260 79655.3
149.255 127877 9.48948e-08 534912 80320.9
149.67 129320 9.517e-08 534812 80992.9
150.085 131442 9.5931e-08 527424 81668.7
150.501 132382 9.58182e-08 528968 82349.4
150.919 134676 9.66714e-08 525312 83036.8
151.338 135564 9.65023e-08 525968 83731.3
151.759 137824 9.72975e-08 520272 84431.2
152.18 139475 9.7647e-08 520256 85136.6
152.603 140884 9.78168e-08 514536 85847.5
153.026 143571 9.88569e-08 515732 86564.5
153.452 144384 9.85923e-08 510624 87288.4
153.877 146951 9.95157e-08 507288 88016
154.304 148207 9.95353e-08 505904 88750.6
154.732 150756 1.00409e-07 502608 89491.6
155.163 152698 1.00858e-07 502280 90240.8
155.594 154463 1.01178e-07 496404 90995.1
156.026 156534 1.01686e-07 494156 91754.8
156.459 158603 1.02177e-07 490572 92520.7
156.893 160873 1.02781e-07 487856 93293.3
157.329 163160 1.03378e-07 485592 94073.1
157.765 165363 1.03907e-07 479840 94858.1
158.204 167795 1.04561e-07 480792 95651.3
158.644 169686 1.04862e-07 473276 96451.5
159.083 172654 1.05815e-07 469716 97254.5
159.525 175201 1.06486e-07 469388 98067
159.968 177775 1.07156e-07 463164 98886.5
160.412 180485 1.07888e-07 460964 99712.4
160.858 183052 1.08515e-07 456404 100546
161.304 185252 1.0891e-07 453096 101385
161.752 188250 1.09756e-07 447944 102232
162.2 190405 1.10094e-07 445104 103085
162.651 194027 1.11258e-07 440876 103947
163.103 196582 1.11788e-07 438372 104816
163.556 199597 1.12562e-07 431156 105692
164.009 202394 1.13196e-07 426816 106572
164.464 206186 1.14363e-07 424208 107461
164.921 209187 1.15066e-07 420060 108360
165.379 211291 1.1526e-07 414500 109266
165.838 215715 1.167e-07 409044 110177
166.298 219719 1.17882e-07 406184 111096
166.761 222590 1.18431e-07 401808 112027
167.224 225077 1.18762e-07 394448 112962
167.687 228957 1.19811e-07 390564 113904
168.153 233321 1.21083e-07 386420 114855
168.62 236371 1.21649e-07 380148 115815
169.087 241795 1.23411e-07 375116 116781
169.557 245164 1.24093e-07 371108 117757
170.028 248201 1.2459e-07 363588 118741
170.5 253056 1.25974e-07 360704 119734
170.974 257401 1.27075e-07 352920 120734
171.449 261941 1.28245e-07 347888 121742
171.925 266160 1.29231e-07 342564 122760
172.402 270865 1.30426e-07 336104 123785
172.881 275437 1.31529e-07 329616 124819
173.36 280057 1.32629e-07 324044 125860
173.841 285080 1.33891e-07 317940 126910
174.324 288865 1.34544e-07 311516 127971
174.808 293718 1.3567e-07 306920 129041
175.294 297111 1.36099e-07 297936 130120
175.782 303189 1.37731e-07 293684 131209
176.27 308566 1.39013e-07 284568 132304
176.757 313833 1.4022e-07 276704 133404
177.248 319249 1.41457e-07 274896 134520
177.742 323547 1.4217e-07 263228 135646
178.234 328960 1.43355e-07 257720 136777
178.729 331650 1.4333e-07 250968 137919
179.225 336493 1.44218e-07 242276 139071
179.722 342811 1.4571e-07 236220 140232
180.221 346982 1.46261e-07 227624 141403
180.722 352233 1.47243e-07 221304 142586
181.225 355967 1.4757e-07 212204 143778
181.726 359524 1.47815e-07 203168 144974
182.23 362803 1.47929e-07 197955 146183
182.737 369829 1.4954e-07 190268 147408
183.246 373281 1.49683e-07 184188 148643
183.754 380530 1.51328e-07 176492 149882
184.264 382597 1.50891e-07 172200 151133
184.777 388352 1.51887e-07 166544 152400
185.291 396764 1.53891e-07 160160 153674
185.804 399336 1.53608e-07 155010 154955
186.319 406293 1.54992e-07 149948 156246
186.836 409971 1.55099e-07 145458 157552
187.356 415160 1.55759e-07 140444 158870
187.876 424714 1.58024e-07 135596 160197
188.396 431336 1.59163e-07 130308 161531
188.918 439017 1.60658e-07 126860 162877
189.444 448732 1.62849e-07 122748 164241
189.971 457704 1.64725e-07 118076 165617
190.499 459477 1.63993e-07 113774 167000
191.026 469270 1.66105e-07 109236 168391
191.555 480916 1.68822e-07 105638 169793
192.087 489834 1.70528e-07 102174 171212
192.623 500363 1.72744e-07 98708 172648
193.159 509506 1.74439e-07 94310 174095
193.694 514676 1.74753e-07 90414 175545
194.231 529511 1.78303e-07 87398 177010
194.77 537645 1.79544e-07 83462 178487
195.308 549177 1.81883e-07 79902 179970
195.85 558046 1.8329e-07 77558 181473
196.397 566433 1.84496e-07 74094 182996
196.944 579849 1.87294e-07 71006 184531
197.492 594497 1.90431e-07 67574 186077
198.04 606026 1.92518e-07 64368 187629
198.588 619768 1.95257e-07 61502 189192
199.137 632396 1.97594e-07 58214 190763
199.686 643149 1.99299e-07 55872 192347
200.24 666334 2.04775e-07 53270 193952
200.797 676861 2.06284e-07 50742 195575
201.356 696011 2.10359e-07 48032 197213
201.917 725105 2.17331e-07 45638 198865
202.479 722094 2.14632e-07 43008 200530
203.042 743778 2.19242e-07 40694 202208
203.608 759964 2.22152e-07 38408 203903
204.174 785173 2.27617e-07 35958 205609
204.742 804325 2.31235e-07 33920 207328
205.311 824640 2.3511e-07 31622 209062
205.88 843835 2.38591e-07 29640 210807
206.452 877898 2.46164e-07 27662 212569
207.024 888189 2.46992e-07 25568 214340
207.598 922591 2.54438e-07 23904 216126
208.175 949916 2.59801e-07 22118 217934
208.75 960519 2.60533e-07 20168 219747
209.328 1.00436e+06 2.70175e-07 18816 221577
209.911 1.04448e+06 2.78636e-07 17126 223432
210.495 1.07253e+06 2.83742e-07 15680 225301
211.081 1.08686e+06 2.85148e-07 14184 227188
211.669 1.11531e+06 2.9018e-07 12854 229092
212.261 1.15288e+06 2.9745e-07 11600 231021
212.86 1.21159e+06 3.09964e-07 10428 232982
213.459 1.25264e+06 3.17776e-07 9032 234955
214.05 1.30806e+06 3.29095e-07 7838 236912
214.639 1.33092e+06 3.32099e-07 6816 238872
215.227 1.38764e+06 3.4342e-07 5840 240841
215.814 1.44984e+06 3.55897e-07 4952 242816
216.393 1.47009e+06 3.57977e-07 4062 244776
216.965 1.50997e+06 3.64789e-07 3368 246722
217.537 1.59266e+06 3.81737e-07 2744 248678
218.109 1.63805e+06 3.89533e-07 2184 250647
218.782 1.65115e+06 3.89035e-07 2192 252975
219.487 1.82406e+06 4.25652e-07 1238 255425
220.117 1.92892e+06 4.46268e-07 728 257632
220.69 2.05488e+06 4.71715e-07 456 259650
221.261 2.15839e+06 4.91648e-07 248 261671
221.827 2.15361e+06 4.86818e-07 104 263682
222.372 2.0333e+06 4.56246e-07 24 265634
222.88 188829 4.2082e-08 1 267456
0.499324
1200
200
512
1.64658
8.04248 144.529 6.85529e-07 6 12.5664
11.3738 189.902 3.1846e-07 12 35.5431
13.93 236.772 2.16132e-07 8 65.2968
16.085 70.6304 4.18767e-08 6 100.531
17.9835 345.603 1.4662e-07 24 140.496
19.7 336.16 1.0849e-07 24 184.687
22.7476 987.731 2.07049e-07 12 284.345
24.1274 350.914 6.16464e-08 30 339.292
25.4325 611.675 9.17469e-08 24 397.384
26.6739 753.102 9.79118e-08 24 458.457
27.86 354 4.03926e-08 8 522.374
28.9976 426.418 4.3151e-08 24 589.013
30.0922 820.504 7.42948e-08 48 658.267
32.1699 665.859 4.93483e-08 6 804.248
33.16 966.336 6.5392e-08 48 880.812
34.1213 904.705 5.61912e-08 36 959.663
35.0563 1356.09 7.76657e-08 24 1040.74
35.9671 1551.85 8.22952e-08 24 1123.97
36.8553 1276.92 6.29367e-08 48 1209.31
37.7226 1102.86 5.06942e-08 24 1296.71
39.3999 1785.16 7.20163e-08 24 1477.5
40.2124 2351.22 8.92182e-08 30 1570.8
41.0087 2021.56 7.23262e-08 72 1665.98
41.7899 2099.63 7.09851e-08 32 1763.01
43.3101 2259.44 6.86238e-08 72 1962.49
44.0505 2162.01 6.24089e-08 48 2064.87
45.4951 3428.14 8.98265e-08 12 2274.76
46.2005 1479.64 3.70216e-08 48 2382.21
46.8953 3637.15 8.70187e-08 48 2491.31
47.5799 3038.64 6.96061e-08 48 2602.03
48.2549 3047.83 6.6928e-08 30 2714.34
48.9205 3057.67 6.44405e-08 24 2828.22
49.5772 2829.62 5.72959e-08 72 2943.64
50.8651 3961.28 7.42704e-08 24 3179.07
51.497 3363.47 6.0769e-08 96 3299.03
52.1212 3700.91 6.44919e-08 48 3420.45
52.738 3577.24 6.01749e-08 24 3543.34
53.3478 2985.07 4.85116e-08 24 3667.66
53.9506 3257.17 5.1179e-08 72 3793.4
54.5467 3781.39 5.74891e-08 48 3920.55
55.7199 3063.56 4.36953e-08 8 4178.99
56.2973 3892.36 5.38256e-08 54 4310.27
56.8689 4136.58 5.54954e-08 84 4442.88
57.4348 3086.72 4.01987e-08 48 4576.83
57.9951 4088.47 5.17161e-08 24 4712.1
58.5501 5358.53 6.58722e-08 72 4848.68
59.0999 4202.53 5.02332e-08 96 4986.55
60.1844 6565.13 7.43073e-08 48 5266.13
60.7194 4810.02 5.30158e-08 48 5407.82
61.2497 4564.03 4.9009e-08 24 5550.75
61.7754 5327.77 5.57619e-08 72 5694.92
62.8138 6877.89 6.84748e-08 72 5986.94
63.3265 7205.98 7.00125e-08 96 6134.76
64.3398 7400.21 6.85559e-08 6 6433.98
64.8405 5837.21 5.28331e-08 96 6585.37
65.3374 6416.87 5.67646e-08 96 6737.92
65.8305 6272.32 5.42483e-08 24 6891.63
66.32 6452.92 5.45837e-08 48 7046.5
66.8058 9088.49 7.52122e-08 96 7202.5
67.2882 7305.72 5.91679e-08 48 7359.65
68.2427 7790.06 6.04801e-08 36 7677.3
68.715 8625.48 6.55948e-08 48 7837.8
69.184 11081.6 8.25704e-08 120 7999.4
69.6499 9474.01 6.9185e-08 56 8162.1
70.1127 7211.72 5.16284e-08 24 8325.88
70.5725 8917.4 6.25997e-08 96 8490.75
71.0292 8019.12 5.52148e-08 48 8656.69
71.9341 8733.44 5.78923e-08 24 8991.76
72.3823 10289.4 6.6947e-08 102 9160.88
72.8277 12372.4 7.9032e-08 48 9331.05
73.2705 8439.05 5.29355e-08 72 9502.26
73.7105 11752.4 7.24067e-08 48 9674.51
74.148 9995.12 6.04964e-08 48 9847.78
74.5829 9315.94 5.5405e-08 120 10022.1
75.4451 6705.83 3.853e-08 24 10373.7
75.8726 10263.2 5.79787e-08 144 10551
76.2976 9378.82 5.2102e-08 120 10729.4
76.7203 10718.9 5.85676e-08 48 10908.7
77.5588 9697.47 5.12866e-08 48 11270.3
77.9747 9606.08 4.99948e-08 96 11452.5
78.7999 13801.1 6.95946e-08 24 11820
79.2092 10542.6 5.23434e-08 48 12005.1
79.6165 10627.8 5.19608e-08 108 12191.3
80.0216 10601.3 5.10477e-08 72 12378.3
80.4248 10569 5.01306e-08 30 12566.4
80.8259 12908.6 6.03206e-08 168 12755.3
81.225 9708.4 4.4701e-08 48 12945.2
82.0175 10798.2 4.82916e-08 72 13327.8
82.4109 12952.1 5.70986e-08 96 13520.5
82.8024 10089.7 4.38522e-08 72 13714.1
83.192 16455.1 7.05173e-08 72 13908.7
83.5799 10571.9 4.46774e-08 32 14104.1
83.9659 13418 5.59266e-08 72 14300.4
84.3502 11548 4.74776e-08 144 14497.7
85.4927 17391.7 6.86742e-08 96 15094.8
85.8702 16453.6 6.41169e-08 96 15295.6
86.246 11974.6 4.60558e-08 48 15497.3
86.6201 16326.6 6.19839e-08 72 15699.9
86.9927 19993.7 7.49351e-08 120 15903.4
87.3637 22838 8.45093e-08 72 16107.7
88.1009 13451.8 4.85378e-08 48 16518.9
88.4672 14424.1 5.14021e-08 78 16725.8
88.8321 15414.7 5.42582e-08 120 16933.6
89.1954 16351 5.68534e-08 48 17142.2
89.9176 15089.9 5.12143e-08 144 17562
90.2766 16365.3 5.48831e-08 144 17773.2
90.9902 24064.3 7.88184e-08 12 18198
91.345 17364.6 5.62148e-08 144 18411.7
91.6983 20653 6.60903e-08 48 18626.2
92.0504 19343.3 6.11918e-08 120 18841.6
92.401 21471.4 6.71538e-08 48 19057.7
92.7504 17331.7 5.35963e-08 48 19274.7
93.0984 22185.6 6.78397e-08 168 19492.5
93.7906 23972.5 7.16927e-08 48 19930.5
94.1348 16551.9 4.89594e-08 96 20150.7
94.4777 19242.1 5.62993e-08 96 20371.8
94.8194 19256.6 5.57349e-08 72 20593.6
95.1599 20610.4 5.90153e-08 48 20816.2
95.4991 21396.9 6.06166e-08 96 21039.7
95.8372 16839.2 4.72018e-08 48 21263.9
96.5097 30260.6 8.30624e-08 30 21714.7
96.8442 17810.4 4.83828e-08 96 21941.3
97.1776 19872.1 5.34298e-08 192 22168.6
97.5099 24940 6.63728e-08 56 22396.8
97.841 23866.8 6.2874e-08 24 22625.7
98.1709 24320 6.3424e-08 168 22855.4
98.4998 20728.7 5.35187e-08 120 23085.9
99.1543 21908.7 5.54525e-08 72 23549.2
99.4799 20659.3 5.17784e-08 144 23781.9
99.8045 24472.1 6.07381e-08 96 24015.5
100.128 27712.7 6.81164e-08 96 24249.8
100.772 29403.8 7.08965e-08 72 24720.6
101.092 26090.3 6.23108e-08 96 24957.2
101.73 29069.5 6.81284e-08 24 25432.5
102.048 27025.2 6.27482e-08 192 25671.3
102.364 20834.3 4.79266e-08 108 25910.9
102.679 36645.3 8.35233e-08 24 26151.2
102.994 23670 5.34568e-08 96 26392.2
103.307 24351.3 5.44962e-08 96 26634
103.62 23362.3 5.18113e-08 120 26876.5
104.242 19858.9 4.32575e-08 48 27363.6
104.552 27585.2 5.95548e-08 78 27608.3
104.861 28590 6.11802e-08 144 27853.7
105.169 26965.5 5.71984e-08 120 28099.9
105.476 28661.6 6.02669e-08 24 28346.7
105.782 28336.1 5.90664e-08 168 28594.3
106.088 31985.6 6.60998e-08 144 28842.6
106.696 40541.5 8.2357e-08 24 29341.3
106.998 32815.4 6.6098e-08 48 29591.7
107.3 30246.1 6.04101e-08 96 29842.8
107.601 30653.6 6.07116e-08 120 30094.7
107.901 26249.8 5.1557e-08 72 30347.2
108.2 23220.9 4.52305e-08 120 30600.4
108.499 30076.6 5.81021e-08 144 30854.4
109.093 31336.7 5.95521e-08 48 31364.4
109.39 34970.9 6.59203e-08 192 31620.4
109.685 28506.1 5.33014e-08 144 31877.1
109.979 26241.5 4.86739e-08 48 32134.6
110.566 36680.6 6.69598e-08 192 32651.5
110.858 42782.9 7.74837e-08 48 32910.9
111.44 39228.6 6.99393e-08 8 33431.9
111.971 35855.5 6.30208e-08 288 33911.8
112.307 29156.6 5.07872e-08 96 34218.6
112.595 32276 5.57913e-08 54 34482.1
112.882 29841.3 5.11904e-08 120 34746.4
113.168 39091.2 6.65506e-08 120 35011.3
113.738 32647.2 5.47483e-08 84 35543.1
114.022 39068.5 6.50283e-08 144 35810
114.305 30901.9 5.10538e-08 72 36077.5
114.588 27527.2 4.51428e-08 96 36345.8
115.057 38575.3 6.24899e-08 144 36794.2
115.431 37293.7 5.98281e-08 240 37154.4
115.99 18393.5 2.9083e-08 24 37696.8
116.269 39143.1 6.14478e-08 240 37969
116.547 35572.7 5.54444e-08 96 38241.8
116.962 40481.4 6.24255e-08 144 38652.1
117.376 42646.8 6.5071e-08 96 39064.2
117.651 41377.2 6.26917e-08 72 39339.7
118.2 32716.3 4.88826e-08 96 39892.4
118.473 36725.9 5.44946e-08 96 40169.8
118.867 43409.6 6.37743e-08 216 40571.4
119.56 41001.8 5.9195e-08 192 41285.6
119.83 38674.6 5.54583e-08 144 41566.1
120.369 32743.5 4.63259e-08 48 42129.1
120.637 42934.8 6.03401e-08 150 42411.5
120.905 41351.9 5.77302e-08 96 42694.6
121.172 38330 5.31582e-08 120 42978.2
121.629 47436.6 6.50497e-08 168 43465.9
121.97 42707.7 5.80744e-08 240 43833
122.499 46262.6 6.20966e-08 24 44406
122.921 44367.4 5.89423e-08 360 44866
123.289 52374.2 6.89581e-08 48 45270.1
123.551 30920.5 4.04528e-08 72 45559.4
123.917 50562.4 6.55659e-08 240 45965.2
124.977 50885.8 6.43208e-08 276 47154.8
125.37 36742.9 4.60081e-08 104 47601.4
125.628 70665.2 8.79409e-08 72 47895.5
126.003 44322.7 5.46667e-08 312 48326.3
126.653 37327.5 4.53338e-08 96 49078.1
127.035 51685.6 6.22064e-08 288 49523.8
127.417 47512.1 5.66714e-08 168 49971.3
127.923 46884.7 5.52612e-08 48 50569.7
128.176 61384.5 7.19247e-08 192 50869.8
128.68 44889.9 5.19827e-08 6 51471.9
128.931 50057.3 5.76286e-08 192 51773.7
129.181 55560.7 6.35929e-08 96 52076.2
129.556 56484.7 6.40909e-08 192 52530.9
129.93 59993.2 6.74857e-08 216 52987.2
130.179 57052.2 6.38103e-08 72 53292
130.675 47927.9 5.29972e-08 96 53903.3
131.098 48693.9 5.33241e-08 336 54429.1
131.415 52156.5 5.67037e-08 48 54824.8
131.886 58756.7 6.31978e-08 288 55416.1
132.151 49439.5 5.28565e-08 192 55751.4
132.64 77233.3 8.16623e-08 48 56372
132.884 50883.2 5.35058e-08 96 56683.1
133.237 61361.4 6.40119e-08 264 57136.6
133.612 67578.7 6.99063e-08 96 57620
134.022 64872.7 6.6492e-08 240 58153.1
134.776 60414.5 6.0889e-08 288 59140.1
135.056 54979.7 5.5068e-08 96 59509.1
135.295 50058.7 4.98736e-08 72 59825.9
135.875 72941.8 7.17467e-08 336 60597.5
136.66 61012.2 5.89833e-08 138 61654.9
136.958 55847.5 5.36385e-08 240 62059.3
137.273 63032.3 6.01241e-08 144 62487.7
137.768 64565.4 6.09253e-08 384 63165.9
138.512 58265.9 5.40997e-08 312 64194.7
138.835 57603.5 5.31123e-08 72 64644.9
139.12 62111.6 5.69174e-08 248 65044.1
139.671 59926.1 5.42676e-08 240 65819.7
140.225 53913.2 4.82453e-08 24 66607.1
140.456 73746.7 6.56694e-08 192 66936
140.739 68423.4 6.05623e-08 312 67341.5
141.282 64232.2 5.61992e-08 240 68124.4
141.602 75135.9 6.52943e-08 96 68588.7
142.058 63844 5.49488e-08 48 69253.5
142.46 74761.3 6.38031e-08 408 69841.8
142.74 53808.9 4.56519e-08 144 70254.8
143.192 65285.1 5.4865e-08 120 70924.9
143.418 57590.4 4.81703e-08 144 71260.8
144.072 73927.5 6.09963e-08 264 72240.8
144.429 72514.9 5.93887e-08 192 72778.6
144.765 61160.1 4.97417e-08 102 73287.1
145.124 74022 5.97562e-08 432 73834.3
145.655 63187.3 5.04532e-08 48 74648.4
145.933 77365.1 6.14225e-08 384 75075.5
146.43 78384.5 6.15993e-08 144 75846.3
146.882 72724.9 5.66268e-08 264 76549.4
147.567 84989 6.52579e-08 144 77626.4
147.956 85840.3 6.5393e-08 324 78242.1
148.487 81228.3 6.12188e-08 384 79086.5
148.731 79571.7 5.96747e-08 216 79478.4
149.262 81392.5 6.03916e-08 216 80331.9
149.707 74212.4 5.45749e-08 240 81052.1
150.246 83956.1 6.1078e-08 168 81931
150.461 77156.3 5.58907e-08 240 82283.3
151.081 90964.5 6.50857e-08 216 83304.1
151.389 84879.8 6.03611e-08 288 83816.1
151.83 85057.3 5.9962e-08 240 84550.4
152.171 105683 7.40034e-08 72 85120.5
152.704 91216.1 6.32066e-08 246 86018
153.087 82727.6 5.68949e-08 320 86667.6
153.616 86317.8 5.87529e-08 288 87569.2
153.862 96830.7 6.55936e-08 144 87989.6
154.491 86197.7 5.76802e-08 288 89073.7
154.819 80502.5 5.35269e-08 336 89643.2
155.266 99250.9 6.54246e-08 168 90421.9
155.534 93786.3 6.15038e-08 336 90890.2
156.088 91461.3 5.93434e-08 288 91864
156.42 95225.2 6.13925e-08 264 92452.1
156.983 88742.8 5.65999e-08 240 93453.9
157.189 91849.6 5.83516e-08 96 93822
157.764 95138.2 5.97823e-08 120 94855.4
158.118 111544 6.96219e-08 408 95495.4
158.708 104335 6.43976e-08 456 96569.2
159.233 89677.7 5.48057e-08 108 97530.2
159.528 84724.5 5.14918e-08 264 98073.4
159.896 103084 6.22182e-08 264 98754
160.4 95877.5 5.73246e-08 312 99691.1
161.028 95832.6 5.66301e-08 270 100866
161.291 92997.6 5.46864e-08 240 101361
161.764 92619.7 5.39878e-08 384 102256
162.051 95194.5 5.51941e-08 192 102801
162.715 99745.3 5.71279e-08 432 104070
163.046 92750.1 5.27985e-08 144 104706
163.541 109913 6.20022e-08 480 105663
164.166 102059 5.69164e-08 216 106879
164.565 105979 5.86741e-08 312 107659
164.931 110689 6.08753e-08 216 108379
165.36 107584 5.87077e-08 192 109228
165.89 118570 6.4085e-08 624 110281
166.306 99775.4 5.35226e-08 120 111113
166.661 107857 5.74887e-08 336 111827
167.318 94749.2 4.991e-08 176 113153
167.594 124627 6.53242e-08 384 113715
168.136 117025 6.0749e-08 408 114820
168.7 153280 7.87727e-08 144 115982
169.024 113436 5.79622e-08 486 116651
169.656 137406 6.94282e-08 96 117964
169.847 130971 6.59541e-08 384 118362
170.514 122872 6.11521e-08 492 119763
170.985 141021 6.9606e-08 384 120758
171.363 124271 6.09333e-08 168 121561
172.009 125963 6.10704e-08 504 122940
172.342 108233 5.21707e-08 240 123655
172.719 130331 6.24122e-08 456 124468
173.376 142664 6.75441e-08 264 125895
173.811 124476 5.84916e-08 384 126844
174.274 120972 5.63931e-08 432 127862
174.851 120404 5.55749e-08 216 129134
175.159 133626 6.13532e-08 360 129818
175.707 144395 6.56787e-08 312 131041
176.349 134863 6.06757e-08 240 132482
176.68 120104 5.37324e-08 414 133230
177.22 127901 5.66986e-08 552 134456
177.785 132744 5.82863e-08 360 135746
178.159 133880 5.84163e-08 432 136604
178.699 144612 6.25288e-08 480 137849
179.295 145137 6.21319e-08 288 139234
179.683 142013 6.04015e-08 312 140139
180.099 143687 6.06909e-08 360 141115
180.792 137044 5.72221e-08 576 142750
181.367 146161 6.04507e-08 464 144116
181.625 140626 5.79135e-08 192 144732
182.239 147638 6.01889e-08 396 146205
182.69 126392 5.11466e-08 432 147294
183.114 133588 5.36835e-08 240 148322
183.674 155712 6.20034e-08 624 149688
184.285 140044 5.52126e-08 504 151185
184.935 147393 5.74991e-08 198 152790
185.242 154056 5.97994e-08 600 153554
185.784 152309 5.86058e-08 384 154904
186.351 151416 5.7732e-08 432 156328
186.841 156560 5.92252e-08 336 157563
187.285 162214 6.0928e-08 336 158691
187.853 151778 5.64924e-08 744 160139
188.461 169760 6.25764e-08 624 161698
189.041 179570 6.55854e-08 192 163195
189.392 172077 6.24996e-08 432 164107
189.907 164877 5.93992e-08 504 165448
190.514 164369 5.86518e-08 336 167040
190.971 153771 5.44764e-08 456 168246
191.376 168408 5.92839e-08 408 169319
191.948 154247 5.38157e-08 696 170839
192.6 160453 5.5414e-08 384 172588
193.275 186169 6.36237e-08 330 174409
193.727 179648 6.09665e-08 624 175635
194.189 156785 5.2829e-08 384 176893
194.686 183769 6.14481e-08 728 178256
195.277 189558 6.28094e-08 432 179886
195.932 208361 6.83499e-08 696 181702
196.361 168087 5.47782e-08 408 182897
197.017 188197 6.07215e-08 456 184735
197.376 191763 6.1535e-08 408 185747
197.93 197360 6.28006e-08 528 187316
198.648 179796 5.65935e-08 576 189362
199.186 186514 5.82335e-08 672 190905
199.791 177520 5.49235e-08 384 192650
200.327 199746 6.13056e-08 600 194204
200.825 202029 6.1546e-08 294 195657
201.287 196516 5.94553e-08 600 197009
201.814 187761 5.63623e-08 768 198562
202.504 200768 5.9653e-08 648 200606
203.077 210917 6.21402e-08 408 202311
203.668 228485 6.67317e-08 552 204083
204.218 214112 6.20294e-08 648 205743
204.837 225198 6.46517e-08 348 207618
205.201 213742 6.10366e-08 744 208728
205.887 210559 5.9529e-08 672 210827
206.458 223376 6.26294e-08 456 212587
206.934 226452 6.30551e-08 600 214060
207.512 219813 6.06967e-08 744 215858
208.097 229290 6.27812e-08 288 217689
208.791 218973 5.936e-08 704 219876
209.296 216283 5.82077e-08 678 221474
209.933 225360 6.00998e-08 648 223503
210.554 219503 5.80215e-08 648 225493
211.142 231174 6.05973e-08 696 227388
211.654 209058 5.44035e-08 696 229045
212.374 221284 5.70015e-08 552 231389
212.884 222087 5.67985e-08 840 233060
213.609 216380 5.47768e-08 600 235451
214.158 212876 5.34768e-08 696 237269
214.794 218729 5.44604e-08 672 239389
215.306 249002 6.15562e-08 552 241108
216 240517 5.8888e-08 492 243444
216.542 246016 5.97832e-08 840 245282
217.147 230945 5.56529e-08 606 247344
217.726 255056 6.09736e-08 936 249329
218.389 254639 6.03216e-08 528 251612
218.855 264599 6.2281e-08 696 253228
219.555 253196 5.90292e-08 648 255665
220.075 236360 5.47143e-08 936 257486
220.784 273226 6.26412e-08 384 259982
221.192 269205 6.13781e-08 864 261427
221.916 264990 5.98276e-08 768 264002
222.523 285791 6.39975e-08 528 266174
223.149 256800 5.70232e-08 776 268425
223.759 268354 5.91023e-08 960 270635
224.376 299404 6.53989e-08 696 272877
224.869 240616 5.22125e-08 582 274682
225.664 289814 6.2226e-08 1008 277605
226.234 249476 5.31609e-08 408 279715
226.796 285395 6.03646e-08 960 281802
227.531 280854 5.88297e-08 852 284554
228.14 282909 5.87869e-08 912 286845
228.844 302456 6.2271e-08 1032 289505
229.334 335599 6.86523e-08 384 291370
230.052 270929 5.4906e-08 864 294114
230.602 315130 6.34073e-08 840 296231
231.238 293443 5.85579e-08 912 298688
232.023 289250 5.71376e-08 792 301739
232.609 288201 5.65009e-08 744 304033
233.328 293699 5.70481e-08 726 306860
233.873 296474 5.71851e-08 984 309018
234.491 335458 6.41949e-08 912 311472
235.174 332655 6.31053e-08 1104 314201
235.838 294839 5.54603e-08 744 316872
236.64 320971 5.97641e-08 968 320115
237.102 301000 5.57186e-08 672 321993
237.764 350148 6.42769e-08 984 324696
238.52 318919 5.7989e-08 840 327805
239.12 329695 5.94983e-08 1092 330284
239.888 342955 6.1299e-08 840 333476
240.424 314912 5.59109e-08 720 335717
241.164 330276 5.81005e-08 1110 338827
241.846 341753 5.96121e-08 1056 341710
242.467 330599 5.72247e-08 888 344348
243.171 355522 6.10059e-08 936 347356
243.815 357248 6.08177e-08 912 350122
244.525 365234 6.16372e-08 1104 353190
245.217 341585 5.71589e-08 912 356200
245.869 352031 5.84396e-08 1104 359049
246.608 379685 6.24655e-08 1128 362296
247.294 388168 6.33314e-08 768 365326
247.85 384906 6.2377e-08 888 367798
248.519 398926 6.41287e-08 1224 370783
249.45 388196 6.17082e-08 750 374963
249.899 354502 5.60485e-08 1092 376994
250.695 369822 5.79154e-08 1472 380609
251.481 331423 5.14169e-08 792 384199
252.08 391482 6.03026e-08 1080 386951
252.799 387429 5.91708e-08 1584 390269
253.532 356469 5.39714e-08 624 393675
254.2 407301 6.11823e-08 1248 396798
254.861 382475 5.70076e-08 888 399899
255.614 399530 5.9025e-08 912 403454
256.265 422282 6.19116e-08 1368 406547
256.953 419959 6.10781e-08 966 409828
257.704 423966 6.1123e-08 1536 413434
258.54 401468 5.73203e-08 1152 417467
259.243 444143 6.28986e-08 1008 420884
259.932 419157 5.88893e-08 1248 424248
260.541 409361 5.71106e-08 1056 427237
261.264 453810 6.27875e-08 1188 430805
262.042 431104 5.91165e-08 1152 434663
262.821 417593 5.67563e-08 1560 438550
263.607 482705 6.50209e-08 1128 442496
264.241 453660 6.06691e-08 1152 445700
264.937 399281 5.29774e-08 920 449230
265.674 451440 5.94009e-08 1470 452989
266.462 460541 6.00622e-08 1200 457032
267.211 443105 5.73038e-08 1440 460896
267.851 475046 6.09949e-08 1224 464218
268.643 466267 5.93403e-08 1296 468344
269.491 490037 6.17785e-08 1560 472794
270.234 459460 5.7447e-08 1272 476717
270.856 484291 6.01354e-08 1080 480017
271.599 488275 6.01336e-08 1368 483980
272.391 528472 6.45182e-08 1248 488225
273.221 524834 6.34924e-08 1194 492698
273.902 483099 5.80082e-08 1752 496394
274.742 470230 5.59468e-08 1392 500974
275.414 515903 6.09326e-08 1440 504660
276.257 487864 5.70953e-08 1488 509306
277.053 477028 5.53474e-08 1248 513721
277.725 527944 6.08113e-08 1512 517468
278.494 499250 5.70309e-08 1112 521781
279.334 506278 5.73135e-08 1848 526517
280.018 513944 5.77558e-08 1224 530396
280.822 509125 5.67248e-08 1536 534973
281.662 525517 5.80288e-08 1638 539788
282.432 549374 6.01682e-08 1392 544228
283.2 550090 5.97579e-08 1632 548679
284.096 554988 5.97211e-08 1452 553906
284.778 552623 5.90405e-08 1680 557903
285.519 557148 5.90618e-08 1320 562269
286.288 580126 6.10029e-08 1752 566828
287.181 581601 6.05894e-08 1776 572149
288.046 572644 5.91203e-08 1104 577335
288.664 609964 6.25703e-08 1728 581054
289.525 574871 5.84455e-08 1446 586273
290.308 589377 5.94365e-08 1920 591043
291.216 617477 6.16897e-08 1896 596607
291.958 625277 6.19942e-08 1176 601176
292.671 608037 5.98454e-08 1856 605591
293.489 610690 5.96052e-08 1896 610684
294.361 623254 6.02923e-08 1464 616145
295.283 643738 6.16927e-08 1968 621951
296.06 659121 6.26706e-08 1548 626876
296.89 595054 5.61058e-08 1944 632163
297.701 625523 5.84982e-08 1470 637355
298.52 626445 5.81038e-08 1920 642627
299.349 665201 6.11868e-08 2184 648000
300.237 615879 5.61488e-08 1464 653785
300.944 653719 5.91797e-08 1608 658413
301.799 692216 6.2134e-08 1944 664038
302.665 677623 6.03032e-08 1872 669773
303.492 697125 6.15329e-08 2256 675280
304.337 713567 6.24614e-08 1632 680932
305.241 645723 5.60216e-08 1542 687023
306.043 700932 6.03348e-08 2216 692449
306.919 669049 5.70985e-08 2052 698414
307.758 682565 5.77773e-08 1680 704153
308.566 739329 6.20917e-08 2280 709716
309.463 706777 5.88434e-08 1968 715920
310.346 721979 5.95975e-08 2016 722066
311.163 725373 5.94069e-08 1968 727787
312.111 739177 5.99874e-08 1920 734460
313.019 755178 6.07546e-08 2400 740885
313.95 738290 5.8869e-08 1974 747516
314.65 749653 5.93766e-08 1944 752532
315.544 722664 5.67539e-08 1920 758963
316.375 781484 6.08908e-08 2280 764977
317.216 752420 5.81613e-08 1968 771092
318.134 766099 5.87077e-08 2220 777804
319.043 801442 6.08923e-08 2352 784494
319.967 794676 5.9857e-08 1968 791325
320.822 787806 5.8866e-08 2504 797691
321.782 794725 5.88533e-08 2118 804870
322.658 828680 6.08697e-08 2352 811458
323.544 803773 5.85563e-08 2136 818163
324.413 793298 5.73298e-08 2112 824776
325.282 815034 5.84302e-08 2472 831416
326.174 837141 5.95236e-08 2376 838281
327.078 879163 6.19946e-08 2304 845270
328.053 825206 5.76725e-08 2448 852852
328.955 845780 5.86258e-08 2280 859902
329.961 898554 6.17156e-08 2466 867820
330.774 895175 6.10315e-08 2256 874246
331.661 882876 5.97111e-08 2472 881301
332.581 855742 5.73973e-08 2856 888652
333.504 892954 5.93973e-08 2112 896072
334.499 939392 6.193e-08 2720 904119
335.416 926486 6.05795e-08 2136 911577
336.226 913275 5.92855e-08 2736 918191
337.22 928562 5.9746e-08 2376 926365
338.215 952077 6.07202e-08 3126 934586
339.243 955360 6.03774e-08 2568 943132
339.994 951073 5.9709e-08 2112 949411
340.955 947564 5.89872e-08 2748 957482
341.947 973411 6.00701e-08 2928 965869
342.851 974999 5.96938e-08 2640 973544
343.881 997490 6.05237e-08 2856 982343
344.792 1.00218e+06 6.0327e-08 2352 990177
345.768 974548 5.81688e-08 2910 998604
346.696 1.02856e+06 6.09011e-08 2784 1.00667e+06
347.696 1.04314e+06 6.12327e-08 2952 1.01541e+06
348.648 1.06239e+06 6.18532e-08 2696 1.02377e+06
349.573 1.06441e+06 6.14803e-08 3264 1.03194e+06
350.572 1.02212e+06 5.85342e-08 2472 1.04081e+06
351.541 1.06837e+06 6.06785e-08 3024 1.04946e+06
352.612 1.0777e+06 6.06521e-08 2964 1.05909e+06
353.557 1.05311e+06 5.87945e-08 2910 1.06762e+06
354.497 1.06592e+06 5.90371e-08 2880 1.07617e+06
355.414 1.06536e+06 5.85504e-08 3216 1.08454e+06
356.53 1.08005e+06 5.88027e-08 3096 1.09478e+06
357.43 1.12749e+06 6.09227e-08 2880 1.1031e+06
358.434 1.15135e+06 6.16906e-08 2904 1.11242e+06
359.44 1.10378e+06 5.86467e-08 3504 1.12181e+06
360.458 1.10861e+06 5.8406e-08 3168 1.13137e+06
361.559 1.12075e+06 5.85075e-08 3054 1.14176e+06
362.446 1.10617e+06 5.73235e-08 3032 1.15019e+06
363.444 1.19127e+06 6.12263e-08 3000 1.15972e+06
364.47 1.19021e+06 6.06565e-08 3780 1.16957e+06
365.549 1.17615e+06 5.94108e-08 3504 1.17999e+06
366.568 1.20577e+06 6.04004e-08 2904 1.18988e+06
367.533 1.27294e+06 6.32647e-08 3336 1.1993e+06
368.538 1.21641e+06 5.99615e-08 3144 1.20917e+06
369.551 1.1908e+06 5.82177e-08 3414 1.21917e+06
370.659 1.24306e+06 6.02292e-08 3552 1.23017e+06
371.545 1.25585e+06 6.04148e-08 2928 1.23901e+06
372.509 1.28577e+06 6.13753e-08 3840 1.24868e+06
373.613 1.21358e+06 5.74169e-08 3312 1.25982e+06
374.63 1.275e+06 5.98332e-08 3432 1.27013e+06
375.674 1.28875e+06 5.99756e-08 3596 1.28078e+06
376.812 1.33746e+06 6.16802e-08 4224 1.29245e+06
377.946 1.33207e+06 6.088e-08 3294 1.30416e+06
378.905 1.30253e+06 5.90795e-08 3792 1.31411e+06
379.935 1.3423e+06 6.03893e-08 3528 1.32486e+06
381.122 1.37237e+06 6.11674e-08 3984 1.33731e+06
382.114 1.37871e+06 6.09725e-08 3768 1.34778e+06
383.151 1.38954e+06 6.09538e-08 3672 1.35878e+06
384.18 1.31725e+06 5.73196e-08 3384 1.36977e+06
385.199 1.43654e+06 6.20158e-08 3648 1.38069e+06
386.32 1.40639e+06 6.01872e-08 4098 1.39277e+06
387.377 1.40444e+06 5.9613e-08 4008 1.40424e+06
388.485 1.47973e+06 6.22726e-08 4032 1.41633e+06
389.498 1.39514e+06 5.82563e-08 3800 1.42743e+06
390.569 1.46634e+06 6.0727e-08 3816 1.43924e+06
391.7 1.43133e+06 5.87651e-08 4248 1.45178e+06
392.769 1.48676e+06 6.05437e-08 3720 1.46369e+06
393.856 1.44038e+06 5.81708e-08 4254 1.47588e+06
394.945 1.47389e+06 5.9033e-08 4224 1.48816e+06
396.062 1.50043e+06 5.95887e-08 4368 1.50083e+06
397.195 1.49712e+06 5.895e-08 4104 1.51374e+06
398.311 1.57818e+06 6.16211e-08 4500 1.52654e+06
399.391 1.52226e+06 5.89569e-08 3480 1.53898e+06
400.481 1.5215e+06 5.84476e-08 5328 1.55162e+06
401.634 1.55177e+06 5.90983e-08 3342 1.56506e+06
402.677 1.61161e+06 6.09016e-08 4800 1.57729e+06
403.868 1.59291e+06 5.96643e-08 4184 1.59132e+06
404.934 1.58256e+06 5.88097e-08 5064 1.60395e+06
406.082 1.65735e+06 6.10676e-08 4032 1.61764e+06
407.201 1.58658e+06 5.79796e-08 4632 1.63105e+06
408.351 1.67869e+06 6.08286e-08 4680 1.64491e+06
409.484 1.72757e+06 6.20816e-08 3924 1.65864e+06
410.59 1.67651e+06 5.97612e-08 5166 1.67211e+06
411.726 1.6696e+06 5.90236e-08 4800 1.68603e+06
412.901 1.67564e+06 5.87328e-08 4560 1.70051e+06
414.001 1.72723e+06 6.00599e-08 4584 1.71414e+06
415.151 1.72127e+06 5.93565e-08 4848 1.72846e+06
416.249 1.75593e+06 6.0074e-08 4560 1.74221e+06
417.535 1.711e+06 5.7998e-08 5600 1.7584e+06
418.686 1.83034e+06 6.1533e-08 4686 1.77298e+06
419.855 1.84476e+06 6.15009e-08 5016 1.78788e+06
421.054 1.77257e+06 5.85908e-08 4956 1.80324e+06
422.113 1.81554e+06 5.95608e-08 4872 1.81688e+06
423.328 1.82769e+06 5.94445e-08 5376 1.83261e+06
424.545 1.84131e+06 5.93739e-08 5088 1.84847e+06
425.69 1.84476e+06 5.90062e-08 4710 1.86347e+06
426.835 1.88667e+06 5.98627e-08 4848 1.87854e+06
427.985 1.87119e+06 5.88942e-08 5976 1.89376e+06
429.2 1.90055e+06 5.93117e-08 5208 1.90993e+06
430.405 1.95943e+06 6.06372e-08 5352 1.92607e+06
431.6 1.97403e+06 6.05826e-08 4820 1.94216e+06
432.743 1.97588e+06 6.01602e-08 5760 1.95763e+06
433.954 1.95244e+06 5.89503e-08 5166 1.97412e+06
435.188 2.02278e+06 6.05559e-08 6168 1.991e+06
436.422 2.00091e+06 5.93949e-08 5136 2.00798e+06
437.637 2.0896e+06 6.15119e-08 6240 2.02481e+06
438.922 2.02174e+06 5.89931e-08 5568 2.0427e+06
440.112 2.05318e+06 5.94262e-08 5712 2.05935e+06
441.308 2.09157e+06 6.00464e-08 5520 2.07618e+06
442.568 2.11034e+06 6.00691e-08 5670 2.09402e+06
443.761 2.13389e+06 6.0251e-08 6036 2.111e+06
445.017 2.13286e+06 5.97133e-08 6264 2.12898e+06
446.297 2.18409e+06 6.06232e-08 5912 2.14739e+06
447.472 2.14879e+06 5.91747e-08 5736 2.1644e+06
448.662 2.187e+06 5.97491e-08 5400 2.18171e+06
449.929 2.2807e+06 6.1784e-08 6342 2.20025e+06
451.219 2.28077e+06 6.12574e-08 7032 2.21924e+06
452.483 2.22104e+06 5.91548e-08 5448 2.23793e+06
453.686 2.24128e+06 5.92204e-08 6528 2.25582e+06
455.01 2.22009e+06 5.81498e-08 6468 2.27563e+06
456.302 2.31414e+06 6.00999e-08 6528 2.29507e+06
457.487 2.32623e+06 5.99455e-08 5568 2.313e+06
458.712 2.28745e+06 5.84753e-08 6798 2.33163e+06
460.09 2.35959e+06 5.9779e-08 6560 2.35271e+06
461.321 2.39224e+06 6.01222e-08 6888 2.37165e+06
462.613 2.40684e+06 5.99836e-08 6624 2.39163e+06
463.886 2.38813e+06 5.90288e-08 6288 2.41142e+06
465.161 2.43848e+06 5.97791e-08 6960 2.43136e+06
466.517 2.3895e+06 5.80691e-08 6570 2.45269e+06
467.702 2.50887e+06 6.05074e-08 6600 2.47144e+06
469.04 2.54405e+06 6.08324e-08 7776 2.4927e+06
470.459 2.50373e+06 5.93283e-08 7248 2.51539e+06
471.78 2.56874e+06 6.0359e-08 6672 2.53664e+06
473.02 2.53008e+06 5.89841e-08 6704 2.5567e+06
474.279 2.59377e+06 5.99886e-08 6942 2.57717e+06
475.618 2.57702e+06 5.90993e-08 7656 2.59905e+06
476.939 2.63598e+06 5.99506e-08 7128 2.62077e+06
478.33 2.60807e+06 5.87998e-08 7908 2.64376e+06
479.632 2.65121e+06 5.92871e-08 6648 2.66541e+06
480.845 2.64354e+06 5.86692e-08 7320 2.68569e+06
482.277 2.73806e+06 6.02273e-08 7638 2.70975e+06
483.589 2.73862e+06 5.97507e-08 7416 2.73193e+06
484.867 2.84108e+06 6.1497e-08 7752 2.75365e+06
486.296 2.74805e+06 5.89607e-08 8448 2.77806e+06
487.682 2.81261e+06 5.98327e-08 7280 2.80189e+06
489.022 2.80585e+06 5.91998e-08 7668 2.82504e+06
490.366 2.91358e+06 6.09687e-08 8094 2.8484e+06
491.698 2.90928e+06 6.03851e-08 7656 2.87168e+06
493.062 2.95831e+06 6.08945e-08 8160 2.89565e+06
494.434 2.95743e+06 6.03711e-08 8472 2.91989e+06
495.863 2.96176e+06 5.99383e-08 7896 2.94527e+06
497.177 2.98467e+06 5.99244e-08 8088 2.96874e+06
498.568 2.94493e+06 5.8633e-08 8286 2.99373e+06
499.992 3.01694e+06 5.95551e-08 8676 3.01946e+06
501.353 2.98982e+06 5.85404e-08 8120 3.04418e+06
502.724 3.06646e+06 5.95508e-08 9024 3.06923e+06
504.146 3.14279e+06 6.05181e-08 8160 3.09535e+06
505.492 3.11851e+06 5.95722e-08 7944 3.1202e+06
506.883 3.11211e+06 5.89619e-08 8982 3.14604e+06
508.301 3.15348e+06 5.92469e-08 9528 3.17252e+06
509.763 3.16139e+06 5.88862e-08 8832 3.19996e+06
511.225 3.10467e+06 5.7335e-08 8916 3.22757e+06
512.624 3.15152e+06 5.77247e-08 9240 3.25415e+06
514.037 3.30512e+06 6.00405e-08 8502 3.28113e+06
515.448 3.2923e+06 5.93178e-08 9416 3.30822e+06
516.848 3.34406e+06 5.97619e-08 8976 3.33526e+06
518.29 3.3456e+06 5.9292e-08 9432 3.36324e+06
519.73 3.36684e+06 5.91735e-08 9864 3.39137e+06
521.211 3.37231e+06 5.8766e-08 9024 3.42044e+06
522.661 3.39178e+06 5.86147e-08 9762 3.44906e+06
524.084 3.57201e+06 6.12281e-08 9264 3.4773e+06
525.512 3.53405e+06 6.00849e-08 10056 3.5058e+06
526.971 3.44169e+06 5.80298e-08 9936 3.53509e+06
528.52 3.63572e+06 6.07638e-08 9624 3.56636e+06
529.893 3.53372e+06 5.86011e-08 9752 3.59423e+06
531.395 3.65906e+06 6.01669e-08 10446 3.62487e+06
532.886 3.65332e+06 5.95697e-08 10056 3.65547e+06
534.33 3.70983e+06 6.0002e-08 9876 3.68526e+06
535.856 3.71002e+06 5.94939e-08 11160 3.71693e+06
537.351 3.73101e+06 5.93325e-08 10128 3.74812e+06
538.857 3.78814e+06 5.97373e-08 9726 3.77972e+06
540.292 3.81249e+06 5.96436e-08 11112 3.81e+06
541.829 3.85852e+06 5.98514e-08 10776 3.84261e+06
543.283 3.81625e+06 5.87217e-08 10232 3.87363e+06
544.797 3.87855e+06 5.91842e-08 11184 3.90611e+06
546.395 3.89641e+06 5.89364e-08 11058 3.94059e+06
547.918 4.00599e+06 6.00901e-08 11472 3.97362e+06
549.394 3.93669e+06 5.85761e-08 10464 4.00582e+06
550.856 4.05201e+06 5.9813e-08 10584 4.0379e+06
552.438 4.15643e+06 6.08291e-08 12504 4.07277e+06
553.995 3.95669e+06 5.74187e-08 10560 4.10732e+06
555.487 4.15007e+06 5.97411e-08 11694 4.14058e+06
557.062 4.10313e+06 5.85658e-08 11420 4.17591e+06
558.601 4.1602e+06 5.88911e-08 12504 4.21061e+06
560.134 4.29497e+06 6.0301e-08 10800 4.24538e+06
561.718 4.2814e+06 5.96034e-08 12456 4.28149e+06
563.318 4.28519e+06 5.91493e-08 12030 4.31818e+06
564.827 4.26164e+06 5.8354e-08 11232 4.35297e+06
566.351 4.41653e+06 5.99878e-08 13176 4.38832e+06
567.977 4.44883e+06 5.99092e-08 11196 4.42621e+06
569.488 4.57299e+06 6.10923e-08 12720 4.46163e+06
571.076 4.49398e+06 5.95373e-08 11918 4.49906e+06
572.644 4.50337e+06 5.9173e-08 13392 4.53622e+06
574.302 4.58036e+06 5.96648e-08 12600 4.57575e+06
575.906 4.54281e+06 5.86825e-08 13200 4.61419e+06
577.52 4.52725e+06 5.79927e-08 12864 4.65309e+06
579.111 4.69407e+06 5.96353e-08 12270 4.69165e+06
580.695 4.82886e+06 6.08469e-08 13668 4.73027e+06
582.31 4.75122e+06 5.93722e-08 13200 4.76983e+06
583.929 4.79037e+06 5.93646e-08 13416 4.80973e+06
585.558 4.80744e+06 5.90805e-08 12992 4.85009e+06
587.186 4.90575e+06 5.97884e-08 13806 4.89067e+06
588.791 4.9568e+06 5.9918e-08 13800 4.93088e+06
590.416 4.94442e+06 5.92763e-08 13056 4.9718e+06
592.022 4.91992e+06 5.85037e-08 14364 5.0125e+06
593.668 4.99918e+06 5.89532e-08 13248 5.05442e+06
595.325 5.13036e+06 5.99964e-08 15054 5.09686e+06
597.026 5.07181e+06 5.88063e-08 13680 5.14066e+06
598.633 5.23775e+06 6.02426e-08 15152 5.18229e+06
600.356 5.27889e+06 6.01943e-08 14376 5.22718e+06
601.981 5.29024e+06 5.98366e-08 13932 5.26974e+06
603.668 5.36241e+06 6.01458e-08 14910 5.31416e+06
605.328 5.41583e+06 6.02464e-08 15648 5.35813e+06
606.992 5.44329e+06 6.00554e-08 13680 5.40243e+06
608.681 5.42916e+06 5.94024e-08 15816 5.44765e+06
610.385 5.49116e+06 5.95789e-08 15030 5.49353e+06
612.048 5.4383e+06 5.85256e-08 15104 5.53856e+06
613.806 5.45239e+06 5.81746e-08 16548 5.58642e+06
615.522 5.69303e+06 6.02355e-08 15360 5.63341e+06
617.228 5.63443e+06 5.91224e-08 15768 5.68038e+06
618.905 5.74814e+06 5.98269e-08 14622 5.72679e+06
620.629 5.73196e+06 5.91626e-08 17568 5.77478e+06
622.429 5.87397e+06 6.01038e-08 16368 5.82518e+06
624.133 5.86235e+06 5.9495e-08 15960 5.87316e+06
625.863 5.95062e+06 5.98915e-08 15732 5.92212e+06
627.578 5.94717e+06 5.93673e-08 17006 5.97094e+06
629.313 6.12403e+06 6.06286e-08 16680 6.0206e+06
631.126 6.16231e+06 6.04834e-08 17712 6.07278e+06
632.844 6.22182e+06 6.05713e-08 15576 6.12253e+06
634.511 6.21603e+06 6.00393e-08 16974 6.17102e+06
636.325 6.26712e+06 6.00166e-08 17436 6.2241e+06
638.079 6.19968e+06 5.88825e-08 17952 6.27571e+06
639.88 6.35491e+06 5.98486e-08 17448 6.329e+06
641.626 6.39547e+06 5.97403e-08 17336 6.38095e+06
643.448 6.50523e+06 6.02508e-08 17958 6.43546e+06
645.236 6.50348e+06 5.97351e-08 19056 6.48927e+06
647.056 6.50854e+06 5.92786e-08 17304 6.54434e+06
648.81 6.49573e+06 5.86833e-08 18276 6.59772e+06
650.599 6.6741e+06 5.97988e-08 17838 6.65243e+06
652.365 6.79043e+06 6.03483e-08 18984 6.70676e+06
654.267 6.68759e+06 5.89177e-08 19616 6.76557e+06
656.049 6.6242e+06 5.78846e-08 18168 6.82103e+06
657.865 6.86587e+06 5.9501e-08 19320 6.87782e+06
659.743 7.03458e+06 6.04442e-08 19170 6.93687e+06
661.508 6.87607e+06 5.86103e-08 19008 6.99272e+06
663.358 7.06211e+06 5.96939e-08 20472 7.05156e+06
665.241 7.08767e+06 5.94028e-08 19128 7.11176e+06
667.07 7.22062e+06 6.00207e-08 19998 7.17057e+06
668.912 7.32936e+06 6.04225e-08 19808 7.23015e+06
670.766 7.28041e+06 5.95228e-08 20724 7.29042e+06
672.65 7.40363e+06 6.00229e-08 19896 7.35204e+06
674.456 7.47909e+06 6.01488e-08 20304 7.41143e+06
676.388 7.34136e+06 5.85367e-08 21030 7.4753e+06
678.233 7.57147e+06 5.988e-08 21168 7.53664e+06
680.119 7.84773e+06 6.15503e-08 20736 7.59966e+06
682.025 7.72707e+06 6.00972e-08 21356 7.66375e+06
683.962 7.57596e+06 5.84226e-08 22206 7.72924e+06
685.85 7.73977e+06 5.91944e-08 21360 7.79341e+06
687.747 7.90132e+06 5.99313e-08 21456 7.85826e+06
689.624 7.91023e+06 5.95102e-08 21648 7.92278e+06
691.543 8.00881e+06 5.97518e-08 22326 7.98909e+06
693.471 8.07451e+06 5.97408e-08 22212 8.0561e+06
695.345 8.13243e+06 5.96842e-08 22128 8.1216e+06
697.259 8.17971e+06 5.95382e-08 22640 8.18884e+06
699.232 8.28517e+06 5.97968e-08 23022 8.25855e+06
701.21 8.30318e+06 5.94209e-08 24168 8.32885e+06
703.13 8.28004e+06 5.87713e-08 22416 8.39744e+06
705.104 8.42658e+06 5.93106e-08 23700 8.46836e+06
707.07 8.40895e+06 5.8694e-08 24222 8.53941e+06
709.022 8.65992e+06 5.9948e-08 22776 8.61032e+06
710.94 8.84727e+06 6.07505e-08 24296 8.68039e+06
712.937 8.73457e+06 5.94742e-08 24648 8.75373e+06
714.886 8.87505e+06 5.99377e-08 22926 8.82573e+06
716.842 8.77872e+06 5.88033e-08 25476 8.89836e+06
718.878 8.94722e+06 5.94241e-08 25608 8.9744e+06
720.869 9.05982e+06 5.96748e-08 24576 9.04918e+06
722.888 9.24632e+06 6.03943e-08 25134 9.12542e+06
724.881 9.19441e+06 5.95612e-08 25928 9.20111e+06
726.915 9.20034e+06 5.91007e-08 26136 9.27878e+06
728.95 9.3736e+06 5.97108e-08 25644 9.35694e+06
730.944 9.27972e+06 5.86304e-08 25926 9.43392e+06
732.99 9.44814e+06 5.91959e-08 26232 9.51339e+06
735.005 9.46162e+06 5.87942e-08 27216 9.59204e+06
737.068 9.70396e+06 5.97952e-08 26736 9.67303e+06
739.171 9.93314e+06 6.06865e-08 27698 9.75607e+06
741.196 9.81698e+06 5.94864e-08 26640 9.83649e+06
743.196 1.01088e+07 6.07615e-08 26880 9.9163e+06
745.316 1.00258e+07 5.97501e-08 29160 1.00014e+07
747.411 1.01834e+07 6.01801e-08 27318 1.0086e+07
749.444 1.02038e+07 5.98114e-08 27984 1.01685e+07
751.526 1.02121e+07 5.93641e-08 28364 1.02535e+07
753.575 1.04028e+07 5.99805e-08 28464 1.03376e+07
755.71 1.06417e+07 6.08395e-08 28974 1.04257e+07
757.777 1.05336e+07 5.97298e-08 28920 1.05115e+07
759.853 1.06513e+07 5.99034e-08 29640 1.05981e+07
761.991 1.05839e+07 5.90249e-08 28884 1.06878e+07
764.087 1.07848e+07 5.96515e-08 30558 1.07763e+07
766.255 1.08026e+07 5.92447e-08 30776 1.08683e+07
768.35 1.11045e+07 6.04033e-08 29040 1.09577e+07
770.454 1.10943e+07 5.98548e-08 30984 1.10479e+07
772.624 1.11282e+07 5.95331e-08 30930 1.11415e+07
774.804 1.12681e+07 5.97743e-08 32712 1.12361e+07
776.967 1.11762e+07 5.87931e-08 30528 1.13305e+07
779.078 1.15246e+07 6.01345e-08 30326 1.14231e+07
781.242 1.15788e+07 5.99166e-08 33624 1.15185e+07
783.447 1.14472e+07 5.87369e-08 31824 1.16164e+07
785.593 1.16733e+07 5.94075e-08 31860 1.1712e+07
787.805 1.1903e+07 6.00675e-08 33942 1.18113e+07
789.985 1.189e+07 5.95067e-08 31848 1.19096e+07
792.132 1.22001e+07 6.05634e-08 33624 1.20069e+07
794.36 1.22083e+07 6.00957e-08 33512 1.21086e+07
796.562 1.2232e+07 5.97141e-08 33594 1.22095e+07
798.778 1.24671e+07 6.0357e-08 34944 1.23117e+07
800.997 1.24417e+07 5.97349e-08 33624 1.24146e+07
803.205 1.24672e+07 5.93647e-08 34710 1.25176e+07
805.416 1.25508e+07 5.92722e-08 34704 1.26212e+07
807.649 1.28153e+07 6.00205e-08 35468 1.27265e+07
809.907 1.27689e+07 5.93046e-08 36096 1.28335e+07
812.202 1.3e+07 5.98673e-08 35958 1.29429e+07
814.448 1.30116e+07 5.94264e-08 36576 1.30506e+07
816.7 1.32166e+07 5.98651e-08 35976 1.31591e+07
818.955 1.33903e+07 6.01519e-08 36396 1.32685e+07
821.243 1.32563e+07 5.90538e-08 38030 1.338e+07
823.495 1.34774e+07 5.95473e-08 35784 1.34904e+07
825.764 1.34854e+07 5.90929e-08 38712 1.36022e+07
828.102 1.3724e+07 5.96306e-08 38310 1.3718e+07
830.398 1.38185e+07 5.95447e-08 37596 1.38324e+07
832.649 1.40595e+07 6.00928e-08 39000 1.39453e+07
834.997 1.40326e+07 5.94736e-08 38552 1.40635e+07
837.325 1.42594e+07 5.99322e-08 40206 1.41815e+07
839.639 1.42316e+07 5.93221e-08 39072 1.42994e+07
842.006 1.44359e+07 5.96676e-08 41340 1.44207e+07
844.364 1.44971e+07 5.942e-08 39342 1.45422e+07
846.654 1.47946e+07 6.01486e-08 40176 1.46608e+07
849.007 1.47955e+07 5.96535e-08 41768 1.47834e+07
851.36 1.4902e+07 5.9586e-08 40206 1.49067e+07
853.726 1.49707e+07 5.93644e-08 42300 1.50313e+07
856.093 1.50383e+07 5.91392e-08 42360 1.51567e+07
858.447 1.53701e+07 5.99481e-08 40488 1.5282e+07
860.825 1.54702e+07 5.98399e-08 44406 1.54094e+07
863.261 1.55282e+07 5.95572e-08 43076 1.55405e+07
865.619 1.57507e+07 5.99183e-08 42600 1.56683e+07
868.063 1.57768e+07 5.95121e-08 45486 1.58014e+07
870.51 1.6028e+07 5.99513e-08 43848 1.59353e+07
872.865 1.59187e+07 5.90618e-08 43248 1.6065e+07
875.268 1.63446e+07 6.01439e-08 44988 1.61981e+07
877.736 1.64608e+07 6.0062e-08 46454 1.63355e+07
880.173 1.64513e+07 5.95299e-08 44928 1.64719e+07
882.637 1.65289e+07 5.93114e-08 47256 1.66107e+07
885.084 1.67466e+07 5.95953e-08 45126 1.67492e+07
887.541 1.69301e+07 5.97495e-08 48084 1.68891e+07
889.995 1.70561e+07 5.96978e-08 46320 1.70295e+07
892.49 1.71873e+07 5.96537e-08 47894 1.71732e+07
894.921 1.74479e+07 6.00661e-08 47160 1.73139e+07
897.379 1.73217e+07 5.91428e-08 48228 1.74569e+07
899.935 1.77877e+07 6.0218e-08 50598 1.76066e+07
902.415 1.77662e+07 5.96508e-08 47328 1.77525e+07
904.896 1.78924e+07 5.95817e-08 50696 1.78993e+07
907.414 1.80548e+07 5.96232e-08 49344 1.80492e+07
909.974 1.84362e+07 6.03705e-08 51570 1.82023e+07
912.489 1.831e+07 5.94625e-08 50832 1.83537e+07
915.021 1.85865e+07 5.9861e-08 50424 1.85069e+07
917.558 1.85076e+07 5.91138e-08 52686 1.86613e+07
920.103 1.88838e+07 5.98164e-08 51092 1.8817e+07
922.642 1.91019e+07 6.00089e-08 53376 1.89732e+07
925.222 1.93019e+07 6.01315e-08 52374 1.91328e+07
927.753 1.96453e+07 6.07018e-08 52848 1.92902e+07
930.333 1.9559e+07 5.99336e-08 55488 1.94516e+07
932.98 1.95212e+07 5.93101e-08 54098 1.96181e+07
935.507 1.98686e+07 5.98776e-08 53688 1.9778e+07
938.093 1.99981e+07 5.97711e-08 55296 1.99424e+07
940.702 2.03921e+07 6.04429e-08 56358 2.01093e+07
943.366 2.02723e+07 5.95804e-08 57468 2.02806e+07
945.983 2.06767e+07 6.02659e-08 56000 2.04499e+07
948.631 2.09693e+07 6.06082e-08 57774 2.06221e+07
951.26 2.09444e+07 6.00358e-08 57648 2.0794e+07
953.878 2.10884e+07 5.9952e-08 57480 2.09662e+07
956.53 2.14317e+07 6.04226e-08 58122 2.11415e+07
959.153 2.14926e+07 6.00986e-08 59208 2.13159e+07
961.832 2.17546e+07 6.03243e-08 60032 2.1495e+07
964.527 2.17216e+07 5.97294e-08 60366 2.16762e+07
967.205 2.19465e+07 5.98479e-08 60444 2.18573e+07
969.867 2.20928e+07 5.97523e-08 60912 2.20382e+07
972.575 2.2496e+07 6.03359e-08 61422 2.22234e+07
975.276 2.25237e+07 5.99097e-08 63032 2.2409e+07
977.994 2.25297e+07 5.94273e-08 62052 2.25969e+07
980.718 2.3142e+07 6.05352e-08 64038 2.27863e+07
983.416 2.29722e+07 5.95979e-08 61632 2.29748e+07
986.1 2.33998e+07 6.02128e-08 64896 2.31634e+07
988.883 2.36372e+07 6.03118e-08 64874 2.33601e+07
991.584 2.36501e+07 5.98528e-08 64200 2.35521e+07
994.365 2.37307e+07 5.95542e-08 68016 2.37508e+07
997.161 2.38593e+07 5.93748e-08 65694 2.39517e+07
999.915 2.43239e+07 6.0032e-08 67212 2.41507e+07
1002.69 2.42681e+07 5.93993e-08 67088 2.4352e+07
1005.45 2.50029e+07 6.06939e-08 67182 2.45542e+07
1008.23 2.51552e+07 6.05596e-08 69768 2.47585e+07
1011.03 2.50292e+07 5.97573e-08 67524 2.49653e+07
1013.83 2.54352e+07 6.02254e-08 70758 2.5173e+07
1016.63 2.57968e+07 6.05775e-08 69488 2.53825e+07
1019.45 2.59051e+07 6.03291e-08 71640 2.5594e+07
1022.32 2.59877e+07 6.00132e-08 72042 2.58108e+07
1025.17 2.6249e+07 6.0113e-08 72960 2.60271e+07
1027.99 2.63733e+07 5.99011e-08 70422 2.62428e+07
1030.87 2.6386e+07 5.94294e-08 76784 2.64638e+07
1033.75 2.68009e+07 5.98601e-08 72348 2.66866e+07
1036.6 2.69635e+07 5.9729e-08 74094 2.69074e+07
1039.46 2.73318e+07 6.00468e-08 74976 2.71306e+07
1042.33 2.76103e+07 6.01583e-08 76200 2.73562e+07
1045.27 2.79101e+07 6.03007e-08 77114 2.7588e+07
1048.16 2.80983e+07 6.02063e-08 76872 2.78175e+07
1051.07 2.8347e+07 6.02359e-08 77784 2.80499e+07
1054 2.87883e+07 6.06636e-08 78654 2.82857e+07
1056.92 2.85668e+07 5.96994e-08 79380 2.85215e+07
1059.85 2.91722e+07 6.04603e-08 79256 2.87593e+07
1062.8 2.92966e+07 6.02149e-08 80094 2.89996e+07
1065.71 2.95799e+07 6.02996e-08 80760 2.9239e+07
1068.71 2.99451e+07 6.05314e-08 83034 2.94866e+07
1071.7 3.02256e+07 6.059e-08 82664 2.9734e+07
1074.65 3.01572e+07 5.99553e-08 81864 2.99808e+07
1077.61 3.07917e+07 6.07134e-08 83334 3.02293e+07
1080.61 3.04711e+07 5.95821e-08 85980 3.04827e+07
1083.62 3.10598e+07 6.023e-08 84144 3.07374e+07
1086.64 3.12346e+07 6.00652e-08 86486 3.09951e+07
1089.63 3.13696e+07 5.98288e-08 86016 3.1252e+07
1092.68 3.17043e+07 5.99626e-08 88290 3.1515e+07
1095.71 3.21334e+07 6.02715e-08 87672 3.17779e+07
1098.73 3.22005e+07 5.98999e-08 88608 3.20418e+07
1101.78 3.2751e+07 6.04198e-08 88682 3.23091e+07
1104.83 3.28765e+07 6.01509e-08 91200 3.2578e+07
1107.94 3.31819e+07 6.01991e-08 92568 3.28542e+07
1111.03 3.34924e+07 6.02579e-08 91014 3.31293e+07
1114.1 3.36529e+07 6.00465e-08 92828 3.34053e+07
1117.19 3.39837e+07 6.01351e-08 93054 3.36839e+07
1120.26 3.43368e+07 6.02617e-08 92568 3.39624e+07
1123.37 3.50058e+07 6.09274e-08 96768 3.42458e+07
1126.53 3.49536e+07 6.03259e-08 95658 3.45357e+07
1129.64 3.50056e+07 5.99183e-08 96368 3.48224e+07
1132.81 3.5592e+07 6.04122e-08 98526 3.51162e+07
1135.92 3.59344e+07 6.04934e-08 95436 3.54064e+07
1139.06 3.62043e+07 6.0445e-08 101472 3.57009e+07
1142.26 3.65543e+07 6.05179e-08 98582 3.60027e+07
1145.38 3.66053e+07 6.01082e-08 99984 3.62987e+07
1148.57 3.68429e+07 5.99966e-08 101298 3.66022e+07
1151.78 3.72693e+07 6.01836e-08 104952 3.69107e+07
1154.98 3.79052e+07 6.07035e-08 100568 3.7219e+07
1158.18 3.78118e+07 6.00536e-08 105942 3.75291e+07
1161.42 3.86455e+07 6.08652e-08 104892 3.78451e+07
1164.62 3.88226e+07 6.06419e-08 103734 3.81585e+07
1167.82 3.89334e+07 6.03158e-08 107160 3.84744e+07
1171.09 3.91031e+07 6.00731e-08 108788 3.87982e+07
1174.34 3.9793e+07 6.06262e-08 107070 3.91224e+07
1177.6 4.0152e+07 6.06677e-08 110760 3.94484e+07
1180.88 4.04363e+07 6.05894e-08 109182 3.9779e+07
1184.16 4.06961e+07 6.04727e-08 112820 4.01119e+07
1187.45 4.079e+07 6.01108e-08 110280 4.04466e+07
1190.74 4.13806e+07 6.04767e-08 114678 4.07839e+07
1194.05 4.17957e+07 6.05765e-08 112668 4.11252e+07
1197.36 4.20291e+07 6.0411e-08 116030 4.14681e+07
1200.73 4.25452e+07 6.06397e-08 118032 4.1819e+07
1204.04 4.24605e+07 6.00203e-08 113700 4.21665e+07
1207.36 4.30336e+07 6.03312e-08 118566 4.25154e+07
1210.73 4.37418e+07 6.08132e-08 119840 4.28725e+07
1214.08 4.39542e+07 6.06033e-08 118278 4.32299e+07
1217.43 4.45421e+07 6.09089e-08 120852 4.35883e+07
1220.81 4.44308e+07 6.02525e-08 122166 4.39531e+07
1224.21 4.51471e+07 6.07151e-08 123296 4.43213e+07
1227.61 4.54082e+07 6.0561e-08 123300 4.46911e+07
1231.03 4.59669e+07 6.0797e-08 126174 4.50654e+07
1234.45 4.61811e+07 6.05742e-08 124800 4.54419e+07
1237.85 4.68076e+07 6.08902e-08 126774 4.58193e+07
1241.29 4.70475e+07 6.0695e-08 128900 4.62023e+07
1244.74 4.71129e+07 6.0276e-08 127776 4.65882e+07
1248.2 4.79403e+07 6.08261e-08 132246 4.69776e+07
1251.66 4.84492e+07 6.09631e-08 129252 4.73696e+07
1255.13 4.8962e+07 6.10994e-08 133118 4.77642e+07
1258.61 4.91407e+07 6.08151e-08 133272 4.81626e+07
1262.11 4.95703e+07 6.08366e-08 134970 4.85665e+07
1265.61 4.98451e+07 6.06683e-08 136128 4.89711e+07
1269.15 5.04926e+07 6.0944e-08 137270 4.93829e+07
1272.69 5.10084e+07 6.10536e-08 139620 4.97979e+07
1276.23 5.1238e+07 6.08204e-08 138312 5.02137e+07
1279.77 5.17276e+07 6.08923e-08 140694 5.06338e+07
1283.31 5.21957e+07 6.0937e-08 140888 5.10545e+07
1286.88 5.29012e+07 6.12481e-08 143034 5.14817e+07
1290.45 5.31626e+07 6.10413e-08 143688 5.19114e+07
1294.01 5.3245e+07 6.06329e-08 143510 5.23421e+07
1297.6 5.40175e+07 6.10036e-08 147828 5.27787e+07
1301.23 5.478e+07 6.13478e-08 147918 5.32234e+07
1304.84 5.47517e+07 6.08089e-08 148992 5.36674e+07
1308.48 5.56314e+07 6.12721e-08 150356 5.41174e+07
1312.07 5.58064e+07 6.09613e-08 147606 5.45644e+07
1315.71 5.61712e+07 6.08522e-08 156624 5.50196e+07
1319.41 5.66564e+07 6.08617e-08 153354 5.54861e+07
1323.05 5.75221e+07 6.1284e-08 153968 5.59458e+07
1326.71 5.80296e+07 6.13143e-08 155862 5.64115e+07
1330.38 5.80552e+07 6.08354e-08 157524 5.68807e+07
1334.08 5.89403e+07 6.12506e-08 159126 5.73564e+07
1337.8 5.97002e+07 6.15234e-08 162488 5.78383e+07
1341.52 6.01418e+07 6.1464e-08 159570 5.83224e+07
1345.23 6.03583e+07 6.11772e-08 164304 5.88068e+07
1349 6.11034e+07 6.14148e-08 165720 5.93024e+07
1352.73 6.17864e+07 6.15888e-08 162866 5.97959e+07
1356.46 6.21429e+07 6.14339e-08 169056 6.02925e+07
1360.25 6.27585e+07 6.1526e-08 167502 6.07986e+07
1364.01 6.33735e+07 6.16165e-08 169964 6.13043e+07
1367.79 6.39685e+07 6.16811e-08 170478 6.1815e+07
1371.59 6.39635e+07 6.11639e-08 175200 6.23329e+07
1375.43 6.50323e+07 6.16676e-08 173130 6.28568e+07
1379.22 6.50627e+07 6.11887e-08 175712 6.33784e+07
1383.06 6.64786e+07 6.20004e-08 177438 6.39098e+07
1386.89 6.70975e+07 6.20608e-08 178092 6.44421e+07
1390.73 6.69257e+07 6.13903e-08 179694 6.4979e+07
1394.6 6.73783e+07 6.12935e-08 182504 6.55218e+07
1398.48 6.8516e+07 6.18112e-08 182394 6.60701e+07
1402.34 6.896e+07 6.16988e-08 184464 6.66194e+07
1406.24 7.00485e+07 6.21531e-08 186398 6.71763e+07
1410.15 7.06451e+07 6.21617e-08 188844 6.77391e+07
1414.06 7.06779e+07 6.16771e-08 187230 6.8303e+07
1417.99 7.16812e+07 6.2034e-08 193776 6.88741e+07
1421.96 7.22564e+07 6.20093e-08 192218 6.94543e+07
1425.88 7.30456e+07 6.2171e-08 192408 7.00304e+07
1429.82 7.372e+07 6.22277e-08 195510 7.06125e+07
1433.79 7.41451e+07 6.20671e-08 198404 7.12034e+07
1437.8 7.46204e+07 6.19445e-08 200310 7.18017e+07
1441.8 7.56825e+07 6.23047e-08 201216 7.24027e+07
1445.81 7.59844e+07 6.20345e-08 201618 7.30081e+07
1449.82 7.66956e+07 6.20969e-08 204680 7.36174e+07
1453.82 7.75456e+07 6.22682e-08 202758 7.42285e+07
1457.86 7.83918e+07 6.24251e-08 211812 7.485e+07
1461.93 7.91025e+07 6.24674e-08 205718 7.54774e+07
1465.95 7.91905e+07 6.20233e-08 211452 7.61024e+07
1470.03 8.05236e+07 6.25443e-08 213150 7.67389e+07
1474.14 8.11446e+07 6.25005e-08 217512 7.73849e+07
1478.25 8.17642e+07 6.24537e-08 214754 7.80343e+07
1482.31 8.30452e+07 6.29127e-08 215424 7.86785e+07
1486.45 8.36871e+07 6.2871e-08 224574 7.93393e+07
1490.58 8.48148e+07 6.31891e-08 218588 8.00036e+07
1494.7 8.4868e+07 6.27078e-08 223902 8.06682e+07
1498.84 8.54991e+07 6.26524e-08 224952 8.134e+07
1503.03 8.60718e+07 6.25463e-08 230258 8.20237e+07
1507.2 8.71144e+07 6.27788e-08 227544 8.27098e+07
1511.38 8.75808e+07 6.25936e-08 231018 8.33987e+07
1515.57 8.85064e+07 6.2731e-08 234504 8.40954e+07
1519.79 8.94717e+07 6.28895e-08 233102 8.47984e+07
1523.98 9.03027e+07 6.29509e-08 236892 8.55025e+07
1528.21 9.11243e+07 6.29973e-08 238830 8.62169e+07
1532.45 9.23604e+07 6.33242e-08 241232 8.69353e+07
1536.72 9.33367e+07 6.34612e-08 243906 8.76646e+07
1540.99 9.35004e+07 6.30457e-08 244704 8.83971e+07
1545.26 9.4622e+07 6.32739e-08 246698 8.91349e+07
1549.54 9.56787e+07 6.34528e-08 248664 8.98762e+07
1553.86 9.63487e+07 6.33654e-08 253494 9.06303e+07
1558.18 9.75437e+07 6.36191e-08 251522 9.13885e+07
1562.48 9.81874e+07 6.35111e-08 255336 9.21481e+07
1566.82 9.95118e+07 6.38346e-08 257694 9.29177e+07
1571.18 1.00042e+08 6.36425e-08 260988 9.36952e+07
1575.56 1.01767e+08 6.42016e-08 261638 9.44806e+07
1579.91 1.0157e+08 6.35496e-08 262356 9.52652e+07
1584.28 1.03276e+08 6.40828e-08 266478 9.60595e+07
1588.71 1.03595e+08 6.37456e-08 272048 9.68659e+07
1593.14 1.0505e+08 6.41019e-08 269850 9.76801e+07
1597.55 1.05993e+08 6.41433e-08 272544 9.84931e+07
1601.99 1.07044e+08 6.42431e-08 275546 9.93156e+07
1606.41 1.08311e+08 6.44676e-08 275334 1.00141e+08
1610.9 1.08889e+08 6.42714e-08 285024 1.00982e+08
1615.41 1.09856e+08 6.43005e-08 282242 1.01833e+08
1619.86 1.10809e+08 6.43253e-08 280800 1.02677e+08
1624.34 1.12125e+08 6.4552e-08 288330 1.03532e+08
1628.86 1.13283e+08 6.46777e-08 290024 1.04398e+08
1633.39 1.14299e+08 6.47169e-08 290598 1.0527e+08
1637.9 1.14676e+08 6.43944e-08 293748 1.06146e+08
1642.47 1.16354e+08 6.47932e-08 299582 1.07037e+08
1647.02 1.17808e+08 6.50599e-08 295914 1.0793e+08
1651.57 1.19034e+08 6.51958e-08 302352 1.08826e+08
1656.18 1.19759e+08 6.50469e-08 305342 1.09739e+08
1660.77 1.21277e+08 6.53266e-08 305532 1.10654e+08
1665.39 1.22072e+08 6.52097e-08 310806 1.1158e+08
1670.01 1.23591e+08 6.54746e-08 310436 1.12511e+08
1674.66 1.24999e+08 6.56704e-08 318006 1.13454e+08
1679.3 1.26112e+08 6.57066e-08 312846 1.14401e+08
1683.95 1.27586e+08 6.59259e-08 322508 1.15352e+08
1688.64 1.28423e+08 6.58064e-08 321318 1.1632e+08
1693.33 1.30031e+08 6.60789e-08 327204 1.17291e+08
1698.03 1.31864e+08 6.64552e-08 325766 1.18271e+08
1702.73 1.32577e+08 6.62629e-08 330246 1.19255e+08
1707.47 1.3384e+08 6.63389e-08 335868 1.20254e+08
1712.24 1.34988e+08 6.63506e-08 336710 1.21264e+08
1716.97 1.3624e+08 6.64133e-08 336636 1.22273e+08
1721.74 1.38078e+08 6.67515e-08 343542 1.23294e+08
1726.51 1.38947e+08 6.6617e-08 342092 1.24321e+08
1731.3 1.40919e+08 6.70031e-08 349446 1.25359e+08
1736.12 1.42111e+08 6.70084e-08 350118 1.26409e+08
1740.93 1.4386e+08 6.72729e-08 352628 1.27462e+08
1745.78 1.45214e+08 6.73409e-08 359334 1.28531e+08
1750.62 1.46293e+08 6.728e-08 356364 1.29603e+08
1755.47 1.48547e+08 6.77525e-08 362990 1.30683e+08
1760.34 1.49446e+08 6.75982e-08 364062 1.31774e+08
1765.22 1.52352e+08 6.83423e-08 369756 1.32874e+08
1770.12 1.53466e+08 6.82725e-08 368726 1.33982e+08
1775.02 1.54452e+08 6.81429e-08 375786 1.35099e+08
1779.96 1.55589e+08 6.80748e-08 378600 1.3623e+08
1784.91 1.58494e+08 6.87714e-08 379394 1.37368e+08
1789.86 1.59538e+08 6.86508e-08 386568 1.38516e+08
1794.85 1.61485e+08 6.8911e-08 386906 1.39677e+08
1799.82 1.63274e+08 6.90988e-08 388950 1.4084e+08
1804.81 1.64616e+08 6.90905e-08 394512 1.42015e+08
1809.83 1.6692e+08 6.94762e-08 396818 1.43203e+08
1814.85 1.68504e+08 6.95545e-08 401112 1.44399e+08
1819.91 1.703e+08 6.97122e-08 404850 1.45608e+08
1824.96 1.71878e+08 6.97753e-08 405566 1.46825e+08
1830 1.7355e+08 6.98728e-08 409308 1.48046e+08
1835.08 1.75616e+08 7.01195e-08 413766 1.49281e+08
1840.17 1.77535e+08 7.0299e-08 417050 1.50528e+08
1845.3 1.80865e+08 7.1022e-08 425232 1.51789e+08
1850.44 1.81771e+08 7.07844e-08 421862 1.53062e+08
1855.55 1.84192e+08 7.1136e-08 426402 1.54334e+08
1860.71 1.86187e+08 7.13099e-08 434688 1.55625e+08
1865.91 1.87231e+08 7.11122e-08 436634 1.56933e+08
1871.07 1.89964e+08 7.15547e-08 434784 1.58239e+08
1876.24 1.92618e+08 7.19565e-08 441018 1.59553e+08
1881.45 1.94772e+08 7.21589e-08 447350 1.60886e+08
1886.68 1.97161e+08 7.24382e-08 449868 1.62231e+08
1891.92 1.98907e+08 7.24743e-08 453206 1.63586e+08
1897.16 2.00618e+08 7.24927e-08 456570 1.64951e+08
1902.44 2.03631e+08 7.29712e-08 463824 1.6633e+08
1907.73 2.0635e+08 7.33318e-08 463718 1.67723e+08
1913.02 2.09544e+08 7.38514e-08 468186 1.69121e+08
1918.32 2.11201e+08 7.38191e-08 473448 1.70532e+08
1923.67 2.14614e+08 7.43885e-08 479354 1.71962e+08
1929.01 2.15844e+08 7.41951e-08 477702 1.73398e+08
1934.35 2.18702e+08 7.4557e-08 485204 1.74841e+08
1939.74 2.22107e+08 7.50883e-08 491454 1.76307e+08
1945.13 2.25484e+08 7.55978e-08 491226 1.77782e+08
1950.52 2.26261e+08 7.52312e-08 497648 1.79264e+08
1955.96 2.3056e+08 7.60224e-08 504930 1.80768e+08
1961.39 2.32434e+08 7.60062e-08 500358 1.82277e+08
1966.8 2.352e+08 7.62779e-08 508652 1.83789e+08
1972.27 2.38806e+08 7.68043e-08 516390 1.85327e+08
1977.75 2.4192e+08 7.71614e-08 515642 1.86875e+08
1983.22 2.43906e+08 7.71524e-08 521880 1.88431e+08
1988.74 2.48126e+08 7.78351e-08 530850 1.9001e+08
1994.27 2.50962e+08 7.80722e-08 527054 1.91599e+08
1999.77 2.544e+08 7.84902e-08 534156 1.93188e+08
2005.35 2.57756e+08 7.88643e-08 545150 1.94808e+08
2010.93 2.61574e+08 7.93672e-08 543474 1.96441e+08
2016.49 2.64178e+08 7.94966e-08 545310 1.98074e+08
2022.08 2.67186e+08 7.97372e-08 555788 1.99725e+08
2027.71 2.71018e+08 8.02085e-08 559542 2.01399e+08
2033.35 2.74111e+08 8.04506e-08 564146 2.03085e+08
2038.99 2.78154e+08 8.09615e-08 566520 2.04779e+08
2044.66 2.83143e+08 8.17305e-08 573594 2.06491e+08
2050.34 2.86273e+08 8.19488e-08 577718 2.08218e+08
2056.02 2.89925e+08 8.23082e-08 579300 2.09953e+08
6.9058e+07
1.67772e+07
1.67772e+07
