0.332657
1398
200
512
2.39566
0.0314159 0.00238089 0.000189465 6 7.49014e-07
0.0444288 0.0116577 0.000327987 12 2.11853e-06
0.054414 0.0402763 0.000616819 8 3.89199e-06
0.0628319 0.0132529 0.000131829 6 5.99211e-06
0.0702481 0.0263588 0.000187612 24 8.37423e-06
0.076953 0.0249403 0.000135041 24 1.10082e-05
0.0888577 0.0467171 0.000164298 12 1.69483e-05
0.0942478 0.0482805 0.000142298 30 2.02234e-05
0.0993459 0.0351002 8.83283e-05 24 2.36859e-05
0.104195 0.0443348 9.67042e-05 24 2.73262e-05
0.108828 0.103634 0.00019839 8 3.11359e-05
0.113272 0.0602894 0.000102357 24 3.51079e-05
0.117548 0.0759319 0.000115351 48 3.92358e-05
0.125664 0.13036 0.000162089 6 4.79369e-05
0.129531 0.0891171 0.000101176 48 5.25005e-05
0.133286 0.0662843 6.90704e-05 36 5.72004e-05
0.136939 0.063932 6.14296e-05 24 6.20327e-05
0.140496 0.0527666 4.69466e-05 24 6.69939e-05
0.143966 0.0854555 7.06645e-05 48 7.20807e-05
0.147354 0.106892 8.24333e-05 24 7.72901e-05
0.153906 0.0849723 5.7511e-05 24 8.80657e-05
0.15708 0.120767 7.68829e-05 30 9.36268e-05
0.16019 0.108927 6.53829e-05 72 9.93002e-05
0.163242 0.0721473 4.09227e-05 32 0.000105084
0.16918 0.117561 5.99042e-05 72 0.000116973
0.172072 0.107158 5.18958e-05 48 0.000123076
0.177715 0.185344 8.14787e-05 12 0.000135586
0.180471 0.114819 4.81984e-05 48 0.000141991
0.183185 0.119352 4.79075e-05 48 0.000148494
0.185859 0.116329 4.47072e-05 48 0.000155093
0.188496 0.118448 4.3638e-05 30 0.000161787
0.191096 0.169235 5.98381e-05 24 0.000168575
0.193661 0.15264 5.1854e-05 72 0.000175455
0.198692 0.128275 4.03499e-05 24 0.000189487
0.20116 0.159393 4.83151e-05 96 0.000196637
0.203598 0.174131 5.09089e-05 48 0.000203875
0.206008 0.136793 3.86056e-05 24 0.000211199
0.20839 0.128844 3.51298e-05 24 0.000218609
0.210744 0.0968039 2.5519e-05 72 0.000226104
0.213073 0.130157 3.31987e-05 48 0.000233683
0.217656 0.193403 4.62799e-05 8 0.000249087
0.219911 0.159374 3.69755e-05 54 0.000256912
0.222144 0.174962 3.93803e-05 84 0.000264816
0.224355 0.273489 5.9755e-05 48 0.000272801
0.226543 0.185993 3.94714e-05 24 0.000280863
0.228711 0.146871 3.02909e-05 72 0.000289004
0.230859 0.180282 3.61537e-05 96 0.000297222
0.235095 0.142413 2.70431e-05 48 0.000313886
0.237185 0.136552 2.52509e-05 48 0.000322331
0.239257 0.12 2.16187e-05 24 0.000330851
0.24131 0.185103 3.25031e-05 72 0.000339444
0.245366 0.210202 3.51101e-05 72 0.000356849
0.247369 0.147357 2.402e-05 96 0.00036566
0.251327 0.0348274 5.41304e-06 6 0.000383495
0.253283 0.165141 2.50769e-05 96 0.000392518
0.255224 0.163335 2.42411e-05 96 0.000401611
0.25715 0.189306 2.7469e-05 24 0.000410773
0.259062 0.154731 2.19586e-05 48 0.000420004
0.26096 0.167187 2.32123e-05 96 0.000429303
0.262844 0.226268 3.07444e-05 48 0.000438669
0.266573 0.151823 1.97756e-05 36 0.000457603
0.268418 0.169483 2.16238e-05 48 0.000467169
0.27025 0.224868 2.81106e-05 120 0.000476801
0.27207 0.175026 2.14438e-05 56 0.000486499
0.273878 0.151071 1.81448e-05 24 0.000496261
0.275674 0.184524 2.17323e-05 96 0.000506088
0.277458 0.271312 3.13413e-05 48 0.000515979
0.280993 0.224128 2.4926e-05 24 0.000535951
0.282743 0.217382 2.37294e-05 102 0.000546031
0.284483 0.270673 2.90077e-05 48 0.000556174
0.286213 0.222723 2.34389e-05 72 0.000566379
0.287932 0.221628 2.29084e-05 48 0.000576645
0.289641 0.226397 2.29896e-05 48 0.000586973
0.291339 0.25817 2.57602e-05 120 0.000597362
0.294708 0.158721 1.53003e-05 24 0.000618321
0.296377 0.276146 2.61724e-05 144 0.00062889
0.298038 0.251569 2.34468e-05 120 0.000639519
0.299689 0.219354 2.01082e-05 48 0.000650208
0.302964 0.21102 1.87236e-05 48 0.00067176
0.304589 0.194627 1.69942e-05 96 0.000682624
0.307812 0.27407 2.3187e-05 24 0.000704526
0.309411 0.265246 2.20943e-05 48 0.000715562
0.311002 0.198701 1.62986e-05 108 0.000726656
0.312585 0.256989 2.07611e-05 72 0.000737807
0.314159 0.238121 1.89491e-05 30 0.000749014
0.315726 0.22258 1.74499e-05 168 0.000760277
0.317285 0.312838 2.41662e-05 48 0.000771596
0.320381 0.246986 1.85316e-05 72 0.000794401
0.321917 0.189323 1.40026e-05 96 0.000805887
0.323447 0.324067 2.36301e-05 72 0.000817427
0.324969 0.285733 2.05436e-05 72 0.000829021
0.326484 0.272997 1.93559e-05 32 0.00084067
0.327992 0.29245 2.04504e-05 72 0.000852373
0.329493 0.297269 2.05046e-05 144 0.00086413
0.333956 0.338658 2.24354e-05 96 0.000899721
0.33543 0.259678 1.69773e-05 96 0.00091169
0.336898 0.312317 2.0153e-05 48 0.000923712
0.33836 0.217138 1.38305e-05 72 0.000935787
0.339815 0.280161 1.76165e-05 120 0.000947914
0.341264 0.337056 2.09252e-05 72 0.000960092
0.344144 0.298906 1.80948e-05 48 0.000984605
0.345575 0.280011 1.67412e-05 78 0.000996938
0.347 0.300717 1.77586e-05 120 0.00100932
0.348419 0.262074 1.52882e-05 48 0.00102176
0.351241 0.243224 1.38494e-05 144 0.00104678
0.352643 0.270636 1.52272e-05 144 0.00105937
0.355431 0.279282 1.53468e-05 12 0.00108469
0.356816 0.224602 1.21989e-05 144 0.00109742
0.358197 0.315715 1.69501e-05 48 0.00111021
0.359572 0.353649 1.87696e-05 120 0.00112304
0.360942 0.206714 1.08468e-05 48 0.00113593
0.362306 0.222167 1.15264e-05 48 0.00114886
0.363666 0.273249 1.40182e-05 168 0.00116184
0.36637 0.366697 1.83988e-05 48 0.00118795
0.367714 0.315689 1.56664e-05 96 0.00120108
0.369054 0.355512 1.74512e-05 96 0.00121425
0.370388 0.2477 1.2028e-05 72 0.00122747
0.371718 0.314923 1.51287e-05 48 0.00124074
0.373043 0.260796 1.23954e-05 96 0.00125406
0.374364 0.30931 1.45462e-05 48 0.00126743
0.376991 0.399893 1.84158e-05 30 0.0012943
0.378298 0.319984 1.45836e-05 96 0.0013078
0.3796 0.260057 1.17308e-05 192 0.00132135
0.380898 0.264842 1.1825e-05 56 0.00133495
0.382191 0.40215 1.7774e-05 24 0.0013486
0.38348 0.313936 1.37357e-05 168 0.00136229
0.384765 0.366148 1.58602e-05 120 0.00137603
0.387322 0.431635 1.83291e-05 72 0.00140364
0.388594 0.324521 1.36457e-05 144 0.00141751
0.389861 0.319037 1.32846e-05 96 0.00143143
0.391125 0.269249 1.11032e-05 96 0.0014454
0.39364 0.424464 1.71704e-05 72 0.00147346
0.394892 0.26539 1.06338e-05 96 0.00148756
0.397384 0.282885 1.1123e-05 24 0.0015159
0.398623 0.325466 1.26782e-05 192 0.00153013
0.399859 0.448582 1.73125e-05 108 0.00154441
0.401092 0.253687 9.70077e-06 24 0.00155873
0.40232 0.263141 9.97043e-06 96 0.0015731
0.403545 0.367901 1.38132e-05 96 0.00158751
0.404766 0.341551 1.27082e-05 120 0.00160196
0.407197 0.326532 1.19331e-05 48 0.001631
0.408407 0.300412 1.08812e-05 78 0.00164558
0.409614 0.336435 1.20786e-05 144 0.00166021
0.410817 0.336986 1.19924e-05 120 0.00167488
0.412016 0.26895 9.48787e-06 24 0.0016896
0.413212 0.396008 1.38492e-05 168 0.00170435
0.414405 0.321366 1.11421e-05 144 0.00171915
0.416779 0.282211 9.61824e-06 24 0.00174888
0.417962 0.338307 1.14325e-05 48 0.0017638
0.419141 0.441891 1.48073e-05 96 0.00177877
0.420316 0.367622 1.22155e-05 120 0.00179378
0.421489 0.360891 1.18921e-05 72 0.00180883
0.422658 0.325806 1.06471e-05 120 0.00182393
0.423824 0.482143 1.56264e-05 144 0.00183906
0.426146 0.385458 1.22897e-05 48 0.00186946
0.427303 0.373494 1.18118e-05 192 0.00188472
0.428456 0.355 1.11365e-05 144 0.00190003
0.429606 0.337753 1.05106e-05 48 0.00191537
0.431898 0.367632 1.12593e-05 192 0.00194618
0.433039 0.380955 1.15753e-05 48 0.00196164
0.435312 0.412542 1.23397e-05 8 0.0019927
0.437385 0.395394 1.16595e-05 288 0.0020213
0.4387 0.345976 1.01108e-05 96 0.00203959
0.439823 0.392066 1.13701e-05 54 0.00205529
0.440944 0.316939 9.12149e-06 120 0.00207104
0.442061 0.324069 9.25613e-06 120 0.00208683
0.444288 0.365468 1.02824e-05 84 0.00211853
0.445398 0.376045 1.05011e-05 144 0.00213444
0.446504 0.523094 1.44991e-05 72 0.00215039
0.447608 0.428136 1.17795e-05 96 0.00216638
0.449441 0.311349 8.46192e-06 144 0.0021931
0.450903 0.412977 1.11152e-05 240 0.00221458
0.453087 0.649555 1.7231e-05 24 0.00224691
0.454175 0.439541 1.15763e-05 240 0.00226313
0.45526 0.448027 1.17156e-05 96 0.00227939
0.456882 0.325724 8.42707e-06 144 0.00230385
0.4585 0.466909 1.19523e-05 96 0.00232841
0.459575 0.497227 1.26393e-05 72 0.00234483
0.461718 0.29621 7.42523e-06 96 0.00237777
0.462785 0.38793 9.65725e-06 96 0.00239431
0.464323 0.574204 1.41529e-05 216 0.00241824
0.467031 0.482897 1.16965e-05 192 0.00246081
0.468087 0.408073 9.81744e-06 144 0.00247753
0.470191 0.282701 6.71036e-06 48 0.00251109
0.471239 0.37866 8.92825e-06 150 0.00252792
0.472285 0.462624 1.08357e-05 96 0.00254479
0.473329 0.457448 1.06437e-05 120 0.0025617
0.475112 0.430314 9.90004e-06 168 0.00259077
0.476446 0.344279 7.85432e-06 240 0.00261265
0.478513 0.268017 6.0356e-06 24 0.0026468
0.48016 0.459567 1.02431e-05 360 0.00267422
0.481597 0.440187 9.72357e-06 48 0.00269831
0.482621 0.513033 1.12607e-05 72 0.00271555
0.484049 0.392575 8.54068e-06 240 0.00273974
0.488189 0.422474 8.95931e-06 276 0.00281064
0.489726 0.411432 8.64329e-06 104 0.00283726
0.490732 0.463138 9.66976e-06 72 0.00285479
0.492199 0.484527 1.00262e-05 312 0.00288047
0.494739 0.40336 8.21875e-06 96 0.00292528
0.496232 0.367251 7.41564e-06 288 0.00295185
0.497722 0.419778 8.40038e-06 168 0.00297852
0.499701 0.443786 8.77573e-06 48 0.00301419
0.500687 0.443212 8.71267e-06 192 0.00303208
0.503606 0.411548 7.95038e-06 198 0.00308541
0.504614 0.44794 8.60163e-06 96 0.00310398
0.506079 0.442909 8.4314e-06 192 0.00313108
0.50754 0.430039 8.11591e-06 216 0.00315828
0.508511 0.440113 8.25853e-06 72 0.00317645
0.510448 0.618721 1.14783e-05 96 0.00321289
0.512103 0.452619 8.31575e-06 336 0.00324423
0.51334 0.391701 7.14461e-06 48 0.00326781
0.51518 0.461969 8.33637e-06 288 0.00330306
0.516216 0.432063 7.74982e-06 192 0.00332304
0.518125 0.375444 6.66011e-06 48 0.00336003
0.519076 0.388689 6.85722e-06 96 0.00337858
0.520457 0.493533 8.63778e-06 264 0.00340561
0.521921 0.464504 8.0615e-06 96 0.00343442
0.523525 0.533729 9.178e-06 240 0.00346619
0.52647 0.479537 8.10848e-06 288 0.00352503
0.527563 0.493609 8.29469e-06 96 0.00354702
0.528498 0.414973 6.93634e-06 72 0.0035659
0.53076 0.492859 8.13332e-06 336 0.0036119
0.533829 0.530375 8.60232e-06 138 0.00367492
0.534994 0.549549 8.85523e-06 240 0.00369902
0.536222 0.502431 8.04048e-06 144 0.00372455
0.538155 0.499313 7.9048e-06 384 0.00376498
0.541061 0.440674 6.86465e-06 312 0.00382631
0.542323 0.530185 8.2015e-06 72 0.00385314
0.543437 0.511433 7.86287e-06 248 0.00387693
0.545589 0.459897 6.98723e-06 240 0.00392316
0.547755 0.489472 7.34865e-06 24 0.00397009
0.548656 0.45595 6.81173e-06 192 0.0039897
0.549761 0.488515 7.2543e-06 312 0.00401386
0.551884 0.515223 7.56297e-06 240 0.00406053
0.553134 0.503872 7.34629e-06 96 0.0040882
0.554916 0.494555 7.14123e-06 48 0.00412783
0.556483 0.519694 7.44101e-06 408 0.0041629
0.557577 0.471872 6.71658e-06 144 0.00418751
0.559345 0.561939 7.92302e-06 120 0.00422745
0.560226 0.439396 6.16602e-06 144 0.00424747
0.562783 0.502865 6.96095e-06 264 0.00430589
0.564176 0.394736 5.42379e-06 192 0.00433794
0.565487 0.569738 7.77406e-06 102 0.00436825
0.566891 0.505763 6.84998e-06 432 0.00440087
0.568967 0.458229 6.13849e-06 48 0.00444939
0.57005 0.567053 7.55311e-06 384 0.00447485
0.571994 0.542563 7.15345e-06 144 0.00452079
0.573756 0.617394 8.0653e-06 264 0.0045627
0.576434 0.425547 5.48199e-06 144 0.00462689
0.577954 0.549865 7.02774e-06 324 0.00466359
0.580026 0.553714 7.00138e-06 384 0.00471392
0.580982 0.623527 7.84524e-06 216 0.00473728
0.583055 0.540521 6.7286e-06 216 0.00478815
0.584792 0.52832 6.51828e-06 240 0.00483108
0.586898 0.606474 7.40226e-06 168 0.00488347
0.587738 0.550204 6.68669e-06 240 0.00490447
0.590159 0.509571 6.117e-06 216 0.00496531
0.591365 0.531721 6.34391e-06 288 0.00499583
0.593087 0.537921 6.36214e-06 240 0.0050396
0.594417 0.658491 7.73598e-06 72 0.00507358
0.596499 0.462479 5.37654e-06 246 0.00512707
0.597997 0.685649 7.91124e-06 320 0.00516579
0.600063 0.627883 7.17014e-06 288 0.00521953
0.601022 0.583322 6.62944e-06 144 0.00524459
0.60348 0.589338 6.6163e-06 288 0.00530921
0.604764 0.547613 6.10881e-06 336 0.00534315
0.60651 0.495847 5.48371e-06 168 0.00538956
0.607555 0.61815 6.80106e-06 336 0.00541748
0.609717 0.594973 6.47667e-06 288 0.00547552
0.611016 0.639506 6.91716e-06 264 0.00551058
0.613214 0.452797 4.84514e-06 240 0.00557029
0.614019 0.543068 5.78827e-06 96 0.00559223
0.616265 0.723569 7.62813e-06 120 0.00565382
0.617648 0.594262 6.22293e-06 408 0.00569197
0.619954 0.636584 6.592e-06 456 0.00575597
0.622004 0.545336 5.59146e-06 108 0.00581325
0.623156 0.594906 6.06593e-06 264 0.00584563
0.624595 0.623471 6.31337e-06 264 0.0058862
0.626564 0.61314 6.1504e-06 312 0.00594205
0.629016 0.573086 5.68165e-06 270 0.00601209
0.630044 0.626077 6.17668e-06 240 0.00604161
0.631892 0.603093 5.89789e-06 384 0.00609492
0.633013 0.594318 5.78123e-06 192 0.00612744
0.635606 0.57997 5.57289e-06 432 0.00620304
0.636899 0.600134 5.7316e-06 144 0.00624098
0.638833 0.667546 6.31769e-06 480 0.006298
0.641275 0.605337 5.66376e-06 216 0.00637049
0.642832 0.623346 5.78998e-06 312 0.006417
0.64426 0.516754 4.76803e-06 216 0.00645988
0.645938 0.689896 6.31612e-06 192 0.00651049
0.648007 0.643731 5.8372e-06 624 0.00657325
0.649634 0.595866 5.36269e-06 120 0.00662287
0.651021 0.556824 4.97935e-06 336 0.0066654
0.653586 0.668814 5.91068e-06 176 0.00674447
0.654666 0.623802 5.48565e-06 384 0.00677797
0.656779 0.597482 5.20362e-06 408 0.00684383
0.658986 0.604899 5.21547e-06 144 0.00691304
0.660251 0.612152 5.24774e-06 486 0.00695292
0.66272 0.44215 3.74818e-06 96 0.00703121
0.663464 0.59853 5.05678e-06 384 0.00705492
0.666071 0.64114 5.35342e-06 492 0.00713841
0.667911 0.657736 5.44672e-06 384 0.00719774
0.669388 0.684063 5.62733e-06 168 0.00724559
0.67191 0.694681 5.65056e-06 504 0.00732781
0.67321 0.620338 5.01668e-06 240 0.00737043
0.674682 0.71766 5.76581e-06 456 0.00741888
0.67725 0.721636 5.73207e-06 264 0.0075039
0.678949 0.683556 5.38893e-06 384 0.00756052
0.680759 0.678977 5.31025e-06 432 0.00762114
0.68301 0.711455 5.50942e-06 216 0.00769701
0.684213 0.693924 5.34536e-06 360 0.00773776
0.686355 0.742703 5.66771e-06 312 0.00781065
0.688862 0.588368 4.44112e-06 240 0.00789653
0.690156 0.749256 5.62378e-06 414 0.00794112
0.692267 0.710071 5.28106e-06 552 0.00801421
0.694474 0.795666 5.86141e-06 360 0.00809112
0.695933 0.712335 5.2146e-06 432 0.00814222
0.698042 0.654854 4.75051e-06 480 0.00821645
0.700371 0.646788 4.64534e-06 288 0.00829898
0.701886 0.80927 5.77474e-06 312 0.00835296
0.703511 0.76815 5.44344e-06 360 0.0084111
0.706218 0.671364 4.70308e-06 576 0.00850856
0.708463 0.83356 5.78396e-06 464 0.00858997
0.709472 0.745709 5.15234e-06 192 0.00862671
0.71187 0.755421 5.16686e-06 396 0.0087145
0.713632 0.783188 5.31719e-06 432 0.00877938
0.71529 0.719434 4.85048e-06 240 0.0088407
0.717478 0.70836 4.73225e-06 624 0.00892209
0.719862 0.783978 5.18557e-06 504 0.0090113
0.722401 0.776742 5.08373e-06 198 0.00910699
0.723603 0.689497 4.49025e-06 600 0.00915255
0.725718 0.726157 4.68777e-06 384 0.00923302
0.727934 0.806924 5.16175e-06 432 0.00931785
0.729846 0.667675 4.23751e-06 336 0.0093915
0.731583 0.838939 5.28663e-06 336 0.0094587
0.733803 0.759027 4.7398e-06 744 0.00954504
0.736176 0.698698 4.321e-06 624 0.00963796
0.738441 0.781656 4.78969e-06 192 0.00972721
0.739813 0.65464 3.98911e-06 432 0.00978153
0.741823 0.776737 4.69476e-06 504 0.00986144
0.744194 0.828997 4.96287e-06 336 0.00995634
0.745982 0.80058 4.75838e-06 456 0.0100283
0.747564 0.830472 4.90479e-06 408 0.0100922
0.749795 0.725439 4.24632e-06 696 0.0101828
0.752344 0.822517 4.76579e-06 384 0.010287
0.754981 0.783499 4.49232e-06 330 0.0103956
0.756746 0.771608 4.39325e-06 624 0.0104686
0.758549 0.716319 4.04944e-06 384 0.0105437
0.760491 0.736527 4.13186e-06 728 0.0106249
0.762803 0.823425 4.57749e-06 432 0.010722
0.765361 0.740514 4.07543e-06 696 0.0108303
0.767036 0.761315 4.16252e-06 408 0.0109015
0.769597 0.727325 3.93712e-06 456 0.0110111
0.771 0.764149 4.11391e-06 408 0.0110714
0.773164 0.822738 4.39224e-06 528 0.0111649
0.775969 0.826984 4.36721e-06 576 0.0112869
0.778071 0.803665 4.20976e-06 672 0.0113788
0.780434 0.806449 4.18609e-06 384 0.0114828
0.782527 0.888458 4.57486e-06 600 0.0115755
0.784473 0.794543 4.06091e-06 294 0.011662
0.786277 0.801142 4.06651e-06 600 0.0117427
0.788337 0.832662 4.19346e-06 768 0.0118352
0.791032 0.818699 4.08113e-06 648 0.011957
0.793268 0.876721 4.33353e-06 408 0.0120587
0.795576 0.820791 4.02186e-06 552 0.0121643
0.797728 0.725245 3.52501e-06 648 0.0122632
0.800144 0.792304 3.81616e-06 348 0.012375
0.801567 0.879 4.21123e-06 744 0.0124411
0.804245 0.891274 4.22752e-06 672 0.0125662
0.806478 0.919594 4.32572e-06 456 0.0126712
0.808336 0.834349 3.89773e-06 600 0.012759
0.810593 0.826499 3.8289e-06 744 0.0128661
0.812878 0.933833 4.28977e-06 288 0.0129752
0.815591 0.879862 4.00163e-06 704 0.0131056
0.817562 0.909635 4.10719e-06 678 0.0132009
0.820052 0.8566 3.8326e-06 648 0.0133218
0.822478 0.904458 4.01103e-06 648 0.0134404
0.824775 0.817568 3.59548e-06 696 0.0135534
0.826774 0.843285 3.68175e-06 696 0.0136521
0.829585 0.925442 3.99951e-06 552 0.0137919
0.831577 0.903104 3.87499e-06 840 0.0138914
0.834411 0.800423 3.39954e-06 600 0.0140339
0.836554 0.872789 3.67848e-06 696 0.0141424
0.839038 0.889478 3.71561e-06 672 0.0142687
0.841041 0.856333 3.55166e-06 552 0.0143711
0.843748 0.85331 3.50516e-06 492 0.0145104
0.845866 0.948379 3.86649e-06 840 0.0146199
0.84823 0.879266 3.55483e-06 606 0.0147428
0.850494 0.935055 3.75028e-06 936 0.0148612
0.853082 0.943215 3.74868e-06 528 0.0149973
0.854904 0.942116 3.72042e-06 696 0.0150936
0.857637 0.982082 3.84129e-06 648 0.0152388
0.859669 0.855738 3.32344e-06 936 0.0153474
0.862437 0.845808 3.25334e-06 384 0.0154961
0.864033 0.879957 3.36597e-06 864 0.0155823
0.86686 0.924666 3.50249e-06 768 0.0157358
0.869231 0.972375 3.65315e-06 528 0.0158652
0.871675 0.927499 3.45533e-06 776 0.0159994
0.87406 1.00475 3.71257e-06 960 0.0161311
0.876467 0.956898 3.5067e-06 696 0.0162648
0.878396 0.925308 3.36865e-06 582 0.0163723
0.8815 0.942249 3.39421e-06 1008 0.0165465
0.883728 0.955843 3.4172e-06 408 0.0166723
0.88592 0.928827 3.29603e-06 960 0.0167967
0.888795 0.995003 3.49671e-06 852 0.0169607
0.891174 1.03273 3.60029e-06 912 0.0170973
0.89392 1.01027 3.48963e-06 1032 0.0172559
0.895836 0.889777 3.05377e-06 384 0.017367
0.898639 0.989462 3.36421e-06 864 0.0175306
0.900789 0.987459 3.33341e-06 840 0.0176567
0.903273 0.981771 3.28694e-06 912 0.0178032
0.906338 1.02974 3.41269e-06 792 0.017985
0.90863 0.946523 3.11322e-06 744 0.0181218
0.911438 1.03285 3.36585e-06 726 0.0182903
0.913568 1.0774 3.48653e-06 984 0.0184189
0.91598 1.04775 3.36386e-06 912 0.0185652
0.918648 1.07488 3.42098e-06 1104 0.0187278
0.921243 1.02206 3.22546e-06 744 0.018887
0.924376 1.01017 3.15566e-06 968 0.0190803
0.92618 1.06489 3.30719e-06 672 0.0191923
0.928764 1.09545 3.37378e-06 984 0.0193534
0.931719 1.03185 3.14774e-06 840 0.0195387
0.934062 1.07709 3.2611e-06 1092 0.0196864
0.937061 1.00112 3.00206e-06 840 0.0198767
0.939156 1.05719 3.14905e-06 720 0.0200103
0.942047 1.07769 3.18064e-06 1110 0.0201957
0.944712 1.10031 3.22e-06 1056 0.0203675
0.947136 1.10468 3.20803e-06 888 0.0205247
0.949886 1.03783 2.9878e-06 936 0.020704
0.952401 1.04124 2.97394e-06 912 0.0208689
0.955174 1.13462 3.21248e-06 1104 0.0210517
0.957881 1.14552 3.21595e-06 912 0.0212312
0.960427 1.14219 3.18117e-06 1104 0.021401
0.963313 1.07356 2.96323e-06 1128 0.0215945
0.965992 0.96916 2.65287e-06 768 0.0217751
0.968166 1.08451 2.94865e-06 888 0.0219225
0.970778 1.10191 2.97184e-06 1224 0.0221004
0.974412 1.1103 2.9611e-06 750 0.0223495
0.976168 1.12309 2.97908e-06 1092 0.0224706
0.979278 1.16697 3.06605e-06 1472 0.022686
0.982348 1.15007 2.99343e-06 792 0.0229001
0.984688 1.22167 3.15718e-06 1080 0.0230641
0.987495 1.1562 2.96257e-06 1584 0.0232619
0.990359 1.23312 3.13233e-06 624 0.0234649
0.992971 1.25214 3.15562e-06 1248 0.023651
0.99555 1.24584 3.11539e-06 888 0.0238358
0.998492 1.10675 2.74319e-06 912 0.0240477
1.00104 1.15763 2.84747e-06 1368 0.0242321
1.00371 1.13528 2.77022e-06 960 0.0244269
1.00665 1.16173 2.81e-06 1542 0.0246422
1.00992 1.16536 2.79151e-06 1152 0.024883
1.01267 1.22431 2.90892e-06 1008 0.0250866
1.01536 1.19074 2.8067e-06 1248 0.0252872
1.01774 1.16294 2.72201e-06 1056 0.0254653
1.02056 1.21771 2.8266e-06 1188 0.025678
1.0236 1.16574 2.68193e-06 1152 0.025908
1.02664 1.22835 2.80093e-06 1560 0.0261396
1.02971 1.28855 2.912e-06 1128 0.0263748
1.03219 1.20671 2.70745e-06 1152 0.0265658
1.03491 1.25619 2.79631e-06 920 0.0267762
1.03779 1.2846 2.83584e-06 1470 0.0270002
1.04087 1.22188 2.6735e-06 1200 0.0272412
1.04379 1.23992 2.69024e-06 1440 0.0274716
1.04629 1.26211 2.71879e-06 1224 0.0276695
1.04938 1.24472 2.65771e-06 1296 0.0279155
1.0527 1.24375 2.63063e-06 1560 0.0281807
1.0556 1.23598 2.59268e-06 1272 0.0284146
1.05803 1.29085 2.68918e-06 1080 0.0286112
1.06094 1.23662 2.55512e-06 1368 0.0288474
1.06403 1.24435 2.54873e-06 1248 0.0291005
1.06727 1.34946 2.73891e-06 1194 0.0293671
1.06993 1.37889 2.77782e-06 1752 0.0295874
1.07321 1.27083 2.53671e-06 1392 0.0298604
1.07584 1.31788 2.61143e-06 1440 0.0300801
1.07913 1.2035 2.36301e-06 1488 0.030357
1.08224 1.35823 2.64392e-06 1248 0.0306201
1.08486 1.35363 2.61587e-06 1512 0.0308435
1.08787 1.3234 2.53631e-06 1112 0.0311006
1.09115 1.3102 2.48842e-06 1848 0.0313829
1.09382 1.39632 2.63259e-06 1224 0.0316141
1.09696 1.34041 2.50556e-06 1536 0.0318869
1.10024 1.27452 2.36115e-06 1638 0.0321739
1.10325 1.29891 2.3867e-06 1392 0.0324385
1.10625 1.34858 2.45787e-06 1632 0.0327038
1.10975 1.39828 2.52439e-06 1452 0.0330154
1.11241 1.34718 2.41473e-06 1680 0.0332536
1.11531 1.40558 2.49984e-06 1320 0.0335138
1.11831 1.40687 2.48201e-06 1752 0.0337856
1.1218 1.41933 2.4807e-06 1776 0.0341027
1.12518 1.37199 2.37642e-06 1104 0.0344119
1.12759 1.36913 2.3563e-06 1728 0.0346335
1.13096 1.45955 2.48953e-06 1446 0.0349446
1.13402 1.36341 2.30678e-06 1920 0.0352289
1.13756 1.38376 2.31939e-06 1896 0.0355605
1.14046 1.50715 2.507e-06 1176 0.0358329
1.14325 1.35805 2.24252e-06 1856 0.036096
1.14644 1.40834 2.30617e-06 1896 0.0363996
1.14985 1.47442 2.39297e-06 1464 0.0367251
1.15345 1.46725 2.35911e-06 1968 0.0370711
1.15649 1.42801 2.27797e-06 1548 0.0373647
1.15973 1.47274 2.32969e-06 1944 0.0376799
1.16289 1.49524 2.346e-06 1470 0.0379893
1.16609 1.56915 2.44177e-06 1920 0.0383035
1.16933 1.50411 2.32116e-06 2184 0.0386238
1.1728 1.53074 2.34135e-06 1464 0.0389686
1.17556 1.48293 2.25227e-06 1608 0.0392445
1.1789 1.45878 2.19683e-06 1944 0.0395797
1.18229 1.51427 2.26087e-06 1872 0.0399216
1.18552 1.44197 2.13536e-06 2256 0.0402498
1.18882 1.44865 2.12746e-06 1632 0.0405867
1.19235 1.49946 2.18255e-06 1542 0.0409497
1.19548 1.48768 2.14843e-06 2216 0.0412732
1.1989 1.60035 2.29141e-06 2052 0.0416287
1.20218 1.53868 2.18515e-06 1680 0.0419708
1.20534 1.49265 2.10316e-06 2280 0.0423024
1.20884 1.53243 2.14051e-06 1968 0.0426722
1.21229 1.51699 2.1009e-06 2016 0.0430385
1.21548 1.52963 2.10175e-06 1968 0.0433795
1.21918 1.52938 2.08232e-06 1920 0.0437772
1.22273 1.5719 2.12165e-06 2400 0.0441602
1.22637 1.63012 2.18071e-06 1974 0.0445554
1.2291 1.64597 2.18724e-06 1944 0.0448544
1.23259 1.68268 2.21707e-06 1920 0.0452377
1.23584 1.57808 2.06291e-06 2280 0.0455962
1.23913 1.65661 2.14839e-06 1968 0.0459607
1.24271 1.60987 2.06976e-06 2220 0.0463607
1.24626 1.57918 2.013e-06 2352 0.0467595
1.24987 1.58355 2.00114e-06 1968 0.0471667
1.25321 1.61731 2.02749e-06 2504 0.0475461
1.25696 1.62866 2.02351e-06 2118 0.047974
1.26038 1.68934 2.08185e-06 2352 0.0483667
1.26384 1.61472 1.97359e-06 2136 0.0487663
1.26724 1.71165 2.0753e-06 2112 0.0491605
1.27063 1.6825 2.02366e-06 2472 0.0495563
1.27412 1.72167 2.05381e-06 2376 0.0499654
1.27765 1.68421 1.99251e-06 2304 0.050382
1.28146 1.74787 2.04944e-06 2448 0.0508339
1.28498 1.69317 1.96902e-06 2280 0.0512542
1.28891 1.74326 2.00878e-06 2466 0.0517261
1.29209 1.77411 2.0293e-06 2256 0.0521091
1.29555 1.7331 1.96652e-06 2472 0.0525296
1.29914 1.73813 1.95592e-06 2856 0.0529678
1.30275 1.7255 1.92563e-06 2112 0.05341
1.30664 1.73332 1.91714e-06 2720 0.0538897
1.31022 1.79843 1.97288e-06 2136 0.0543342
1.31338 1.75651 1.91301e-06 2736 0.0547285
1.31727 1.75131 1.89052e-06 2376 0.0552156
1.32115 1.73307 1.85437e-06 3126 0.0557057
1.32517 1.73847 1.8433e-06 2568 0.056215
1.3281 1.8121 1.90866e-06 2112 0.0565893
1.33185 1.82956 1.91081e-06 2748 0.0570704
1.33573 1.73212 1.79332e-06 2928 0.0575703
1.33926 1.82155 1.87105e-06 2640 0.0580277
1.34328 1.89316 1.92719e-06 2856 0.0585522
1.34684 1.81917 1.83721e-06 2352 0.0590191
1.35065 1.86086 1.86346e-06 2910 0.0595215
1.35428 1.89762 1.88505e-06 2784 0.0600021
1.35819 1.90972 1.88074e-06 2952 0.0605229
1.36191 1.83451 1.79191e-06 2696 0.0610216
1.36552 1.86678 1.809e-06 3264 0.0615083
1.36942 1.82495 1.75339e-06 2472 0.0620373
1.37321 1.93565 1.84441e-06 3024 0.0625529
1.37739 1.87946 1.7746e-06 2964 0.0631266
1.38108 1.89881 1.77854e-06 2910 0.0636352
1.38476 1.94352 1.80597e-06 2880 0.0641445
1.38834 2.0006 1.84466e-06 3216 0.0646435
1.39269 1.89951 1.73506e-06 3096 0.065254
1.39621 1.95577 1.77298e-06 2880 0.0657499
1.40013 1.9527 1.75537e-06 2904 0.0663052
1.40406 1.91744 1.70924e-06 3504 0.0668651
1.40804 2.01489 1.78094e-06 3168 0.0674346
1.41234 1.99204 1.74471e-06 3054 0.0680545
1.41581 2.03753 1.77146e-06 3032 0.0685569
1.4197 1.98488 1.71152e-06 3000 0.0691244
1.42371 1.9979 1.70824e-06 3780 0.0697116
1.42793 1.99063 1.68699e-06 3504 0.0703329
1.43191 1.88598 1.58502e-06 2904 0.0709225
1.43567 2.01153 1.67726e-06 3336 0.0714839
1.4396 2.02142 1.67174e-06 3144 0.0720723
1.44356 2.02936 1.66455e-06 3414 0.072668
1.44789 2.11915 1.72264e-06 3552 0.0733239
1.45135 2.03381 1.64149e-06 2928 0.0738505
1.45511 2.10358 1.68465e-06 3840 0.074427
1.45943 1.97403 1.56692e-06 3312 0.075091
1.4634 2.09157 1.64673e-06 3432 0.0757057
1.46748 2.13519 1.6671e-06 3596 0.0763404
1.47192 2.08182 1.61076e-06 4224 0.0770361
1.47635 2.17512 1.66783e-06 3294 0.077734
1.4801 2.17509 1.65518e-06 3792 0.0783272
1.48412 2.07576 1.56678e-06 3528 0.0789676
1.48876 2.12385 1.58815e-06 3984 0.0797097
1.49263 2.11055 1.56595e-06 3768 0.0803339
1.49668 2.23104 1.64194e-06 3672 0.0809898
1.5007 2.16009 1.57698e-06 3384 0.0816444
1.50468 2.09084 1.51434e-06 3648 0.0822954
1.50906 2.27004 1.62987e-06 4098 0.0830158
1.51319 2.21035 1.57405e-06 4008 0.0836992
1.51752 2.09985 1.4826e-06 4032 0.0844198
1.52148 2.17253 1.52199e-06 3800 0.0850816
1.52566 2.22448 1.54559e-06 3816 0.0857856
1.53008 2.31669 1.59576e-06 4248 0.0865329
1.53425 2.29089 1.56514e-06 3720 0.087243
1.5385 2.2791 1.54423e-06 4254 0.0879693
1.54275 2.23382 1.50106e-06 4224 0.0887015
1.54712 2.29523 1.52931e-06 4368 0.0894564
1.55154 2.3059 1.52331e-06 4104 0.090226
1.5559 2.26276 1.48228e-06 4500 0.0909888
1.56012 2.3421 1.52185e-06 3480 0.0917305
1.56438 2.43887 1.57183e-06 5328 0.0924836
1.56888 2.417 1.54435e-06 3342 0.0932851
1.57296 2.37802 1.50766e-06 4800 0.0940139
1.57761 2.38388 1.49805e-06 4184 0.0948501
1.58177 2.46841 1.53896e-06 5064 0.0956031
1.58626 2.4208 1.4965e-06 4032 0.0964191
1.59063 2.35637 1.4447e-06 4632 0.0972179
1.59512 2.39905 1.45847e-06 4680 0.0980443
1.59955 2.4181 1.45788e-06 3924 0.0988627
1.60387 2.46686 1.4753e-06 5166 0.0996657
1.60831 2.49917 1.48228e-06 4800 0.100495
1.6129 2.51316 1.47789e-06 4560 0.101358
1.61719 2.45284 1.43094e-06 4584 0.102171
1.62168 2.47765 1.43344e-06 4848 0.103024
1.62597 2.51783 1.4452e-06 4560 0.103844
1.631 2.51546 1.43054e-06 5600 0.104809
1.63549 2.49557 1.40756e-06 4686 0.105678
1.64006 2.5679 1.43628e-06 5016 0.106566
1.64474 2.5695 1.42494e-06 4956 0.107481
1.64888 2.5656 1.41209e-06 4872 0.108295
1.65362 2.53018 1.38064e-06 5376 0.109232
1.65838 2.61787 1.41624e-06 5088 0.110177
1.66285 2.57562 1.38217e-06 4710 0.111071
1.66732 2.57721 1.37192e-06 4848 0.111969
1.67182 2.69706 1.42418e-06 5976 0.112877
1.67656 2.64149 1.38303e-06 5208 0.113841
1.68127 2.61005 1.35512e-06 5352 0.114803
1.68594 2.64207 1.36038e-06 4820 0.115762
1.6904 2.66364 1.36064e-06 5760 0.116684
1.69513 2.73519 1.38553e-06 5166 0.117666
1.69995 2.69534 1.35376e-06 6168 0.118673
1.70477 2.67351 1.33144e-06 5136 0.119685
1.70952 2.65106 1.30929e-06 6240 0.120688
1.71454 2.79524 1.36841e-06 5568 0.121754
1.71919 2.68684 1.30471e-06 5712 0.122747
1.72386 2.75579 1.32733e-06 5520 0.12375
1.72878 2.7492 1.31288e-06 5670 0.124813
1.73344 2.79744 1.32517e-06 6036 0.125825
1.73835 2.80335 1.31676e-06 6264 0.126897
1.74335 2.77784 1.29358e-06 5912 0.127995
1.74794 2.80264 1.29488e-06 5736 0.129009
1.75258 2.84176 1.30254e-06 5400 0.13004
1.75753 2.72437 1.23821e-06 6342 0.131145
1.76258 2.81258 1.26736e-06 7032 0.132277
1.76751 2.86544 1.2804e-06 5448 0.133391
1.77221 2.77671 1.23091e-06 6528 0.134458
1.77738 2.87695 1.26424e-06 6468 0.135638
1.78243 3.01071 1.31182e-06 6528 0.136797
1.78706 2.88497 1.24728e-06 5568 0.137866
1.79184 2.91337 1.2495e-06 6798 0.138976
1.79723 2.96909 1.26199e-06 6560 0.140233
1.80203 3.00935 1.26889e-06 6888 0.141361
1.80708 3.02554 1.26505e-06 6624 0.142552
1.81205 3.02044 1.25256e-06 6288 0.143732
1.81703 2.93408 1.20676e-06 6960 0.14492
1.82233 3.12089 1.27244e-06 6570 0.146192
1.82696 3.07595 1.2446e-06 6600 0.147309
1.83219 3.04609 1.222e-06 7776 0.148577
1.83773 3.08875 1.22794e-06 7248 0.149929
1.84289 3.06499 1.20828e-06 6672 0.151196
1.84774 3.02542 1.18333e-06 6704 0.152391
1.85265 3.10137 1.2034e-06 6942 0.153611
1.85788 3.12315 1.20165e-06 7656 0.154916
1.86304 3.12213 1.1913e-06 7128 0.15621
1.86848 3.22299 1.21909e-06 7908 0.157581
1.87356 3.10161 1.16365e-06 6648 0.158871
1.8783 3.08452 1.1485e-06 7320 0.16008
1.88389 3.19177 1.17788e-06 7638 0.161514
1.88902 3.15583 1.15516e-06 7416 0.162836
1.89401 3.21052 1.16591e-06 7752 0.16413
1.89959 3.18509 1.14652e-06 8448 0.165585
1.90501 3.1979 1.14134e-06 7280 0.167006
1.91024 3.22233 1.14063e-06 7668 0.168386
1.91549 3.28635 1.15375e-06 8094 0.169778
1.9207 3.29773 1.14836e-06 7656 0.171166
1.92602 3.3055 1.14154e-06 8160 0.172594
1.93138 3.30662 1.13245e-06 8472 0.174039
1.93696 3.3873 1.15008e-06 7896 0.175552
1.9421 3.34499 1.12673e-06 8088 0.176951
1.94753 3.23635 1.08104e-06 8286 0.17844
1.95309 3.44211 1.13998e-06 8676 0.179974
1.95841 3.34911 1.10017e-06 8120 0.181447
1.96377 3.40562 1.1096e-06 9024 0.18294
1.96932 3.36403 1.0868e-06 8160 0.184497
1.97458 3.37249 1.08086e-06 7944 0.185979
1.98001 3.54601 1.12713e-06 8982 0.187519
1.98555 3.53174 1.11323e-06 9528 0.189097
1.99126 3.36398 1.05126e-06 8832 0.190733
1.99697 3.48115 1.07857e-06 8916 0.192378
2.00244 3.4805 1.06956e-06 9240 0.193963
2.00796 3.60752 1.09947e-06 8502 0.19557
2.01347 3.50647 1.05993e-06 9416 0.197185
2.01894 3.58449 1.07472e-06 8976 0.198797
2.02457 3.54249 1.0533e-06 9432 0.200465
2.0302 3.62559 1.06906e-06 9864 0.202141
2.03598 3.58302 1.04753e-06 9024 0.203874
2.04164 3.64934 1.05807e-06 9762 0.20558
2.0472 3.67614 1.05718e-06 9264 0.207263
2.05278 3.66154 1.04442e-06 10056 0.208962
2.05848 3.75267 1.06155e-06 9936 0.210708
2.06453 3.69011 1.0347e-06 9624 0.212572
2.0699 3.74628 1.0423e-06 9752 0.214233
2.07576 3.72992 1.02898e-06 10446 0.216059
2.08159 3.75028 1.02594e-06 10056 0.217883
2.08723 3.82974 1.0392e-06 9876 0.219659
2.09319 3.83981 1.03306e-06 11160 0.221546
2.09903 3.72295 9.93286e-07 10128 0.223405
2.10491 3.83494 1.01461e-06 9726 0.225289
2.11051 3.85909 1.01289e-06 11112 0.227094
2.11652 3.90113 1.01523e-06 10776 0.229037
2.1222 3.86528 9.97843e-07 10232 0.230887
2.12811 3.9084 1.00059e-06 11184 0.232822
2.13436 3.94407 1.00088e-06 11058 0.234877
2.1403 3.9735 9.9997e-07 11472 0.236846
2.14607 3.97552 9.92437e-07 10464 0.238765
2.15178 3.96577 9.82136e-07 10584 0.240678
2.15796 4.07625 1.00086e-06 12504 0.242756
2.16404 4.05905 9.88248e-07 10560 0.244815
2.16987 4.0227 9.71528e-07 11694 0.246798
2.17602 4.12293 9.87313e-07 11420 0.248904
2.18203 4.12015 9.78518e-07 12504 0.250972
2.18802 4.07715 9.60375e-07 10800 0.253044
2.19421 4.13265 9.65236e-07 12456 0.255197
2.20046 4.20413 9.73589e-07 12030 0.257383
2.20635 4.2096 9.67064e-07 11232 0.259457
2.21231 4.23704 9.65527e-07 13176 0.261564
2.21866 4.15444 9.38601e-07 11196 0.263823
2.22456 4.21054 9.43722e-07 12720 0.265934
2.23077 4.32366 9.61014e-07 11918 0.268165
2.23689 4.20695 9.27413e-07 13392 0.27038
2.24337 4.35066 9.50808e-07 12600 0.272736
2.24963 4.39057 9.51535e-07 13200 0.275027
2.25594 4.34348 9.33462e-07 12864 0.277346
2.26215 4.39314 9.36373e-07 12270 0.279644
2.26834 4.4117 9.32654e-07 13668 0.281946
2.27465 4.47912 9.39053e-07 13200 0.284304
2.28097 4.47094 9.2956e-07 13416 0.286682
2.28734 4.46382 9.20359e-07 12992 0.289088
2.2937 4.50713 9.21577e-07 13806 0.291506
2.29997 4.50362 9.1335e-07 13800 0.293904
2.30631 4.4437 8.93781e-07 13056 0.296342
2.31259 4.45929 8.89635e-07 14364 0.298768
2.31902 4.53213 8.96665e-07 13248 0.301267
2.32549 4.54285 8.91303e-07 15054 0.303797
2.33213 4.6094 8.96655e-07 13680 0.306407
2.33841 4.68544 9.04126e-07 15152 0.308888
2.34514 4.63715 8.87123e-07 14376 0.311564
2.35149 4.69454 8.90848e-07 13932 0.314101
2.35808 4.66296 8.77458e-07 14910 0.316749
2.36456 4.6873 8.748e-07 15648 0.31937
2.37106 4.73021 8.75571e-07 13680 0.32201
2.37766 4.81589 8.84031e-07 15816 0.324705
2.38432 4.75837 8.66177e-07 15030 0.32744
2.39081 4.81682 8.69688e-07 15104 0.330124
2.39768 4.87138 8.72003e-07 16548 0.332977
2.40438 4.83749 8.58714e-07 15360 0.335777
2.41105 4.85212 8.54188e-07 15768 0.338577
2.4176 4.83627 8.44498e-07 14622 0.341343
2.42433 4.88809 8.46454e-07 17568 0.344204
2.43136 4.90628 8.42253e-07 16368 0.347208
2.43802 4.96903 8.46057e-07 15960 0.350068
2.44478 5.04409 8.51736e-07 15732 0.352986
2.45148 4.94977 8.28975e-07 17006 0.355896
2.45825 4.89423 8.12914e-07 16680 0.358856
2.46533 5.18549 8.5389e-07 17712 0.361966
2.47205 5.03741 8.22767e-07 15576 0.364931
2.47856 5.10137 8.26665e-07 16974 0.367822
2.48564 5.17674 8.31725e-07 17436 0.370985
2.49249 5.27597 8.40696e-07 17952 0.374062
2.49953 5.24451 8.28647e-07 17448 0.377238
2.50635 5.25346 8.23303e-07 17336 0.380334
2.51347 5.28267 8.20869e-07 17958 0.383583
2.52045 5.31125 8.18466e-07 19056 0.386791
2.52756 5.27893 8.0664e-07 17304 0.390073
2.53442 5.399 8.18314e-07 18276 0.393255
2.5414 5.37751 8.08353e-07 17838 0.396516
2.5483 5.31038 7.91796e-07 18984 0.399754
2.55573 5.35953 7.92177e-07 19616 0.403259
2.56269 5.37797 7.88439e-07 18168 0.406565
2.56979 5.36552 7.80118e-07 19320 0.40995
2.57712 5.45696 7.8666e-07 19170 0.41347
2.58402 5.53044 7.90886e-07 19008 0.416799
2.59124 5.46465 7.74956e-07 20472 0.420306
2.5986 5.46408 7.68316e-07 19128 0.423894
2.60574 5.64989 7.87928e-07 19998 0.4274
2.61294 5.65852 7.82628e-07 19808 0.430951
2.62018 5.60657 7.69031e-07 20724 0.434543
2.62754 5.76266 7.83818e-07 19896 0.438215
2.6346 5.70961 7.70379e-07 20304 0.441756
2.64214 5.75249 7.69534e-07 21030 0.445562
2.64935 5.81243 7.71223e-07 21168 0.449219
2.65671 5.82246 7.66147e-07 20736 0.452975
2.66416 5.73327 7.48103e-07 21356 0.456795
2.67173 5.90749 7.64304e-07 22206 0.460698
2.6791 5.85383 7.51126e-07 21360 0.464523
2.68651 5.95058 7.57239e-07 21456 0.468389
2.69384 5.93996 7.49731e-07 21648 0.472235
2.70134 5.99278 7.50121e-07 22326 0.476187
2.70887 5.95914 7.39705e-07 22212 0.480181
2.71619 5.93686 7.30997e-07 22128 0.484085
2.72367 6.12298 7.47723e-07 22640 0.488093
2.73137 6.03656 7.30947e-07 23022 0.492248
2.7391 6.20257 7.44709e-07 24168 0.496438
2.7466 6.07767 7.23753e-07 22416 0.500526
2.75431 6.21579 7.34002e-07 23700 0.504754
2.76199 6.22905 7.29447e-07 24222 0.508989
2.76962 6.22375 7.22825e-07 22776 0.513215
2.77711 6.24081 7.18955e-07 24296 0.517392
2.78491 6.2734 7.16655e-07 24648 0.521763
2.79252 6.26164 7.09475e-07 22926 0.526054
2.80016 6.3328 7.11682e-07 25476 0.530383
2.80812 6.29753 7.01721e-07 25608 0.534916
2.81589 6.36796 7.03706e-07 24576 0.539373
2.82378 6.50243 7.12562e-07 25134 0.543918
2.83157 6.47752 7.03993e-07 25928 0.548429
2.83951 6.55117 7.06037e-07 26148 0.553059
2.84746 6.51471 6.96243e-07 25632 0.557718
2.85525 6.46325 6.85107e-07 25926 0.562306
2.86324 6.61346 6.95174e-07 26232 0.567042
2.87111 6.58345 6.86345e-07 27216 0.57173
2.87917 6.64658 6.87124e-07 26736 0.576558
2.88739 6.6776 6.84456e-07 27698 0.581507
2.8953 6.68621 6.79735e-07 26640 0.5863
2.90311 6.77588 6.83307e-07 26880 0.591058
2.91139 6.81339 6.81242e-07 29160 0.596131
2.91957 6.83132 6.77308e-07 27318 0.601172
2.92751 6.69744 6.58645e-07 27984 0.606091
2.93565 6.96294 6.7908e-07 28364 0.611155
2.94365 6.93427 6.7078e-07 28464 0.61617
2.95199 6.9294 6.64645e-07 28974 0.621421
2.96007 6.84434 6.51129e-07 28920 0.626534
2.96818 6.94392 6.55201e-07 29640 0.631698
2.97653 7.0665 6.61171e-07 28884 0.637045
2.98472 7.02039 6.51466e-07 30558 0.642317
2.99318 7.15156 6.58023e-07 30776 0.647798
3.00137 7.14117 6.51705e-07 29040 0.653128
3.00959 7.17624 6.49555e-07 30984 0.658508
3.01806 7.18258 6.44667e-07 30930 0.664087
3.02658 7.23655 6.44046e-07 32712 0.669723
3.03503 7.32409 6.46406e-07 30528 0.675349
3.04327 7.32422 6.41177e-07 30326 0.680869
3.05173 7.419 6.44092e-07 33624 0.686558
3.06034 7.30281 6.28666e-07 31824 0.692389
3.06872 7.44083 6.35314e-07 31860 0.698092
3.07736 7.45366 6.31063e-07 33942 0.704007
3.08588 7.50444 6.30117e-07 31848 0.709867
3.09426 7.52776 6.26951e-07 33624 0.715669
3.10297 7.5307 6.21932e-07 33512 0.721726
3.11157 7.51878 6.15812e-07 33594 0.727745
3.12023 7.64374 6.2085e-07 34944 0.733836
3.12889 7.58121 6.10668e-07 33624 0.739968
3.13752 7.69919 6.15072e-07 34710 0.746104
3.14616 7.77358 6.15914e-07 34704 0.752282
3.15488 7.67928 6.03409e-07 35468 0.758558
3.1637 7.74321 6.03358e-07 36096 0.764939
3.17266 7.87656 6.08562e-07 35958 0.771458
3.18144 7.80179 5.9781e-07 36576 0.777878
3.19023 7.84419 5.96102e-07 35976 0.784346
3.19904 7.86451 5.92721e-07 36396 0.790863
3.20798 7.98242 5.96594e-07 38030 0.797509
3.21678 8.10527 6.00819e-07 35784 0.804089
3.22564 8.0571 5.92339e-07 38712 0.810752
3.23477 8.0448 5.86441e-07 38310 0.817657
3.24374 8.24135 5.95798e-07 37596 0.824478
3.25254 8.0995 5.80807e-07 39000 0.831202
3.26171 8.23679 5.85684e-07 38552 0.838252
3.2708 8.26822 5.83028e-07 40206 0.845284
3.27984 8.41159 5.88247e-07 39072 0.852312
3.28909 8.36681 5.80195e-07 41340 0.859539
3.2983 8.46432 5.82053e-07 39342 0.866782
3.30724 8.40746 5.73465e-07 40176 0.873852
3.31644 8.43992 5.70905e-07 41768 0.88116
3.32563 8.49917 5.70159e-07 40206 0.888507
3.33487 8.54754 5.6865e-07 42300 0.895935
3.34411 8.55547 5.64469e-07 42360 0.903408
3.35331 8.6268 5.64506e-07 40488 0.91088
3.3626 8.70998 5.65238e-07 44406 0.918472
3.37211 8.69879 5.59748e-07 43076 0.926289
3.38132 8.72706 5.5699e-07 42600 0.933901
3.39087 8.81336 5.5776e-07 45486 0.941834
3.40043 8.86395 5.56245e-07 43848 0.94982
3.40963 8.80161 5.47874e-07 43248 0.95755
3.41901 9.04518 5.58412e-07 44988 0.965479
3.42866 9.03275 5.52952e-07 46454 0.973672
3.43818 9.03116 5.48276e-07 44928 0.981803
3.4478 8.97407 5.4026e-07 47256 0.990072
3.45736 9.12206 5.44626e-07 45126 0.99833
3.46696 9.08911 5.38165e-07 48084 1.00667
3.47654 9.23482 5.42283e-07 46320 1.01504
3.48629 9.19718 5.35555e-07 47894 1.0236
3.49578 9.3015 5.37229e-07 47160 1.03199
3.50539 9.31505 5.33602e-07 48228 1.04051
3.51537 9.42103 5.35086e-07 50598 1.04943
3.52506 9.45143 5.324e-07 47328 1.05813
3.53475 9.51047 5.31331e-07 50696 1.06688
3.54459 9.59425 5.31563e-07 49344 1.07581
3.55459 9.57222 5.25879e-07 51570 1.08494
3.56441 9.47261 5.16114e-07 50832 1.09397
3.5743 9.67275 5.22657e-07 50424 1.1031
3.58421 9.59201 5.14006e-07 52686 1.1123
3.59415 9.68017 5.14438e-07 51092 1.12158
3.60407 9.72992 5.12825e-07 53376 1.13089
3.61415 9.86768 5.15748e-07 52374 1.1404
3.62404 9.94547 5.1557e-07 52848 1.14979
3.63411 9.94596 5.11318e-07 55488 1.15941
3.64445 9.95134 5.07252e-07 54098 1.16933
3.65433 10.0623 5.08763e-07 53688 1.17886
3.66443 10.0473 5.03813e-07 55296 1.18866
3.67462 10.1326 5.03879e-07 56358 1.19861
3.68502 10.1552 5.00733e-07 57468 1.20882
3.69525 10.173 4.97461e-07 56000 1.21891
3.70559 10.3041 4.99665e-07 57774 1.22917
3.71586 10.3417 4.97339e-07 57648 1.23942
3.72609 10.4789 4.998e-07 57480 1.24968
3.73645 10.3484 4.89484e-07 58122 1.26013
3.74669 10.437 4.89635e-07 59208 1.27053
3.75716 10.528 4.89789e-07 60032 1.2812
3.76768 10.538 4.86154e-07 60366 1.292
3.77814 10.6727 4.88291e-07 60444 1.30279
3.78854 10.844 4.92053e-07 60912 1.31358
3.79912 10.7758 4.84885e-07 61422 1.32462
3.80967 10.7351 4.79052e-07 63032 1.33568
3.82029 10.6816 4.72704e-07 62052 1.34688
3.83093 10.891 4.77964e-07 64038 1.35817
3.84147 11.0543 4.81149e-07 61632 1.36941
3.85195 11.0269 4.76048e-07 64896 1.38065
3.86282 11.1233 4.76168e-07 64874 1.39237
3.87338 11.1748 4.7447e-07 64200 1.40381
3.88424 11.1521 4.69548e-07 68016 1.41566
3.89516 11.29 4.71366e-07 65694 1.42763
3.90592 11.3616 4.70446e-07 67212 1.4395
3.91674 11.2945 4.63801e-07 67088 1.45149
3.92755 11.2993 4.60177e-07 67182 1.46355
3.93842 11.4001 4.60451e-07 69768 1.47572
3.94935 11.5525 4.62742e-07 67524 1.48805
3.96027 11.4275 4.53959e-07 70758 1.50043
3.97123 11.6559 4.59209e-07 69488 1.51292
3.98223 11.7365 4.58562e-07 71640 1.52552
3.99344 11.663 4.51865e-07 72042 1.53844
4.00456 11.721 4.50337e-07 72960 1.55133
4.01559 11.9532 4.55487e-07 70422 1.56419
4.02684 12.0462 4.55195e-07 76784 1.57737
4.0381 12.0354 4.50991e-07 72348 1.59064
4.04921 11.9755 4.45062e-07 74094 1.6038
4.06038 12.0775 4.45162e-07 74976 1.61711
4.0716 12.139 4.43738e-07 76200 1.63056
4.08307 12.1901 4.41861e-07 77114 1.64437
4.09436 12.2675 4.40997e-07 76872 1.65805
4.10573 12.3592 4.40615e-07 77784 1.67191
4.1172 12.4336 4.39573e-07 78654 1.68596
4.12861 12.3948 4.34579e-07 79380 1.70001
4.14006 12.4796 4.33932e-07 79256 1.71419
4.15155 12.5492 4.32736e-07 80094 1.72851
4.16295 12.6657 4.33179e-07 80760 1.74278
4.17466 12.8112 4.34474e-07 83034 1.75754
4.18631 12.7925 4.30232e-07 82664 1.77229
4.19786 12.9084 4.30554e-07 81864 1.787
4.20942 12.8139 4.23889e-07 83334 1.80181
4.22115 12.891 4.22897e-07 85980 1.81691
4.23288 12.8356 4.17591e-07 84144 1.83209
4.24467 13.0498 4.21029e-07 86486 1.84745
4.25637 13.1216 4.19863e-07 86016 1.86277
4.26828 13.0783 4.14985e-07 88290 1.87844
4.28011 13.2255 4.16184e-07 87672 1.89411
4.29193 13.2868 4.14669e-07 88608 1.90984
4.30383 13.4712 4.16948e-07 88682 1.92577
4.31573 13.5391 4.1559e-07 91200 1.9418
4.3279 13.5808 4.13365e-07 92568 1.95826
4.33994 13.6945 4.13364e-07 91014 1.97466
4.35196 13.7192 4.1069e-07 92828 1.99111
4.36403 13.7601 4.08506e-07 93054 2.00772
4.37602 13.7386 4.04524e-07 92568 2.02432
4.38816 13.899 4.05859e-07 96768 2.04121
4.40051 13.9224 4.03131e-07 95658 2.05849
4.41265 14.0923 4.04692e-07 96368 2.07558
4.42502 14.1116 4.01855e-07 98526 2.09309
4.43718 14.2351 4.02047e-07 95436 2.11039
4.44945 14.3023 4.00613e-07 101472 2.12794
4.46195 14.4042 4.00088e-07 98582 2.14593
4.47415 14.4802 3.98918e-07 99984 2.16357
4.48658 14.5828 3.98413e-07 101298 2.18166
4.49915 14.727 3.9899e-07 104952 2.20005
4.51164 14.6329 3.93157e-07 100568 2.21842
4.52414 14.7056 3.91845e-07 105942 2.23691
4.5368 14.915 3.94106e-07 104892 2.25574
4.54929 14.7568 3.86724e-07 103734 2.27443
4.56181 14.9271 3.87974e-07 107160 2.29325
4.57457 15.0178 3.87074e-07 108788 2.31255
4.58728 15.0927 3.85782e-07 107070 2.33188
4.59999 15.1674 3.84485e-07 110760 2.35131
4.6128 15.2152 3.82492e-07 109182 2.37102
4.62563 15.4994 3.86403e-07 112820 2.39086
4.63846 15.4991 3.83199e-07 110280 2.4108
4.65132 15.466 3.79218e-07 114678 2.43091
4.66426 15.6177 3.79759e-07 112668 2.45125
4.67718 15.8324 3.81798e-07 116030 2.47169
4.69034 15.9547 3.81518e-07 118032 2.49261
4.7033 15.908 3.77265e-07 113700 2.51332
4.71623 16.0081 3.76525e-07 118566 2.53411
4.7294 16.0603 3.74605e-07 119840 2.5554
4.74251 16.0904 3.72206e-07 118278 2.5767
4.75558 16.1544 3.70614e-07 120852 2.59807
4.76881 16.2736 3.70249e-07 122166 2.61981
4.78209 16.3408 3.6869e-07 123296 2.64176
4.79535 16.3872 3.66678e-07 123300 2.6638
4.8087 16.5955 3.68253e-07 126174 2.68611
4.82205 16.6434 3.66258e-07 124800 2.70855
4.83537 16.7589 3.65761e-07 126774 2.73104
4.8488 16.8407 3.64498e-07 128900 2.75387
4.86226 16.7947 3.60493e-07 127776 2.77687
4.87577 17.0636 3.63227e-07 132246 2.80008
4.8893 17.117 3.61349e-07 129252 2.82345
4.90284 17.184 3.59767e-07 133118 2.84697
4.91643 17.2921 3.59035e-07 133272 2.87071
4.93013 17.3434 3.57107e-07 134970 2.89479
4.94379 17.5203 3.57768e-07 136128 2.91891
4.95761 17.57 3.55792e-07 137270 2.94345
4.97145 17.6587 3.54607e-07 139620 2.96818
4.98526 17.7296 3.53082e-07 138312 2.99297
4.99912 17.8373 3.52281e-07 140694 3.01801
5.01292 17.9659 3.51897e-07 140888 3.04308
5.02687 18.201 3.53543e-07 143034 3.06855
5.04082 18.0313 3.47347e-07 143688 3.09416
5.05472 18.2349 3.4838e-07 143510 3.11983
5.06873 18.4435 3.49449e-07 147828 3.14586
5.08293 18.4416 3.46494e-07 147918 3.17236
5.09703 18.5948 3.46482e-07 148992 3.19883
5.11123 18.5133 3.42095e-07 150356 3.22565
5.12527 18.8955 3.46298e-07 147606 3.25229
5.13948 18.6811 3.39535e-07 156624 3.27943
5.15396 19.0446 3.43232e-07 153354 3.30723
5.16816 18.9335 3.38426e-07 153968 3.33463
5.18246 19.0531 3.37752e-07 155862 3.36239
5.19679 19.2935 3.39192e-07 157524 3.39035
5.21123 19.3906 3.38072e-07 159126 3.41871
5.22579 19.3697 3.34893e-07 162488 3.44743
5.24033 19.4818 3.34037e-07 159570 3.47629
5.25479 19.7476 3.35805e-07 164304 3.50516
5.26952 19.6607 3.31533e-07 165720 3.5347
5.28409 19.872 3.32331e-07 162866 3.56411
5.29868 19.988 3.31517e-07 169056 3.59372
5.31346 20.0318 3.29479e-07 167502 3.62388
5.32816 20.1736 3.29073e-07 169964 3.65402
5.34291 20.37 3.29531e-07 170478 3.68446
5.35779 20.2957 3.25601e-07 175200 3.71533
5.37276 20.4201 3.24867e-07 173130 3.74656
5.38758 20.5395 3.24078e-07 175712 3.77764
5.4026 20.6475 3.23072e-07 177438 3.80932
5.41755 20.8377 3.23356e-07 178092 3.84105
5.43256 20.9967 3.23131e-07 179694 3.87305
5.44764 21.0131 3.20704e-07 182504 3.9054
5.4628 21.0866 3.19154e-07 182394 3.93809
5.47789 21.1856 3.1801e-07 184464 3.97083
5.49311 21.4089 3.18696e-07 186398 4.00402
5.50841 21.525 3.17763e-07 188844 4.03756
5.52365 21.6172 3.1649e-07 187230 4.07118
5.53901 21.683 3.14821e-07 193776 4.10522
5.55452 21.7166 3.12675e-07 192218 4.1398
5.56983 21.9614 3.13599e-07 192408 4.17414
5.58522 22.0598 3.12406e-07 195510 4.20884
5.60076 22.2132 3.11968e-07 198404 4.24405
5.6164 22.2202 3.09466e-07 200310 4.27971
5.63203 22.5157 3.10979e-07 201216 4.31554
5.64768 22.4904 3.08053e-07 201618 4.35162
5.66335 22.7502 3.09033e-07 204680 4.38794
5.67898 22.7256 3.06157e-07 202770 4.42437
5.69478 22.9243 3.0627e-07 211800 4.46141
5.71065 22.9916 3.04615e-07 205718 4.4988
5.72637 23.2908 3.06045e-07 211452 4.53606
5.74229 23.1971 3.02285e-07 213150 4.574
5.75836 23.4533 3.03073e-07 217512 4.6125
5.77442 23.4453 3.00449e-07 214754 4.65121
5.79027 23.7649 3.02051e-07 215424 4.6896
5.80643 23.7918 2.99874e-07 224574 4.72899
5.82259 24.0776 3.00956e-07 218588 4.76858
5.83867 24.1886 2.99853e-07 223902 4.8082
5.85483 24.2033 2.97558e-07 224952 4.84824
5.87119 24.237 2.95488e-07 230258 4.88899
5.88752 24.4805 2.95981e-07 227544 4.92989
5.90382 24.6757 2.95877e-07 231018 4.97095
5.92021 24.7942 2.94834e-07 234504 5.01248
5.93666 24.8279 2.92788e-07 233102 5.05438
5.95305 25.0395 2.92851e-07 236892 5.09635
5.96958 25.1726 2.91969e-07 238830 5.13893
5.98612 25.2506 2.90452e-07 241232 5.18175
6.00281 25.376 2.89467e-07 243906 5.22522
6.01948 25.4583 2.87999e-07 244704 5.26888
6.03618 25.824 2.89718e-07 246698 5.31285
6.05287 25.7742 2.86774e-07 248664 5.35704
6.06975 26.0557 2.87495e-07 253494 5.40199
6.08663 26.1443 2.86079e-07 251522 5.44718
6.10345 26.4108 2.86612e-07 255336 5.49246
6.12039 26.261 2.82627e-07 257694 5.53833
6.13742 26.6425 2.84353e-07 260988 5.58467
6.15452 26.7488 2.83114e-07 261638 5.63148
6.17151 26.8449 2.81791e-07 262356 5.67825
6.18861 27.1409 2.82543e-07 266478 5.72559
6.20588 27.0162 2.78903e-07 272048 5.77366
6.22322 27.4284 2.80798e-07 269850 5.82219
6.24044 27.5133 2.79342e-07 272544 5.87064
6.25776 27.7831 2.79746e-07 275546 5.91967
6.27506 27.7958 2.77566e-07 275334 5.96889
6.29257 28.0417 2.7769e-07 285024 6.019
6.3102 28.2477 2.77392e-07 282242 6.06974
6.32759 28.3885 2.76482e-07 280800 6.12005
6.34509 28.3888 2.74204e-07 288330 6.17097
6.36273 28.7191 2.75093e-07 290024 6.2226
6.38041 28.7898 2.73484e-07 290598 6.27461
6.39805 29.0303 2.73494e-07 293748 6.3268
6.4159 29.1852 2.72666e-07 299582 6.37989
6.43369 29.2253 2.70781e-07 295914 6.4331
6.45145 29.4685 2.70786e-07 302352 6.48653
6.46945 29.6032 2.69759e-07 305342 6.54098
6.48737 29.8531 2.69788e-07 305532 6.59549
6.50541 30.0827 2.69607e-07 310806 6.65067
6.52346 30.0099 2.66729e-07 310436 6.70617
6.54163 30.347 2.67484e-07 318006 6.76236
6.55978 30.4253 2.65954e-07 312846 6.81881
6.57792 30.7862 2.66889e-07 322508 6.87553
6.59626 30.7779 2.64597e-07 321318 6.9332
6.61457 31.0622 2.6483e-07 327204 6.9911
6.63294 31.3736 2.65269e-07 325766 7.04949
6.65129 31.3085 2.62534e-07 330246 7.10817
6.6698 31.6859 2.63492e-07 335868 7.16768
6.68842 31.8391 2.62561e-07 336710 7.22788
6.70692 32.1967 2.63319e-07 336636 7.28801
6.72554 32.4212 2.62958e-07 343542 7.34891
6.74416 32.494 2.61372e-07 342092 7.41011
6.76288 32.7881 2.61554e-07 349446 7.47197
6.78171 32.9715 2.60832e-07 350118 7.53457
6.80049 32.9874 2.58802e-07 352628 7.59732
6.81946 33.1921 2.58241e-07 359334 7.66107
6.83836 33.5259 2.5868e-07 356364 7.72497
6.8573 33.7339 2.58135e-07 362990 7.78933
6.87632 33.9762 2.57837e-07 364062 7.85434
6.8954 34.196 2.57357e-07 369756 7.91989
6.91452 34.4303 2.56977e-07 368726 7.98596
6.93369 34.5517 2.5575e-07 375786 8.05255
6.95298 34.8787 2.56028e-07 378600 8.11995
6.97229 34.9701 2.54572e-07 379394 8.18777
6.99165 35.1159 2.53515e-07 386568 8.25619
7.01113 35.5805 2.54734e-07 386906 8.3254
7.03054 35.7908 2.54123e-07 388950 8.39474
7.05003 36.1719 2.54705e-07 394512 8.46475
7.06964 36.3184 2.53615e-07 396818 8.53557
7.08927 36.4621 2.52509e-07 401112 8.60686
7.109 36.7617 2.5247e-07 404850 8.67894
7.12874 37.0216 2.52148e-07 405566 8.75143
7.14845 37.0836 2.50487e-07 409308 8.82422
7.16828 37.4717 2.51015e-07 413766 8.89785
7.18818 37.9293 2.51975e-07 417050 8.97215
7.2082 38.1677 2.51452e-07 425232 9.04735
7.22829 38.4263 2.51051e-07 421862 9.12321
7.24825 38.6418 2.50379e-07 426402 9.199
7.26841 39.0058 2.5064e-07 434688 9.27596
7.28872 39.3519 2.50757e-07 436634 9.35391
7.30888 39.5201 2.4975e-07 434784 9.43177
7.32907 39.8248 2.49602e-07 441018 9.51013
7.34941 40.0086 2.48677e-07 447350 9.58953
7.36984 40.4031 2.49047e-07 449868 9.66974
7.3903 40.7584 2.49156e-07 453206 9.75049
7.4108 41.0174 2.48664e-07 456570 9.83185
7.4314 41.363 2.4868e-07 463824 9.91407
7.45208 41.778 2.4909e-07 463718 9.99706
7.47272 42.1064 2.48973e-07 468186 10.0804
7.49346 42.5146 2.49305e-07 473448 10.1645
7.51434 42.785 2.48805e-07 479354 10.2497
7.5352 42.9376 2.47624e-07 477702 10.3353
7.55605 43.4889 2.48734e-07 485204 10.4214
7.5771 43.8352 2.4863e-07 491454 10.5087
7.59817 44.2692 2.49009e-07 491226 10.5966
7.61922 44.6827 2.49257e-07 497648 10.685
7.64048 45.0627 2.49284e-07 504930 10.7746
7.66167 45.4815 2.49519e-07 500358 10.8645
7.6828 45.9446 2.49986e-07 508652 10.9547
7.70418 46.304 2.4985e-07 516390 11.0464
7.72557 46.5473 2.49082e-07 515642 11.1386
7.74695 47.0312 2.49594e-07 521880 11.2314
7.76853 47.5864 2.50441e-07 530850 11.3255
7.79012 48.0456 2.50762e-07 527054 11.4202
7.8116 48.2222 2.49612e-07 534156 11.5149
7.83338 48.8183 2.50597e-07 545150 11.6115
7.85521 49.347 2.51205e-07 543474 11.7088
7.87691 49.985 2.52354e-07 545310 11.8062
7.89874 50.1879 2.51285e-07 555788 11.9046
7.92074 50.748 2.51977e-07 559542 12.0043
7.94278 51.3512 2.52856e-07 564146 12.1048
7.96481 51.7814 2.52864e-07 566520 12.2058
7.98694 52.5227 2.54358e-07 573594 12.3078
8.00914 52.8639 2.53887e-07 577718 12.4108
8.03133 53.4331 2.545e-07 579300 12.5142
8.05362 53.926 2.54721e-07 586235 12.6187
8.07603 54.2747 2.5424e-07 585156 12.7243
8.09843 54.2719 2.52123e-07 582704 12.8305
8.12088 54.6919 2.51973e-07 584544 12.9375
8.14345 55.0079 2.51328e-07 585204 13.0456
8.16605 55.2254 2.50231e-07 582812 13.1546
8.18871 55.4418 2.49132e-07 584472 13.2644
8.21146 55.6254 2.47886e-07 584132 13.3753
8.23424 55.9678 2.47347e-07 582540 13.4869
8.25707 56.4385 2.47365e-07 582096 13.5993
8.28004 56.5228 2.45678e-07 586412 13.7132
8.30307 56.8689 2.45131e-07 581640 13.8279
8.32613 57.3942 2.45346e-07 583304 13.9434
8.34929 57.4859 2.43698e-07 583536 14.0601
8.37244 57.5015 2.41748e-07 578204 14.1774
8.39565 58.0923 2.42212e-07 582180 14.2956
8.41901 58.6325 2.42435e-07 582144 14.4153
8.44239 58.7965 2.41099e-07 578780 14.5357
8.46576 59.2658 2.41016e-07 577524 14.6568
8.48924 59.7136 2.40828e-07 579584 14.779
8.51287 59.9969 2.39961e-07 580752 14.9028
8.53655 60.481 2.3989e-07 576896 15.0275
8.5602 60.7317 2.38893e-07 575412 15.1527
8.58391 61.1777 2.38658e-07 575676 15.2791
8.60777 61.721 2.38782e-07 576392 15.4068
8.63167 62.0382 2.38021e-07 574368 15.5355
8.6556 62.3043 2.37064e-07 572624 15.6651
8.67964 62.8265 2.37071e-07 574056 15.7959
8.70378 63.2599 2.36726e-07 572864 15.9281
8.72791 63.6916 2.3637e-07 568992 16.0609
8.75214 64.5633 2.3762e-07 572024 16.1951
8.77648 64.9454 2.37043e-07 569052 16.3306
8.80086 65.0913 2.35607e-07 568236 16.467
8.82523 65.521 2.35203e-07 563612 16.6042
8.84969 66.3154 2.36086e-07 567216 16.7427
8.8743 66.7065 2.35508e-07 564740 16.8828
8.89896 67.2387 2.35418e-07 563940 17.0239
8.92369 67.5963 2.34709e-07 562172 17.1662
8.9485 68.5006 2.35876e-07 561948 17.3097
8.97339 68.9301 2.35385e-07 560084 17.4546
8.9983 69.3853 2.34977e-07 556764 17.6004
9.02321 69.8437 2.34576e-07 553976 17.7469
9.04824 70.3701 2.34388e-07 556344 17.895
9.07338 71.0888 2.34819e-07 552420 18.0446
9.09857 71.7364 2.34996e-07 552200 18.1953
9.12381 72.4312 2.35308e-07 548880 18.3472
9.14913 73.0695 2.35417e-07 548696 18.5003
9.17454 73.4034 2.34532e-07 546948 18.6549
9.20009 74.1499 2.34949e-07 547364 18.8112
9.22565 74.5942 2.34398e-07 540792 18.9684
9.2512 75.2455 2.34491e-07 540320 19.1264
9.27686 75.9439 2.34708e-07 538668 19.2861
9.30261 76.532 2.34568e-07 537260 19.4471
9.32845 77.0632 2.34239e-07 534912 19.6096
9.35439 77.9638 2.3501e-07 534812 19.7737
9.38034 78.8338 2.35666e-07 527424 19.9386
9.40633 79.6479 2.36132e-07 528968 20.1048
9.43243 80.0134 2.35251e-07 525312 20.2727
9.45865 80.9053 2.35901e-07 525968 20.4422
9.48493 81.7576 2.3641e-07 520272 20.6131
9.51128 82.5206 2.36639e-07 520256 20.7853
9.53767 83.0656 2.36229e-07 514536 20.9589
9.56415 84.1807 2.37418e-07 515732 21.1339
9.59074 84.5049 2.36355e-07 510624 21.3106
9.61731 85.6914 2.37693e-07 507288 21.4883
9.64399 86.0183 2.36625e-07 505904 21.6676
9.67076 87.0275 2.37419e-07 502608 21.8485
9.69767 87.883 2.37762e-07 502280 22.0314
9.72462 88.8898 2.38492e-07 496404 22.2156
9.75161 89.5531 2.38283e-07 494156 22.4011
9.77867 90.5396 2.38913e-07 490572 22.5881
9.80581 91.3335 2.39012e-07 487856 22.7767
9.83305 92.0184 2.38808e-07 485592 22.9671
9.86033 92.7909 2.3882e-07 479840 23.1587
9.88774 94.0362 2.40018e-07 480792 23.3524
9.91523 95.3231 2.41284e-07 473276 23.5477
9.94267 96.4662 2.42162e-07 469716 23.7438
9.97028 97.4807 2.42681e-07 469388 23.9421
9.99798 98.37 2.42865e-07 463164 24.1422
10.0257 99.4255 2.43438e-07 460964 24.3438
10.0536 101.04 2.45341e-07 456404 24.5473
10.0815 101.647 2.4477e-07 453096 24.7523
10.1095 102.702 2.45263e-07 447944 24.9589
10.1375 103.691 2.45576e-07 445104 25.1672
10.1657 105.122 2.46902e-07 440876 25.3776
10.1939 106.326 2.47658e-07 438372 25.5898
10.2223 107.602 2.48551e-07 431156 25.8038
10.2506 109.011 2.49726e-07 426816 26.0187
10.279 110.571 2.51205e-07 424208 26.2357
10.3076 111.991 2.52321e-07 420060 26.4551
10.3362 112.64 2.5168e-07 414500 26.6762
10.3649 114.71 2.54185e-07 409044 26.8987
10.3936 116.023 2.54968e-07 406184 27.1231
10.4225 117.687 2.56475e-07 401808 27.3503
10.4515 118.841 2.56845e-07 394448 27.5787
10.4804 120.721 2.58753e-07 390564 27.8085
10.5095 122.252 2.59863e-07 386420 28.0409
10.5387 123.433 2.602e-07 380148 28.2752
10.568 125.34 2.62033e-07 375116 28.5111
10.5973 126.468 2.62199e-07 371108 28.7494
10.6268 128.124 2.63431e-07 363588 28.9896
10.6563 129.926 2.64924e-07 360704 29.2318
10.6859 131.471 2.65851e-07 352920 29.4761
10.7155 133.196 2.6711e-07 347888 29.7223
10.7453 135.853 2.7018e-07 342564 29.9707
10.7751 137.051 2.70305e-07 336104 30.221
10.805 139.619 2.73089e-07 329616 30.4733
10.835 141.104 2.73712e-07 324044 30.7274
10.865 143.528 2.76109e-07 317940 30.9838
10.8952 145.111 2.7684e-07 311516 31.2428
10.9255 146.893 2.77915e-07 306920 31.5041
10.9559 148.315 2.7828e-07 297936 31.7675
10.9864 151.17 2.81283e-07 293684 32.0334
11.0169 153.34 2.82957e-07 284568 32.3008
11.0473 154.391 2.82549e-07 276704 32.5693
11.078 158.388 2.87459e-07 274896 32.8418
11.1089 159.667 2.87373e-07 263228 33.1168
11.1396 161.641 2.88523e-07 257720 33.3927
11.1706 162.837 2.8825e-07 250968 33.6716
11.2016 165.315 2.90212e-07 242276 33.9529
11.2326 165.938 2.88895e-07 236220 34.2362
11.2638 167.113 2.88531e-07 227624 34.5222
11.2952 169.849 2.90821e-07 221304 34.811
11.3265 171.012 2.90386e-07 212204 35.1021
11.3579 172.837 2.91063e-07 203168 35.394
11.3893 173.455 2.89688e-07 197955 35.6892
11.4211 173.936 2.88076e-07 190268 35.9884
11.4529 175.268 2.87872e-07 184188 36.2897
11.4846 177.509 2.89141e-07 176492 36.5924
11.5165 178.941 2.89062e-07 172200 36.8977
11.5486 180.003 2.88361e-07 166544 37.207
11.5807 182.464 2.8988e-07 160160 37.518
11.6127 186.283 2.93501e-07 155010 37.8307
11.6449 186.835 2.91937e-07 149948 38.1461
11.6773 189.148 2.93102e-07 145458 38.4648
11.7097 192.832 2.96332e-07 140444 38.7866
11.7423 194.75 2.968e-07 135596 39.1106
11.7747 197.479 2.98473e-07 130308 39.4362
11.8074 200.411 3.00403e-07 126860 39.7648
11.8402 202.937 3.01661e-07 122748 40.098
11.8732 204.984 3.02173e-07 118076 40.4338
11.9062 208.545 3.04875e-07 113774 40.7716
11.9391 209.989 3.0445e-07 109236 41.1112
11.9722 213.801 3.07419e-07 105638 41.4534
12.0054 218.197 3.1114e-07 102174 41.7998
12.0389 223.435 3.15958e-07 98708 42.1505
12.0724 225.427 3.16126e-07 94310 42.5035
12.1059 229.913 3.19753e-07 90414 42.8577
12.1394 232.404 3.20542e-07 87398 43.2153
12.1731 235.166 3.21669e-07 83462 43.5758
12.2067 241.619 3.27772e-07 79902 43.9379
12.2406 244.198 3.28527e-07 77558 44.3049
12.2748 249.167 3.32421e-07 74094 44.6769
12.309 253.755 3.35726e-07 71006 45.0516
12.3433 258.586 3.39276e-07 67574 45.4289
12.3775 263.174 3.4244e-07 64368 45.8078
12.4118 268.111 3.45981e-07 61502 46.1894
12.446 271.646 3.47656e-07 58214 46.573
12.4804 278.089 3.5297e-07 55872 46.9597
12.515 281.264 3.54046e-07 53270 47.3516
12.5498 290.683 3.62866e-07 50742 47.7479
12.5848 296.505 3.6706e-07 48032 48.1477
12.6198 299.39 3.67552e-07 45638 48.551
12.6549 308.88 3.76053e-07 43008 48.9576
12.6901 316.413 3.82029e-07 40694 49.3673
12.7255 327.553 3.92192e-07 38408 49.781
12.7609 329.199 3.90892e-07 35958 50.1975
12.7963 338.731 3.98875e-07 33920 50.6172
12.8319 345.056 4.02954e-07 31622 51.0405
12.8675 356.611 4.13e-07 29640 51.4665
12.9033 365.322 4.19581e-07 27662 51.8966
12.939 375.604 4.27826e-07 25568 52.3291
12.9748 381.23 4.30646e-07 23904 52.7651
13.0109 389.458 4.36291e-07 22118 53.2064
13.0469 404.341 4.49226e-07 20168 53.6491
13.083 411.974 4.53925e-07 18816 54.096
13.1194 416.68 4.553e-07 17126 54.5488
13.1559 444.328 4.81482e-07 15680 55.0052
13.1925 447.815 4.8123e-07 14184 55.4658
13.2293 470.272 5.01164e-07 12854 55.9307
13.2663 487.836 5.15539e-07 11600 56.4017
13.3038 503.387 5.27496e-07 10428 56.8805
13.3412 511.82 5.3183e-07 9032 57.362
13.3781 519.224 5.35066e-07 7838 57.8399
13.4149 539.344 5.5124e-07 6816 58.3184
13.4517 578.214 5.86135e-07 5840 58.7992
13.4884 574.04 5.77172e-07 4952 59.2812
13.5246 587.39 5.85864e-07 4062 59.7599
13.5603 623.698 6.17174e-07 3368 60.2348
13.596 627.781 6.16326e-07 2744 60.7124
13.6318 651.592 6.34677e-07 2184 61.1931
13.6739 677.983 6.54308e-07 2192 61.7614
13.7179 701.385 6.70398e-07 1238 62.3597
13.7573 680.985 6.45325e-07 728 62.8983
13.7931 650.259 6.11418e-07 456 63.391
13.8288 753.938 7.03428e-07 248 63.8846
13.8642 751.759 6.96046e-07 104 64.3755
13.8983 484.37 4.45179e-07 24 64.852
13.93 1505.54 1.3743e-06 1 65.2968
0.332657
1398
200
512
2.39566
0.502655 0.884176 1.71778e-05 6 0.00306796
0.710861 1.06039 7.28365e-06 12 0.00867751
0.870624 0.998449 3.73314e-06 8 0.0159416
1.00531 0.697197 1.69315e-06 6 0.0245437
1.12397 1.27144 2.20938e-06 24 0.0343009
1.23125 2.75209 3.63803e-06 24 0.0450896
1.42172 2.34068 2.00973e-06 12 0.06942
1.50796 2.75027 1.97898e-06 30 0.082835
1.58953 2.14678 1.31892e-06 24 0.0970175
1.66712 1.92861 1.02703e-06 24 0.111928
1.74125 1.62985 7.61741e-07 8 0.127533
1.81235 2.73586 1.13399e-06 24 0.143802
1.88076 2.50569 9.2932e-07 48 0.16071
2.01062 1.82507 5.54026e-07 6 0.19635
2.0725 3.9249 1.08789e-06 48 0.215042
2.13258 2.65907 6.76474e-07 36 0.234293
2.19102 4.12428 9.67494e-07 24 0.254086
2.24794 3.66209 7.95452e-07 24 0.274407
2.30345 3.57349 7.21429e-07 48 0.295242
2.35766 3.39878 6.3991e-07 24 0.31658
2.4625 3.09312 5.11106e-07 24 0.360717
2.51327 5.06499 7.87225e-07 30 0.383495
2.56305 7.11135 1.04213e-06 72 0.406733
2.61187 6.51675 9.02434e-07 32 0.430423
2.70688 7.5405 9.38066e-07 72 0.479123
2.75315 8.6752 1.02572e-06 48 0.504118
2.84345 5.09413 5.46733e-07 12 0.55536
2.88753 8.1005 8.30178e-07 48 0.581595
2.93096 4.10469 4.02247e-07 48 0.608231
2.97375 7.78814 7.30738e-07 48 0.635261
3.01593 7.70429 6.92961e-07 30 0.66268
3.05753 10.1034 8.72155e-07 24 0.690482
3.09857 8.71626 7.22911e-07 72 0.718663
3.17907 7.84299 6.02312e-07 24 0.77614
3.21856 9.00717 6.66565e-07 96 0.805426
3.25758 7.34263 5.24093e-07 48 0.835072
3.29613 4.86221 3.35012e-07 24 0.865073
3.33423 12.8773 8.57187e-07 24 0.895424
3.37191 8.2098 5.28377e-07 72 0.926123
3.40917 5.67574 3.5344e-07 48 0.957165
3.48249 6.31968 3.69202e-07 8 1.02026
3.51858 10.4942 5.94411e-07 54 1.05231
3.55431 8.9779 4.93344e-07 84 1.08469
3.58967 12.2847 6.55298e-07 48 1.11739
3.6247 8.55295 4.4314e-07 24 1.15042
3.65938 12.1735 6.12958e-07 72 1.18376
3.69374 11.0696 5.41963e-07 96 1.21742
3.76152 9.85589 4.56924e-07 48 1.28568
3.79496 10.9553 4.94585e-07 48 1.32027
3.82811 11.6219 5.11172e-07 24 1.35516
3.86096 12.5104 5.36318e-07 72 1.39036
3.92586 9.02125 3.67876e-07 72 1.46165
3.95791 11.2202 4.46522e-07 96 1.49774
4.02124 16.2601 6.16999e-07 6 1.5708
4.05253 12.7011 4.70869e-07 96 1.60776
4.08359 12.0185 4.35477e-07 96 1.645
4.11441 11.3707 4.02815e-07 24 1.68253
4.145 19.4246 6.73007e-07 48 1.72034
4.17536 20.3487 6.89753e-07 96 1.75842
4.20551 9.98127 3.31108e-07 48 1.79679
4.26517 13.988 4.44823e-07 36 1.87434
4.29468 13.7046 4.26886e-07 48 1.91353
4.324 15.3089 4.67227e-07 120 1.95298
4.35312 15.94 4.76788e-07 56 1.9927
4.38204 13.2709 3.89143e-07 24 2.03269
4.41078 13.1516 3.78156e-07 96 2.07294
4.43933 11.1779 3.15244e-07 48 2.11345
4.49588 19.3177 5.24505e-07 24 2.19525
4.52389 17.7125 4.72043e-07 102 2.23654
4.55173 18.8845 4.94101e-07 48 2.27809
4.5794 18.8502 4.84317e-07 72 2.31989
4.60691 14.5545 3.67291e-07 48 2.36194
4.63425 15.9758 3.96064e-07 48 2.40424
4.66143 18.1874 4.43051e-07 120 2.4468
4.71532 18.3359 4.31527e-07 24 2.53264
4.74204 17.314 4.0063e-07 144 2.57594
4.7686 15.9161 3.62162e-07 120 2.61947
4.79502 15.7955 3.53511e-07 48 2.66325
4.84743 11.7754 2.55083e-07 48 2.75153
4.87342 17.1814 3.66267e-07 96 2.79603
4.92499 8.16726 1.68694e-07 24 2.88574
4.95058 20.5774 4.18468e-07 48 2.93094
4.97603 14.9803 2.99993e-07 108 2.97638
5.00135 19.4589 3.83792e-07 72 3.02206
5.02655 11.6606 2.26542e-07 30 3.06796
5.05162 15.9203 3.04719e-07 168 3.1141
5.07656 21.4173 4.03919e-07 48 3.16046
5.12609 18.653 3.41688e-07 72 3.25387
5.15068 19.746 3.56554e-07 96 3.30091
5.17515 18.3094 3.25946e-07 72 3.34818
5.1995 21.0849 3.70106e-07 72 3.39567
5.22374 17.2069 2.97849e-07 32 3.44338
5.24787 13.0666 2.23076e-07 72 3.49132
5.27189 21.1882 3.56809e-07 144 3.53948
5.34329 20.5819 3.32887e-07 96 3.68526
5.36688 15.5102 2.47566e-07 96 3.73428
5.39037 18.4316 2.90366e-07 48 3.78353
5.41376 24.2364 3.76887e-07 72 3.83298
5.43704 17.0856 2.6229e-07 120 3.88265
5.46023 21.1576 3.20681e-07 72 3.93254
5.50631 19.9745 2.95213e-07 48 4.03294
5.5292 24.3134 3.54893e-07 78 4.08346
5.552 21.28 3.06805e-07 120 4.13418
5.57471 30.1969 4.30066e-07 48 4.18512
5.61985 25.5842 3.55661e-07 144 4.28761
5.64229 29.0676 3.99286e-07 144 4.33916
5.68689 17.4622 2.34268e-07 12 4.44288
5.70906 21.478 2.848e-07 144 4.49505
5.73115 17.8724 2.34261e-07 48 4.54742
5.75315 21.9039 2.83821e-07 120 4.59999
5.77506 21.6986 2.77971e-07 48 4.65276
5.7969 22.8919 2.89957e-07 48 4.70573
5.81865 21.0212 2.63287e-07 168 4.75891
5.86191 16.8639 2.06575e-07 48 4.86585
5.88342 30.5779 3.70474e-07 96 4.91961
5.90486 21.7205 2.60305e-07 96 4.97357
5.92621 23.2156 2.75225e-07 72 5.02773
5.94749 22.6319 2.65436e-07 48 5.08209
5.9687 24.5393 2.8475e-07 96 5.13663
5.98982 24.4658 2.80903e-07 48 5.19138
6.03186 24.5726 2.76272e-07 30 5.30144
6.05277 22.6517 2.52045e-07 96 5.35676
6.0736 30.3454 3.3419e-07 192 5.41227
6.09437 23.5975 2.5723e-07 56 5.46797
6.11506 30.5605 3.2976e-07 24 5.52386
6.13568 27.9826 2.98909e-07 168 5.57994
6.15624 33.0117 3.49109e-07 120 5.63621
6.19714 23.4824 2.43449e-07 72 5.7493
6.2175 28.0138 2.87584e-07 144 5.80613
6.23778 27.081 2.75305e-07 96 5.86315
6.258 17.0117 1.71269e-07 96 5.92035
6.29825 31.5323 3.11412e-07 72 6.03531
6.31827 24.5949 2.40597e-07 96 6.09306
6.35814 32.3958 3.10985e-07 24 6.20912
6.37797 26.1907 2.4908e-07 192 6.26742
6.39775 30.9937 2.92032e-07 108 6.3259
6.41747 38.0859 3.5556e-07 24 6.38457
6.43712 30.9996 2.86761e-07 96 6.44341
6.45672 22.7881 2.08887e-07 96 6.50243
6.47625 20.6342 1.87438e-07 120 6.56163
6.51515 32.5521 2.90432e-07 48 6.68057
6.53451 42.3244 3.74275e-07 78 6.74031
6.55382 33.184 2.90861e-07 144 6.80023
6.57306 27.4596 2.38578e-07 120 6.86032
6.59226 20.0366 1.72569e-07 24 6.92058
6.61139 33.627 2.8711e-07 168 6.98102
6.63047 34.464 2.91724e-07 144 7.04164
6.66847 42.4034 3.52827e-07 24 7.1634
6.68739 33.7701 2.78614e-07 48 7.22453
6.70625 25.8763 2.11691e-07 96 7.28584
6.72506 24.9462 2.02374e-07 120 7.34733
6.74382 30.7722 2.4756e-07 72 7.40898
6.76253 32.3654 2.58222e-07 120 7.47081
6.78118 29.9659 2.3711e-07 144 7.53281
6.81834 18.7613 1.46038e-07 48 7.65732
6.83684 24.1959 1.86816e-07 192 7.71983
6.8553 37.0002 2.83377e-07 144 7.7825
6.8737 33.8952 2.57517e-07 48 7.84535
6.91036 29.2089 2.184e-07 192 7.97155
6.92862 32.7074 2.42631e-07 48 8.0349
6.96499 16.6718 1.21748e-07 8 8.1621
6.99816 29.2773 2.10775e-07 288 8.27926
7.01919 34.2111 2.44087e-07 96 8.35414
7.03717 28.1618 1.99391e-07 54 8.41849
7.0551 38.6858 2.71821e-07 120 8.483
7.07298 35.6452 2.48562e-07 120 8.54767
7.10861 39.1638 2.69011e-07 84 8.67751
7.12636 32.6417 2.2254e-07 144 8.74267
7.14407 35.4079 2.39609e-07 72 8.80799
7.16173 23.3989 1.57174e-07 96 8.87348
7.19106 43.0993 2.85977e-07 144 8.98295
7.21445 36.0753 2.3705e-07 240 9.07091
7.24939 55.2884 3.58071e-07 24 9.20333
7.2668 43.1533 2.77476e-07 240 9.26978
7.28416 25.3545 1.61866e-07 96 9.33639
7.31012 37.4799 2.36737e-07 144 9.43656
7.33601 35.1914 2.19937e-07 96 9.53717
7.35321 20.1575 1.25097e-07 72 9.60441
7.38749 32.4744 1.98742e-07 96 9.73936
7.40457 43.248 2.62849e-07 96 9.80708
7.42916 36.0825 2.17128e-07 216 9.90512
7.4725 35.1394 2.07795e-07 192 10.0795
7.48939 38.6976 2.27292e-07 144 10.148
7.52305 34.3939 1.99315e-07 48 10.2854
7.53982 39.8732 2.29529e-07 150 10.3544
7.55656 29.3144 1.67629e-07 96 10.4235
7.57326 39.592 2.24905e-07 120 10.4927
7.60179 33.4941 1.88131e-07 168 10.6118
7.62314 41.4429 2.30828e-07 240 10.7014
7.65621 17.6116 9.68272e-08 24 10.8413
7.68256 39.0843 2.12679e-07 360 10.9536
7.70555 45.0788 2.43109e-07 48 11.0523
7.72193 37.1515 1.99085e-07 72 11.1229
7.74479 44.9126 2.3855e-07 240 11.222
7.81103 41.0707 2.12641e-07 276 11.5124
7.83561 36.8906 1.89207e-07 104 11.6214
7.85172 41.0816 2.09408e-07 72 11.6932
7.87519 40.6056 2.05136e-07 312 11.7984
7.91582 38.2557 1.90304e-07 96 11.9819
7.93971 45.0635 2.22152e-07 288 12.0908
7.96355 40.0724 1.95779e-07 168 12.2
7.99521 34.7217 1.6763e-07 48 12.3461
8.011 36.519 1.75266e-07 192 12.4194
8.05769 42.0316 1.98237e-07 198 12.6378
8.07383 39.1525 1.83552e-07 96 12.7139
8.09726 43.8518 2.03804e-07 192 12.8249
8.12064 33.8345 1.55894e-07 216 12.9363
8.13618 34.0514 1.55996e-07 72 13.0107
8.16717 38.6519 1.75063e-07 96 13.16
8.19364 47.0344 2.10972e-07 336 13.2884
8.21345 33.9798 1.51316e-07 48 13.385
8.24287 45.0156 1.9832e-07 288 13.5293
8.25946 36.7178 1.60791e-07 192 13.6112
8.29 41.8075 1.81064e-07 48 13.7627
8.30522 44.8984 1.93383e-07 96 13.8387
8.32731 46.3334 1.97979e-07 264 13.9494
8.35073 35.9704 1.52409e-07 96 14.0674
8.3764 47.8216 2.00767e-07 240 14.1975
8.42353 42.1395 1.73959e-07 288 14.4385
8.44101 52.6363 2.15944e-07 96 14.5286
8.45596 48.4077 1.97545e-07 72 14.6059
8.49216 46.8323 1.88682e-07 336 14.7943
8.54127 50.4199 1.99652e-07 138 15.0525
8.5599 43.9469 1.72886e-07 240 15.1512
8.57955 46.0117 1.79769e-07 144 15.2558
8.61048 43.3941 1.67722e-07 384 15.4214
8.65698 47.6962 1.81395e-07 312 15.6725
8.67717 50.7327 1.91599e-07 72 15.7824
8.69499 49.2376 1.84811e-07 248 15.8799
8.72942 46.011 1.70665e-07 240 16.0693
8.76409 38.8503 1.42401e-07 24 16.2615
8.77849 46.0658 1.68019e-07 192 16.3418
8.79618 50.1145 1.81686e-07 312 16.4408
8.83014 43.2936 1.55153e-07 240 16.6319
8.85015 48.6454 1.73153e-07 96 16.7453
8.87865 71.8988 2.53466e-07 48 16.9076
8.90372 48.6019 1.69894e-07 408 17.0512
8.92124 44.1681 1.53488e-07 144 17.152
8.94951 51.944 1.78804e-07 120 17.3157
8.96362 54.9495 1.88258e-07 144 17.3977
9.00452 51.5411 1.74185e-07 264 17.6369
9.02681 56.8027 1.90548e-07 192 17.7682
9.04779 51.7428 1.7237e-07 102 17.8924
9.07025 50.9892 1.68601e-07 432 18.0259
9.10347 43.3677 1.41836e-07 48 18.2247
9.12079 47.6732 1.5503e-07 384 18.329
9.1519 51.859 1.66928e-07 144 18.5172
9.18009 58.3882 1.86219e-07 264 18.6888
9.22295 43.4574 1.36677e-07 144 18.9518
9.24727 45.3398 1.41475e-07 324 19.1021
9.28041 52.6942 1.62667e-07 384 19.3082
9.29572 38.9424 1.19623e-07 216 19.4039
9.32887 47.9799 1.45818e-07 216 19.6123
9.35667 52.4867 1.58097e-07 240 19.7881
9.39037 54.1599 1.61388e-07 168 20.0027
9.40381 54.8429 1.62723e-07 240 20.0887
9.44254 60.0227 1.75909e-07 216 20.3379
9.46184 44.2233 1.28814e-07 288 20.4629
9.48939 46.8799 1.35366e-07 240 20.6422
9.51068 43.1145 1.2366e-07 72 20.7814
9.54398 56.6895 1.60899e-07 246 21.0005
9.56795 64.866 1.82726e-07 320 21.1591
9.60101 63.005 1.75656e-07 288 21.3792
9.61635 51.3001 1.4234e-07 144 21.4818
9.65568 55.4532 1.51991e-07 288 21.7465
9.67622 60.4746 1.64701e-07 336 21.8855
9.70415 57.5494 1.55384e-07 168 22.0756
9.72088 56.4912 1.51741e-07 336 22.19
9.75547 52.9854 1.40816e-07 288 22.4277
9.77625 57.9493 1.53028e-07 264 22.5713
9.81143 48.5356 1.26795e-07 240 22.8159
9.8243 50.892 1.3243e-07 96 22.9058
9.86024 41.77 1.07508e-07 120 23.1581
9.88236 56.8721 1.45397e-07 408 23.3143
9.91926 53.5694 1.35431e-07 456 23.5765
9.95206 56.5383 1.41529e-07 108 23.8111
9.9705 57.0664 1.42059e-07 264 23.9437
9.99351 54.7358 1.35318e-07 264 24.1099
10.025 60.3407 1.47773e-07 312 24.3386
10.0643 64.4687 1.56043e-07 270 24.6255
10.0807 61.4552 1.48022e-07 240 24.7464
10.1103 63.8363 1.52412e-07 384 24.9648
10.1282 59.5928 1.41526e-07 192 25.098
10.1697 63.4977 1.48961e-07 432 25.4077
10.1904 57.2137 1.33403e-07 144 25.563
10.2213 61.8125 1.42821e-07 480 25.7966
10.2604 59.5109 1.35939e-07 216 26.0935
10.2853 74.3753 1.68662e-07 312 26.284
10.3082 67.1003 1.51154e-07 216 26.4597
10.335 66.7341 1.49161e-07 192 26.667
10.3681 62.6104 1.38608e-07 624 26.924
10.3941 61.7526 1.35684e-07 120 27.1273
10.4163 54.5719 1.19142e-07 336 27.3015
10.4574 67.5651 1.45779e-07 176 27.6254
10.4747 65.3923 1.40394e-07 384 27.7625
10.5085 59.4116 1.26326e-07 408 28.0323
10.5438 56.7109 1.19376e-07 144 28.3158
10.564 60.1574 1.25905e-07 486 28.4792
10.6035 68.8304 1.42453e-07 96 28.7998
10.6154 68.5582 1.41412e-07 384 28.897
10.6571 71.2439 1.45233e-07 492 29.2389
10.6866 66.7675 1.34986e-07 384 29.482
10.7102 70.7998 1.42193e-07 168 29.6779
10.7506 61.1706 1.21476e-07 504 30.0147
10.7714 73.5175 1.4515e-07 240 30.1893
10.7949 63.0775 1.23725e-07 456 30.3877
10.836 70.5822 1.36876e-07 264 30.736
10.8632 70.4247 1.35548e-07 384 30.9679
10.8921 62.3451 1.19043e-07 432 31.2162
10.9282 64.7984 1.22507e-07 216 31.527
10.9474 63.9158 1.20203e-07 360 31.6939
10.9817 66.2613 1.23451e-07 312 31.9924
11.0218 61.8028 1.13892e-07 240 32.3442
11.0425 71.8327 1.31632e-07 414 32.5268
11.0763 70.499 1.28009e-07 552 32.8262
11.1116 62.929 1.13178e-07 360 33.1412
11.1349 66.8842 1.19537e-07 432 33.3505
11.1687 71.0262 1.25792e-07 480 33.6546
11.2059 73.2806 1.28495e-07 288 33.9926
11.2302 70.2649 1.2241e-07 312 34.2137
11.2562 71.4755 1.23659e-07 360 34.4519
11.2995 66.3155 1.13417e-07 576 34.8511
11.3354 76.1469 1.28997e-07 464 35.1845
11.3515 71.9133 1.21307e-07 192 35.335
11.3899 76.4103 1.27594e-07 396 35.6946
11.4181 67.7421 1.12283e-07 432 35.9603
11.4446 70.6636 1.16313e-07 240 36.2115
11.4797 76.9312 1.25475e-07 624 36.5449
11.5178 79.3383 1.2812e-07 504 36.9103
11.5584 82.3448 1.31577e-07 198 37.3022
11.5777 83.3849 1.32576e-07 600 37.4888
11.6115 93.0445 1.46645e-07 384 37.8185
11.6469 83.0197 1.29654e-07 432 38.1659
11.6775 73.613 1.14062e-07 336 38.4676
11.7053 84.7849 1.30439e-07 336 38.7429
11.7408 83.4341 1.272e-07 744 39.0965
11.7788 84.4155 1.27455e-07 624 39.4771
11.8151 77.9765 1.16653e-07 192 39.8426
11.837 70.3967 1.04729e-07 432 40.0652
11.8692 75.9288 1.12043e-07 504 40.3925
11.9071 76.2564 1.11454e-07 336 40.7812
11.9357 85.7218 1.2439e-07 456 41.0757
11.961 82.9585 1.19618e-07 408 41.3376
11.9967 79.9005 1.14183e-07 696 41.7088
12.0375 78.7969 1.11465e-07 384 42.1357
12.0797 91.2498 1.27733e-07 330 42.5803
12.1079 80.2301 1.11524e-07 624 42.8796
12.1368 98.8514 1.3643e-07 384 43.1869
12.1679 84.6948 1.15999e-07 728 43.5194
12.2048 84.5579 1.14762e-07 432 43.9174
12.2458 92.7356 1.24603e-07 696 44.3608
12.2726 80.1688 1.07013e-07 408 44.6527
12.3135 92.8296 1.22681e-07 456 45.1014
12.336 76.9605 1.01155e-07 408 45.3485
12.3706 85.9088 1.1197e-07 528 45.7315
12.4155 83.9955 1.08294e-07 576 46.231
12.4491 76.8468 9.82762e-08 672 46.6077
12.4869 88.1417 1.117e-07 384 47.0337
12.5204 89.7589 1.12839e-07 600 47.4132
12.5516 93.7621 1.16996e-07 294 47.7677
12.5804 94.9801 1.17702e-07 600 48.098
12.6134 86.85 1.06786e-07 768 48.4771
12.6565 86.7004 1.05516e-07 648 48.976
12.6923 92.2036 1.11267e-07 408 49.3924
12.7292 90.2889 1.08011e-07 552 49.8248
12.7636 91.1821 1.082e-07 648 50.2301
12.8023 95.8001 1.12652e-07 348 50.688
12.8251 86.2715 1.00908e-07 744 50.9589
12.8679 95.2884 1.10346e-07 672 51.4713
12.9036 97.1153 1.1153e-07 456 51.9012
12.9334 86.3462 9.848e-08 600 52.2607
12.9695 98.2026 1.11069e-07 744 52.6997
13.006 86.4553 9.69608e-08 288 53.1466
13.0495 94.7839 1.05244e-07 704 53.6806
13.081 94.8788 1.04589e-07 678 54.0708
13.1208 94.9856 1.03756e-07 648 54.5662
13.1596 100.881 1.09224e-07 648 55.0519
13.1964 103.524 1.11151e-07 696 55.5145
13.2284 97.227 1.03635e-07 696 55.9191
13.2734 103.188 1.08875e-07 552 56.4915
13.3052 90.1426 9.44285e-08 840 56.8994
13.3506 97.6589 1.01263e-07 600 57.4831
13.3849 105.062 1.08104e-07 696 57.9271
13.4246 94.9055 9.67892e-08 672 58.4447
13.4567 103.68 1.04984e-07 552 58.8642
13.5 99.6622 9.99474e-08 492 59.4345
13.5339 88.3278 8.79169e-08 840 59.8832
13.5717 104.154 1.02806e-07 606 60.3866
13.6079 96.9083 9.48915e-08 936 60.8715
13.6493 112.719 1.09372e-07 528 61.4288
13.6785 102.783 9.9094e-08 696 61.8233
13.7222 107.586 1.02737e-07 648 62.4181
13.7547 108.227 1.02618e-07 936 62.8628
13.799 100.11 9.40099e-08 384 63.4721
13.8245 112.376 1.04945e-07 864 63.825
13.8698 103.939 9.61194e-08 768 64.4536
13.9077 103.971 9.53647e-08 528 64.984
13.9468 108.273 9.84774e-08 776 65.5335
13.985 106.246 9.58447e-08 960 66.0729
14.0235 104.912 9.38635e-08 696 66.6204
14.0543 104.395 9.27873e-08 582 67.0611
14.104 110.336 9.70355e-08 1008 67.7746
14.1396 104.352 9.10808e-08 408 68.2898
14.1747 111.851 9.69031e-08 960 68.7993
14.2207 111.533 9.56929e-08 852 69.4712
14.2588 116.286 9.89734e-08 912 70.0305
14.3027 112.591 9.49485e-08 1032 70.68
14.3334 121.958 1.02189e-07 384 71.1354
14.3782 106.007 8.79948e-08 864 71.8053
14.4126 120.863 9.96104e-08 840 72.3219
14.4524 115.354 9.42873e-08 912 72.9219
14.5014 120.501 9.7499e-08 792 73.6667
14.5381 119.777 9.61815e-08 744 74.2268
14.583 112.691 8.96577e-08 726 74.9171
14.6171 120.735 9.53875e-08 984 75.4438
14.6557 135.436 1.06159e-07 912 76.0429
14.6984 129.203 1.00393e-07 1104 76.7092
14.7399 125.311 9.65488e-08 744 77.3612
14.79 128.774 9.82113e-08 968 78.1531
14.8189 124.587 9.44639e-08 672 78.6116
14.8602 127.448 9.58288e-08 984 79.2714
14.9075 121.809 9.07202e-08 840 80.0305
14.945 118.617 8.76802e-08 1092 80.6357
14.993 118.314 8.66185e-08 840 81.415
15.0265 128.039 9.31125e-08 720 81.9621
15.0728 125.418 9.03697e-08 1110 82.7214
15.1154 122.693 8.76601e-08 1056 83.4253
15.1542 133.044 9.43276e-08 888 84.0693
15.1982 128.273 9.01571e-08 936 84.8037
15.2384 125.245 8.73338e-08 912 85.479
15.2828 132.013 9.12534e-08 1104 86.2279
15.3261 131.312 9.00013e-08 912 86.963
15.3668 128.314 8.72487e-08 1104 87.6584
15.413 129.677 8.73858e-08 1128 88.4511
15.4559 127.156 8.49761e-08 768 89.1909
15.4907 127.945 8.49289e-08 888 89.7945
15.5324 131.578 8.66371e-08 1224 90.5232
15.5906 133.818 8.71296e-08 750 91.5437
15.6187 131.438 8.51193e-08 1092 92.0395
15.6685 130.901 8.3966e-08 1472 92.922
15.7176 126.325 8.02735e-08 792 93.7986
15.755 129.272 8.15621e-08 1080 94.4704
15.7999 140.652 8.79877e-08 1584 95.2806
15.8457 138.381 8.58182e-08 624 96.1121
15.8875 142.976 8.79695e-08 1248 96.8745
15.9288 139.07 8.49029e-08 888 97.6315
15.9759 144.969 8.77249e-08 912 98.4994
16.0166 145.061 8.71126e-08 1368 99.2546
16.0594 151.22 9.00865e-08 960 100.053
16.1064 148.409 8.76394e-08 1542 100.934
16.1587 151.567 8.86384e-08 1152 101.921
16.2027 148.659 8.62322e-08 1008 102.755
16.2458 147.224 8.47225e-08 1248 103.576
16.2838 148.899 8.50871e-08 1056 104.306
16.329 147.094 8.33592e-08 1188 105.177
16.3776 153.626 8.62883e-08 1152 106.119
16.4263 154.306 8.59021e-08 1560 107.068
16.4754 147.212 8.12218e-08 1128 108.031
16.5151 149.953 8.21397e-08 1152 108.814
16.5586 153.843 8.36083e-08 920 109.675
16.6046 152.448 8.21629e-08 1470 110.593
16.6539 152.466 8.14451e-08 1200 111.58
16.7007 158.428 8.39204e-08 1440 112.524
16.7407 155.89 8.19852e-08 1224 113.334
16.7902 174.586 9.10093e-08 1296 114.342
16.8432 157.581 8.13713e-08 1560 115.428
16.8896 146.761 7.51605e-08 1272 116.386
16.9285 187.583 9.54061e-08 1080 117.192
16.975 161.317 8.13756e-08 1368 118.159
17.0245 164.772 8.23954e-08 1248 119.195
17.0763 176.048 8.72351e-08 1194 120.288
17.1189 170.759 8.39841e-08 1752 121.19
17.1714 169.546 8.26252e-08 1392 122.308
17.2134 177.2 8.57247e-08 1440 123.208
17.266 181.959 8.72237e-08 1488 124.342
17.3158 167.471 7.95891e-08 1248 125.42
17.3578 183.635 8.66386e-08 1512 126.335
17.4059 178.121 8.33426e-08 1112 127.388
17.4584 170.184 7.89128e-08 1848 128.544
17.5012 191.43 8.8115e-08 1224 129.491
17.5513 172.676 7.88025e-08 1536 130.609
17.6038 173.654 7.85418e-08 1638 131.784
17.652 177.648 7.96929e-08 1392 132.868
17.7 185.997 8.27615e-08 1632 133.955
17.756 182.237 8.0323e-08 1452 135.231
17.7986 173.254 7.58165e-08 1680 136.207
17.8449 187.553 8.14368e-08 1320 137.273
17.893 182.946 7.87975e-08 1752 138.386
17.9488 181.831 7.75888e-08 1776 139.685
18.0029 186.454 7.88466e-08 1104 140.951
18.0415 186.936 7.85445e-08 1728 141.859
18.0953 200.401 8.34529e-08 1446 143.133
18.1443 190.713 7.87774e-08 1920 144.298
18.201 185.443 7.58861e-08 1896 145.656
18.2474 199.376 8.09677e-08 1176 146.771
18.2919 193.922 7.81785e-08 1856 147.849
18.3431 196.745 7.86551e-08 1896 149.093
18.3976 194.694 7.71453e-08 1464 150.426
18.4552 198.351 7.78606e-08 1968 151.843
18.5038 205.013 7.98437e-08 1548 153.046
18.5557 199.699 7.71234e-08 1944 154.337
18.6063 196.997 7.54602e-08 1470 155.604
18.6575 204.563 7.77156e-08 1920 156.891
18.7093 200.166 7.54147e-08 2184 158.203
18.7648 202.769 7.57193e-08 1464 159.615
18.809 194.512 7.21255e-08 1608 160.745
18.8624 207.882 7.643e-08 1944 162.119
18.9166 214.241 7.80933e-08 1872 163.519
18.9683 213.641 7.72398e-08 2256 164.863
19.021 214.823 7.70223e-08 1632 166.243
19.0776 198.642 7.05894e-08 1542 167.73
19.1277 217.935 7.68385e-08 2216 169.055
19.1825 219.439 7.67081e-08 2052 170.511
19.2349 219.515 7.61092e-08 1680 171.912
19.2854 223.896 7.70198e-08 2280 173.27
19.3414 218.473 7.4503e-08 1968 174.785
19.3966 223.496 7.55671e-08 2016 176.286
19.4477 229.34 7.69333e-08 1968 177.682
19.5069 214.689 7.13643e-08 1920 179.312
19.5637 226.048 7.44887e-08 2400 180.88
19.6219 232.752 7.60175e-08 1974 182.499
19.6656 233.588 7.57819e-08 1944 183.724
19.7215 227.56 7.32008e-08 1920 185.294
19.7735 242.636 7.74367e-08 2280 186.762
19.826 225.094 7.12685e-08 1968 188.255
19.8834 228.761 7.18046e-08 2220 189.894
19.9402 235.584 7.33155e-08 2352 191.527
19.9979 229.515 7.08102e-08 1968 193.195
20.0514 259.522 7.94292e-08 2504 194.749
20.1114 243.422 7.38371e-08 2118 196.502
20.1661 245.867 7.39732e-08 2352 198.11
20.2215 250.649 7.47938e-08 2136 199.747
20.2758 250.12 7.40375e-08 2112 201.361
20.3301 243.291 7.14409e-08 2472 202.983
20.3859 257.711 7.50557e-08 2376 204.658
20.4424 257.582 7.43976e-08 2304 206.365
20.5033 250.124 7.16013e-08 2448 208.216
20.5597 273.279 7.75884e-08 2280 209.937
20.6226 249.631 7.02277e-08 2466 211.87
20.6734 257.28 7.18477e-08 2256 213.439
20.7288 259.082 7.17717e-08 2472 215.161
20.7863 259.714 7.13515e-08 2856 216.956
20.844 262.122 7.14169e-08 2112 218.768
20.9062 268.381 7.24713e-08 2720 220.732
20.9635 268.708 7.1966e-08 2136 222.553
21.0141 262.168 6.97086e-08 2736 224.168
21.0763 269.3 7.09732e-08 2376 226.163
21.1384 282.882 7.38969e-08 3126 228.17
21.2027 282.314 7.30801e-08 2568 230.257
21.2496 276.226 7.10315e-08 2112 231.79
21.3097 292.664 7.4624e-08 2748 233.76
21.3717 271.44 6.86113e-08 2928 235.808
21.4282 290.204 7.27759e-08 2640 237.682
21.4925 289.98 7.20684e-08 2856 239.83
21.5495 298.773 7.36663e-08 2352 241.742
21.6105 291.24 7.12029e-08 2910 243.8
21.6685 282.576 6.85313e-08 2784 245.769
21.731 297.012 7.14126e-08 2952 247.902
21.7905 293.748 7.00506e-08 2696 249.944
21.8483 294.909 6.97711e-08 3264 251.938
21.9108 304.199 7.1355e-08 2472 254.105
21.9713 300.793 6.99745e-08 3024 256.217
22.0383 304.172 7.01176e-08 2964 258.567
22.0973 305.746 6.99172e-08 2910 260.65
22.1561 312.879 7.09803e-08 2880 262.736
22.2134 334.349 7.52653e-08 3216 264.78
22.2831 314.064 7.00375e-08 3096 267.281
22.3394 301.258 6.6675e-08 2880 269.312
22.4021 318.038 6.97994e-08 2904 271.586
22.465 326.854 7.11336e-08 3504 273.879
22.5286 322.564 6.9607e-08 3168 276.212
22.5974 333.418 7.12939e-08 3054 278.751
22.6529 320.264 6.79793e-08 3032 280.809
22.7152 330.251 6.95236e-08 3000 283.134
22.7794 332.966 6.95047e-08 3780 285.539
22.8468 330.452 6.83707e-08 3504 288.084
22.9105 345.148 7.08177e-08 2904 290.498
22.9708 349.72 7.11921e-08 3336 292.798
23.0336 341.573 6.89661e-08 3144 295.208
23.0969 335.665 6.72175e-08 3414 297.648
23.1662 353.113 7.00791e-08 3552 300.335
23.2215 351.855 6.93315e-08 2928 302.492
23.2818 355.355 6.94788e-08 3840 304.853
23.3508 357.552 6.92901e-08 3312 307.573
23.4144 356.166 6.84611e-08 3432 310.09
23.4796 362.776 6.91519e-08 3596 312.69
23.5507 366.74 6.92762e-08 4224 315.54
23.6216 366.312 6.85742e-08 3294 318.398
23.6816 364.55 6.77274e-08 3792 320.828
23.7459 350.097 6.45148e-08 3528 323.451
23.8201 367.16 6.70292e-08 3984 326.491
23.8821 386.81 7.00678e-08 3768 329.048
23.9469 373.517 6.71121e-08 3672 331.734
24.0113 363.145 6.47254e-08 3384 334.415
24.0749 375.091 6.63256e-08 3648 337.082
24.145 382.296 6.70131e-08 4098 340.033
24.211 386.052 6.71189e-08 4008 342.832
24.2803 381.864 6.5824e-08 4032 345.784
24.3436 399.423 6.83152e-08 3800 348.494
24.4106 393.47 6.67449e-08 3816 351.378
24.4813 404.071 6.79511e-08 4248 354.439
24.548 412.723 6.88411e-08 3720 357.347
24.616 401.751 6.64578e-08 4254 360.322
24.6841 393.946 6.46288e-08 4224 363.321
24.7539 396.446 6.44901e-08 4368 366.413
24.8247 408.607 6.59014e-08 4104 369.566
24.8945 424.334 6.78641e-08 4500 372.69
24.9619 412.46 6.54317e-08 3480 375.728
25.03 429.929 6.76475e-08 5328 378.813
25.1021 433.653 6.76472e-08 3342 382.096
25.1673 424.342 6.56816e-08 4800 385.081
25.2417 442.346 6.78648e-08 4184 388.506
25.3083 434.256 6.60989e-08 5064 391.59
25.3801 443.72 6.69679e-08 4032 394.932
25.4501 454.289 6.79995e-08 4632 398.205
25.522 451.225 6.69716e-08 4680 401.59
25.5928 447.851 6.59207e-08 3924 404.941
25.6619 461.249 6.73457e-08 5166 408.231
25.7329 461.073 6.67642e-08 4800 411.629
25.8063 464.67 6.67123e-08 4560 415.163
25.8751 457.598 6.51746e-08 4584 418.491
25.947 470.766 6.64944e-08 4848 421.987
26.0156 473.66 6.63754e-08 4560 425.344
26.0959 482.902 6.70473e-08 5600 429.297
26.1678 477.992 6.58198e-08 4686 432.857
26.2409 471.116 6.43325e-08 5016 436.494
26.3159 465.723 6.30542e-08 4956 440.244
26.3821 509.344 6.84423e-08 4872 443.574
26.458 495.283 6.59816e-08 5376 447.415
26.5341 495.792 6.54828e-08 5088 451.286
26.6057 507.314 6.64653e-08 4710 454.948
26.6772 495.319 6.43733e-08 4848 458.627
26.7491 518.03 6.67836e-08 5976 462.345
26.825 524.279 6.7017e-08 5208 466.292
26.9003 519.047 6.57923e-08 5352 470.232
26.975 520.212 6.53936e-08 4820 474.16
27.0465 521.964 6.50952e-08 5760 477.938
27.1221 521.032 6.44365e-08 5166 481.962
27.1993 538.359 6.60147e-08 6168 486.084
27.2764 530.228 6.44678e-08 5136 490.23
27.3523 550.112 6.63297e-08 6240 494.337
27.4326 558.084 6.67016e-08 5568 498.705
27.507 545.96 6.4725e-08 5712 502.77
27.5818 561.841 6.60675e-08 5520 506.881
27.6605 551.293 6.4275e-08 5670 511.235
27.7351 553.177 6.39758e-08 6036 515.381
27.8136 543.069 6.22765e-08 6264 519.77
27.8936 568.329 6.46142e-08 5912 524.266
27.967 556.13 6.27304e-08 5736 528.419
28.0414 583.657 6.53132e-08 5400 532.644
28.1205 568.091 6.30356e-08 6342 537.17
28.2012 574.741 6.32278e-08 7032 541.806
28.2802 604.289 6.59233e-08 5448 546.369
28.3553 596.397 6.45461e-08 6528 550.738
28.4381 604.558 6.48599e-08 6468 555.575
28.5189 620.618 6.60188e-08 6528 560.32
28.5929 623.849 6.58482e-08 5568 564.698
28.6695 606.655 6.35217e-08 6798 569.246
28.7556 617.692 6.40978e-08 6560 574.393
28.8326 643.284 6.62206e-08 6888 579.015
28.9133 612.59 6.2534e-08 6624 583.894
28.9929 632.52 6.40385e-08 6288 588.726
29.0725 623.791 6.26368e-08 6960 593.594
29.1573 621.107 6.18249e-08 6570 598.802
29.2314 638.983 6.3122e-08 6600 603.378
29.315 651.211 6.3781e-08 7776 608.57
29.4037 653.561 6.34338e-08 7248 614.109
29.4863 633.958 6.10156e-08 6672 619.297
29.5638 675.212 6.44764e-08 6704 624.194
29.6425 665.702 6.30633e-08 6942 629.192
29.7261 673.462 6.32613e-08 7656 634.535
29.8087 690.685 6.43414e-08 7128 639.837
29.8956 687.805 6.35159e-08 7908 645.45
29.977 675.966 6.19157e-08 6648 650.735
30.0528 700.398 6.36691e-08 7320 655.686
30.1423 699.652 6.30366e-08 7638 661.561
30.2243 712.465 6.36699e-08 7416 666.975
30.3042 691.66 6.13231e-08 7752 672.278
30.3935 709.457 6.23483e-08 8448 678.237
30.4801 719.51 6.2694e-08 7280 684.056
30.5639 729.89 6.30772e-08 7668 689.707
30.6478 712.015 6.1028e-08 8094 695.409
30.7311 741.382 6.30298e-08 7656 701.094
30.8164 737.925 6.22167e-08 8160 706.945
30.9021 773.835 6.47027e-08 8472 712.863
30.9914 755.049 6.25878e-08 7896 719.06
31.0735 767.587 6.3124e-08 8088 724.791
31.1605 765.874 6.24574e-08 8286 730.892
31.2495 793.934 6.41941e-08 8676 737.172
31.3345 775.363 6.21835e-08 8120 743.208
31.4202 811.079 6.4517e-08 9024 749.323
31.5091 803.312 6.33599e-08 8160 755.701
31.5932 817.769 6.39864e-08 7944 761.768
31.6802 804.301 6.24158e-08 8982 768.076
31.7688 823.651 6.33839e-08 9528 774.541
31.8602 827.205 6.31115e-08 8832 781.241
31.9516 824.145 6.23401e-08 8916 787.982
32.039 838.923 6.29396e-08 9240 794.471
32.1273 849.231 6.31893e-08 8496 801.054
32.2155 842.714 6.21909e-08 9422 807.669
32.303 871.218 6.3773e-08 8976 814.273
32.3931 877.88 6.37261e-08 9432 821.104
32.4832 878.996 6.32779e-08 9864 827.97
32.5757 886.089 6.32464e-08 9024 835.068
32.6663 878.733 6.22008e-08 9762 842.056
32.7552 905.697 6.35889e-08 9264 848.95
32.8445 887.484 6.18035e-08 10056 855.908
32.9357 897.481 6.19819e-08 9936 863.059
33.0325 913.43 6.25301e-08 9624 870.695
33.1183 946.011 6.42585e-08 9752 877.498
33.2122 929.412 6.25973e-08 10446 884.978
33.3054 924.216 6.17264e-08 10056 892.448
33.3956 937.52 6.21087e-08 9876 899.722
33.491 962.387 6.32128e-08 11160 907.454
33.5844 979.371 6.37931e-08 10128 915.069
33.6785 967.072 6.24653e-08 9726 922.784
33.7682 987.532 6.328e-08 11112 930.175
33.8643 979.549 6.22358e-08 10776 938.136
33.9552 961.761 6.06162e-08 10232 945.711
34.0498 974.465 6.09063e-08 11184 953.639
34.1497 1017.44 6.30357e-08 11058 962.058
34.2449 1004.32 6.17059e-08 11472 970.123
34.3371 1040.44 6.34114e-08 10464 977.982
34.4285 1031.18 6.23476e-08 10584 985.815
34.5273 1046.51 6.27326e-08 12504 994.328
34.6247 1071.64 6.36988e-08 10560 1002.76
34.7179 1062.44 6.26442e-08 11694 1010.88
34.8164 1080.03 6.31431e-08 11420 1019.51
34.9125 1080.82 6.26682e-08 12504 1027.98
35.0084 1077.04 6.19379e-08 10800 1036.47
35.1074 1083.15 6.17636e-08 12456 1045.29
35.2074 1086.97 6.14551e-08 12030 1054.24
35.3017 1096.92 6.15217e-08 11232 1062.74
35.397 1113.55 6.19515e-08 13176 1071.37
35.4985 1122.33 6.19056e-08 11196 1080.62
35.593 1124.75 6.15466e-08 12720 1089.27
35.6922 1125.46 6.10727e-08 11918 1098.4
35.7902 1155.64 6.21967e-08 13392 1107.48
35.8939 1140.45 6.08493e-08 12600 1117.13
35.9941 1176.26 6.22368e-08 13200 1126.51
36.095 1192.38 6.25623e-08 12864 1136.01
36.1944 1170.54 6.09115e-08 12270 1145.42
36.2935 1205.25 6.22059e-08 13668 1154.85
36.3944 1202.76 6.15626e-08 13200 1164.51
36.4956 1222.03 6.20301e-08 13416 1174.25
36.5974 1233.86 6.21091e-08 12992 1184.1
36.6991 1232.43 6.15224e-08 13806 1194.01
36.7995 1264.79 6.26232e-08 13800 1203.83
36.901 1246.53 6.12112e-08 13056 1213.82
37.0014 1280.47 6.23671e-08 14364 1223.75
37.1043 1301.12 6.28471e-08 13248 1233.99
37.2078 1277.17 6.11768e-08 15054 1244.35
37.3141 1313.54 6.23826e-08 13680 1255.04
37.4145 1298.46 6.1171e-08 15152 1265.21
37.5223 1315.21 6.14285e-08 14376 1276.17
37.6238 1332.6 6.17378e-08 13932 1286.56
37.7292 1337.42 6.14431e-08 14910 1297.4
37.833 1336.37 6.08911e-08 15648 1308.14
37.937 1351.8 6.10889e-08 13680 1318.95
38.0425 1372.21 6.14965e-08 15816 1329.99
38.1491 1380.5 6.13515e-08 15030 1341.2
38.253 1409.31 6.21224e-08 15104 1352.19
38.3629 1408.86 6.15707e-08 16548 1363.87
38.4701 1415.13 6.13287e-08 15360 1375.34
38.5768 1422.67 6.11456e-08 15768 1386.81
38.6815 1423.2 6.06729e-08 14622 1398.14
38.7893 1455.82 6.15475e-08 17568 1409.86
38.9018 1471.48 6.16714e-08 16368 1422.16
39.0083 1476.57 6.13793e-08 15960 1433.88
39.1164 1498.12 6.17603e-08 15732 1445.83
39.2236 1505 6.15364e-08 17006 1457.75
39.332 1497.32 6.07177e-08 16680 1469.87
39.4453 1527.4 6.1405e-08 17712 1482.61
39.5528 1561.32 6.22588e-08 15576 1494.76
39.6569 1568.27 6.20447e-08 16974 1506.6
39.7703 1564.45 6.13656e-08 17436 1519.56
39.8799 1576.74 6.13392e-08 17952 1532.16
39.9925 1587.52 6.12386e-08 17448 1545.17
40.1016 1604.36 6.13842e-08 17336 1557.85
40.2155 1637.12 6.21071e-08 17958 1571.16
40.3272 1622.9 6.10571e-08 19056 1584.29
40.441 1625.99 6.06587e-08 17304 1597.74
40.5506 1655.64 6.12651e-08 18276 1610.77
40.6624 1664.58 6.10891e-08 17838 1624.13
40.7728 1687.05 6.14124e-08 18984 1637.39
40.8917 1692.28 6.10673e-08 19616 1651.75
41.0031 1724.32 6.17173e-08 18168 1665.29
41.1166 1703.84 6.04809e-08 19320 1679.16
41.2339 1762.73 6.20388e-08 19170 1693.57
41.3443 1743.73 6.08799e-08 19008 1707.21
41.4599 1764.54 6.10921e-08 20472 1721.57
41.5775 1792.9 6.15487e-08 19128 1736.27
41.6919 1807.7 6.15477e-08 19998 1750.63
41.807 1804.42 6.09297e-08 19808 1765.17
41.9229 1840.22 6.16249e-08 20724 1779.89
42.0406 1847.01 6.1334e-08 19896 1794.93
42.1535 1871.9 6.16624e-08 20304 1809.43
42.2743 1874.45 6.1219e-08 21030 1825.02
42.3896 1903.38 6.16578e-08 21168 1840
42.5074 1908.39 6.13074e-08 20736 1855.39
42.6266 1915.67 6.10267e-08 21356 1871.03
42.7476 1961.97 6.19721e-08 22206 1887.02
42.8656 1955.19 6.12494e-08 21360 1902.69
42.9842 1948.33 6.05307e-08 21456 1918.52
43.1015 1981.92 6.10729e-08 21648 1934.27
43.2214 1992.72 6.08959e-08 22326 1950.46
43.3419 1998.93 6.05777e-08 22212 1966.82
43.4591 2013.22 6.05187e-08 22128 1982.81
43.5787 2049.44 6.11016e-08 22640 1999.23
43.702 2092.84 6.18689e-08 23022 2016.25
43.8256 2075.39 6.0835e-08 24168 2033.41
43.9456 2077.35 6.03953e-08 22416 2050.16
44.069 2102.08 6.06023e-08 23700 2067.47
44.1919 2129.83 6.08916e-08 24222 2084.82
44.3139 2138.29 6.06299e-08 22776 2102.13
44.4338 2179.77 6.13073e-08 24296 2119.24
44.5585 2165.74 6.04023e-08 24648 2137.14
44.6804 2157.82 5.96903e-08 22926 2154.72
44.8026 2269.2 6.22592e-08 25476 2172.45
44.9299 2225.82 6.05514e-08 25608 2191.02
45.0543 2255.59 6.08544e-08 24576 2209.27
45.1805 2263.06 6.05458e-08 25134 2227.89
45.3051 2288.65 6.07266e-08 25928 2246.37
45.4322 2317.93 6.09887e-08 26136 2265.33
45.5594 2347.93 6.12619e-08 25644 2284.41
45.684 2379.5 6.1579e-08 25926 2303.2
45.8119 2400.45 6.16025e-08 26232 2322.6
45.9378 2399.85 6.10821e-08 27216 2341.81
46.0667 2359.07 5.95413e-08 26736 2361.58
46.1982 2448.7 6.12776e-08 27698 2381.85
46.3248 2458.18 6.10117e-08 26640 2401.49
46.4497 2466.1 6.07157e-08 26880 2420.97
46.5822 2510.95 6.12939e-08 29160 2441.75
46.7132 2496.43 6.04283e-08 27318 2462.4
46.8402 2544.85 6.11006e-08 27984 2482.55
46.9703 2511.51 5.98002e-08 28364 2503.29
47.0985 2612.3 6.1694e-08 28464 2523.83
47.2319 2577.99 6.03693e-08 28974 2545.34
47.3611 2610.14 6.06232e-08 28920 2566.28
47.4908 2641.01 6.08387e-08 29640 2587.44
47.6245 2640.51 6.03168e-08 28884 2609.34
47.7555 2692.32 6.09955e-08 30558 2630.93
47.8909 2681.02 6.02255e-08 30776 2653.38
48.0219 2688.97 5.99112e-08 29040 2675.21
48.1534 2719.91 6.01055e-08 30984 2697.25
48.289 2765.38 6.05968e-08 30930 2720.1
48.4252 2812.66 6.11142e-08 32712 2743.19
48.5604 2833.54 6.1055e-08 30528 2766.23
48.6924 2848.95 6.08894e-08 30326 2788.84
48.8276 2843.64 6.02723e-08 33624 2812.14
48.9655 2921.7 6.14053e-08 31824 2836.02
49.0996 2920.28 6.08741e-08 31860 2859.39
49.2378 2940.6 6.07826e-08 33942 2883.61
49.3741 2941.96 6.03086e-08 31848 2907.62
49.5082 2985.16 6.06982e-08 33624 2931.38
49.6475 2999.72 6.04823e-08 33512 2956.19
49.7851 3069.5 6.13773e-08 33594 2980.84
49.9236 3050.96 6.05003e-08 34944 3005.79
50.0623 3090.25 6.07717e-08 33624 3030.91
50.2003 3094.36 6.0352e-08 34710 3056.04
50.3385 3110.87 6.01757e-08 34704 3081.35
50.4781 3174.79 6.0904e-08 35468 3107.06
50.6192 3202.14 6.09163e-08 36096 3133.19
50.7626 3194.94 6.02658e-08 35958 3159.89
50.903 3255.62 6.09035e-08 36576 3186.19
51.0437 3242.04 6.01493e-08 35976 3212.68
51.1847 3264.64 6.00695e-08 36396 3239.37
51.3277 3309.28 6.03835e-08 38030 3266.6
51.4685 3336.56 6.0383e-08 35784 3293.55
51.6102 3346.13 6.00585e-08 38712 3320.84
51.7563 3432.67 6.10915e-08 38310 3349.12
51.8999 3431.09 6.05582e-08 37596 3377.06
52.0406 3454.87 6.04847e-08 39000 3404.6
52.1873 3490.19 6.05891e-08 38552 3433.48
52.3328 3478.5 5.98839e-08 40206 3462.28
52.4775 3570.49 6.09606e-08 39072 3491.07
52.6254 3530.71 5.97746e-08 41340 3520.67
52.7728 3614.86 6.06879e-08 39342 3550.34
52.9159 3622.67 6.03269e-08 40176 3579.3
53.063 3658.04 6.04107e-08 41768 3609.23
53.21 3709.16 6.07484e-08 40206 3639.33
53.3579 3761.25 6.10909e-08 42300 3669.75
53.5058 3731.79 6.01109e-08 42360 3700.36
53.6529 3745.09 5.98304e-08 40488 3730.96
53.8016 3810.37 6.03701e-08 44406 3762.06
53.9538 3856.13 6.05795e-08 43076 3794.08
54.1012 3914.49 6.0995e-08 42600 3825.26
54.2539 3917.77 6.0532e-08 45486 3857.75
54.4068 3931.99 6.02409e-08 43848 3890.46
54.554 3990.1 6.06377e-08 43248 3922.12
54.7042 3983.08 6.00338e-08 44988 3954.6
54.8585 4067.19 6.07857e-08 46454 3988.16
55.0108 4032.64 5.97703e-08 44928 4021.46
55.1648 4159.23 6.11316e-08 47256 4055.34
55.3178 4112.47 5.99444e-08 45126 4089.16
55.4713 4181.16 6.04409e-08 48084 4123.31
55.6247 4181.69 5.995e-08 46320 4157.6
55.7806 4235.39 6.02119e-08 47894 4192.67
55.9325 4306.27 6.07222e-08 47160 4227.02
56.0862 4297.41 6.01005e-08 48228 4261.95
56.246 4326.67 5.99957e-08 50598 4298.48
56.4009 4385.52 6.03118e-08 47328 4334.1
56.556 4378.31 5.97186e-08 50696 4369.95
56.7134 4476.39 6.05495e-08 49344 4406.53
56.8734 4504.73 6.04202e-08 51570 4443.93
57.0306 4517.96 6.00977e-08 50832 4480.89
57.1888 4565.65 6.02296e-08 50424 4518.28
57.3474 4635.76 6.06484e-08 52686 4555.98
57.5064 4615.24 5.98803e-08 51092 4593.99
57.6651 4741.12 6.10072e-08 53376 4632.12
57.8263 4742.55 6.05166e-08 52374 4671.08
57.9846 4735.48 5.99331e-08 52848 4709.53
58.1458 4823.84 6.05448e-08 55488 4748.93
58.3113 4811.4 5.98761e-08 54098 4789.58
58.4692 4953.48 6.1146e-08 53688 4828.61
58.6308 4987.53 6.10588e-08 55296 4868.76
58.7939 4947.96 6.00717e-08 56358 4909.5
58.9603 5076.48 6.11114e-08 57468 4951.31
59.1239 5009.49 5.98057e-08 56000 4992.64
59.2895 5045.04 5.97271e-08 57774 5034.69
59.4537 5117.61 6.00855e-08 57648 5076.65
59.6174 5197.36 6.05206e-08 57480 5118.7
59.7831 5213.08 6.02003e-08 58122 5161.51
59.9471 5295.16 6.06478e-08 59208 5204.08
60.1145 5280.9 5.99805e-08 60032 5247.81
60.2829 5336.7 6.01076e-08 60366 5292.05
60.4503 5401.49 6.03334e-08 60444 5336.25
60.6167 5437.37 6.02355e-08 60912 5380.43
60.786 5508.12 6.05108e-08 61422 5425.63
60.9547 5504.21 5.9967e-08 63032 5470.95
61.1246 5617.33 6.06906e-08 62052 5516.82
61.2949 5638.17 6.04096e-08 64038 5563.05
61.4635 5704.08 6.06141e-08 61632 5609.09
61.6312 5719.62 6.02844e-08 64896 5655.13
61.8052 5798.57 6.06019e-08 64874 5703.15
61.974 5812.68 6.02542e-08 64200 5750.02
62.1478 5922.84 6.08824e-08 68016 5798.54
62.3225 5962.84 6.07796e-08 65694 5847.57
62.4947 5990.82 6.05614e-08 67212 5896.17
62.6679 5972.85 5.98807e-08 67088 5945.32
62.8408 6062.29 6.02768e-08 67182 5994.68
63.0147 6112.21 6.02717e-08 69768 6044.56
63.1896 6177.81 6.04141e-08 67524 6095.04
63.3643 6251.27 6.0628e-08 70758 6145.75
63.5397 6211.71 5.9747e-08 69488 6196.91
63.7157 6282.3 5.99267e-08 71640 6248.55
63.895 6400.71 6.05434e-08 72042 6301.47
64.073 6399.46 6.00286e-08 72960 6354.27
64.2495 6493.86 6.04134e-08 70416 6406.93
64.4294 6552.71 6.04517e-08 76790 6460.9
64.6097 6607 6.04438e-08 72348 6515.27
64.7874 6624.55 6.0107e-08 74094 6569.18
64.966 6735.84 6.0614e-08 74976 6623.68
65.1456 6789.79 6.05955e-08 76200 6678.77
65.3291 6793.31 6.01177e-08 77114 6735.34
65.5098 6883.43 6.04125e-08 76872 6791.39
65.6917 6917.96 6.02125e-08 77784 6848.13
65.8753 6978.21 6.02305e-08 78654 6905.69
66.0578 7132.13 6.10503e-08 79380 6963.25
66.2409 7131.05 6.05361e-08 79256 7021.32
66.4249 7211.41 6.07111e-08 80094 7079.99
66.6071 7231.16 6.03789e-08 80760 7138.43
66.7946 7314.42 6.05613e-08 83034 7198.88
66.9809 7380.55 6.06003e-08 82664 7259.29
67.1658 7446.84 6.06413e-08 81864 7319.54
67.3508 7529.5 6.08104e-08 83334 7380.2
67.5384 7564.05 6.05817e-08 85980 7442.06
67.726 7688.54 6.10685e-08 84144 7504.24
67.9148 7695.84 6.06182e-08 86486 7567.17
68.1019 7741.4 6.04757e-08 86016 7629.89
68.2924 7852.17 6.08291e-08 88290 7694.1
68.4818 7846.12 6.02796e-08 87672 7758.27
68.6708 7912.24 6.02868e-08 88608 7822.71
68.8613 8016.68 6.05772e-08 88682 7887.97
69.0517 8040.29 6.02543e-08 91200 7953.6
69.2463 8132.67 6.04341e-08 92568 8021.04
69.4391 8192.05 6.03699e-08 91014 8088.21
69.6314 8262.24 6.03842e-08 92828 8155.58
69.8244 8300.51 6.0162e-08 93054 8223.62
70.0163 8390.77 6.03175e-08 92568 8291.6
70.2106 8480.2 6.04559e-08 96768 8360.8
70.4081 8491.65 6.00294e-08 95658 8431.57
70.6024 8629.14 6.04991e-08 96368 8501.56
70.8004 8708.88 6.05474e-08 98526 8573.28
70.9949 8740.38 6.02682e-08 95436 8644.15
71.1912 8912.44 6.09477e-08 101472 8716.05
71.3912 8945.3 6.06597e-08 98582 8789.72
71.5863 9038.51 6.0792e-08 99984 8861.98
71.7853 9072.57 6.05149e-08 101298 8936.09
71.9865 9221.75 6.09959e-08 104952 9011.41
72.1863 9249.54 6.0673e-08 100568 9086.66
72.3863 9292.28 6.04496e-08 105942 9162.39
72.5888 9438.73 6.08897e-08 104892 9239.53
72.7887 9436.55 6.03756e-08 103734 9316.05
72.9889 9591.79 6.08651e-08 107160 9393.16
73.1931 9659.74 6.07847e-08 108788 9472.2
73.3965 9737.46 6.07659e-08 107070 9551.38
73.5998 9801.86 6.06623e-08 110760 9630.97
73.8048 9897.64 6.07459e-08 109182 9711.68
74.0101 10028.7 6.10395e-08 112820 9792.95
74.2153 10073.9 6.08077e-08 110280 9874.65
74.4211 10104.9 6.049e-08 114678 9957.01
74.6281 10287.2 6.10699e-08 112668 10040.3
74.835 10315.4 6.07313e-08 116030 10124
75.0455 10307.3 6.01741e-08 118032 10209.7
75.2528 10491 6.0742e-08 113700 10294.6
75.4597 10596.4 6.08487e-08 118566 10379.7
75.6704 10683.8 6.08399e-08 119840 10466.9
75.8801 10762.1 6.0779e-08 118278 10554.2
76.0893 10874.3 6.09074e-08 120852 10641.7
76.3009 10959.2 6.08735e-08 122166 10730.7
76.5134 11041.5 6.08214e-08 123296 10820.6
76.7256 11150.2 6.0912e-08 123300 10910.9
76.9392 11260.1 6.10013e-08 126174 11002.3
77.1528 11401.4 6.12552e-08 124800 11094.2
77.3659 11474 6.11373e-08 126774 11186.4
77.5809 11492.2 6.07265e-08 128900 11279.9
77.7962 11697.9 6.13014e-08 127776 11374.1
78.0124 11745.7 6.10418e-08 132246 11469.1
78.2288 11750 6.05589e-08 129252 11564.9
78.4454 11848.3 6.05611e-08 133118 11661.2
78.6629 12046.7 6.10658e-08 133272 11758.4
78.8821 12081 6.07303e-08 134970 11857
79.1006 12146 6.05526e-08 136128 11955.8
79.3217 12425.9 6.14314e-08 137270 12056.4
79.5433 12418 6.0881e-08 139620 12157.7
79.7641 12588.8 6.12071e-08 138312 12259.2
79.9859 12663.1 6.10577e-08 140694 12361.8
80.2068 12753.5 6.09867e-08 140888 12464.5
80.4299 12893.4 6.11442e-08 143034 12568.8
80.6531 13050.1 6.1375e-08 143688 12673.7
80.8755 13104.2 6.11225e-08 143510 12778.8
81.0998 13249.5 6.12889e-08 147828 12885.4
81.3269 13352.2 6.12477e-08 147918 12994
81.5524 13415.1 6.10272e-08 148992 13102.4
81.7797 13676.5 6.1699e-08 150356 13212.3
82.0043 13651.5 6.10816e-08 147606 13321.4
82.2317 13725.2 6.09035e-08 156624 13432.5
82.4634 13934 6.13099e-08 153354 13546.4
82.6905 14067.1 6.13873e-08 153968 13658.6
82.9194 14225.5 6.15659e-08 155862 13772.3
83.1486 14249.8 6.11623e-08 157524 13886.9
83.3797 14331.5 6.10026e-08 159126 14003
83.6126 14553.2 6.14305e-08 162488 14120.7
83.8452 14723.4 6.1633e-08 159570 14238.9
84.0767 14851.3 6.16564e-08 164304 14357.1
84.3123 14952.9 6.15591e-08 165720 14478.1
84.5455 15100 6.1652e-08 162866 14598.6
84.7789 15197.6 6.1539e-08 169056 14719.9
85.0154 15319.9 6.15182e-08 167502 14843.4
85.2505 15319.3 6.10082e-08 169964 14966.9
85.4866 15535.4 6.13576e-08 170478 15091.6
85.7246 15724.1 6.15871e-08 175200 15218
85.9642 15881.4 6.16844e-08 173130 15345.9
86.2012 16030.1 6.17498e-08 175712 15473.2
86.4415 16183.1 6.18209e-08 177438 15603
86.6808 16264.7 6.16193e-08 178092 15732.9
86.9209 16396.2 6.16042e-08 179694 15864
87.1623 16594.8 6.18338e-08 182504 15996.5
87.4047 16705 6.17279e-08 182394 16130.4
87.6463 16960.8 6.21565e-08 184464 16264.5
87.8898 17021.2 6.18604e-08 186398 16400.5
88.1346 17256.1 6.21931e-08 188844 16537.9
88.3785 17406.7 6.22181e-08 187230 16675.5
88.6241 17551.3 6.22146e-08 193776 16815
88.8723 17549.8 6.16898e-08 192218 16956.6
89.1173 17758.9 6.19114e-08 192408 17097.3
89.3636 17754.6 6.13861e-08 195510 17239.4
89.6121 18130.5 6.21653e-08 198404 17383.6
89.8624 18278 6.21489e-08 200310 17529.7
90.1125 18318.8 6.17707e-08 201216 17676.4
90.3629 18644.2 6.23466e-08 201618 17824.3
90.6136 18810.6 6.23825e-08 204680 17973
90.8637 18951.8 6.23332e-08 202758 18122.2
91.1165 19203 6.26351e-08 211812 18273.9
91.3704 19269.4 6.23291e-08 205718 18427.1
91.6219 19406.1 6.22558e-08 211452 18579.7
91.8766 19629.5 6.24503e-08 213150 18735.1
92.1337 19867.3 6.26792e-08 217512 18892.8
92.3907 20085.2 6.28391e-08 214754 19051.3
92.6443 20228.2 6.27683e-08 215424 19208.6
92.9029 20444.5 6.29113e-08 224574 19369.9
93.1615 20616.9 6.29149e-08 218588 19532.1
93.4187 20596.1 6.23336e-08 223902 19694.4
93.6773 20898.6 6.27269e-08 224952 19858.4
93.9391 21126.2 6.28813e-08 230258 20025.3
94.2003 21289.5 6.28418e-08 227544 20192.8
94.4611 21553.8 6.30965e-08 231018 20361
94.7234 21651.6 6.28575e-08 234504 20531.1
94.9866 21897 6.30431e-08 233102 20702.7
95.2488 22118.1 6.31551e-08 236892 20874.6
95.5133 22393.9 6.34128e-08 238830 21049
95.7779 22581.7 6.34162e-08 241232 21224.4
96.045 22658.7 6.31032e-08 243906 21402.5
96.3117 22859 6.31333e-08 244704 21581.3
96.5789 23245.7 6.36701e-08 246698 21761.4
96.8459 23347.2 6.34206e-08 248664 21942.4
97.1161 23607.6 6.35944e-08 253494 22126.5
97.3861 23747.3 6.34399e-08 251522 22311.6
97.6552 23982.9 6.35412e-08 255336 22497.1
97.9263 24252.7 6.37237e-08 257694 22685
98.1987 24510.5 6.38667e-08 260988 22874.8
98.4723 24668.8 6.37448e-08 261638 23066.6
98.7442 24842.5 6.3665e-08 262356 23258.1
99.0178 25078.6 6.37386e-08 266478 23452
99.2941 25506.2 6.42858e-08 272048 23648.9
99.5716 25656.7 6.41261e-08 269850 23847.7
99.847 25810.7 6.39785e-08 272544 24046.2
100.124 26033.5 6.39962e-08 275546 24247
100.401 26417.6 6.44051e-08 275334 24448.6
100.681 26577.6 6.42556e-08 285024 24653.8
100.963 26943.4 6.45954e-08 282242 24861.7
101.241 27166.5 6.4595e-08 280800 25067.7
101.521 27388.2 6.45848e-08 288330 25276.3
101.804 27673.5 6.47162e-08 290024 25487.8
102.087 28096.1 6.51597e-08 290598 25700.8
102.369 28240.2 6.49538e-08 293748 25914.6
102.654 28394.5 6.47651e-08 299582 26132
102.939 28720.7 6.49672e-08 295914 26350
103.223 29105.2 6.52947e-08 302352 26568.8
103.511 29431.1 6.54763e-08 305342 26791.8
103.798 29657.2 6.54339e-08 305532 27015.1
104.087 29814.2 6.52346e-08 310806 27241.1
104.375 30105.4 6.53267e-08 310436 27468.5
104.666 30514.3 6.56637e-08 318006 27698.6
104.957 30633 6.53735e-08 312846 27929.8
105.247 31185.9 6.60043e-08 322508 28162.2
105.54 31447.1 6.60036e-08 321318 28398.4
105.833 31752.4 6.60923e-08 327204 28635.5
106.127 32044.8 6.61486e-08 325766 28874.7
106.421 32432.2 6.63956e-08 330246 29115.1
106.717 32650.5 6.62875e-08 335868 29358.8
107.015 33085.4 6.6611e-08 336710 29605.4
107.311 33356.3 6.66022e-08 336636 29851.7
107.609 33936.1 6.71984e-08 343542 30101.1
107.907 34110 6.69849e-08 342092 30351.8
108.206 34366.5 6.69299e-08 349446 30605.2
108.507 34696.5 6.70112e-08 350118 30861.6
108.808 34964.7 6.69715e-08 352628 31118.6
109.111 35551.8 6.75293e-08 359334 31379.7
109.414 35793.7 6.74264e-08 356364 31641.5
109.717 36250.7 6.77231e-08 362990 31905.1
110.021 36641.3 6.78862e-08 364062 32171.4
110.326 37103.7 6.81739e-08 369756 32439.9
110.632 37417.1 6.81809e-08 368726 32710.5
110.939 37577.7 6.79074e-08 375786 32983.3
111.248 38131.2 6.83357e-08 378600 33259.3
111.557 38513.7 6.84493e-08 379394 33537.1
111.866 39026.6 6.87861e-08 386568 33817.4
112.178 39267.1 6.86348e-08 386906 34100.8
112.489 39655 6.87402e-08 388950 34384.8
112.801 40224.5 6.91507e-08 394512 34671.6
113.114 40606.7 6.92286e-08 396818 34961.7
113.428 41075.2 6.94473e-08 401112 35253.7
113.744 41720.5 6.99524e-08 404850 35548.9
114.06 42037.4 6.99e-08 405566 35845.9
114.375 42548.4 7.0166e-08 409308 36144
114.692 42941.8 7.02288e-08 413766 36445.6
115.011 43338.8 7.02911e-08 417050 36749.9
115.331 43918.2 7.06387e-08 425232 37057.9
115.653 44333.8 7.07143e-08 421862 37368.7
115.972 44848.8 7.09464e-08 426402 37679.1
116.295 45616.8 7.15625e-08 434688 37994.4
116.619 45974.9 7.15232e-08 436634 38313.6
116.942 46418.2 7.16169e-08 434784 38632.5
117.265 47088.7 7.20528e-08 441018 38953.5
117.591 47283.8 7.17522e-08 447350 39278.7
117.917 48170.3 7.24911e-08 449868 39607.2
118.245 48696.2 7.26755e-08 453206 39938
118.573 49189.6 7.28045e-08 456570 40271.3
118.902 49880.5 7.32149e-08 463824 40608
119.233 50314.9 7.32393e-08 463718 40948
119.564 50989.9 7.36085e-08 468186 41289.2
119.895 51463.7 7.36774e-08 473448 41633.9
120.229 52240.6 7.41679e-08 479354 41982.9
120.563 52891.6 7.447e-08 477702 42333.6
120.897 53466.2 7.46578e-08 485204 42685.9
121.234 54098.8 7.49131e-08 491454 43043.7
121.571 54645.7 7.50429e-08 491226 43403.7
121.908 55341 7.53693e-08 497648 43765.6
122.248 55955.1 7.55714e-08 504930 44132.9
122.587 56964.5 7.6298e-08 500358 44501.1
122.925 57376 7.62168e-08 508652 44870.3
123.267 58261.1 7.67501e-08 516390 45246
123.609 58921.7 7.69774e-08 515642 45623.9
123.951 59567.1 7.71781e-08 521880 46003.7
124.297 60549.7 7.77991e-08 530850 46389.2
124.642 61335.8 7.81559e-08 527054 46777
124.986 62139 7.85278e-08 534156 47165.1
125.334 62757.4 7.86497e-08 545150 47560.6
125.683 63743 7.92208e-08 543474 47959.3
126.031 64476 7.94712e-08 545310 48358
126.38 65547.3 8.01239e-08 555788 48761.1
126.732 66311 8.03836e-08 559542 49169.8
127.084 67188.1 8.07709e-08 564146 49581.2
127.437 68101 8.11909e-08 566520 49995
127.791 68924.3 8.14912e-08 573594 50412.9
128.146 69778.8 8.18173e-08 577718 50834.5
128.501 70878 8.24193e-08 579303 51258.1
128.858 71536.7 8.24966e-08 586232 51686
129.216 72411.9 8.28127e-08 585156 52118.7
129.575 73015.7 8.2812e-08 582704 52553.7
129.934 74010.9 8.32467e-08 584544 52991.8
130.295 74593.3 8.3206e-08 585204 53434.9
130.657 75378.7 8.33857e-08 582812 53881.1
131.019 76240.4 8.36407e-08 584472 54331
131.383 77192.3 8.39831e-08 584132 54785
131.748 77502.9 8.36232e-08 582540 55242.2
132.113 78787.6 8.43063e-08 582096 55702.9
132.481 79138.5 8.39788e-08 586412 56169.1
132.849 80027.7 8.42178e-08 581640 56639.1
133.218 80966.8 8.45001e-08 583304 57112.3
133.589 81764.3 8.46243e-08 583536 57590.3
133.959 82674.4 8.48583e-08 578204 58070.6
134.33 83529.1 8.50267e-08 582180 58554.8
134.704 84585.6 8.53874e-08 582144 59045
135.078 85359.5 8.54546e-08 578780 59538.3
135.452 86238.1 8.56211e-08 577524 60034.1
135.828 87099.7 8.57611e-08 579584 60534.9
136.206 87890.1 8.58206e-08 580752 61042
136.585 89182.9 8.63604e-08 576896 61552.7
136.963 90078.8 8.6507e-08 575412 62065.7
137.343 90558 8.62483e-08 575676 62583
137.724 91658.7 8.65729e-08 576392 63106.2
138.107 92820.9 8.69443e-08 574368 63633.4
138.49 93562.3 8.69139e-08 572624 64164.1
138.874 94791.8 8.73265e-08 574056 64700.1
139.26 95880.2 8.75963e-08 572864 65241.4
139.647 97114.6 8.79901e-08 568992 65785.6
140.034 98034.5 8.80879e-08 572024 66335
140.424 99014.5 8.82302e-08 569052 66890.1
140.814 100033 8.83992e-08 568236 67448.9
141.204 101176 8.86703e-08 563612 68010.8
141.595 102493 8.90818e-08 567216 68577.9
141.989 103685 8.93699e-08 564740 69151.8
142.383 104408 8.92471e-08 563940 69729.9
142.779 106052 8.99014e-08 562172 70312.6
143.176 107158 9.0085e-08 561948 70900.7
143.574 108358 9.03381e-08 560084 71494.1
143.973 109614 9.06288e-08 556764 72091.1
144.371 110646 9.07259e-08 553976 72691.4
144.772 112279 9.13034e-08 556344 73298.1
145.174 113747 9.17302e-08 552420 73910.8
145.577 114853 9.18551e-08 552200 74528
145.981 115991 9.19976e-08 548880 75149.9
146.386 118018 9.28305e-08 548696 75777.4
146.793 119001 9.28277e-08 546948 76410.6
147.201 120425 9.31581e-08 547364 77050.6
147.61 121358 9.31016e-08 540792 77694.7
148.019 123176 9.37157e-08 540320 78341.9
148.43 124897 9.42381e-08 538668 78995.8
148.842 125738 9.40872e-08 537260 79655.3
149.255 127993 9.49811e-08 534912 80320.9
149.67 129052 9.49723e-08 534812 80992.9
150.085 131046 9.56417e-08 527424 81668.7
150.501 133149 9.63734e-08 528968 82349.4
150.919 134269 9.63795e-08 525312 83036.8
151.338 135824 9.66868e-08 525968 83731.3
151.759 137337 9.69538e-08 520272 84431.2
152.18 139211 9.74627e-08 520256 85136.6
152.603 140716 9.77006e-08 514536 85847.5
153.026 143001 9.84642e-08 515732 86564.5
153.452 144991 9.90069e-08 510624 87288.4
153.877 146251 9.90416e-08 507288 88016
154.304 148504 9.97352e-08 505904 88750.6
154.732 150623 1.0032e-07 502608 89491.6
155.163 152583 1.00782e-07 502280 90240.8
155.594 154907 1.01469e-07 496404 90995.1
156.026 156764 1.01835e-07 494156 91754.8
156.459 158963 1.02409e-07 490572 92520.7
156.893 161160 1.02965e-07 487856 93293.3
157.329 162998 1.03276e-07 485592 94073.1
157.765 165312 1.03875e-07 479840 94858.1
158.204 167900 1.04626e-07 480792 95651.3
158.644 170344 1.05268e-07 473276 96451.5
159.083 172725 1.05858e-07 469716 97254.5
159.525 174877 1.06289e-07 469388 98067
159.968 177476 1.06975e-07 463164 98886.5
160.412 180117 1.07668e-07 460964 99712.4
160.858 182768 1.08347e-07 456404 100546
161.304 184919 1.08714e-07 453096 101385
161.752 187977 1.09597e-07 447944 102232
162.2 191073 1.1048e-07 445104 103085
162.651 193383 1.10889e-07 440876 103947
163.103 197011 1.12032e-07 438372 104816
163.556 198645 1.12025e-07 431156 105692
164.009 202455 1.13231e-07 426816 106572
164.464 206022 1.14272e-07 424208 107461
164.921 209463 1.15217e-07 420060 108360
165.379 211358 1.15296e-07 414500 109266
165.838 215771 1.1673e-07 409044 110177
166.298 219522 1.17777e-07 406184 111096
166.761 221688 1.17951e-07 401808 112027
167.224 226135 1.1932e-07 394448 112962
167.687 229121 1.19897e-07 390564 113904
168.153 232595 1.20706e-07 386420 114855
168.62 237179 1.22065e-07 380148 115815
169.087 241553 1.23287e-07 375116 116781
169.557 245154 1.24088e-07 371108 117757
170.028 249628 1.25306e-07 363588 118741
170.5 253025 1.25959e-07 360704 119734
170.974 257322 1.27036e-07 352920 120734
171.449 261193 1.27879e-07 347888 121742
171.925 266194 1.29247e-07 342564 122760
172.402 270626 1.30311e-07 336104 123785
172.881 273912 1.30801e-07 329616 124819
173.36 280232 1.32712e-07 324044 125860
173.841 283353 1.3308e-07 317940 126910
174.324 288078 1.34177e-07 311516 127971
174.808 294384 1.35977e-07 306920 129041
175.294 298729 1.3684e-07 297936 130120
175.782 304939 1.38526e-07 293684 131209
176.27 309467 1.39419e-07 284568 132304
176.757 313075 1.39881e-07 276704 133404
177.248 321330 1.42379e-07 274896 134520
177.742 322661 1.41781e-07 263228 135646
178.234 329356 1.43527e-07 257720 136777
178.729 334750 1.44669e-07 250968 137919
179.225 339014 1.45299e-07 242276 139071
179.722 344820 1.46564e-07 236220 140232
180.221 348116 1.46739e-07 227624 141403
180.722 353268 1.47675e-07 221304 142586
181.225 355631 1.4743e-07 212204 143778
181.726 360559 1.48241e-07 203168 144974
182.23 364068 1.48445e-07 197955 146183
182.737 369243 1.49303e-07 190268 147408
183.246 373596 1.4981e-07 184188 148643
183.754 378330 1.50453e-07 176492 149882
184.264 382534 1.50866e-07 172200 151133
184.777 386615 1.51208e-07 166544 152400
185.291 395259 1.53307e-07 160160 153674
185.804 400486 1.5405e-07 155010 154955
186.319 406238 1.54971e-07 149948 156246
186.836 412362 1.56004e-07 145458 157552
187.356 420163 1.57637e-07 140444 158870
187.876 424784 1.5805e-07 135596 160197
188.396 434304 1.60258e-07 130308 161531
188.918 438885 1.6061e-07 126860 162877
189.444 447755 1.62494e-07 122748 164241
189.971 456387 1.64251e-07 118076 165617
190.499 463463 1.65416e-07 113774 167000
191.026 471087 1.66748e-07 109236 168391
191.555 480537 1.68689e-07 105638 169793
192.087 487598 1.69749e-07 102174 171212
192.623 495962 1.71224e-07 98708 172648
193.159 509077 1.74292e-07 94310 174095
193.694 516797 1.75473e-07 90414 175545
194.231 519549 1.74948e-07 87398 177010
194.77 536350 1.79111e-07 83462 178487
195.308 546098 1.80864e-07 79902 179970
195.85 559689 1.83829e-07 77558 181473
196.397 573602 1.86831e-07 74094 182996
196.944 586018 1.89287e-07 71006 184531
197.492 594049 1.90288e-07 67574 186077
198.04 603274 1.91644e-07 64368 187629
198.588 626178 1.97277e-07 61502 189192
199.137 631501 1.97315e-07 58214 190763
199.686 653182 2.02408e-07 55872 192347
200.24 666823 2.04926e-07 53270 193952
200.797 680587 2.0742e-07 50742 195575
201.356 696867 2.10618e-07 48032 197213
201.917 710184 2.1286e-07 45638 198865
202.479 738489 2.19505e-07 43008 200530
203.042 747827 2.20436e-07 40694 202208
203.608 762611 2.22925e-07 38408 203903
204.174 789810 2.28961e-07 35958 205609
204.742 811759 2.33372e-07 33920 207328
205.311 824960 2.35201e-07 31622 209062
205.88 846642 2.39384e-07 29640 210807
206.452 876282 2.45711e-07 27662 212569
207.024 901417 2.5067e-07 25568 214340
207.598 927448 2.55778e-07 23904 216126
208.175 955657 2.61371e-07 22118 217934
208.75 969933 2.63087e-07 20168 219747
209.328 1.00707e+06 2.70904e-07 18816 221577
209.911 1.0288e+06 2.74451e-07 17126 223432
210.495 1.04177e+06 2.75606e-07 15680 225301
211.081 1.09451e+06 2.87154e-07 14184 227188
211.669 1.13042e+06 2.94111e-07 12854 229092
212.261 1.14805e+06 2.96203e-07 11600 231021
212.86 1.21731e+06 3.1143e-07 10428 232982
213.459 1.26662e+06 3.21324e-07 9032 234955
214.05 1.29178e+06 3.24997e-07 7838 236912
214.639 1.30842e+06 3.26485e-07 6816 238872
215.227 1.40837e+06 3.48551e-07 5840 240841
215.814 1.47916e+06 3.63093e-07 4952 242816
216.393 1.54413e+06 3.76007e-07 4062 244776
216.965 1.51693e+06 3.6647e-07 3368 246722
217.537 1.65416e+06 3.96479e-07 2744 248678
218.109 1.70569e+06 4.05619e-07 2184 250647
218.782 1.755e+06 4.13505e-07 2192 252975
219.487 1.86566e+06 4.35361e-07 1238 255425
220.117 1.88025e+06 4.35008e-07 728 257632
220.69 1.90449e+06 4.3719e-07 456 259650
221.261 2.15971e+06 4.91948e-07 248 261671
221.827 2.57715e+06 5.82557e-07 104 263682
222.372 1.33769e+06 3.00159e-07 24 265634
222.88 136433 3.04051e-08 1 267456
0.332657
1200
200
512
2.39566
8.04248 63.46 3.01003e-07 6 12.5664
11.3738 11.4275 1.91635e-08 12 35.5431
13.93 107.808 9.84104e-08 8 65.2968
16.085 174.783 1.03628e-07 6 100.531
17.9835 123.327 5.23207e-08 24 140.496
19.7 207.465 6.69556e-08 24 184.687
22.7476 537.636 1.127e-07 12 284.345
24.1274 239.788 4.21243e-08 30 339.292
25.4325 300.629 4.50922e-08 24 397.384
26.6739 332.085 4.31748e-08 24 458.457
27.86 375.722 4.28711e-08 8 522.374
28.9976 404.402 4.09231e-08 24 589.013
30.0922 780.448 7.06679e-08 48 658.267
32.1699 405.17 3.00281e-08 6 804.248
33.16 661.113 4.47376e-08 48 880.812
34.1213 921.317 5.7223e-08 36 959.663
35.0563 1138.71 6.52157e-08 24 1040.74
35.9671 1324.38 7.02325e-08 24 1123.97
36.8553 1320.84 6.51017e-08 48 1209.31
37.7226 1167.72 5.36754e-08 24 1296.71
39.3999 2113.59 8.52655e-08 24 1477.5
40.2124 1129.83 4.28718e-08 30 1570.8
41.0087 1488.22 5.32449e-08 72 1665.98
41.7899 1361.39 4.60265e-08 32 1763.01
43.3101 2101.47 6.38259e-08 72 1962.49
44.0505 2020.32 5.83189e-08 48 2064.87
45.4951 3387.44 8.876e-08 12 2274.76
46.2005 2438.85 6.10218e-08 48 2382.21
46.8953 2240 5.35921e-08 48 2491.31
47.5799 2197.22 5.03317e-08 48 2602.03
48.2549 3145.45 6.90715e-08 30 2714.34
48.9205 3647.47 7.68705e-08 24 2828.22
49.5772 3829.89 7.75499e-08 72 2943.64
50.8651 2611.09 4.89556e-08 24 3179.07
51.497 3060.39 5.52932e-08 96 3299.03
52.1212 3094.41 5.3923e-08 48 3420.45
52.738 2593.65 4.36294e-08 24 3543.34
53.3478 3296.91 5.35794e-08 24 3667.66
53.9506 4614.15 7.25008e-08 72 3793.4
54.5467 3130.61 4.75952e-08 48 3920.55
55.7199 5218.09 7.44252e-08 8 4178.99
56.2973 5558.83 7.68704e-08 54 4310.27
56.8689 4582.96 6.14839e-08 84 4442.88
57.4348 4824.52 6.28303e-08 48 4576.83
57.9951 4029.11 5.09652e-08 24 4712.1
58.5501 5499.36 6.76034e-08 72 4848.68
59.0999 4048.2 4.83884e-08 96 4986.55
60.1844 4619.9 5.22902e-08 48 5266.13
60.7194 5076.29 5.59506e-08 48 5407.82
61.2497 7317.96 7.85812e-08 24 5550.75
61.7754 5667.04 5.93128e-08 72 5694.92
62.8138 6734.99 6.70521e-08 72 5986.94
63.3265 5580.39 5.42185e-08 96 6134.76
64.3398 6779.63 6.28067e-08 6 6433.98
64.8405 6460.94 5.84784e-08 96 6585.37
65.3374 6321.15 5.59178e-08 96 6737.92
65.8305 8763.08 7.57905e-08 24 6891.63
66.32 8531.21 7.21635e-08 48 7046.5
66.8058 7180.32 5.94211e-08 96 7202.5
67.2882 8523.82 6.90331e-08 48 7359.65
68.2427 7847.68 6.09274e-08 36 7677.3
68.715 9606.47 7.30549e-08 48 7837.8
69.184 7549.37 5.62514e-08 120 7999.4
69.6499 7796.1 5.69319e-08 56 8162.1
70.1127 12590.7 9.01366e-08 24 8325.88
70.5725 7794.48 5.47169e-08 96 8490.75
71.0292 7782.13 5.3583e-08 48 8656.69
71.9341 7583.76 5.02713e-08 24 8991.76
72.3823 11033.5 7.17889e-08 102 9160.88
72.8277 9844.42 6.28839e-08 48 9331.05
73.2705 11729.6 7.35763e-08 72 9502.26
73.7105 11202.6 6.90195e-08 48 9674.51
74.148 8789.27 5.31979e-08 48 9847.78
74.5829 8277.34 4.92282e-08 120 10022.1
75.4451 13205.7 7.58766e-08 24 10373.7
75.8726 11321.3 6.39558e-08 144 10551
76.2976 10071.4 5.59495e-08 120 10729.4
76.7203 14805 8.08941e-08 48 10908.7
77.5588 11431 6.04548e-08 48 11270.3
77.9747 10262.6 5.34118e-08 96 11452.5
78.7999 11277.6 5.68698e-08 24 11820
79.2092 13322.3 6.6144e-08 48 12005.1
79.6165 14327.7 7.00499e-08 108 12191.3
80.0216 15694.9 7.55748e-08 72 12378.3
80.4248 9097.19 4.31497e-08 30 12566.4
80.8259 14596.2 6.82067e-08 168 12755.3
81.225 15092.6 6.94919e-08 48 12945.2
82.0175 15579.2 6.96732e-08 72 13327.8
82.4109 13357 5.88837e-08 96 13520.5
82.8024 12028.5 5.22784e-08 72 13714.1
83.192 13443 5.76089e-08 72 13908.7
83.5799 13581.9 5.73978e-08 32 14104.1
83.9659 15582.4 6.49478e-08 72 14300.4
84.3502 16692.2 6.86268e-08 144 14497.7
85.4927 16477.6 6.5065e-08 96 15094.8
85.8702 15556.4 6.06207e-08 96 15295.6
86.246 9117.86 3.50684e-08 48 15497.3
86.6201 15297 5.80749e-08 72 15699.9
86.9927 15923.6 5.96806e-08 120 15903.4
87.3637 15285.6 5.65627e-08 72 16107.7
88.1009 12263.4 4.42495e-08 48 16518.9
88.4672 15233.2 5.42856e-08 78 16725.8
88.8321 14969.3 5.26906e-08 120 16933.6
89.1954 19369 6.73472e-08 48 17142.2
89.9176 17146.5 5.81944e-08 144 17562
90.2766 13557.9 4.5468e-08 144 17773.2
90.9902 21554.5 7.05982e-08 12 18198
91.345 20059.5 6.4939e-08 144 18411.7
91.6983 28962.2 9.26803e-08 48 18626.2
92.0504 19145.3 6.05654e-08 120 18841.6
92.401 20540.7 6.42429e-08 48 19057.7
92.7504 19945.4 6.16788e-08 48 19274.7
93.0984 21388.9 6.54035e-08 168 19492.5
93.7906 23454.1 7.01423e-08 48 19930.5
94.1348 18952.3 5.60599e-08 96 20150.7
94.4777 19776.1 5.7862e-08 96 20371.8
94.8194 19714.2 5.70595e-08 72 20593.6
95.1599 19246.6 5.51101e-08 48 20816.2
95.4991 26284.6 7.44635e-08 96 21039.7
95.8372 27342.7 7.66441e-08 48 21263.9
96.5097 26359.8 7.23551e-08 30 21714.7
96.8442 19478.5 5.29143e-08 96 21941.3
97.1776 23808.4 6.40134e-08 192 22168.6
97.5099 24293 6.46509e-08 56 22396.8
97.841 26674.9 7.02716e-08 24 22625.7
98.1709 28145.5 7.34006e-08 168 22855.4
98.4998 23096.1 5.96309e-08 120 23085.9
99.1543 19729.2 4.9936e-08 72 23549.2
99.4799 24763.1 6.20637e-08 144 23781.9
99.8045 23980.3 5.95174e-08 96 24015.5
100.128 22854.9 5.61762e-08 96 24249.8
100.772 27232.7 6.56616e-08 72 24720.6
101.092 31257.5 7.46516e-08 96 24957.2
101.73 35360.4 8.2872e-08 24 25432.5
102.048 25684.1 5.96342e-08 192 25671.3
102.364 28443.4 6.54305e-08 108 25910.9
102.679 23473.8 5.35023e-08 24 26151.2
102.994 23633.1 5.33735e-08 96 26392.2
103.307 24188.9 5.41328e-08 96 26634
103.62 28585.2 6.33941e-08 120 26876.5
104.242 27462.6 5.98202e-08 48 27363.6
104.552 28356.4 6.12196e-08 78 27608.3
104.861 30186.2 6.45959e-08 144 27853.7
105.169 35440.9 7.51762e-08 120 28099.9
105.476 38621.6 8.12097e-08 24 28346.7
105.782 29408.2 6.13014e-08 168 28594.3
106.088 21690.8 4.48251e-08 144 28842.6
106.696 38702.5 7.86213e-08 24 29341.3
106.998 20816.8 4.193e-08 48 29591.7
107.3 33052.6 6.60154e-08 96 29842.8
107.601 24105.7 4.77431e-08 120 30094.7
107.901 30424.3 5.9756e-08 72 30347.2
108.2 27065.9 5.27199e-08 120 30600.4
108.499 30556.6 5.90294e-08 144 30854.4
109.093 32598.4 6.19499e-08 48 31364.4
109.39 29543.8 5.56901e-08 192 31620.4
109.685 37463.4 7.00499e-08 144 31877.1
109.979 26027.6 4.82772e-08 48 32134.6
110.566 29316.8 5.35172e-08 192 32651.5
110.858 41340.8 7.4872e-08 48 32910.9
111.44 23655.4 4.21743e-08 8 33431.9
111.971 34759.8 6.1095e-08 288 33911.8
112.307 34565.6 6.02091e-08 96 34218.6
112.595 34704.8 5.99896e-08 54 34482.1
112.882 35733.1 6.12974e-08 120 34746.4
113.168 37770.8 6.43026e-08 120 35011.3
113.738 37844.3 6.34637e-08 84 35543.1
114.022 35315.5 5.87816e-08 144 35810
114.305 29122.5 4.8114e-08 72 36077.5
114.588 31414.3 5.15174e-08 96 36345.8
115.057 33429.7 5.41543e-08 144 36794.2
115.431 41699.8 6.68966e-08 240 37154.4
115.99 38130.7 6.02906e-08 24 37696.8
116.269 40087.4 6.29302e-08 240 37969
116.547 44128.6 6.87799e-08 96 38241.8
116.962 44899.2 6.92381e-08 144 38652.1
117.376 33863.8 5.16697e-08 96 39064.2
117.651 32252.6 4.88669e-08 72 39339.7
118.2 39057.1 5.83565e-08 96 39892.4
118.473 33166.3 4.92127e-08 96 40169.8
118.867 42122.3 6.18831e-08 216 40571.4
119.56 41366.1 5.97209e-08 192 41285.6
119.83 36523.4 5.23735e-08 144 41566.1
120.369 34180 4.83582e-08 48 42129.1
120.637 44983.1 6.32187e-08 150 42411.5
120.905 46824.2 6.537e-08 96 42694.6
121.172 39972.3 5.54358e-08 120 42978.2
121.629 45854.5 6.28801e-08 168 43465.9
121.97 45204.6 6.14697e-08 240 43833
122.499 52959.5 7.10856e-08 24 44406
122.921 42279.3 5.61681e-08 360 44866
123.289 34812.9 4.58362e-08 48 45270.1
123.551 45404.9 5.94025e-08 72 45559.4
123.917 46310.8 6.00528e-08 240 45965.2
124.977 42801 5.41014e-08 276 47154.8
125.37 57469.5 7.19612e-08 104 47601.4
125.628 56139.8 6.98644e-08 72 47895.5
126.003 43060.2 5.31096e-08 312 48326.3
126.653 53916.5 6.54809e-08 96 49078.1
127.035 42861.9 5.15866e-08 288 49523.8
127.417 48153.5 5.74364e-08 168 49971.3
127.923 38468.4 4.53413e-08 48 50569.7
128.176 44496.1 5.21365e-08 192 50869.8
128.68 34460.7 3.99056e-08 6 51471.9
128.931 58462.5 6.73051e-08 192 51773.7
129.181 48620.8 5.56496e-08 96 52076.2
129.556 52807.7 5.99187e-08 192 52530.9
129.93 49343.7 5.55061e-08 216 52987.2
130.179 50162 5.61039e-08 72 53292
130.675 47880.6 5.29448e-08 96 53903.3
131.098 52928.9 5.79618e-08 336 54429.1
131.415 49067.6 5.33456e-08 48 54824.8
131.886 57864.4 6.2238e-08 288 55416.1
132.151 46316.4 4.95176e-08 192 55751.4
132.64 60919 6.44125e-08 48 56372
132.884 62977.5 6.62234e-08 96 56683.1
133.237 64206.9 6.69804e-08 264 57136.6
133.612 51607.9 5.33854e-08 96 57620
134.022 56431.2 5.78398e-08 240 58153.1
134.776 57846.6 5.8301e-08 288 59140.1
135.056 58003.8 5.80969e-08 96 59509.1
135.295 73800.5 7.35275e-08 72 59825.9
135.875 63002.2 6.19699e-08 336 60597.5
136.66 55662.6 5.38116e-08 138 61654.9
136.958 60100 5.77228e-08 240 62059.3
137.273 53734 5.12549e-08 144 62487.7
137.768 66677.6 6.29184e-08 384 63165.9
138.512 70294.2 6.52679e-08 312 64194.7
138.835 63410.4 5.84664e-08 72 64644.9
139.12 59970.9 5.49557e-08 248 65044.1
139.671 65805.2 5.95915e-08 240 65819.7
140.225 46482.9 4.15962e-08 24 66607.1
140.456 69877.2 6.22238e-08 192 66936
140.739 67383 5.96414e-08 312 67341.5
141.282 63292.7 5.53772e-08 240 68124.4
141.602 73639.1 6.39935e-08 96 68588.7
142.058 58565.8 5.04061e-08 48 69253.5
142.46 74328 6.34333e-08 408 69841.8
142.74 70237.6 5.95901e-08 144 70254.8
143.192 65839.2 5.53307e-08 120 70924.9
143.418 56537.6 4.72897e-08 144 71260.8
144.072 72412.1 5.97459e-08 264 72240.8
144.429 64029.1 5.2439e-08 192 72778.6
144.765 60206.5 4.89662e-08 102 73287.1
145.124 77398.5 6.2482e-08 432 73834.3
145.655 61797.1 4.93432e-08 48 74648.4
145.933 77974.3 6.19061e-08 384 75075.5
146.43 71950.8 5.65433e-08 144 75846.3
146.882 71132.3 5.53867e-08 264 76549.4
147.567 89411 6.86534e-08 144 77626.4
147.956 70436.2 5.36582e-08 324 78242.1
148.487 80194.5 6.04397e-08 384 79086.5
148.731 79008.4 5.92522e-08 216 79478.4
149.262 76743.7 5.69423e-08 216 80331.9
149.707 70102.1 5.15522e-08 240 81052.1
150.246 88733.4 6.45534e-08 168 81931
150.461 79182.3 5.73583e-08 240 82283.3
151.081 77713.5 5.56045e-08 216 83304.1
151.389 87884.5 6.24978e-08 288 83816.1
151.83 96047.6 6.77097e-08 240 84550.4
152.171 78332.7 5.48515e-08 72 85120.5
152.704 68276.8 4.73112e-08 246 86018
153.087 90402.6 6.21734e-08 320 86667.6
153.616 85253.8 5.80286e-08 288 87569.2
153.862 77605.1 5.25701e-08 144 87989.6
154.491 98661.6 6.60205e-08 288 89073.7
154.819 91360.6 6.07466e-08 336 89643.2
155.266 80240 5.2893e-08 168 90421.9
155.534 95021.1 6.23136e-08 336 90890.2
156.088 87872.5 5.70148e-08 288 91864
156.42 102592 6.6142e-08 264 92452.1
156.983 89786 5.72653e-08 240 93453.9
157.189 107220 6.81166e-08 96 93822
157.764 107228 6.73792e-08 120 94855.4
158.118 93353 5.82674e-08 408 95495.4
158.708 95070 5.86793e-08 456 96569.2
159.233 103072 6.29918e-08 108 97530.2
159.528 109890 6.67863e-08 264 98073.4
159.896 101797 6.14411e-08 264 98754
160.4 101657 6.07799e-08 312 99691.1
161.028 90403.6 5.3422e-08 270 100866
161.291 101592 5.97401e-08 240 101361
161.764 102459 5.97231e-08 384 102256
162.051 99414.6 5.7641e-08 192 102801
162.715 106820 6.11799e-08 432 104070
163.046 103568 5.89567e-08 144 104706
163.541 109727 6.18969e-08 480 105663
164.166 97143.7 5.41754e-08 216 106879
164.565 107423 5.94739e-08 312 107659
164.931 97495.1 5.3619e-08 216 108379
165.36 110758 6.04394e-08 192 109228
165.89 111191 6.00967e-08 624 110281
166.306 105488 5.65871e-08 120 111113
166.661 110877 5.90986e-08 336 111827
167.318 119120 6.27475e-08 176 113153
167.594 112063 5.87386e-08 384 113715
168.136 111868 5.80722e-08 408 114820
168.7 129895 6.6755e-08 144 115982
169.024 120274 6.14563e-08 486 116651
169.656 110091 5.56267e-08 96 117964
169.847 123924 6.24056e-08 384 118362
170.514 123153 6.12918e-08 492 119763
170.985 124560 6.14812e-08 384 120758
171.363 121116 5.93867e-08 168 121561
172.009 123931 6.00852e-08 504 122940
172.342 131673 6.34696e-08 240 123655
172.719 120692 5.77965e-08 456 124468
173.376 143730 6.80488e-08 264 125895
173.811 103540 4.86537e-08 384 126844
174.274 132750 6.18836e-08 432 127862
174.851 146159 6.74627e-08 216 129134
175.159 151856 6.97233e-08 360 129818
175.707 136222 6.19614e-08 312 131041
176.349 126702 5.70043e-08 240 132482
176.68 147425 6.59553e-08 414 133230
177.22 148193 6.5694e-08 552 134456
177.785 142007 6.23536e-08 360 135746
178.159 132605 5.78597e-08 432 136604
178.699 135476 5.85783e-08 480 137849
179.295 151305 6.47724e-08 288 139234
179.683 136305 5.79737e-08 312 140139
180.099 140237 5.9234e-08 360 141115
180.792 142551 5.95217e-08 576 142750
181.367 164272 6.79412e-08 464 144116
181.625 144418 5.94751e-08 192 144732
182.239 144393 5.88661e-08 396 146205
182.69 146725 5.93747e-08 432 147294
183.114 139028 5.58695e-08 240 148322
183.674 151828 6.04567e-08 624 149688
184.285 141319 5.57153e-08 504 151185
184.935 144149 5.62338e-08 198 152790
185.242 159857 6.2051e-08 600 153554
185.784 136113 5.23739e-08 384 154904
186.351 172046 6.55979e-08 432 156328
186.841 159785 6.04451e-08 336 157563
187.285 124592 4.67972e-08 336 158691
187.853 156506 5.82524e-08 744 160139
188.461 150359 5.5425e-08 624 161698
189.041 169100 6.17614e-08 192 163195
189.392 168685 6.12674e-08 432 164107
189.907 154755 5.57524e-08 504 165448
190.514 132567 4.73037e-08 336 167040
190.971 165732 5.87138e-08 456 168246
191.376 168423 5.92894e-08 408 169319
191.948 170447 5.94679e-08 696 170839
192.6 210748 7.27837e-08 384 172588
193.275 185236 6.33049e-08 330 174409
193.727 166975 5.6666e-08 624 175635
194.189 154684 5.21211e-08 384 176893
194.686 191091 6.38966e-08 728 178256
195.277 185175 6.13572e-08 432 179886
195.932 190427 6.24666e-08 696 181702
196.361 198624 6.47297e-08 408 182897
197.017 182311 5.88225e-08 456 184735
197.376 179696 5.76629e-08 408 185747
197.93 182924 5.8207e-08 528 187316
198.648 190816 6.00623e-08 576 189362
199.186 198518 6.19817e-08 672 190905
199.791 182971 5.66099e-08 384 192650
200.327 204141 6.26544e-08 600 194204
200.825 229012 6.97661e-08 294 195657
201.287 185809 5.62161e-08 600 197009
201.814 198472 5.95775e-08 768 198562
202.504 206213 6.12708e-08 648 200606
203.077 190182 5.60311e-08 408 202311
203.668 208361 6.08542e-08 552 204083
204.218 214613 6.21744e-08 648 205743
204.837 196596 5.64403e-08 348 207618
205.201 206286 5.89072e-08 744 208728
205.887 227523 6.4325e-08 672 210827
206.458 199747 5.60044e-08 456 212587
206.934 224510 6.25146e-08 600 214060
207.512 220931 6.10055e-08 744 215858
208.097 223489 6.11929e-08 288 217689
208.791 230139 6.23869e-08 704 219876
209.296 209580 5.64036e-08 678 221474
209.933 228356 6.08987e-08 648 223503
210.554 232032 6.13332e-08 648 225493
211.142 208648 5.46926e-08 696 227388
211.654 221970 5.77637e-08 696 229045
212.374 215119 5.54135e-08 552 231389
212.884 219983 5.62603e-08 840 233060
213.609 225487 5.70825e-08 600 235451
214.158 253567 6.36988e-08 696 237269
214.794 238864 5.94739e-08 672 239389
215.306 210718 5.2092e-08 552 241108
216 260038 6.36675e-08 492 243444
216.542 233113 5.66477e-08 840 245282
217.147 246952 5.95101e-08 606 247344
217.726 245241 5.86271e-08 936 249329
218.389 283970 6.72699e-08 528 251612
218.855 252525 5.9439e-08 696 253228
219.555 219100 5.108e-08 648 255665
220.075 261808 6.06051e-08 936 257486
220.784 240633 5.51688e-08 384 259982
221.192 264963 6.04109e-08 864 261427
221.916 288846 6.52138e-08 768 264002
222.523 253810 5.68359e-08 528 266174
223.149 258681 5.7441e-08 776 268425
223.759 269755 5.94109e-08 960 270635
224.376 288363 6.29871e-08 696 272877
224.869 247441 5.36933e-08 582 274682
225.664 291395 6.25655e-08 1008 277605
226.234 267982 5.71045e-08 408 279715
226.796 292533 6.18745e-08 960 281802
227.531 275420 5.76914e-08 852 284554
228.14 296062 6.15199e-08 912 286845
228.844 275259 5.66715e-08 1032 289505
229.334 253692 5.18969e-08 384 291370
230.052 283326 5.74183e-08 864 294114
230.602 281898 5.67207e-08 840 296231
231.238 289382 5.77475e-08 912 298688
232.023 303740 6.00001e-08 792 301739
232.609 303830 5.95649e-08 744 304033
233.328 300726 5.84131e-08 726 306860
233.873 320429 6.18058e-08 984 309018
234.491 313209 5.99371e-08 912 311472
235.174 314035 5.95731e-08 1104 314201
235.838 292568 5.5033e-08 744 316872
236.64 315885 5.88169e-08 968 320115
237.102 327428 6.06107e-08 672 321993
237.764 285157 5.23466e-08 984 324696
238.52 324697 5.90395e-08 840 327805
239.12 339308 6.12333e-08 1092 330284
239.888 340718 6.08991e-08 840 333476
240.424 337306 5.98868e-08 720 335717
241.164 353715 6.22237e-08 1110 338827
241.846 354518 6.18388e-08 1056 341710
242.467 323663 5.60242e-08 888 344348
243.171 342931 5.88453e-08 936 347356
243.815 319952 5.44685e-08 912 350122
244.525 373000 6.29478e-08 1104 353190
245.217 348671 5.83447e-08 912 356200
245.869 359545 5.9687e-08 1104 359049
246.608 345822 5.68944e-08 1128 362296
247.294 346339 5.65068e-08 768 365326
247.85 360952 5.84952e-08 888 367798
248.519 373343 6.00162e-08 1224 370783
249.45 380007 6.04064e-08 750 374963
249.899 378682 5.98715e-08 1092 376994
250.695 372148 5.82797e-08 1472 380609
251.481 386366 5.99409e-08 792 384199
252.08 396014 6.10007e-08 1080 386951
252.799 404926 6.18431e-08 1584 390269
253.532 444302 6.72698e-08 624 393675
254.2 398378 5.9842e-08 1248 396798
254.861 392403 5.84874e-08 888 399899
255.614 418963 6.18959e-08 912 403454
256.265 400426 5.87072e-08 1368 406547
256.953 406356 5.90997e-08 966 409828
257.704 423517 6.10583e-08 1536 413434
258.54 396130 5.65582e-08 1152 417467
259.243 416091 5.8926e-08 1008 420884
259.932 402282 5.65186e-08 1248 424248
260.541 443955 6.19369e-08 1056 427237
261.264 412526 5.70756e-08 1188 430805
262.042 456467 6.25946e-08 1152 434663
262.821 438276 5.95674e-08 1560 438550
263.607 432381 5.82421e-08 1128 442496
264.241 425692 5.69288e-08 1152 445700
264.937 431035 5.71905e-08 920 449230
265.674 425540 5.59929e-08 1470 452989
266.462 420260 5.48089e-08 1200 457032
267.211 464237 6.00366e-08 1440 460896
267.851 430329 5.52535e-08 1224 464218
268.643 492643 6.26972e-08 1296 468344
269.491 469695 5.9214e-08 1560 472794
270.234 481296 6.01772e-08 1272 476717
270.856 474893 5.89684e-08 1080 480017
271.599 470892 5.79928e-08 1368 483980
272.391 487084 5.94654e-08 1248 488225
273.221 492686 5.96032e-08 1194 492698
273.902 493582 5.92669e-08 1752 496394
274.742 485523 5.77663e-08 1392 500974
275.414 547156 6.46238e-08 1440 504660
276.257 500834 5.86132e-08 1488 509306
277.053 529229 6.1404e-08 1248 513721
277.725 481626 5.54761e-08 1512 517468
278.494 517463 5.91114e-08 1112 521781
279.334 511334 5.78859e-08 1848 526517
280.018 489549 5.50144e-08 1224 530396
280.822 518398 5.77579e-08 1536 534973
281.662 577897 6.38128e-08 1638 539788
282.432 509211 5.57695e-08 1392 544228
283.2 559353 6.07642e-08 1632 548679
284.096 561305 6.04008e-08 1452 553906
284.778 576804 6.1624e-08 1680 557903
285.519 555663 5.89044e-08 1320 562269
286.288 581095 6.11049e-08 1752 566828
287.181 555422 5.78621e-08 1776 572149
288.046 590037 6.0916e-08 1104 577335
288.664 657356 6.74317e-08 1728 581054
289.525 568327 5.77801e-08 1446 586273
290.308 608962 6.14117e-08 1920 591043
291.216 597026 5.96465e-08 1896 596607
291.958 573127 5.68238e-08 1176 601176
292.671 586495 5.77252e-08 1856 605591
293.489 675867 6.59666e-08 1896 610684
294.361 617630 5.97483e-08 1464 616145
295.283 627804 6.01656e-08 1968 621951
296.06 653940 6.2178e-08 1548 626876
296.89 659389 6.21717e-08 1944 632163
297.701 631141 5.90235e-08 1470 637355
298.52 648026 6.01055e-08 1920 642627
299.349 637659 5.86535e-08 2184 648000
300.237 613284 5.59123e-08 1464 653785
300.944 652109 5.9034e-08 1608 658413
301.799 609187 5.46812e-08 1944 664038
302.665 670008 5.96255e-08 1872 669773
303.492 684264 6.03977e-08 2256 675280
304.337 690245 6.04199e-08 1632 680932
305.241 682597 5.92207e-08 1542 687023
306.043 700093 6.02626e-08 2216 692449
306.919 705473 6.0207e-08 2052 698414
307.758 694121 5.87554e-08 1680 704153
308.566 707078 5.93831e-08 2280 709716
309.463 720682 6.00011e-08 1968 715920
310.346 730349 6.02884e-08 2016 722066
311.163 678238 5.55466e-08 1968 727787
312.111 745975 6.05391e-08 1920 734460
313.019 736864 5.92812e-08 2400 740885
313.95 760830 6.06662e-08 1974 747516
314.65 756688 5.99338e-08 1944 752532
315.544 704342 5.5315e-08 1920 758963
316.375 772559 6.01954e-08 2280 764977
317.216 788465 6.09476e-08 1968 771092
318.134 774262 5.93332e-08 2220 777804
319.043 793086 6.02575e-08 2352 784494
319.967 764123 5.75557e-08 1968 791325
320.822 802936 5.99966e-08 2504 797691
321.782 795091 5.88804e-08 2118 804870
322.658 824391 6.05546e-08 2352 811458
323.544 807366 5.88181e-08 2136 818163
324.413 864737 6.24925e-08 2112 824776
325.282 846518 6.06873e-08 2472 831416
326.174 849237 6.03836e-08 2376 838281
327.078 855892 6.03537e-08 2304 845270
328.053 830101 5.80146e-08 2448 852852
328.955 841423 5.83238e-08 2280 859902
329.961 842111 5.78389e-08 2466 867820
330.774 894903 6.1013e-08 2256 874246
331.661 869463 5.8804e-08 2472 881301
332.581 887821 5.95489e-08 2856 888652
333.504 902731 6.00476e-08 2112 896072
334.499 883112 5.82197e-08 2720 904119
335.416 975940 6.38131e-08 2136 911577
336.226 922672 5.98955e-08 2736 918191
337.22 925265 5.95339e-08 2376 926365
338.215 947625 6.04362e-08 3126 934586
339.243 983069 6.21286e-08 2568 943132
339.994 915294 5.74628e-08 2112 949411
340.955 993281 6.18332e-08 2748 957482
341.947 916180 5.65383e-08 2928 965869
342.851 957633 5.86305e-08 2640 973544
343.881 1.00074e+06 6.07212e-08 2856 982343
344.792 988721 5.9517e-08 2352 990177
345.768 1.03746e+06 6.19238e-08 2910 998604
346.696 974105 5.76766e-08 2784 1.00667e+06
347.696 1.02527e+06 6.01838e-08 2952 1.01541e+06
348.648 1.01307e+06 5.89813e-08 2696 1.02377e+06
349.573 1.05935e+06 6.11879e-08 3264 1.03194e+06
350.572 1.0227e+06 5.85675e-08 2472 1.04081e+06
351.541 1.07721e+06 6.11806e-08 3024 1.04946e+06
352.612 1.02863e+06 5.78905e-08 2964 1.05909e+06
353.557 1.08302e+06 6.04644e-08 2910 1.06762e+06
354.497 1.09433e+06 6.06108e-08 2880 1.07617e+06
355.414 1.04046e+06 5.71819e-08 3216 1.08454e+06
356.53 1.15448e+06 6.28548e-08 3096 1.09478e+06
357.43 1.11935e+06 6.04829e-08 2880 1.1031e+06
358.434 1.04222e+06 5.58437e-08 2904 1.11242e+06
359.44 1.14697e+06 6.09415e-08 3504 1.12181e+06
360.458 1.09742e+06 5.78162e-08 3168 1.13137e+06
361.559 1.17232e+06 6.11997e-08 3054 1.14176e+06
362.446 1.10947e+06 5.74943e-08 3032 1.15019e+06
363.444 1.1423e+06 5.87095e-08 3000 1.15972e+06
364.47 1.18769e+06 6.05282e-08 3780 1.16957e+06
365.549 1.17089e+06 5.91448e-08 3504 1.17999e+06
366.568 1.23939e+06 6.20848e-08 2904 1.18988e+06
367.533 1.13734e+06 5.65253e-08 3336 1.1993e+06
368.538 1.20387e+06 5.93433e-08 3144 1.20917e+06
369.551 1.18903e+06 5.81311e-08 3414 1.21917e+06
370.659 1.28397e+06 6.22114e-08 3552 1.23017e+06
371.545 1.26506e+06 6.08581e-08 2928 1.23901e+06
372.509 1.22546e+06 5.84966e-08 3840 1.24868e+06
373.613 1.26782e+06 5.99831e-08 3312 1.25982e+06
374.63 1.25695e+06 5.89859e-08 3432 1.27013e+06
375.674 1.26618e+06 5.89253e-08 3596 1.28078e+06
376.812 1.27977e+06 5.90198e-08 4224 1.29245e+06
377.946 1.31651e+06 6.01689e-08 3294 1.30416e+06
378.905 1.30316e+06 5.91077e-08 3792 1.31411e+06
379.935 1.30407e+06 5.86694e-08 3528 1.32486e+06
381.122 1.33515e+06 5.95084e-08 3984 1.33731e+06
382.114 1.32972e+06 5.88059e-08 3768 1.34778e+06
383.151 1.39451e+06 6.11719e-08 3672 1.35878e+06
384.18 1.33754e+06 5.82025e-08 3384 1.36977e+06
385.199 1.33232e+06 5.75164e-08 3648 1.38069e+06
386.32 1.37335e+06 5.87732e-08 4098 1.39277e+06
387.377 1.41141e+06 5.99092e-08 4008 1.40424e+06
388.485 1.37445e+06 5.78422e-08 4032 1.41633e+06
389.498 1.46574e+06 6.12042e-08 3800 1.42743e+06
390.569 1.44458e+06 5.98257e-08 3816 1.43924e+06
391.7 1.43355e+06 5.88561e-08 4248 1.45178e+06
392.769 1.41454e+06 5.76031e-08 3720 1.46369e+06
393.856 1.50387e+06 6.07349e-08 4254 1.47588e+06
394.945 1.532e+06 6.13605e-08 4224 1.48816e+06
396.062 1.46878e+06 5.83316e-08 4368 1.50083e+06
397.195 1.56284e+06 6.15378e-08 4104 1.51374e+06
398.311 1.5484e+06 6.04581e-08 4500 1.52654e+06
399.391 1.53636e+06 5.9503e-08 3480 1.53898e+06
400.481 1.55077e+06 5.95721e-08 5328 1.55162e+06
401.634 1.58304e+06 6.02893e-08 3342 1.56506e+06
402.677 1.60205e+06 6.05405e-08 4800 1.57729e+06
403.868 1.6552e+06 6.19974e-08 4184 1.59132e+06
404.934 1.60373e+06 5.95964e-08 5064 1.60395e+06
406.082 1.64233e+06 6.05141e-08 4032 1.61764e+06
407.201 1.63202e+06 5.96403e-08 4632 1.63105e+06
408.351 1.64326e+06 5.95447e-08 4680 1.64491e+06
409.484 1.68855e+06 6.06794e-08 3924 1.65864e+06
410.59 1.68187e+06 5.99524e-08 5166 1.67211e+06
411.726 1.71124e+06 6.04958e-08 4800 1.68603e+06
412.901 1.73692e+06 6.0881e-08 4560 1.70051e+06
414.001 1.70186e+06 5.91777e-08 4584 1.71414e+06
415.151 1.756e+06 6.05543e-08 4848 1.72846e+06
416.249 1.78254e+06 6.09845e-08 4560 1.74221e+06
417.535 1.77168e+06 6.00547e-08 5600 1.7584e+06
418.686 1.75085e+06 5.88606e-08 4686 1.77298e+06
419.855 1.73488e+06 5.78378e-08 5016 1.78788e+06
421.054 1.77777e+06 5.87628e-08 4956 1.80324e+06
422.113 1.786e+06 5.85917e-08 4872 1.81688e+06
423.328 1.81507e+06 5.9034e-08 5376 1.83261e+06
424.545 1.92897e+06 6.22005e-08 5088 1.84847e+06
425.69 1.85917e+06 5.94673e-08 4710 1.86347e+06
426.835 1.88578e+06 5.98344e-08 4848 1.87854e+06
427.985 1.89174e+06 5.95409e-08 5976 1.89376e+06
429.2 1.88089e+06 5.86984e-08 5208 1.90993e+06
430.405 1.92965e+06 5.97156e-08 5352 1.92607e+06
431.6 1.9567e+06 6.00508e-08 4820 1.94216e+06
432.743 1.97915e+06 6.02596e-08 5760 1.95763e+06
433.954 1.9272e+06 5.8188e-08 5166 1.97412e+06
435.188 1.99135e+06 5.9615e-08 6168 1.991e+06
436.422 2.03767e+06 6.04859e-08 5136 2.00798e+06
437.637 1.97255e+06 5.80662e-08 6240 2.02481e+06
438.922 2.10804e+06 6.15114e-08 5568 2.0427e+06
440.112 2.13181e+06 6.17019e-08 5712 2.05935e+06
441.308 2.09263e+06 6.00769e-08 5520 2.07618e+06
442.568 2.07787e+06 5.91451e-08 5670 2.09402e+06
443.761 2.12035e+06 5.98685e-08 6036 2.111e+06
445.017 2.11854e+06 5.93123e-08 6264 2.12898e+06
446.297 2.11591e+06 5.87307e-08 5912 2.14739e+06
447.472 2.21509e+06 6.10005e-08 5736 2.1644e+06
448.662 2.23065e+06 6.09417e-08 5400 2.18171e+06
449.929 2.19295e+06 5.94069e-08 6342 2.20025e+06
451.219 2.19275e+06 5.88933e-08 7032 2.21924e+06
452.483 2.25043e+06 5.99377e-08 5448 2.23793e+06
453.686 2.25491e+06 5.95805e-08 6528 2.25582e+06
455.01 2.23198e+06 5.84613e-08 6468 2.27563e+06
456.302 2.31217e+06 6.00487e-08 6528 2.29507e+06
457.487 2.18233e+06 5.62373e-08 5568 2.313e+06
458.712 2.31331e+06 5.91364e-08 6798 2.33163e+06
460.09 2.37011e+06 6.00454e-08 6560 2.35271e+06
461.321 2.36315e+06 5.93912e-08 6888 2.37165e+06
462.613 2.36602e+06 5.89663e-08 6624 2.39163e+06
463.886 2.38852e+06 5.90386e-08 6288 2.41142e+06
465.161 2.57192e+06 6.30505e-08 6960 2.43136e+06
466.517 2.38837e+06 5.80416e-08 6570 2.45269e+06
467.702 2.49278e+06 6.01195e-08 6600 2.47144e+06
469.04 2.43158e+06 5.81431e-08 7776 2.4927e+06
470.459 2.51681e+06 5.96381e-08 7248 2.51539e+06
471.78 2.55092e+06 5.99402e-08 6672 2.53664e+06
473.02 2.53206e+06 5.90302e-08 6704 2.5567e+06
474.279 2.58043e+06 5.96801e-08 6942 2.57717e+06
475.618 2.60013e+06 5.96293e-08 7656 2.59905e+06
476.939 2.58436e+06 5.87766e-08 7128 2.62077e+06
478.33 2.61513e+06 5.89591e-08 7908 2.64376e+06
479.632 2.62069e+06 5.86046e-08 6648 2.66541e+06
480.845 2.74681e+06 6.09612e-08 7320 2.68569e+06
482.277 2.71701e+06 5.97643e-08 7638 2.70975e+06
483.589 2.77445e+06 6.05324e-08 7416 2.73193e+06
484.867 2.78757e+06 6.03388e-08 7752 2.75365e+06
486.296 2.78821e+06 5.98225e-08 8448 2.77806e+06
487.682 2.90293e+06 6.1754e-08 7280 2.80189e+06
489.022 2.77484e+06 5.85454e-08 7668 2.82504e+06
490.366 2.89091e+06 6.04943e-08 8094 2.8484e+06
491.698 2.87242e+06 5.962e-08 7656 2.87168e+06
493.062 2.90255e+06 5.97468e-08 8160 2.89565e+06
494.434 2.87236e+06 5.86344e-08 8472 2.91989e+06
495.863 2.93109e+06 5.93177e-08 7896 2.94527e+06
497.177 2.93271e+06 5.88811e-08 8088 2.96874e+06
498.568 3.02275e+06 6.01823e-08 8286 2.99373e+06
499.992 3.05517e+06 6.03096e-08 8676 3.01946e+06
501.353 3.03547e+06 5.94342e-08 8120 3.04418e+06
502.724 3.05459e+06 5.93203e-08 9024 3.06923e+06
504.146 3.08e+06 5.9309e-08 8160 3.09535e+06
505.492 3.10087e+06 5.92354e-08 7944 3.1202e+06
506.883 3.08988e+06 5.85407e-08 8982 3.14604e+06
508.301 3.1504e+06 5.9189e-08 9528 3.17252e+06
509.763 3.15121e+06 5.86966e-08 8832 3.19996e+06
511.225 3.18915e+06 5.8895e-08 8916 3.22757e+06
512.624 3.26223e+06 5.97526e-08 9240 3.25415e+06
514.037 3.29742e+06 5.99005e-08 8502 3.28113e+06
515.448 3.27321e+06 5.89738e-08 9416 3.30822e+06
516.848 3.34217e+06 5.9728e-08 8976 3.33526e+06
518.29 3.34576e+06 5.92948e-08 9432 3.36324e+06
519.73 3.42535e+06 6.0202e-08 9864 3.39137e+06
521.211 3.36251e+06 5.85952e-08 9024 3.42044e+06
522.661 3.44834e+06 5.95922e-08 9762 3.44906e+06
524.084 3.47249e+06 5.95223e-08 9264 3.4773e+06
525.512 3.57873e+06 6.08446e-08 10056 3.5058e+06
526.971 3.52474e+06 5.94301e-08 9936 3.53509e+06
528.52 3.66416e+06 6.12391e-08 9624 3.56636e+06
529.893 3.67318e+06 6.09138e-08 9752 3.59423e+06
531.395 3.74213e+06 6.15329e-08 10446 3.62487e+06
532.886 3.58925e+06 5.8525e-08 10056 3.65547e+06
534.33 3.67055e+06 5.93667e-08 9876 3.68526e+06
535.856 3.65538e+06 5.86176e-08 11160 3.71693e+06
537.351 3.69794e+06 5.88066e-08 10128 3.74812e+06
538.857 3.73425e+06 5.88876e-08 9726 3.77972e+06
540.292 3.78017e+06 5.91381e-08 11112 3.81e+06
541.829 3.83858e+06 5.95421e-08 10776 3.84261e+06
543.283 3.88325e+06 5.97527e-08 10232 3.87363e+06
544.797 3.93089e+06 5.99828e-08 11184 3.90611e+06
546.395 3.91729e+06 5.92522e-08 11058 3.94059e+06
547.918 3.99532e+06 5.99302e-08 11472 3.97362e+06
549.394 4.07687e+06 6.06618e-08 10464 4.00582e+06
550.856 4.08133e+06 6.02458e-08 10584 4.0379e+06
552.438 4.16503e+06 6.09549e-08 12504 4.07277e+06
553.995 4.1001e+06 5.94999e-08 10560 4.10732e+06
555.487 4.0868e+06 5.88304e-08 11694 4.14058e+06
557.062 4.17009e+06 5.95216e-08 11420 4.17591e+06
558.601 4.24829e+06 6.01382e-08 12504 4.21061e+06
560.134 4.21199e+06 5.9136e-08 10800 4.24538e+06
561.718 4.33081e+06 6.02913e-08 12456 4.28149e+06
563.318 4.27999e+06 5.90776e-08 12030 4.31818e+06
564.827 4.38901e+06 6.00981e-08 11232 4.35297e+06
566.351 4.394e+06 5.96818e-08 13176 4.38832e+06
567.977 4.31361e+06 5.80883e-08 11196 4.42621e+06
569.488 4.50664e+06 6.0206e-08 12720 4.46163e+06
571.076 4.5282e+06 5.99907e-08 11918 4.49906e+06
572.644 4.48448e+06 5.89248e-08 13392 4.53622e+06
574.302 4.65764e+06 6.06715e-08 12600 4.57575e+06
575.906 4.59106e+06 5.93058e-08 13200 4.61419e+06
577.52 4.62052e+06 5.91874e-08 12864 4.65309e+06
579.111 4.74456e+06 6.02768e-08 12270 4.69165e+06
580.695 4.6606e+06 5.87268e-08 13668 4.73027e+06
582.31 4.66574e+06 5.8304e-08 13200 4.76983e+06
583.929 4.80421e+06 5.95362e-08 13416 4.80973e+06
585.558 4.87168e+06 5.987e-08 12992 4.85009e+06
587.186 4.86282e+06 5.92653e-08 13806 4.89067e+06
588.791 4.88035e+06 5.89938e-08 13800 4.93088e+06
590.416 4.97735e+06 5.96712e-08 13056 4.9718e+06
592.022 5.08596e+06 6.04782e-08 14364 5.0125e+06
593.668 5.04978e+06 5.95499e-08 13248 5.05442e+06
595.325 5.04623e+06 5.90126e-08 15054 5.09686e+06
597.026 5.10412e+06 5.91809e-08 13680 5.14066e+06
598.633 5.12144e+06 5.89048e-08 15152 5.18229e+06
600.356 5.15109e+06 5.8737e-08 14376 5.22718e+06
601.981 5.33206e+06 6.03096e-08 13932 5.26974e+06
603.668 5.32481e+06 5.9724e-08 14910 5.31416e+06
605.328 5.39678e+06 6.00345e-08 15648 5.35813e+06
606.992 5.44759e+06 6.01029e-08 13680 5.40243e+06
608.681 5.43068e+06 5.9419e-08 15816 5.44765e+06
610.385 5.62323e+06 6.10118e-08 15030 5.49353e+06
612.048 5.48078e+06 5.89828e-08 15104 5.53856e+06
613.806 5.61275e+06 5.98856e-08 16548 5.58642e+06
615.522 5.59813e+06 5.92314e-08 15360 5.63341e+06
617.228 5.75231e+06 6.03594e-08 15768 5.68038e+06
618.905 5.70247e+06 5.93515e-08 14622 5.72679e+06
620.629 5.8249e+06 6.01219e-08 17568 5.77478e+06
622.429 5.80007e+06 5.93476e-08 16368 5.82518e+06
624.133 5.95305e+06 6.04155e-08 15960 5.87316e+06
625.863 5.90374e+06 5.94196e-08 15732 5.92212e+06
627.578 5.97037e+06 5.9599e-08 17006 5.97094e+06
629.313 6.04762e+06 5.98722e-08 16680 6.0206e+06
631.126 6.00213e+06 5.89112e-08 17712 6.07278e+06
632.844 6.08654e+06 5.92543e-08 15576 6.12253e+06
634.511 6.32177e+06 6.10606e-08 16974 6.17102e+06
636.325 6.17581e+06 5.91422e-08 17436 6.2241e+06
638.079 6.35363e+06 6.03447e-08 17952 6.27571e+06
639.88 6.23243e+06 5.86951e-08 17448 6.329e+06
641.626 6.35876e+06 5.93974e-08 17336 6.38095e+06
643.448 6.39558e+06 5.92353e-08 17958 6.43546e+06
645.236 6.40186e+06 5.88017e-08 19056 6.48927e+06
647.056 6.66894e+06 6.07395e-08 17304 6.54434e+06
648.81 6.52359e+06 5.8935e-08 18276 6.59772e+06
650.599 6.61878e+06 5.93031e-08 17838 6.65243e+06
652.365 6.5503e+06 5.82142e-08 18984 6.70676e+06
654.267 6.70003e+06 5.90273e-08 19616 6.76557e+06
656.049 6.88827e+06 6.01922e-08 18168 6.82103e+06
657.865 6.71387e+06 5.81838e-08 19320 6.87782e+06
659.743 6.87206e+06 5.90477e-08 19170 6.93687e+06
661.508 6.86492e+06 5.85153e-08 19008 6.99272e+06
663.358 7.01537e+06 5.92987e-08 20472 7.05156e+06
665.241 7.11716e+06 5.965e-08 19128 7.11176e+06
667.07 7.20158e+06 5.98623e-08 19998 7.17057e+06
668.912 7.28906e+06 6.00903e-08 19808 7.23015e+06
670.766 7.4362e+06 6.07964e-08 20724 7.29042e+06
672.65 7.37759e+06 5.98118e-08 19896 7.35204e+06
674.456 7.48119e+06 6.01657e-08 20304 7.41143e+06
676.388 7.49023e+06 5.97237e-08 21030 7.4753e+06
678.233 7.46262e+06 5.90192e-08 21168 7.53664e+06
680.119 7.79611e+06 6.11454e-08 20736 7.59966e+06
682.025 7.48193e+06 5.81905e-08 21356 7.66375e+06
683.962 7.79602e+06 6.01197e-08 22206 7.72924e+06
685.85 7.9129e+06 6.05185e-08 21360 7.79341e+06
687.747 7.90753e+06 5.99783e-08 21456 7.85826e+06
689.624 7.92061e+06 5.95883e-08 21648 7.92278e+06
691.543 7.95767e+06 5.93702e-08 22326 7.98909e+06
693.471 7.96028e+06 5.88957e-08 22212 8.0561e+06
695.345 8.17825e+06 6.00204e-08 22128 8.1216e+06
697.259 8.11075e+06 5.90363e-08 22640 8.18884e+06
699.232 8.30536e+06 5.99425e-08 23022 8.25855e+06
701.21 8.22e+06 5.88257e-08 24168 8.32885e+06
703.13 8.47919e+06 6.01849e-08 22416 8.39744e+06
705.104 8.46854e+06 5.96059e-08 23700 8.46836e+06
707.07 8.45654e+06 5.90262e-08 24222 8.53941e+06
709.022 8.59006e+06 5.94645e-08 22776 8.61032e+06
710.94 8.78834e+06 6.03459e-08 24296 8.68039e+06
712.937 8.86165e+06 6.03395e-08 24648 8.75373e+06
714.886 8.90169e+06 6.01176e-08 22926 8.82573e+06
716.842 8.84379e+06 5.92391e-08 25476 8.89836e+06
718.878 8.82216e+06 5.85935e-08 25608 8.9744e+06
720.869 8.96474e+06 5.90485e-08 24576 9.04918e+06
722.888 9.06777e+06 5.9228e-08 25134 9.12542e+06
724.881 9.25208e+06 5.99348e-08 25928 9.20111e+06
726.915 9.3897e+06 6.03171e-08 26136 9.27878e+06
728.95 9.46191e+06 6.02733e-08 25644 9.35694e+06
730.944 9.39388e+06 5.93517e-08 25926 9.43392e+06
732.99 9.59728e+06 6.01303e-08 26232 9.51339e+06
735.005 9.61992e+06 5.97779e-08 27216 9.59204e+06
737.068 9.65123e+06 5.94703e-08 26736 9.67303e+06
739.171 9.70011e+06 5.92628e-08 27698 9.75607e+06
741.196 9.86622e+06 5.97848e-08 26640 9.83649e+06
743.196 9.91567e+06 5.96008e-08 26880 9.9163e+06
745.316 1.01175e+07 6.02965e-08 29160 1.00014e+07
747.411 9.96814e+06 5.89082e-08 27318 1.0086e+07
749.444 1.01551e+07 5.9526e-08 27984 1.01685e+07
751.526 1.02849e+07 5.97875e-08 28364 1.02535e+07
753.575 1.0296e+07 5.93645e-08 28464 1.03376e+07
755.71 1.0297e+07 5.88686e-08 28974 1.04257e+07
757.777 1.07168e+07 6.0769e-08 28920 1.05115e+07
759.853 1.07342e+07 6.03698e-08 29640 1.05981e+07
761.991 1.07877e+07 6.01615e-08 28884 1.06878e+07
764.087 1.06487e+07 5.88989e-08 30558 1.07763e+07
766.255 1.08254e+07 5.93698e-08 30776 1.08683e+07
768.35 1.10959e+07 6.03565e-08 29040 1.09577e+07
770.454 1.11568e+07 6.01919e-08 30984 1.10479e+07
772.624 1.11146e+07 5.94605e-08 30930 1.11415e+07
774.804 1.13012e+07 5.99499e-08 32712 1.12361e+07
776.967 1.14654e+07 6.03142e-08 30528 1.13305e+07
779.078 1.11938e+07 5.8408e-08 30326 1.14231e+07
781.242 1.1576e+07 5.99019e-08 33624 1.15185e+07
783.447 1.14264e+07 5.863e-08 31824 1.16164e+07
785.593 1.16738e+07 5.941e-08 31860 1.1712e+07
787.805 1.19339e+07 6.02232e-08 33942 1.18113e+07
789.985 1.19561e+07 5.98376e-08 31848 1.19096e+07
792.132 1.19573e+07 5.93584e-08 33624 1.20069e+07
794.36 1.23197e+07 6.06438e-08 33512 1.21086e+07
796.562 1.21278e+07 5.92057e-08 33594 1.22095e+07
798.778 1.24179e+07 6.01188e-08 34944 1.23117e+07
800.997 1.23913e+07 5.94926e-08 33624 1.24146e+07
803.205 1.23976e+07 5.90337e-08 34710 1.25176e+07
805.416 1.26812e+07 5.9888e-08 34704 1.26212e+07
807.649 1.28336e+07 6.01062e-08 35468 1.27265e+07
809.907 1.27556e+07 5.92426e-08 36096 1.28335e+07
812.202 1.29981e+07 5.98587e-08 35958 1.29429e+07
814.448 1.31269e+07 5.9953e-08 36576 1.30506e+07
816.7 1.30503e+07 5.91119e-08 35976 1.31591e+07
818.955 1.32836e+07 5.96728e-08 36396 1.32685e+07
821.243 1.33553e+07 5.94947e-08 38030 1.338e+07
823.495 1.34325e+07 5.93489e-08 35784 1.34904e+07
825.764 1.3657e+07 5.98447e-08 38712 1.36022e+07
828.102 1.38253e+07 6.00708e-08 38310 1.3718e+07
830.398 1.38291e+07 5.95903e-08 37596 1.38324e+07
832.649 1.406e+07 6.0095e-08 39000 1.39453e+07
834.997 1.40562e+07 5.95734e-08 38552 1.40635e+07
837.325 1.4153e+07 5.94847e-08 40206 1.41815e+07
839.639 1.42631e+07 5.94532e-08 39072 1.42994e+07
842.006 1.4426e+07 5.96267e-08 41340 1.44207e+07
844.364 1.47169e+07 6.03207e-08 39342 1.45422e+07
846.654 1.48877e+07 6.0527e-08 40176 1.46608e+07
849.007 1.4704e+07 5.92843e-08 41768 1.47834e+07
851.36 1.49305e+07 5.96997e-08 40206 1.49067e+07
853.726 1.48903e+07 5.90458e-08 42300 1.50313e+07
856.093 1.5174e+07 5.96728e-08 42360 1.51567e+07
858.447 1.55428e+07 6.06218e-08 40488 1.5282e+07
860.825 1.55143e+07 6.00103e-08 44406 1.54094e+07
863.261 1.56993e+07 6.02135e-08 43076 1.55405e+07
865.619 1.55914e+07 5.93122e-08 42600 1.56683e+07
868.063 1.58403e+07 5.97515e-08 45486 1.58014e+07
870.51 1.60547e+07 6.00513e-08 43848 1.59353e+07
872.865 1.61634e+07 5.99697e-08 43248 1.6065e+07
875.268 1.6413e+07 6.03955e-08 44988 1.61981e+07
877.736 1.63355e+07 5.96045e-08 46454 1.63355e+07
880.173 1.67305e+07 6.05404e-08 44928 1.64719e+07
882.637 1.67191e+07 5.99937e-08 47256 1.66107e+07
885.084 1.67211e+07 5.95046e-08 45126 1.67492e+07
887.541 1.69718e+07 5.98967e-08 48084 1.68891e+07
889.995 1.71135e+07 5.98985e-08 46320 1.70295e+07
892.49 1.74165e+07 6.04493e-08 47894 1.71732e+07
894.921 1.73396e+07 5.96933e-08 47160 1.73139e+07
897.379 1.74734e+07 5.96609e-08 48228 1.74569e+07
899.935 1.77694e+07 6.0156e-08 50598 1.76066e+07
902.415 1.77568e+07 5.96191e-08 47328 1.77525e+07
904.896 1.79197e+07 5.96724e-08 50696 1.78993e+07
907.414 1.8181e+07 6.00402e-08 49344 1.80492e+07
909.974 1.83191e+07 5.99869e-08 51570 1.82023e+07
912.489 1.85282e+07 6.01714e-08 50832 1.83537e+07
915.021 1.84905e+07 5.95518e-08 50424 1.85069e+07
917.558 1.87081e+07 5.97542e-08 52686 1.86613e+07
920.103 1.88085e+07 5.95778e-08 51092 1.8817e+07
922.642 1.91509e+07 6.01629e-08 53376 1.89732e+07
925.222 1.90576e+07 5.93705e-08 52374 1.91328e+07
927.753 1.94974e+07 6.02447e-08 52848 1.92902e+07
930.333 1.95068e+07 5.97737e-08 55488 1.94516e+07
932.98 1.98225e+07 6.02255e-08 54098 1.96181e+07
935.507 2.0028e+07 6.0358e-08 53688 1.9778e+07
938.093 2.00987e+07 6.00718e-08 55296 1.99424e+07
940.702 2.02214e+07 5.99371e-08 56358 2.01093e+07
943.366 2.03876e+07 5.99192e-08 57468 2.02806e+07
945.983 2.04507e+07 5.96071e-08 56000 2.04499e+07
948.631 2.05746e+07 5.94674e-08 57774 2.06221e+07
951.26 2.09544e+07 6.00644e-08 57648 2.0794e+07
953.878 2.1078e+07 5.99225e-08 57480 2.09662e+07
956.53 2.10052e+07 5.92203e-08 58122 2.11415e+07
959.153 2.1474e+07 6.00467e-08 59208 2.13159e+07
961.832 2.19011e+07 6.07305e-08 60032 2.1495e+07
964.527 2.18706e+07 6.01391e-08 60366 2.16762e+07
967.205 2.18706e+07 5.9641e-08 60444 2.18573e+07
969.867 2.18448e+07 5.90816e-08 60912 2.20382e+07
972.575 2.24734e+07 6.02752e-08 61422 2.22234e+07
975.276 2.2691e+07 6.03547e-08 63032 2.2409e+07
977.994 2.25169e+07 5.93938e-08 62052 2.25969e+07
980.718 2.28559e+07 5.97869e-08 64038 2.27863e+07
983.416 2.31022e+07 5.9935e-08 61632 2.29748e+07
986.1 2.34474e+07 6.03354e-08 64896 2.31634e+07
988.883 2.35938e+07 6.0201e-08 64874 2.33601e+07
991.584 2.34657e+07 5.9386e-08 64200 2.35521e+07
994.365 2.39675e+07 6.01485e-08 68016 2.37508e+07
997.161 2.40975e+07 5.99676e-08 65694 2.39517e+07
999.915 2.42985e+07 5.99693e-08 67212 2.41507e+07
1002.69 2.46889e+07 6.04291e-08 67088 2.4352e+07
1005.45 2.47651e+07 6.01164e-08 67182 2.45542e+07
1008.23 2.48714e+07 5.98764e-08 69768 2.47585e+07
1011.03 2.5113e+07 5.99573e-08 67524 2.49653e+07
1013.83 2.5348e+07 6.00191e-08 70758 2.5173e+07
1016.63 2.56708e+07 6.02816e-08 69488 2.53825e+07
1019.45 2.55946e+07 5.96059e-08 71640 2.5594e+07
1022.32 2.60064e+07 6.00562e-08 72042 2.58108e+07
1025.17 2.62728e+07 6.01673e-08 72960 2.60271e+07
1027.99 2.64836e+07 6.01516e-08 70422 2.62428e+07
1030.87 2.6751e+07 6.02513e-08 76784 2.64638e+07
1033.75 2.69204e+07 6.01269e-08 72348 2.66866e+07
1036.6 2.71874e+07 6.0225e-08 74094 2.69074e+07
1039.46 2.75582e+07 6.05442e-08 74976 2.71306e+07
1042.33 2.77968e+07 6.05646e-08 76200 2.73562e+07
1045.27 2.79172e+07 6.03159e-08 77114 2.7588e+07
1048.16 2.79978e+07 5.9991e-08 76872 2.78175e+07
1051.07 2.83127e+07 6.0163e-08 77784 2.80499e+07
1054 2.83797e+07 5.98027e-08 78654 2.82857e+07
1056.92 2.87132e+07 6.00053e-08 79380 2.85215e+07
1059.85 2.89321e+07 5.99628e-08 79256 2.87593e+07
1062.8 2.93253e+07 6.0274e-08 80094 2.89996e+07
1065.71 2.94999e+07 6.01365e-08 80760 2.9239e+07
1068.71 2.96447e+07 5.99243e-08 83034 2.94866e+07
1071.7 3.01837e+07 6.05059e-08 82664 2.9734e+07
1074.65 3.03138e+07 6.02666e-08 81864 2.99808e+07
1077.61 3.04052e+07 5.99514e-08 83334 3.02293e+07
1080.61 3.06268e+07 5.98864e-08 85980 3.04827e+07
1083.62 3.10921e+07 6.02925e-08 84144 3.07374e+07
1086.64 3.14051e+07 6.0393e-08 86486 3.09951e+07
1089.63 3.1672e+07 6.04057e-08 86016 3.1252e+07
1092.68 3.21288e+07 6.07655e-08 88290 3.1515e+07
1095.71 3.22928e+07 6.05705e-08 87672 3.17779e+07
1098.73 3.25451e+07 6.05408e-08 88608 3.20418e+07
1101.78 3.25332e+07 6.0018e-08 88682 3.23091e+07
1104.83 3.28503e+07 6.01029e-08 91200 3.2578e+07
1107.94 3.35332e+07 6.08366e-08 92568 3.28542e+07
1111.03 3.37896e+07 6.07926e-08 91014 3.31293e+07
1114.1 3.37716e+07 6.02584e-08 92828 3.34053e+07
1117.19 3.42014e+07 6.05204e-08 93054 3.36839e+07
1120.26 3.4396e+07 6.03656e-08 92568 3.39624e+07
1123.37 3.48987e+07 6.0741e-08 96768 3.42458e+07
1126.53 3.49278e+07 6.02813e-08 95658 3.45357e+07
1129.64 3.54179e+07 6.0624e-08 96368 3.48224e+07
1132.81 3.58416e+07 6.0836e-08 98526 3.51162e+07
1135.92 3.59537e+07 6.0526e-08 95436 3.54064e+07
1139.06 3.61266e+07 6.03153e-08 101472 3.57009e+07
1142.26 3.66268e+07 6.06379e-08 98582 3.60027e+07
1145.38 3.68773e+07 6.05549e-08 99984 3.62987e+07
1148.57 3.71983e+07 6.05754e-08 101298 3.66022e+07
1151.78 3.78439e+07 6.11116e-08 104952 3.69107e+07
1154.98 3.76886e+07 6.03568e-08 100568 3.7219e+07
1158.18 3.81091e+07 6.05257e-08 105942 3.75291e+07
1161.42 3.84922e+07 6.06237e-08 104892 3.78451e+07
1164.62 3.86024e+07 6.02979e-08 103734 3.81585e+07
1167.82 3.90107e+07 6.04355e-08 107160 3.84744e+07
1171.09 3.92108e+07 6.02386e-08 108788 3.87982e+07
1174.34 4.01826e+07 6.12199e-08 107070 3.91224e+07
1177.6 3.97651e+07 6.00831e-08 110760 3.94484e+07
1180.88 4.02015e+07 6.02376e-08 109182 3.9779e+07
1184.16 4.09285e+07 6.08181e-08 112820 4.01119e+07
1187.45 4.08704e+07 6.02293e-08 110280 4.04466e+07
1190.74 4.13573e+07 6.04426e-08 114678 4.07839e+07
1194.05 4.18617e+07 6.06721e-08 112668 4.11252e+07
1197.36 4.23971e+07 6.094e-08 116030 4.14681e+07
1200.73 4.24174e+07 6.04575e-08 118032 4.1819e+07
1204.04 4.28319e+07 6.05452e-08 113700 4.21665e+07
1207.36 4.35187e+07 6.10113e-08 118566 4.25154e+07
1210.73 4.36082e+07 6.06275e-08 119840 4.28725e+07
1214.08 4.43516e+07 6.11511e-08 118278 4.32299e+07
1217.43 4.43092e+07 6.05904e-08 120852 4.35883e+07
1220.81 4.46937e+07 6.0609e-08 122166 4.39531e+07
1224.21 4.51941e+07 6.07783e-08 123296 4.43213e+07
1227.61 4.55857e+07 6.07978e-08 123300 4.46911e+07
1231.03 4.57946e+07 6.0569e-08 126174 4.50654e+07
1234.45 4.65011e+07 6.0994e-08 124800 4.54419e+07
1237.85 4.68187e+07 6.09047e-08 126774 4.58193e+07
1241.29 4.69968e+07 6.06295e-08 128900 4.62023e+07
1244.74 4.74384e+07 6.06924e-08 127776 4.65882e+07
1248.2 4.79529e+07 6.0842e-08 132246 4.69776e+07
1251.66 4.86607e+07 6.12291e-08 129252 4.73696e+07
1255.13 4.85329e+07 6.05639e-08 133118 4.77642e+07
1258.61 4.92897e+07 6.09996e-08 133272 4.81626e+07
1262.11 4.95454e+07 6.08061e-08 134970 4.85665e+07
1265.61 5.01935e+07 6.10924e-08 136128 4.89711e+07
1269.15 5.01399e+07 6.05183e-08 137270 4.93829e+07
1272.69 5.09397e+07 6.09713e-08 139620 4.97979e+07
1276.23 5.13048e+07 6.08997e-08 138312 5.02137e+07
1279.77 5.19665e+07 6.11735e-08 140694 5.06338e+07
1283.31 5.21161e+07 6.08441e-08 140888 5.10545e+07
1286.88 5.26839e+07 6.09965e-08 143034 5.14817e+07
1290.45 5.32085e+07 6.10939e-08 143688 5.19114e+07
1294.01 5.3384e+07 6.07912e-08 143510 5.23421e+07
1297.6 5.39969e+07 6.09804e-08 147828 5.27787e+07
1301.23 5.43087e+07 6.082e-08 147918 5.32234e+07
1304.84 5.5172e+07 6.12757e-08 148992 5.36674e+07
1308.48 5.57604e+07 6.14142e-08 150356 5.41174e+07
1312.07 5.62666e+07 6.1464e-08 147606 5.45644e+07
1315.71 5.64788e+07 6.11855e-08 156624 5.50196e+07
1319.41 5.69284e+07 6.1154e-08 153354 5.54861e+07
1323.05 5.75212e+07 6.1283e-08 153968 5.59458e+07
1326.71 5.80396e+07 6.13248e-08 155862 5.64115e+07
1330.38 5.86859e+07 6.14963e-08 157524 5.68807e+07
1334.08 5.94023e+07 6.17307e-08 159126 5.73564e+07
1337.8 5.94401e+07 6.12554e-08 162488 5.78383e+07
1341.52 5.99821e+07 6.13008e-08 159570 5.83224e+07
1345.23 6.04973e+07 6.1318e-08 164304 5.88068e+07
1349 6.1043e+07 6.13541e-08 165720 5.93024e+07
1352.73 6.16937e+07 6.14964e-08 162866 5.97959e+07
1356.46 6.23448e+07 6.16335e-08 169056 6.02925e+07
1360.25 6.25862e+07 6.13571e-08 167502 6.07986e+07
1364.01 6.32609e+07 6.1507e-08 169964 6.13043e+07
1367.79 6.39063e+07 6.16211e-08 170478 6.1815e+07
1371.59 6.45661e+07 6.17401e-08 175200 6.23329e+07
1375.43 6.50547e+07 6.16888e-08 173130 6.28568e+07
1379.22 6.58795e+07 6.19569e-08 175712 6.33784e+07
1383.06 6.61681e+07 6.17109e-08 177438 6.39098e+07
1386.89 6.66136e+07 6.16132e-08 178092 6.44421e+07
1390.73 6.70667e+07 6.15197e-08 179694 6.4979e+07
1394.6 6.79354e+07 6.18003e-08 182504 6.55218e+07
1398.48 6.80037e+07 6.1349e-08 182394 6.60701e+07
1402.34 6.92292e+07 6.19396e-08 184464 6.66194e+07
1406.24 6.93615e+07 6.15435e-08 186398 6.71763e+07
1410.15 6.99308e+07 6.15332e-08 188844 6.77391e+07
1414.06 7.08756e+07 6.18496e-08 187230 6.8303e+07
1417.99 7.18406e+07 6.21718e-08 193776 6.88741e+07
1421.96 7.2316e+07 6.20605e-08 192218 6.94543e+07
1425.88 7.32189e+07 6.23185e-08 192408 7.00304e+07
1429.82 7.3532e+07 6.20689e-08 195510 7.06125e+07
1433.79 7.38458e+07 6.18166e-08 198404 7.12034e+07
1437.8 7.46789e+07 6.19931e-08 200310 7.18017e+07
1441.8 7.54173e+07 6.20864e-08 201216 7.24027e+07
1445.81 7.59623e+07 6.20164e-08 201618 7.30081e+07
1449.82 7.68327e+07 6.22079e-08 204680 7.36174e+07
1453.82 7.77067e+07 6.23976e-08 202758 7.42285e+07
1457.86 7.81942e+07 6.22677e-08 211812 7.485e+07
1461.93 7.85907e+07 6.20632e-08 205718 7.54774e+07
1465.95 7.96212e+07 6.23607e-08 211452 7.61024e+07
1470.03 8.01524e+07 6.22559e-08 213150 7.67389e+07
1474.14 8.12736e+07 6.25999e-08 217512 7.73849e+07
1478.25 8.16349e+07 6.23549e-08 214754 7.80343e+07
1482.31 8.25201e+07 6.2515e-08 215424 7.86785e+07
1486.45 8.31027e+07 6.2432e-08 224574 7.93393e+07
1490.58 8.40009e+07 6.25828e-08 218588 8.00036e+07
1494.7 8.51599e+07 6.29235e-08 223902 8.06682e+07
1498.84 8.56044e+07 6.27296e-08 224952 8.134e+07
1503.03 8.61858e+07 6.26291e-08 230258 8.20237e+07
1507.2 8.72006e+07 6.28409e-08 227544 8.27098e+07
1511.38 8.80404e+07 6.29221e-08 231018 8.33987e+07
1515.57 8.89527e+07 6.30473e-08 234504 8.40954e+07
1519.79 8.9485e+07 6.28988e-08 233102 8.47984e+07
1523.98 9.00846e+07 6.27989e-08 236892 8.55025e+07
1528.21 9.12206e+07 6.30639e-08 238830 8.62169e+07
1532.45 9.22413e+07 6.32425e-08 241232 8.69353e+07
1536.72 9.30527e+07 6.32681e-08 243906 8.76646e+07
1540.99 9.38374e+07 6.3273e-08 244704 8.83971e+07
1545.26 9.44964e+07 6.31899e-08 246698 8.91349e+07
1549.54 9.62625e+07 6.384e-08 248664 8.98762e+07
1553.86 9.63563e+07 6.33704e-08 253494 9.06303e+07
1558.18 9.74384e+07 6.35504e-08 251522 9.13885e+07
1562.48 9.89139e+07 6.3981e-08 255336 9.21481e+07
1566.82 9.92698e+07 6.36794e-08 257694 9.29177e+07
1571.18 1.0016e+08 6.3717e-08 260988 9.36952e+07
1575.56 1.01573e+08 6.40791e-08 261638 9.44806e+07
1579.91 1.02194e+08 6.394e-08 262356 9.52652e+07
1584.28 1.03259e+08 6.4072e-08 266478 9.60595e+07
1588.71 1.04233e+08 6.41381e-08 272048 9.68659e+07
1593.14 1.0518e+08 6.41811e-08 269850 9.76801e+07
1597.55 1.06012e+08 6.41551e-08 272544 9.84931e+07
1601.99 1.06946e+08 6.41838e-08 275546 9.93156e+07
1606.41 1.0804e+08 6.43058e-08 275334 1.00141e+08
1610.9 1.09018e+08 6.43476e-08 285024 1.00982e+08
1615.41 1.09878e+08 6.43132e-08 282242 1.01833e+08
1619.86 1.11398e+08 6.46668e-08 280800 1.02677e+08
1624.34 1.12116e+08 6.4547e-08 288330 1.03532e+08
1628.86 1.13452e+08 6.47742e-08 290024 1.04398e+08
1633.39 1.14143e+08 6.46285e-08 290598 1.0527e+08
1637.9 1.15509e+08 6.48623e-08 293748 1.06146e+08
1642.47 1.16848e+08 6.50681e-08 299582 1.07037e+08
1647.02 1.18257e+08 6.53083e-08 295914 1.0793e+08
1651.57 1.18673e+08 6.49981e-08 302352 1.08826e+08
1656.18 1.2033e+08 6.53571e-08 305342 1.09739e+08
1660.77 1.21572e+08 6.54857e-08 305532 1.10654e+08
1665.39 1.22586e+08 6.54842e-08 310806 1.1158e+08
1670.01 1.23974e+08 6.56776e-08 310436 1.12511e+08
1674.66 1.2487e+08 6.56022e-08 318006 1.13454e+08
1679.3 1.26576e+08 6.59481e-08 312846 1.14401e+08
1683.95 1.27841e+08 6.60578e-08 322508 1.15352e+08
1688.64 1.28294e+08 6.57404e-08 321318 1.1632e+08
1693.33 1.29612e+08 6.58659e-08 327204 1.17291e+08
1698.03 1.30602e+08 6.5819e-08 325766 1.18271e+08
1702.73 1.32241e+08 6.6095e-08 330246 1.19255e+08
1707.47 1.33534e+08 6.61869e-08 335868 1.20254e+08
1712.24 1.35027e+08 6.63698e-08 336710 1.21264e+08
1716.97 1.36615e+08 6.65962e-08 336636 1.22273e+08
1721.74 1.38073e+08 6.67491e-08 343542 1.23294e+08
1726.51 1.39299e+08 6.67856e-08 342092 1.24321e+08
1731.3 1.41347e+08 6.72066e-08 349446 1.25359e+08
1736.12 1.42103e+08 6.70049e-08 350118 1.26409e+08
1740.93 1.43204e+08 6.69659e-08 352628 1.27462e+08
1745.78 1.45497e+08 6.7472e-08 359334 1.28531e+08
1750.62 1.46852e+08 6.75374e-08 356364 1.29603e+08
1755.47 1.48642e+08 6.77955e-08 362990 1.30683e+08
1760.34 1.49916e+08 6.78108e-08 364062 1.31774e+08
1765.22 1.50817e+08 6.76538e-08 369756 1.32874e+08
1770.12 1.53359e+08 6.82249e-08 368726 1.33982e+08
1775.02 1.54829e+08 6.83091e-08 375786 1.35099e+08
1779.96 1.56216e+08 6.83492e-08 378600 1.3623e+08
1784.91 1.58279e+08 6.86779e-08 379394 1.37368e+08
1789.86 1.59717e+08 6.87276e-08 386568 1.38516e+08
1794.85 1.61318e+08 6.88397e-08 386906 1.39677e+08
1799.82 1.62509e+08 6.87751e-08 388950 1.4084e+08
1804.81 1.65195e+08 6.93334e-08 394512 1.42015e+08
1809.83 1.6625e+08 6.91973e-08 396818 1.43203e+08
1814.85 1.6847e+08 6.95405e-08 401112 1.44399e+08
1819.91 1.70048e+08 6.9609e-08 404850 1.45608e+08
1824.96 1.72247e+08 6.99253e-08 405566 1.46825e+08
1830 1.73681e+08 6.99257e-08 409308 1.48046e+08
1835.08 1.76083e+08 7.03059e-08 413766 1.49281e+08
1840.17 1.76559e+08 6.99123e-08 417050 1.50528e+08
1845.3 1.79548e+08 7.0505e-08 425232 1.51789e+08
1850.44 1.82055e+08 7.08949e-08 421862 1.53062e+08
1855.55 1.83235e+08 7.07668e-08 426402 1.54334e+08
1860.71 1.8565e+08 7.11045e-08 434688 1.55625e+08
1865.91 1.88217e+08 7.14868e-08 436634 1.56933e+08
1871.07 1.90799e+08 7.18691e-08 434784 1.58239e+08
1876.24 1.92456e+08 7.1896e-08 441018 1.59553e+08
1881.45 1.94917e+08 7.22125e-08 447350 1.60886e+08
1886.68 1.9685e+08 7.23236e-08 449868 1.62231e+08
1891.92 1.99438e+08 7.26676e-08 453206 1.63586e+08
1897.16 2.01468e+08 7.27999e-08 456570 1.64951e+08
1902.44 2.03571e+08 7.29499e-08 463824 1.6633e+08
1907.73 2.05939e+08 7.31858e-08 463718 1.67723e+08
1913.02 2.08771e+08 7.3579e-08 468186 1.69121e+08
1918.32 2.1116e+08 7.38048e-08 473448 1.70532e+08
1923.67 2.13765e+08 7.40941e-08 479354 1.71962e+08
1929.01 2.15301e+08 7.40086e-08 477702 1.73398e+08
1934.35 2.19549e+08 7.48459e-08 485204 1.74841e+08
1939.74 2.21674e+08 7.4942e-08 491454 1.76307e+08
1945.13 2.24142e+08 7.51479e-08 491226 1.77782e+08
1950.52 2.26796e+08 7.54089e-08 497648 1.79264e+08
1955.96 2.29955e+08 7.58229e-08 504930 1.80768e+08
1961.39 2.31915e+08 7.58364e-08 500358 1.82277e+08
1966.8 2.35288e+08 7.63065e-08 508652 1.83789e+08
1972.27 2.37895e+08 7.65113e-08 516390 1.85327e+08
1977.75 2.41883e+08 7.71496e-08 515642 1.86875e+08
1983.22 2.44632e+08 7.73822e-08 521880 1.88431e+08
1988.74 2.47608e+08 7.76724e-08 530850 1.9001e+08
1994.27 2.51162e+08 7.81344e-08 527054 1.91599e+08
1999.77 2.53131e+08 7.8099e-08 534156 1.93188e+08
2005.35 2.56903e+08 7.86035e-08 545150 1.94808e+08
2010.93 2.61428e+08 7.93231e-08 543474 1.96441e+08
2016.49 2.64435e+08 7.9574e-08 545310 1.98074e+08
2022.08 2.67544e+08 7.98441e-08 555788 1.99725e+08
2027.71 2.71895e+08 8.04679e-08 559542 2.01399e+08
2033.35 2.75212e+08 8.07737e-08 564146 2.03085e+08
2038.99 2.79026e+08 8.12155e-08 566520 2.04779e+08
2044.66 2.8282e+08 8.16373e-08 573594 2.06491e+08
2050.34 2.86501e+08 8.2014e-08 577718 2.08218e+08
2056.02 2.9079e+08 8.25538e-08 579300 2.09953e+08
6.9058e+07
1.67772e+07
1.67772e+07
