0.0910605
1398
200
512
8.62936
0.0314159 0.000181598 1.44511e-05 6 7.49014e-07
0.0444288 0.000906177 2.54952e-05 12 2.11853e-06
0.054414 0.00316723 4.85052e-05 8 3.89199e-06
0.0628319 0.00106204 1.05643e-05 6 5.99211e-06
0.0702481 0.00205643 1.46369e-05 24 8.37423e-06
0.076953 0.00195531 1.05871e-05 24 1.10082e-05
0.0888577 0.00354613 1.24713e-05 12 1.69483e-05
0.0942478 0.00381808 1.12531e-05 30 2.02234e-05
0.0993459 0.00290978 7.32236e-06 24 2.36859e-05
0.104195 0.0037214 8.11722e-06 24 2.73262e-05
0.108828 0.0068886 1.31871e-05 8 3.11359e-05
0.113272 0.00503741 8.55229e-06 24 3.51079e-05
0.117548 0.00576477 8.7575e-06 48 3.92358e-05
0.125664 0.0101404 1.26085e-05 6 4.79369e-05
0.129531 0.00695372 7.89467e-06 48 5.25005e-05
0.133286 0.00544945 5.67851e-06 36 5.72004e-05
0.136939 0.00518792 4.98486e-06 24 6.20327e-05
0.140496 0.00457207 4.06779e-06 24 6.69939e-05
0.143966 0.00600863 4.96863e-06 48 7.20807e-05
0.147354 0.00838769 6.46842e-06 24 7.72901e-05
0.153906 0.0066129 4.47574e-06 24 8.80657e-05
0.15708 0.00834925 5.3153e-06 30 9.36268e-05
0.16019 0.00814754 4.89054e-06 72 9.93002e-05
0.163242 0.0052407 2.97258e-06 32 0.000105084
0.16918 0.008211 4.18397e-06 72 0.000116973
0.172072 0.0068297 3.30758e-06 48 0.000123076
0.177715 0.0146942 6.4597e-06 12 0.000135586
0.180471 0.00800628 3.36086e-06 48 0.000141991
0.183185 0.00925684 3.71565e-06 48 0.000148494
0.185859 0.0082216 3.15969e-06 48 0.000155093
0.188496 0.00967849 3.56569e-06 30 0.000161787
0.191096 0.010983 3.88339e-06 24 0.000168575
0.193661 0.0125024 4.24727e-06 72 0.000175455
0.198692 0.00816529 2.56845e-06 24 0.000189487
0.20116 0.0108518 3.28939e-06 96 0.000196637
0.203598 0.0118225 3.45642e-06 48 0.000203875
0.206008 0.00628376 1.7734e-06 24 0.000211199
0.20839 0.00874325 2.38388e-06 24 0.000218609
0.210744 0.00790441 2.08373e-06 72 0.000226104
0.213073 0.0105774 2.69793e-06 48 0.000233683
0.217656 0.0136195 3.25905e-06 8 0.000249087
0.219911 0.010199 2.36622e-06 54 0.000256912
0.222144 0.0113586 2.55659e-06 84 0.000264816
0.224355 0.0168944 3.69128e-06 48 0.000272801
0.226543 0.0136613 2.89919e-06 24 0.000280863
0.228711 0.0107587 2.21889e-06 72 0.000289004
0.230859 0.0133223 2.67165e-06 96 0.000297222
0.235095 0.00885702 1.68188e-06 48 0.000313886
0.237185 0.0100502 1.85846e-06 48 0.000322331
0.239257 0.00867364 1.56261e-06 24 0.000330851
0.24131 0.0139001 2.44078e-06 72 0.000339444
0.245366 0.015541 2.59581e-06 72 0.000356849
0.247369 0.0112402 1.83221e-06 96 0.00036566
0.251327 0.00199392 3.09905e-07 6 0.000383495
0.253283 0.0117709 1.78743e-06 96 0.000392518
0.255224 0.0131798 1.95606e-06 96 0.000401611
0.25715 0.0110893 1.6091e-06 24 0.000410773
0.259062 0.00823041 1.16802e-06 48 0.000420004
0.26096 0.0121552 1.68763e-06 96 0.000429303
0.262844 0.0158444 2.15287e-06 48 0.000438669
0.266573 0.00972599 1.26685e-06 36 0.000457603
0.268418 0.0112243 1.43208e-06 48 0.000467169
0.27025 0.0162702 2.03393e-06 120 0.000476801
0.27207 0.0147545 1.80768e-06 56 0.000486499
0.273878 0.0114386 1.37386e-06 24 0.000496261
0.275674 0.0125598 1.47924e-06 96 0.000506088
0.277458 0.0208854 2.41263e-06 48 0.000515979
0.280993 0.0140376 1.56116e-06 24 0.000535951
0.282743 0.0183682 2.00507e-06 102 0.000546031
0.284483 0.0201607 2.1606e-06 48 0.000556174
0.286213 0.0155248 1.6338e-06 72 0.000566379
0.287932 0.0171415 1.77182e-06 48 0.000576645
0.289641 0.0173059 1.75734e-06 48 0.000586973
0.291339 0.0184946 1.84538e-06 120 0.000597362
0.294708 0.0089533 8.63077e-07 24 0.000618321
0.296377 0.0178928 1.69583e-06 144 0.00062889
0.298038 0.0176851 1.64829e-06 120 0.000639519
0.299689 0.0136455 1.25089e-06 48 0.000650208
0.302964 0.0153608 1.36295e-06 48 0.00067176
0.304589 0.0121685 1.06252e-06 96 0.000682624
0.307812 0.0257332 2.17709e-06 24 0.000704526
0.309411 0.0161966 1.34913e-06 48 0.000715562
0.311002 0.014801 1.21406e-06 108 0.000726656
0.312585 0.0178792 1.44439e-06 72 0.000737807
0.314159 0.0178365 1.41939e-06 30 0.000749014
0.315726 0.0164035 1.28601e-06 168 0.000760277
0.317285 0.0201736 1.55838e-06 48 0.000771596
0.320381 0.0168854 1.26692e-06 72 0.000794401
0.321917 0.0122829 9.08462e-07 96 0.000805887
0.323447 0.0181147 1.32088e-06 72 0.000817427
0.324969 0.0216171 1.55422e-06 72 0.000829021
0.326484 0.0159992 1.13436e-06 32 0.00084067
0.327992 0.0183901 1.28598e-06 72 0.000852373
0.329493 0.0178394 1.2305e-06 144 0.00086413
0.333956 0.0218036 1.44444e-06 96 0.000899721
0.33543 0.0174396 1.14017e-06 96 0.00091169
0.336898 0.0228052 1.47156e-06 48 0.000923712
0.33836 0.0141062 8.98489e-07 72 0.000935787
0.339815 0.0195944 1.23209e-06 120 0.000947914
0.341264 0.0190524 1.18281e-06 72 0.000960092
0.344144 0.020366 1.23289e-06 48 0.000984605
0.345575 0.0201236 1.20315e-06 78 0.000996938
0.347 0.0169919 1.00344e-06 120 0.00100932
0.348419 0.0131109 7.64832e-07 48 0.00102176
0.351241 0.0173103 9.85668e-07 144 0.00104678
0.352643 0.0181988 1.02394e-06 144 0.00105937
0.355431 0.0204025 1.12114e-06 12 0.00108469
0.356816 0.0182567 9.9158e-07 144 0.00109742
0.358197 0.0244807 1.31431e-06 48 0.00111021
0.359572 0.0223271 1.18499e-06 120 0.00112304
0.360942 0.0144724 7.59397e-07 48 0.00113593
0.362306 0.013345 6.92357e-07 48 0.00114886
0.363666 0.0190292 9.76235e-07 168 0.00116184
0.36637 0.0251413 1.26145e-06 48 0.00118795
0.367714 0.0257238 1.27657e-06 96 0.00120108
0.369054 0.0184706 9.06677e-07 96 0.00121425
0.370388 0.01761 8.55118e-07 72 0.00122747
0.371718 0.0206484 9.91936e-07 48 0.00124074
0.373043 0.0159799 7.59512e-07 96 0.00125406
0.374364 0.0191428 9.00248e-07 48 0.00126743
0.376991 0.0155096 7.14246e-07 30 0.0012943
0.378298 0.0202997 9.25185e-07 96 0.0013078
0.3796 0.0183321 8.2694e-07 192 0.00132135
0.380898 0.0184758 8.24932e-07 56 0.00133495
0.382191 0.0267476 1.18218e-06 24 0.0013486
0.38348 0.0215846 9.44396e-07 168 0.00136229
0.384765 0.0234107 1.01407e-06 120 0.00137603
0.387322 0.0258547 1.0979e-06 72 0.00140364
0.388594 0.0223221 9.38618e-07 144 0.00141751
0.389861 0.0211315 8.79913e-07 96 0.00143143
0.391125 0.0212575 8.76609e-07 96 0.0014454
0.39364 0.0270992 1.09622e-06 72 0.00147346
0.394892 0.014895 5.96823e-07 96 0.00148756
0.397384 0.0198526 7.80597e-07 24 0.0015159
0.398623 0.0230851 8.99257e-07 192 0.00153013
0.399859 0.0275415 1.06293e-06 108 0.00154441
0.401092 0.0170628 6.52466e-07 24 0.00155873
0.40232 0.0217982 8.25934e-07 96 0.0015731
0.403545 0.0209767 7.87594e-07 96 0.00158751
0.404766 0.016494 6.13696e-07 120 0.00160196
0.407197 0.0222435 8.12885e-07 48 0.001631
0.408407 0.0188588 6.83083e-07 78 0.00164558
0.409614 0.0202567 7.27255e-07 144 0.00166021
0.410817 0.020114 7.15806e-07 120 0.00167488
0.412016 0.0112228 3.95913e-07 24 0.0016896
0.413212 0.0254132 8.88753e-07 168 0.00170435
0.414405 0.0218722 7.5833e-07 144 0.00171915
0.416779 0.0119974 4.08892e-07 24 0.00174888
0.417962 0.0192469 6.50415e-07 48 0.0017638
0.419141 0.0292719 9.80867e-07 96 0.00177877
0.420316 0.0231464 7.6912e-07 120 0.00179378
0.421489 0.0278273 9.16964e-07 72 0.00180883
0.422658 0.0245403 8.0196e-07 120 0.00182393
0.423824 0.0246604 7.99252e-07 144 0.00183906
0.426146 0.0246802 7.86887e-07 48 0.00186946
0.427303 0.0238879 7.55459e-07 192 0.00188472
0.428456 0.0208748 6.54852e-07 144 0.00190003
0.429606 0.0163479 5.08731e-07 48 0.00191537
0.431898 0.0234413 7.17925e-07 192 0.00194618
0.433039 0.0292703 8.89379e-07 48 0.00196164
0.435312 0.0135225 4.04479e-07 8 0.0019927
0.437385 0.0229147 6.75715e-07 288 0.0020213
0.4387 0.0209565 6.1243e-07 96 0.00203959
0.439823 0.0223897 6.49312e-07 54 0.00205529
0.440944 0.021191 6.09876e-07 120 0.00207104
0.442061 0.0189084 5.40068e-07 120 0.00208683
0.444288 0.0220569 6.20569e-07 84 0.00211853
0.445398 0.0213591 5.96455e-07 144 0.00213444
0.446504 0.0321101 8.90031e-07 72 0.00215039
0.447608 0.025613 7.04703e-07 96 0.00216638
0.449441 0.0209776 5.70134e-07 144 0.0021931
0.450903 0.0287836 7.74702e-07 240 0.00221458
0.453087 0.0264279 7.01064e-07 24 0.00224691
0.454175 0.0224441 5.91116e-07 240 0.00226313
0.45526 0.0252602 6.60539e-07 96 0.00227939
0.456882 0.0240627 6.22545e-07 144 0.00230385
0.4585 0.0257531 6.5925e-07 96 0.00232841
0.459575 0.0217113 5.51893e-07 72 0.00234483
0.461718 0.0199668 5.00515e-07 96 0.00237777
0.462785 0.0248898 6.19616e-07 96 0.00239431
0.464323 0.0259624 6.3992e-07 216 0.00241824
0.467031 0.0261817 6.3416e-07 192 0.00246081
0.468087 0.0244312 5.87766e-07 144 0.00247753
0.470191 0.014118 3.35112e-07 48 0.00251109
0.471239 0.0225141 5.30849e-07 150 0.00252792
0.472285 0.0277532 6.50041e-07 96 0.00254479
0.473329 0.0253403 5.89608e-07 120 0.0025617
0.475112 0.0233223 5.36565e-07 168 0.00259077
0.476446 0.0207457 4.7329e-07 240 0.00261265
0.478513 0.0272124 6.12808e-07 24 0.0026468
0.48016 0.027809 6.19823e-07 360 0.00267422
0.481597 0.0226393 5.00094e-07 48 0.00269831
0.482621 0.0278244 6.10727e-07 72 0.00271555
0.484049 0.0228803 4.97774e-07 240 0.00273974
0.488189 0.0283619 6.01465e-07 276 0.00281064
0.489726 0.0267631 5.62235e-07 104 0.00283726
0.490732 0.0204628 4.27239e-07 72 0.00285479
0.492199 0.0270352 5.5943e-07 312 0.00288047
0.494739 0.0298405 6.0802e-07 96 0.00292528
0.496232 0.0262015 5.29069e-07 288 0.00295185
0.497722 0.0236361 4.72993e-07 168 0.00297852
0.499701 0.0273415 5.4067e-07 48 0.00301419
0.500687 0.0291726 5.73475e-07 192 0.00303208
0.503606 0.0212832 4.11153e-07 198 0.00308541
0.504614 0.0221554 4.25442e-07 96 0.00310398
0.506079 0.0238125 4.53306e-07 192 0.00313108
0.50754 0.0241216 4.55234e-07 216 0.00315828
0.508511 0.021809 4.09236e-07 72 0.00317645
0.510448 0.0361187 6.70064e-07 96 0.00321289
0.512103 0.0260949 4.7943e-07 336 0.00324423
0.51334 0.0299461 5.46215e-07 48 0.00326781
0.51518 0.0243956 4.40225e-07 288 0.00330306
0.516216 0.0248473 4.45681e-07 192 0.00332304
0.518125 0.0295285 5.23815e-07 48 0.00336003
0.519076 0.0257494 4.5427e-07 96 0.00337858
0.520457 0.0304743 5.33359e-07 264 0.00340561
0.521921 0.0262021 4.54739e-07 96 0.00343442
0.523525 0.0287784 4.94874e-07 240 0.00346619
0.52647 0.0241028 4.07555e-07 288 0.00352503
0.527563 0.0261172 4.38878e-07 96 0.00354702
0.528498 0.0283894 4.74534e-07 72 0.0035659
0.53076 0.0306817 5.06319e-07 336 0.0036119
0.533829 0.0288175 4.67401e-07 138 0.00367492
0.534994 0.0318637 5.13439e-07 240 0.00369902
0.536222 0.0288739 4.62074e-07 144 0.00372455
0.538155 0.0304598 4.82219e-07 384 0.00376498
0.541061 0.0303211 4.72329e-07 312 0.00382631
0.542323 0.0268819 4.15839e-07 72 0.00385314
0.543437 0.031632 4.86317e-07 248 0.00387693
0.545589 0.0286768 4.35687e-07 240 0.00392316
0.547755 0.0284994 4.27874e-07 24 0.00397009
0.548656 0.0325517 4.86311e-07 192 0.0039897
0.549761 0.0235842 3.50219e-07 312 0.00401386
0.551884 0.0272887 4.00571e-07 240 0.00406053
0.553134 0.025619 3.73516e-07 96 0.0040882
0.554916 0.0319059 4.60712e-07 48 0.00412783
0.556483 0.0297408 4.25831e-07 408 0.0041629
0.557577 0.0279944 3.98469e-07 144 0.00418751
0.559345 0.0286562 4.04036e-07 120 0.00422745
0.560226 0.0272528 3.82437e-07 144 0.00424747
0.562783 0.0281869 3.90179e-07 264 0.00430589
0.564176 0.0244738 3.36278e-07 192 0.00433794
0.565487 0.0309553 4.22384e-07 102 0.00436825
0.566891 0.0268338 3.63433e-07 432 0.00440087
0.568967 0.0351807 4.71286e-07 48 0.00444939
0.57005 0.0324566 4.3232e-07 384 0.00447485
0.571994 0.0323639 4.26703e-07 144 0.00452079
0.573756 0.0306091 3.99861e-07 264 0.0045627
0.576434 0.0258086 3.32472e-07 144 0.00462689
0.577954 0.0260016 3.32322e-07 324 0.00466359
0.580026 0.031157 3.93961e-07 384 0.00471392
0.580982 0.0318283 4.00465e-07 216 0.00473728
0.583055 0.0313109 3.89769e-07 216 0.00478815
0.584792 0.0284047 3.50451e-07 240 0.00483108
0.586898 0.0331424 4.04516e-07 168 0.00488347
0.587738 0.0325525 3.95615e-07 240 0.00490447
0.590159 0.0310166 3.72329e-07 216 0.00496531
0.591365 0.0279736 3.3375e-07 288 0.00499583
0.593087 0.0337233 3.98854e-07 240 0.0050396
0.594417 0.0291551 3.42515e-07 72 0.00507358
0.596499 0.0338695 3.93749e-07 246 0.00512707
0.597997 0.0321521 3.70981e-07 320 0.00516579
0.600063 0.0360013 4.11118e-07 288 0.00521953
0.601022 0.0313514 3.56308e-07 144 0.00524459
0.60348 0.0308172 3.45974e-07 288 0.00530921
0.604764 0.0260895 2.91037e-07 336 0.00534315
0.60651 0.0303498 3.35646e-07 168 0.00538956
0.607555 0.031321 3.44602e-07 336 0.00541748
0.609717 0.0330594 3.59873e-07 288 0.00547552
0.611016 0.0347558 3.75933e-07 264 0.00551058
0.613214 0.0286365 3.06424e-07 240 0.00557029
0.614019 0.0237034 2.52643e-07 96 0.00559223
0.616265 0.0331787 3.49782e-07 120 0.00565382
0.617648 0.0298935 3.13036e-07 408 0.00569197
0.619954 0.0339072 3.51118e-07 456 0.00575597
0.622004 0.0374468 3.83951e-07 108 0.00581325
0.623156 0.0296332 3.02154e-07 264 0.00584563
0.624595 0.0314487 3.18455e-07 264 0.0058862
0.626564 0.0362376 3.63499e-07 312 0.00594205
0.629016 0.036052 3.57424e-07 270 0.00601209
0.630044 0.0374868 3.69833e-07 240 0.00604161
0.631892 0.033602 3.28607e-07 384 0.00609492
0.633013 0.0327491 3.18567e-07 192 0.00612744
0.635606 0.0311342 2.99167e-07 432 0.00620304
0.636899 0.0378034 3.61042e-07 144 0.00624098
0.638833 0.0293617 2.77881e-07 480 0.006298
0.641275 0.0250267 2.34159e-07 216 0.00637049
0.642832 0.0320886 2.98057e-07 312 0.006417
0.64426 0.0291914 2.69346e-07 216 0.00645988
0.645938 0.0374225 3.42609e-07 192 0.00651049
0.648007 0.0307754 2.79064e-07 624 0.00657325
0.649634 0.0350703 3.15627e-07 120 0.00662287
0.651021 0.0301244 2.69385e-07 336 0.0066654
0.653586 0.0380411 3.3619e-07 176 0.00674447
0.654666 0.0340881 2.99767e-07 384 0.00677797
0.656779 0.0337511 2.93947e-07 408 0.00684383
0.658986 0.0294621 2.54024e-07 144 0.00691304
0.660251 0.0344222 2.95088e-07 486 0.00695292
0.66272 0.0282401 2.39396e-07 96 0.00703121
0.663464 0.0322268 2.72274e-07 384 0.00705492
0.666071 0.0351247 2.93286e-07 492 0.00713841
0.667911 0.0322444 2.67016e-07 384 0.00719774
0.669388 0.033897 2.78848e-07 168 0.00724559
0.67191 0.0329837 2.68291e-07 504 0.00732781
0.67321 0.0287392 2.32414e-07 240 0.00737043
0.674682 0.0367517 2.9527e-07 456 0.00741888
0.67725 0.0325583 2.58616e-07 264 0.0075039
0.678949 0.0349865 2.75822e-07 384 0.00756052
0.680759 0.0333388 2.60741e-07 432 0.00762114
0.68301 0.0362454 2.80679e-07 216 0.00769701
0.684213 0.0368508 2.83865e-07 360 0.00773776
0.686355 0.0351801 2.68466e-07 312 0.00781065
0.688862 0.0300374 2.26729e-07 240 0.00789653
0.690156 0.0333904 2.50622e-07 414 0.00794112
0.692267 0.0371798 2.7652e-07 552 0.00801421
0.694474 0.0368436 2.71415e-07 360 0.00809112
0.695933 0.0332574 2.43459e-07 432 0.00814222
0.698042 0.0342008 2.48103e-07 480 0.00821645
0.700371 0.0317106 2.27751e-07 288 0.00829898
0.701886 0.0319095 2.27698e-07 312 0.00835296
0.703511 0.0388575 2.75361e-07 360 0.0084111
0.706218 0.0368223 2.5795e-07 576 0.00850856
0.708463 0.0335977 2.3313e-07 464 0.00858997
0.709472 0.0374618 2.58835e-07 192 0.00862671
0.71187 0.0338917 2.31809e-07 396 0.0087145
0.713632 0.0333427 2.26369e-07 432 0.00877938
0.71529 0.0390223 2.63091e-07 240 0.0088407
0.717478 0.0353052 2.35859e-07 624 0.00892209
0.719862 0.0343708 2.27343e-07 504 0.0090113
0.722401 0.0288115 1.8857e-07 198 0.00910699
0.723603 0.0366344 2.38576e-07 600 0.00915255
0.725718 0.0372041 2.40175e-07 384 0.00923302
0.727934 0.035793 2.28961e-07 432 0.00931785
0.729846 0.039414 2.50147e-07 336 0.0093915
0.731583 0.0376549 2.37285e-07 336 0.0094587
0.733803 0.037424 2.33697e-07 744 0.00954504
0.736176 0.0408903 2.52881e-07 624 0.00963796
0.738441 0.0382113 2.34145e-07 192 0.00972721
0.739813 0.0370514 2.25776e-07 432 0.00978153
0.741823 0.0360735 2.18036e-07 504 0.00986144
0.744194 0.0384913 2.30432e-07 336 0.00995634
0.745982 0.0322963 1.91958e-07 456 0.0100283
0.747564 0.0413567 2.44254e-07 408 0.0100922
0.749795 0.0378958 2.21821e-07 696 0.0101828
0.752344 0.041283 2.392e-07 384 0.010287
0.754981 0.0385707 2.21151e-07 330 0.0103956
0.756746 0.0389268 2.21635e-07 624 0.0104686
0.758549 0.0327987 1.85415e-07 384 0.0105437
0.760491 0.0390003 2.18788e-07 728 0.0106249
0.762803 0.0379394 2.10908e-07 432 0.010722
0.765361 0.0382296 2.10397e-07 696 0.0108303
0.767036 0.0355225 1.94221e-07 408 0.0109015
0.769597 0.0409305 2.21563e-07 456 0.0110111
0.771 0.0375852 2.02346e-07 408 0.0110714
0.773164 0.0397609 2.12266e-07 528 0.0111649
0.775969 0.0385405 2.03528e-07 576 0.0112869
0.778071 0.03842 2.01252e-07 672 0.0113788
0.780434 0.0422235 2.19172e-07 384 0.0114828
0.782527 0.0414706 2.13541e-07 600 0.0115755
0.784473 0.0402864 2.05903e-07 294 0.011662
0.786277 0.0359294 1.82374e-07 600 0.0117427
0.788337 0.0395946 1.99407e-07 768 0.0118352
0.791032 0.0366985 1.82939e-07 648 0.011957
0.793268 0.0367969 1.81883e-07 408 0.0120587
0.795576 0.0370656 1.81621e-07 552 0.0121643
0.797728 0.0384611 1.86938e-07 648 0.0122632
0.800144 0.0416032 2.00383e-07 348 0.012375
0.801567 0.0355628 1.70379e-07 744 0.0124411
0.804245 0.0360996 1.71229e-07 672 0.0125662
0.806478 0.0375266 1.76523e-07 456 0.0126712
0.808336 0.0402442 1.88004e-07 600 0.012759
0.810593 0.0384727 1.78231e-07 744 0.0128661
0.812878 0.0399271 1.83414e-07 288 0.0129752
0.815591 0.0432904 1.96886e-07 704 0.0131056
0.817562 0.0444317 2.00618e-07 678 0.0132009
0.820052 0.0391774 1.75288e-07 648 0.0133218
0.822478 0.0419002 1.85816e-07 648 0.0134404
0.824775 0.0396622 1.74426e-07 696 0.0135534
0.826774 0.0383583 1.67471e-07 696 0.0136521
0.829585 0.0412978 1.78478e-07 552 0.0137919
0.831577 0.043524 1.8675e-07 840 0.0138914
0.834411 0.0363207 1.54261e-07 600 0.0140339
0.836554 0.0407601 1.71788e-07 696 0.0141424
0.839038 0.042468 1.77401e-07 672 0.0142687
0.841041 0.0387461 1.607e-07 552 0.0143711
0.843748 0.0437082 1.79541e-07 492 0.0145104
0.845866 0.0392572 1.6005e-07 840 0.0146199
0.84823 0.0390638 1.57933e-07 606 0.0147428
0.850494 0.0422494 1.69452e-07 936 0.0148612
0.853082 0.042613 1.6936e-07 528 0.0149973
0.854904 0.0434024 1.71397e-07 696 0.0150936
0.857637 0.0433145 1.69419e-07 648 0.0152388
0.859669 0.0443046 1.72066e-07 936 0.0153474
0.862437 0.0441336 1.69757e-07 384 0.0154961
0.864033 0.0420571 1.60875e-07 864 0.0155823
0.86686 0.0402995 1.52649e-07 768 0.0157358
0.869231 0.0410763 1.54321e-07 528 0.0158652
0.871675 0.0432189 1.61009e-07 776 0.0159994
0.87406 0.0406362 1.50152e-07 960 0.0161311
0.876467 0.0428564 1.57054e-07 696 0.0162648
0.878396 0.042369 1.54247e-07 582 0.0163723
0.8815 0.0418948 1.50915e-07 1008 0.0165465
0.883728 0.0386824 1.38292e-07 408 0.0166723
0.88592 0.0437969 1.55417e-07 960 0.0167967
0.888795 0.0411906 1.44755e-07 852 0.0169607
0.891174 0.0426117 1.48553e-07 912 0.0170973
0.89392 0.0424215 1.46531e-07 1032 0.0172559
0.895836 0.0396138 1.35957e-07 384 0.017367
0.898639 0.043845 1.49075e-07 864 0.0175306
0.900789 0.0389313 1.31422e-07 840 0.0176567
0.903273 0.0435933 1.45949e-07 912 0.0178032
0.906338 0.042744 1.41659e-07 792 0.017985
0.90863 0.0435376 1.432e-07 744 0.0181218
0.911438 0.0458994 1.49577e-07 726 0.0182903
0.913568 0.0421096 1.36269e-07 984 0.0184189
0.91598 0.0416538 1.33732e-07 912 0.0185652
0.918648 0.0441236 1.40431e-07 1104 0.0187278
0.921243 0.0418879 1.32192e-07 744 0.018887
0.924376 0.0465799 1.4551e-07 968 0.0190803
0.92618 0.047041 1.46093e-07 672 0.0191923
0.928764 0.0518913 1.59815e-07 984 0.0193534
0.931719 0.0435598 1.32883e-07 840 0.0195387
0.934062 0.0436721 1.32226e-07 1092 0.0196864
0.937061 0.0504236 1.51206e-07 840 0.0198767
0.939156 0.0436957 1.30156e-07 720 0.0200103
0.942047 0.0447577 1.32096e-07 1110 0.0201957
0.944712 0.0418127 1.22363e-07 1056 0.0203675
0.947136 0.042868 1.24491e-07 888 0.0205247
0.949886 0.0426018 1.22646e-07 936 0.020704
0.952401 0.0455076 1.29976e-07 912 0.0208689
0.955174 0.0472733 1.33847e-07 1104 0.0210517
0.957881 0.0451507 1.26756e-07 912 0.0212312
0.960427 0.0452196 1.25943e-07 1104 0.021401
0.963313 0.042659 1.17746e-07 1128 0.0215945
0.965992 0.0454879 1.24513e-07 768 0.0217751
0.968166 0.0466351 1.26795e-07 888 0.0219225
0.970778 0.0468335 1.2631e-07 1224 0.0221004
0.974412 0.0474391 1.26517e-07 750 0.0223495
0.976168 0.0473767 1.2567e-07 1092 0.0224706
0.979278 0.0432794 1.13711e-07 1472 0.022686
0.982348 0.0449059 1.16882e-07 792 0.0229001
0.984688 0.0446408 1.15366e-07 1080 0.0230641
0.987495 0.0440985 1.12995e-07 1584 0.0232619
0.990359 0.0440717 1.1195e-07 624 0.0234649
0.992971 0.0446906 1.12628e-07 1248 0.023651
0.99555 0.0459178 1.14824e-07 888 0.0238358
0.998492 0.0480795 1.1917e-07 912 0.0240477
1.00104 0.0477899 1.17551e-07 1368 0.0242321
1.00371 0.0472502 1.15296e-07 960 0.0244269
1.00665 0.0457913 1.1076e-07 1542 0.0246422
1.00992 0.045937 1.10037e-07 1152 0.024883
1.01267 0.045417 1.07909e-07 1008 0.0250866
1.01536 0.0447369 1.0545e-07 1248 0.0252872
1.01774 0.0434336 1.01661e-07 1056 0.0254653
1.02056 0.0466941 1.08388e-07 1188 0.025678
1.0236 0.0444827 1.02338e-07 1152 0.025908
1.02664 0.0482064 1.09922e-07 1560 0.0261396
1.02971 0.0478876 1.08222e-07 1128 0.0263748
1.03219 0.0503707 1.13015e-07 1152 0.0265658
1.03491 0.0482089 1.07314e-07 920 0.0267762
1.03779 0.0485293 1.07131e-07 1470 0.0270002
1.04087 0.0484334 1.05974e-07 1200 0.0272412
1.04379 0.0475844 1.03243e-07 1440 0.0274716
1.04629 0.0489337 1.05411e-07 1224 0.0276695
1.04938 0.0453674 9.68677e-08 1296 0.0279155
1.0527 0.0460331 9.7364e-08 1560 0.0281807
1.0556 0.0488416 1.02454e-07 1272 0.0284146
1.05803 0.0457268 9.52608e-08 1080 0.0286112
1.06094 0.0514929 1.06395e-07 1368 0.0288474
1.06403 0.0479412 9.81949e-08 1248 0.0291005
1.06727 0.0505274 1.02553e-07 1194 0.0293671
1.06993 0.0497483 1.00219e-07 1752 0.0295874
1.07321 0.0509482 1.01698e-07 1392 0.0298604
1.07584 0.0507456 1.00554e-07 1440 0.0300801
1.07913 0.0476779 9.36135e-08 1488 0.030357
1.08224 0.0478572 9.3158e-08 1248 0.0306201
1.08486 0.0483723 9.34788e-08 1512 0.0308435
1.08787 0.0528805 1.01346e-07 1112 0.0311006
1.09115 0.0504264 9.57735e-08 1848 0.0313829
1.09382 0.0502563 9.47524e-08 1224 0.0316141
1.09696 0.046506 8.69316e-08 1536 0.0318869
1.10024 0.0484352 8.973e-08 1638 0.0321739
1.10325 0.0515233 9.46722e-08 1392 0.0324385
1.10625 0.0479965 8.74765e-08 1632 0.0327038
1.10975 0.0504503 9.1081e-08 1452 0.0330154
1.11241 0.0505518 9.06104e-08 1680 0.0332536
1.11531 0.0518867 9.2281e-08 1320 0.0335138
1.11831 0.0494103 8.71698e-08 1752 0.0337856
1.1218 0.0489254 8.55117e-08 1776 0.0341027
1.12518 0.051057 8.84357e-08 1104 0.0344119
1.12759 0.0493398 8.49143e-08 1728 0.0346335
1.13096 0.0499436 8.51884e-08 1446 0.0349446
1.13402 0.0498258 8.43015e-08 1920 0.0352289
1.13756 0.0526125 8.81862e-08 1896 0.0355605
1.14046 0.0512878 8.53126e-08 1176 0.0358329
1.14325 0.0505372 8.34511e-08 1856 0.036096
1.14644 0.0532989 8.72774e-08 1896 0.0363996
1.14985 0.0531281 8.62266e-08 1464 0.0367251
1.15345 0.0504398 8.10993e-08 1968 0.0370711
1.15649 0.0492713 7.85983e-08 1548 0.0373647
1.15973 0.052426 8.29312e-08 1944 0.0376799
1.16289 0.0556766 8.73557e-08 1470 0.0379893
1.16609 0.0498485 7.75699e-08 1920 0.0383035
1.16933 0.0529712 8.17458e-08 2184 0.0386238
1.1728 0.054439 8.32675e-08 1464 0.0389686
1.17556 0.0506784 7.69706e-08 1608 0.0392445
1.1789 0.0528516 7.95912e-08 1944 0.0395797
1.18229 0.0534144 7.975e-08 1872 0.0399216
1.18552 0.0529843 7.84628e-08 2256 0.0402498
1.18882 0.0534708 7.8526e-08 1632 0.0405867
1.19235 0.0532796 7.75515e-08 1542 0.0409497
1.19548 0.053012 7.65572e-08 2216 0.0412732
1.1989 0.0545186 7.80606e-08 2052 0.0416287
1.20218 0.0517492 7.34914e-08 1680 0.0419708
1.20534 0.0528129 7.44142e-08 2280 0.0423024
1.20884 0.0494136 6.9021e-08 1968 0.0426722
1.21229 0.0544318 7.53834e-08 2016 0.0430385
1.21548 0.0518064 7.11835e-08 1968 0.0433795
1.21918 0.0526275 7.16547e-08 1920 0.0437772
1.22273 0.0519494 7.01181e-08 2400 0.0441602
1.22637 0.0512654 6.8581e-08 1974 0.0445554
1.2291 0.0520351 6.91466e-08 1944 0.0448544
1.23259 0.0560542 7.38562e-08 1920 0.0452377
1.23584 0.0544792 7.12168e-08 2280 0.0455962
1.23913 0.0547457 7.09976e-08 1968 0.0459607
1.24271 0.0539156 6.93177e-08 2220 0.0463607
1.24626 0.0553755 7.05875e-08 2352 0.0467595
1.24987 0.0531064 6.71107e-08 1968 0.0471667
1.25321 0.0548621 6.87761e-08 2504 0.0475461
1.25696 0.0521376 6.47776e-08 2118 0.047974
1.26038 0.0571208 7.03927e-08 2352 0.0483667
1.26384 0.0544611 6.65652e-08 2136 0.0487663
1.26724 0.0570898 6.92185e-08 2112 0.0491605
1.27063 0.0534382 6.42737e-08 2472 0.0495563
1.27412 0.0559305 6.67205e-08 2376 0.0499654
1.27765 0.0557101 6.59081e-08 2304 0.050382
1.28146 0.054748 6.41941e-08 2448 0.0508339
1.28498 0.0554554 6.44904e-08 2280 0.0512542
1.28891 0.0573618 6.60988e-08 2466 0.0517261
1.29209 0.0578804 6.6206e-08 2256 0.0521091
1.29555 0.0567997 6.44498e-08 2472 0.0525296
1.29914 0.0581238 6.54067e-08 2856 0.0529678
1.30275 0.053056 5.92095e-08 2112 0.05341
1.30664 0.0553153 6.11814e-08 2720 0.0538897
1.31022 0.0551043 6.04494e-08 2136 0.0543342
1.31338 0.0570863 6.21726e-08 2736 0.0547285
1.31727 0.0565538 6.10492e-08 2376 0.0552156
1.32115 0.0562926 6.02327e-08 3126 0.0557057
1.32517 0.0560743 5.94555e-08 2568 0.056215
1.3281 0.0568372 5.98658e-08 2112 0.0565893
1.33185 0.0581723 6.07555e-08 2748 0.0570704
1.33573 0.0571922 5.92132e-08 2928 0.0575703
1.33926 0.0576078 5.91733e-08 2640 0.0580277
1.34328 0.0600467 6.1126e-08 2856 0.0585522
1.34684 0.0581767 5.87539e-08 2352 0.0590191
1.35065 0.0572217 5.73017e-08 2910 0.0595215
1.35428 0.0580589 5.76743e-08 2784 0.0600021
1.35819 0.0574512 5.65795e-08 2952 0.0605229
1.36191 0.0580478 5.66999e-08 2696 0.0610216
1.36552 0.057968 5.61739e-08 3264 0.0615083
1.36942 0.0574694 5.52158e-08 2472 0.0620373
1.37321 0.0593719 5.65736e-08 3024 0.0625529
1.37739 0.0580199 5.47828e-08 2964 0.0631266
1.38108 0.0570723 5.34575e-08 2910 0.0636352
1.38476 0.0575861 5.35104e-08 2880 0.0641445
1.38834 0.0572245 5.2764e-08 3216 0.0646435
1.39269 0.0582943 5.32474e-08 3096 0.065254
1.39621 0.0582305 5.2788e-08 2880 0.0657499
1.40013 0.0588577 5.29097e-08 2904 0.0663052
1.40406 0.0597649 5.32754e-08 3504 0.0668651
1.40804 0.0601245 5.31433e-08 3168 0.0674346
1.41234 0.0587383 5.14452e-08 3054 0.0680545
1.41581 0.0592743 5.15341e-08 3032 0.0685569
1.4197 0.0600959 5.18195e-08 3000 0.0691244
1.42371 0.0589243 5.03813e-08 3780 0.0697116
1.42793 0.0589353 4.99456e-08 3504 0.0703329
1.43191 0.0585602 4.92152e-08 2904 0.0709225
1.43567 0.0571339 4.76393e-08 3336 0.0714839
1.4396 0.0597975 4.94533e-08 3144 0.0720723
1.44356 0.061616 5.05394e-08 3414 0.072668
1.44789 0.0590708 4.80183e-08 3552 0.0733239
1.45135 0.063123 5.09465e-08 2928 0.0738505
1.45511 0.0606675 4.85853e-08 3840 0.074427
1.45943 0.0576236 4.57396e-08 3312 0.075091
1.4634 0.0590611 4.65e-08 3432 0.0757057
1.46748 0.0613889 4.79309e-08 3596 0.0763404
1.47192 0.0610043 4.72004e-08 4224 0.0770361
1.47635 0.0615124 4.71663e-08 3294 0.077734
1.4801 0.0633293 4.81917e-08 3792 0.0783272
1.48412 0.0606359 4.57679e-08 3528 0.0789676
1.48876 0.062186 4.65009e-08 3984 0.0797097
1.49263 0.0609661 4.52345e-08 3768 0.0803339
1.49668 0.0607693 4.47233e-08 3672 0.0809898
1.5007 0.0602746 4.40036e-08 3384 0.0816444
1.50468 0.0617177 4.47007e-08 3648 0.0822954
1.50906 0.0587907 4.22112e-08 4098 0.0830158
1.51319 0.0632656 4.50533e-08 4008 0.0836992
1.51752 0.060636 4.28121e-08 4032 0.0844198
1.52148 0.0588419 4.12222e-08 3800 0.0850816
1.52566 0.0598985 4.16181e-08 3816 0.0857856
1.53008 0.0610584 4.20576e-08 4248 0.0865329
1.53425 0.061121 4.1758e-08 3720 0.087243
1.5385 0.0618963 4.19386e-08 4254 0.0879693
1.54275 0.0647369 4.35012e-08 4224 0.0887015
1.54712 0.0646978 4.3108e-08 4368 0.0894564
1.55154 0.0634461 4.19134e-08 4104 0.090226
1.5559 0.0635103 4.16041e-08 4500 0.0909888
1.56012 0.0636436 4.13544e-08 3480 0.0917305
1.56438 0.0631671 4.07105e-08 5328 0.0924836
1.56888 0.0609516 3.89451e-08 3342 0.0932851
1.57296 0.0608506 3.85792e-08 4800 0.0940139
1.57761 0.0639415 4.01814e-08 4184 0.0948501
1.58177 0.0647591 4.03746e-08 5064 0.0956031
1.58626 0.0645026 3.98744e-08 4032 0.0964191
1.59063 0.0639862 3.92302e-08 4632 0.0972179
1.59512 0.0641739 3.90136e-08 4680 0.0980443
1.59955 0.0619585 3.7355e-08 3924 0.0988627
1.60387 0.0634154 3.79253e-08 5166 0.0996657
1.60831 0.0664925 3.94373e-08 4800 0.100495
1.6129 0.0632274 3.71815e-08 4560 0.101358
1.61719 0.0639544 3.73099e-08 4584 0.102171
1.62168 0.063567 3.67766e-08 4848 0.103024
1.62597 0.0633359 3.63538e-08 4560 0.103844
1.631 0.0632886 3.59921e-08 5600 0.104809
1.63549 0.0649203 3.66165e-08 4686 0.105678
1.64006 0.0684623 3.82925e-08 5016 0.106566
1.64474 0.0655449 3.63484e-08 4956 0.107481
1.64888 0.0653102 3.59463e-08 4872 0.108295
1.65362 0.0650469 3.54941e-08 5376 0.109232
1.65838 0.0641055 3.46803e-08 5088 0.110177
1.66285 0.067446 3.61938e-08 4710 0.111071
1.66732 0.0649235 3.45607e-08 4848 0.111969
1.67182 0.0654882 3.4581e-08 5976 0.112877
1.67656 0.0653121 3.4196e-08 5208 0.113841
1.68127 0.0671102 3.48431e-08 5352 0.114803
1.68594 0.0669351 3.44643e-08 4820 0.115762
1.6904 0.064691 3.30455e-08 5760 0.116684
1.69513 0.0673276 3.41052e-08 5166 0.117666
1.69995 0.0645421 3.24169e-08 6168 0.118673
1.70477 0.0667906 3.32626e-08 5136 0.119685
1.70952 0.0654795 3.23386e-08 6240 0.120688
1.71454 0.0677807 3.3182e-08 5568 0.121754
1.71919 0.0687037 3.33619e-08 5712 0.122747
1.72386 0.0672838 3.24074e-08 5520 0.12375
1.72878 0.0679487 3.24489e-08 5670 0.124813
1.73344 0.0679309 3.21795e-08 6036 0.125825
1.73835 0.0691453 3.24782e-08 6264 0.126897
1.74335 0.0683925 3.18491e-08 5912 0.127995
1.74794 0.0684924 3.16449e-08 5736 0.129009
1.75258 0.068444 3.13717e-08 5400 0.13004
1.75753 0.0681083 3.09548e-08 6342 0.131145
1.76258 0.067993 3.0638e-08 7032 0.132277
1.76751 0.0692901 3.09618e-08 5448 0.133391
1.77221 0.0682778 3.02673e-08 6528 0.134458
1.77738 0.0687815 3.02252e-08 6468 0.135638
1.78243 0.0679531 2.96082e-08 6528 0.136797
1.78706 0.0668309 2.88936e-08 5568 0.137866
1.79184 0.0709271 3.04195e-08 6798 0.138976
1.79723 0.0683418 2.90481e-08 6560 0.140233
1.80203 0.0678212 2.85967e-08 6888 0.141361
1.80708 0.0695819 2.90939e-08 6624 0.142552
1.81205 0.0684901 2.84024e-08 6288 0.143732
1.81703 0.0686486 2.82347e-08 6960 0.14492
1.82233 0.0671107 2.7362e-08 6570 0.146192
1.82696 0.0692921 2.80372e-08 6600 0.147309
1.83219 0.0695185 2.78888e-08 7776 0.148577
1.83773 0.071076 2.82564e-08 7248 0.149929
1.84289 0.0722101 2.84668e-08 6672 0.151196
1.84774 0.0713742 2.79166e-08 6704 0.152391
1.85265 0.0705355 2.73693e-08 6942 0.153611
1.85788 0.0726302 2.79449e-08 7656 0.154916
1.86304 0.073176 2.79215e-08 7128 0.15621
1.86848 0.0693003 2.62127e-08 7908 0.157581
1.87356 0.0688969 2.58485e-08 6648 0.158871
1.8783 0.0695157 2.58837e-08 7320 0.16008
1.88389 0.0714228 2.63577e-08 7638 0.161514
1.88902 0.0715688 2.61971e-08 7416 0.162836
1.89401 0.0725393 2.63429e-08 7752 0.16413
1.89959 0.0710224 2.55655e-08 8448 0.165585
1.90501 0.0710208 2.53474e-08 7280 0.167006
1.91024 0.0705475 2.49722e-08 7668 0.168386
1.91549 0.0704632 2.47379e-08 8094 0.169778
1.9207 0.0728899 2.53823e-08 7656 0.171166
1.92602 0.0710039 2.45209e-08 8160 0.172594
1.93138 0.0728792 2.49596e-08 8472 0.174039
1.93696 0.0727248 2.46921e-08 7896 0.175552
1.9421 0.0723085 2.43566e-08 8088 0.176951
1.94753 0.0725792 2.42437e-08 8286 0.17844
1.95309 0.0726906 2.40741e-08 8676 0.179974
1.95841 0.0733259 2.40873e-08 8120 0.181447
1.96377 0.0728374 2.37315e-08 9024 0.18294
1.96932 0.0703821 2.2738e-08 8160 0.184497
1.97458 0.0726306 2.32775e-08 7944 0.185979
1.98001 0.0728938 2.317e-08 8982 0.187519
1.98555 0.0717819 2.26261e-08 9528 0.189097
1.99126 0.0716962 2.24053e-08 8832 0.190733
1.99697 0.0729225 2.25936e-08 8916 0.192378
2.00244 0.0735624 2.26057e-08 9240 0.193963
2.00796 0.0733296 2.23489e-08 8502 0.19557
2.01347 0.0735857 2.22433e-08 9416 0.197185
2.01894 0.0725086 2.174e-08 8976 0.198797
2.02457 0.0732232 2.17716e-08 9432 0.200465
2.0302 0.0733428 2.16263e-08 9864 0.202141
2.03598 0.0733549 2.1446e-08 9024 0.203874
2.04164 0.076508 2.21823e-08 9762 0.20558
2.0472 0.0737046 2.11959e-08 9264 0.207263
2.05278 0.0741216 2.11426e-08 10056 0.208962
2.05848 0.0757444 2.14264e-08 9936 0.210708
2.06453 0.0752179 2.10909e-08 9624 0.212572
2.0699 0.0750868 2.08909e-08 9752 0.214233
2.07576 0.0756032 2.08568e-08 10446 0.216059
2.08159 0.076841 2.10208e-08 10056 0.217883
2.08723 0.076097 2.0649e-08 9876 0.219659
2.09319 0.074173 1.99554e-08 11160 0.221546
2.09903 0.0758428 2.02349e-08 10128 0.223405
2.10491 0.0750938 1.98675e-08 9726 0.225289
2.11051 0.0762517 2.00136e-08 11112 0.227094
2.11652 0.0754988 1.96478e-08 10776 0.229037
2.1222 0.0777981 2.0084e-08 10232 0.230887
2.12811 0.0754848 1.93248e-08 11184 0.232822
2.13436 0.0758663 1.92525e-08 11058 0.234877
2.1403 0.0769383 1.93623e-08 11472 0.236846
2.14607 0.0756033 1.88734e-08 10464 0.238765
2.15178 0.0763344 1.89045e-08 10584 0.240678
2.15796 0.0766017 1.88083e-08 12504 0.242756
2.16404 0.0758862 1.84759e-08 10560 0.244815
2.16987 0.0772328 1.86526e-08 11694 0.246798
2.17602 0.0796209 1.90667e-08 11420 0.248904
2.18203 0.0771268 1.83173e-08 12504 0.250972
2.18802 0.0752068 1.7715e-08 10800 0.253044
2.19421 0.0792497 1.85099e-08 12456 0.255197
2.20046 0.0787568 1.82384e-08 12030 0.257383
2.20635 0.0798943 1.8354e-08 11232 0.259457
2.21231 0.0784471 1.78763e-08 13176 0.261564
2.21866 0.0789582 1.78388e-08 11196 0.263823
2.22456 0.0801856 1.79722e-08 12720 0.265934
2.23077 0.0782519 1.73929e-08 11918 0.268165
2.23689 0.0790391 1.7424e-08 13392 0.27038
2.24337 0.0795049 1.73753e-08 12600 0.272736
2.24963 0.078291 1.69674e-08 13200 0.275027
2.25594 0.0783049 1.68286e-08 12864 0.277346
2.26215 0.0794228 1.69285e-08 12270 0.279644
2.26834 0.0786215 1.66209e-08 13668 0.281946
2.27465 0.0782632 1.6408e-08 13200 0.284304
2.28097 0.0784741 1.63157e-08 13416 0.286682
2.28734 0.0790159 1.62916e-08 12992 0.289088
2.2937 0.0770469 1.57539e-08 13806 0.291506
2.29997 0.0795137 1.61256e-08 13800 0.293904
2.30631 0.080424 1.6176e-08 13056 0.296342
2.31259 0.0788151 1.57237e-08 14364 0.298768
2.31902 0.0796244 1.57534e-08 13248 0.301267
2.32549 0.0789515 1.54902e-08 15054 0.303797
2.33213 0.0785524 1.52806e-08 13680 0.306407
2.33841 0.0794506 1.53312e-08 15152 0.308888
2.34514 0.0810009 1.54961e-08 14376 0.311564
2.35149 0.0796427 1.51132e-08 13932 0.314101
2.35808 0.0800069 1.50554e-08 14910 0.316749
2.36456 0.0798221 1.48974e-08 15648 0.31937
2.37106 0.0806492 1.49283e-08 13680 0.32201
2.37766 0.0798878 1.46646e-08 15816 0.324705
2.38432 0.081424 1.48218e-08 15030 0.32744
2.39081 0.0819109 1.47892e-08 15104 0.330124
2.39768 0.0813557 1.45631e-08 16548 0.332977
2.40438 0.0811337 1.44022e-08 15360 0.335777
2.41105 0.0806433 1.41968e-08 15768 0.338577
2.4176 0.082748 1.44493e-08 14622 0.341343
2.42433 0.0813094 1.40801e-08 17568 0.344204
2.43136 0.0829136 1.42336e-08 16368 0.347208
2.43802 0.0824923 1.40456e-08 15960 0.350068
2.44478 0.0812781 1.37245e-08 15732 0.352986
2.45148 0.0821921 1.37653e-08 17006 0.355896
2.45825 0.0825479 1.37109e-08 16680 0.358856
2.46533 0.0810611 1.33483e-08 17712 0.361966
2.47205 0.0821682 1.34206e-08 15576 0.364931
2.47856 0.0807465 1.30848e-08 16974 0.367822
2.48564 0.082587 1.32689e-08 17436 0.370985
2.49249 0.0845797 1.34773e-08 17952 0.374062
2.49953 0.084408 1.33367e-08 17448 0.377238
2.50635 0.0846768 1.32703e-08 17336 0.380334
2.51347 0.0829755 1.28935e-08 17958 0.383583
2.52045 0.083427 1.28561e-08 19056 0.386791
2.52756 0.084713 1.29445e-08 17304 0.390073
2.53442 0.0837149 1.26885e-08 18276 0.393255
2.5414 0.0828562 1.2455e-08 17838 0.396516
2.5483 0.086143 1.28442e-08 18984 0.399754
2.55573 0.0840361 1.24211e-08 19616 0.403259
2.56269 0.082599 1.21095e-08 18168 0.406565
2.56979 0.0841552 1.22357e-08 19320 0.40995
2.57712 0.085827 1.23726e-08 19170 0.41347
2.58402 0.0847298 1.21169e-08 19008 0.416799
2.59124 0.0840035 1.19128e-08 20472 0.420306
2.5986 0.0847918 1.19228e-08 19128 0.423894
2.60574 0.0850432 1.186e-08 19998 0.4274
2.61294 0.0851536 1.17776e-08 19808 0.430951
2.62018 0.0868268 1.19097e-08 20724 0.434543
2.62754 0.0830005 1.12895e-08 19896 0.438215
2.6346 0.0838665 1.13158e-08 20304 0.441756
2.64214 0.0858263 1.14813e-08 21030 0.445562
2.64935 0.0847595 1.12463e-08 21168 0.449219
2.65671 0.0863828 1.13667e-08 20736 0.452975
2.66416 0.0852766 1.11273e-08 21356 0.456795
2.67173 0.0867611 1.12251e-08 22206 0.460698
2.6791 0.0848867 1.08921e-08 21360 0.464523
2.68651 0.0841134 1.07038e-08 21456 0.468389
2.69384 0.084196 1.06271e-08 21648 0.472235
2.70134 0.0864375 1.08194e-08 22326 0.476187
2.70887 0.0880013 1.09236e-08 22212 0.480181
2.71619 0.0873161 1.07511e-08 22128 0.484085
2.72367 0.0856852 1.04637e-08 22640 0.488093
2.73137 0.087366 1.05789e-08 23022 0.492248
2.7391 0.0865248 1.03886e-08 24168 0.496438
2.7466 0.0867713 1.03331e-08 22416 0.500526
2.75431 0.0860427 1.01605e-08 23700 0.504754
2.76199 0.0857063 1.00366e-08 24222 0.508989
2.76962 0.0888433 1.03182e-08 22776 0.513215
2.77711 0.0873347 1.00612e-08 24296 0.517392
2.78491 0.0866964 9.90394e-09 24648 0.521763
2.79252 0.087159 9.87556e-09 22926 0.526054
2.80016 0.0883552 9.92938e-09 25476 0.530383
2.80812 0.0883072 9.83989e-09 25608 0.534916
2.81589 0.0875065 9.6701e-09 24576 0.539373
2.82378 0.0896234 9.82128e-09 25134 0.543918
2.83157 0.0887667 9.64739e-09 25928 0.548429
2.83951 0.0881034 9.49513e-09 26148 0.553059
2.84746 0.08862 9.47103e-09 25632 0.557718
2.85525 0.088493 9.38029e-09 25926 0.562306
2.86324 0.0891129 9.3671e-09 26232 0.567042
2.87111 0.0888848 9.26651e-09 27216 0.57173
2.87917 0.0893465 9.23666e-09 26736 0.576558
2.88739 0.088088 9.02905e-09 27698 0.581507
2.8953 0.089391 9.08769e-09 26640 0.5863
2.90311 0.0893312 9.00852e-09 26880 0.591058
2.91139 0.0906649 9.06521e-09 29160 0.596131
2.91957 0.0889648 8.82063e-09 27318 0.601172
2.92751 0.0899587 8.84679e-09 27984 0.606091
2.93565 0.0902139 8.79836e-09 28364 0.611155
2.94365 0.0894179 8.64976e-09 28464 0.61617
2.95199 0.0904416 8.67485e-09 28974 0.621421
2.96007 0.0912614 8.68206e-09 28920 0.626534
2.96818 0.0908488 8.57214e-09 29640 0.631698
2.97653 0.0914381 8.55533e-09 28884 0.637045
2.98472 0.090347 8.38386e-09 30558 0.642317
2.99318 0.0908204 8.35649e-09 30776 0.647798
3.00137 0.090417 8.25148e-09 29040 0.653128
3.00959 0.0898238 8.13037e-09 30984 0.658508
3.01806 0.091516 8.21395e-09 30930 0.664087
3.02658 0.0917218 8.16314e-09 32712 0.669723
3.03503 0.0916709 8.09065e-09 30528 0.675349
3.04327 0.0916874 8.0265e-09 30326 0.680869
3.05173 0.093202 8.09147e-09 33624 0.686558
3.06034 0.0928321 7.9915e-09 31824 0.692389
3.06872 0.0933139 7.96734e-09 31860 0.698092
3.07736 0.093169 7.88813e-09 33942 0.704007
3.08588 0.0920104 7.72573e-09 31848 0.709867
3.09426 0.0906748 7.55187e-09 33624 0.715669
3.10297 0.0942479 7.78358e-09 33512 0.721726
3.11157 0.0933709 7.64737e-09 33594 0.727745
3.12023 0.0938371 7.62176e-09 34944 0.733836
3.12889 0.0936504 7.54357e-09 33624 0.739968
3.13752 0.0943794 7.53977e-09 34710 0.746104
3.14616 0.0933384 7.39537e-09 34704 0.752282
3.15488 0.0936766 7.36075e-09 35468 0.758558
3.1637 0.0932125 7.2632e-09 36096 0.764939
3.17266 0.0934104 7.21711e-09 35958 0.771458
3.18144 0.0948771 7.26993e-09 36576 0.777878
3.19023 0.0929637 7.06457e-09 35976 0.784346
3.19904 0.0929344 7.00415e-09 36396 0.790863
3.20798 0.0940482 7.02902e-09 38030 0.797509
3.21678 0.0938092 6.95379e-09 35784 0.804089
3.22564 0.0933589 6.86354e-09 38712 0.810752
3.23477 0.094567 6.89363e-09 38310 0.817657
3.24374 0.0953472 6.89301e-09 37596 0.824478
3.25254 0.0927986 6.65449e-09 39000 0.831202
3.26171 0.0931392 6.62274e-09 38552 0.838252
3.2708 0.0962503 6.78703e-09 40206 0.845284
3.27984 0.0955795 6.68415e-09 39072 0.852312
3.28909 0.0952365 6.60416e-09 41340 0.859539
3.2983 0.0959304 6.5967e-09 39342 0.866782
3.30724 0.0962768 6.56695e-09 40176 0.873852
3.31644 0.096237 6.50979e-09 41768 0.88116
3.32563 0.0950058 6.37337e-09 40206 0.888507
3.33487 0.0964684 6.41784e-09 42300 0.895935
3.34411 0.0960046 6.33415e-09 42360 0.903408
3.35331 0.0965707 6.31923e-09 40488 0.91088
3.3626 0.0956001 6.20401e-09 44406 0.918472
3.37211 0.0977218 6.28819e-09 43076 0.926289
3.38132 0.0965112 6.15966e-09 42600 0.933901
3.39087 0.096406 6.10112e-09 45486 0.941834
3.40043 0.0962723 6.04144e-09 43848 0.94982
3.40963 0.0977691 6.08584e-09 43248 0.95755
3.41901 0.095615 5.90287e-09 44988 0.965479
3.42866 0.0971094 5.94468e-09 46454 0.973672
3.43818 0.0984485 5.97675e-09 44928 0.981803
3.4478 0.0962845 5.79655e-09 47256 0.990072
3.45736 0.0974922 5.82071e-09 45126 0.99833
3.46696 0.0966679 5.72369e-09 48084 1.00667
3.47654 0.0967001 5.67838e-09 46320 1.01504
3.48629 0.0981192 5.71352e-09 47894 1.0236
3.49578 0.0995471 5.74956e-09 47160 1.03199
3.50539 0.0970206 5.55771e-09 48228 1.04051
3.51537 0.0973344 5.52831e-09 50598 1.04943
3.52506 0.0995005 5.60488e-09 47328 1.05813
3.53475 0.0973143 5.43676e-09 50696 1.06688
3.54459 0.0967478 5.36024e-09 49344 1.07581
3.55459 0.0992337 5.4517e-09 51570 1.08494
3.56441 0.0986367 5.37421e-09 50832 1.09397
3.5743 0.0971982 5.25201e-09 50424 1.1031
3.58421 0.098744 5.29138e-09 52686 1.1123
3.59415 0.0988073 5.25097e-09 51092 1.12158
3.60407 0.0975697 5.14251e-09 53376 1.13089
3.61415 0.0994373 5.19723e-09 52374 1.1404
3.62404 0.0982336 5.0924e-09 52848 1.14979
3.63411 0.098136 5.04513e-09 55488 1.15941
3.64445 0.0989951 5.0461e-09 54098 1.16933
3.65433 0.0988787 4.99943e-09 53688 1.17886
3.66443 0.0998096 5.00489e-09 55296 1.18866
3.67462 0.0984946 4.89797e-09 56358 1.19861
3.68502 0.0997259 4.91731e-09 57468 1.20882
3.69525 0.0977361 4.7793e-09 56000 1.21891
3.70559 0.0976407 4.73476e-09 57774 1.22917
3.71586 0.0995187 4.78594e-09 57648 1.23942
3.72609 0.0984876 4.69745e-09 57480 1.24968
3.73645 0.098711 4.66906e-09 58122 1.26013
3.74669 0.0991945 4.65354e-09 59208 1.27053
3.75716 0.0975641 4.53891e-09 60032 1.2812
3.76768 0.0975718 4.50133e-09 60366 1.292
3.77814 0.0982785 4.49637e-09 60444 1.30279
3.78854 0.0979696 4.44544e-09 60912 1.31358
3.79912 0.0983206 4.4242e-09 61422 1.32462
3.80967 0.0985445 4.39754e-09 63032 1.33568
3.82029 0.0970032 4.29277e-09 62052 1.34688
3.83093 0.0970893 4.26087e-09 64038 1.35817
3.84147 0.0989143 4.30533e-09 61632 1.36941
3.85195 0.0963118 4.15792e-09 64896 1.38065
3.86282 0.0963043 4.1226e-09 64874 1.39237
3.87338 0.0974708 4.13852e-09 64200 1.40381
3.88424 0.0955238 4.02192e-09 68016 1.41566
3.89516 0.0952936 3.97858e-09 65694 1.42763
3.90592 0.0964458 3.99349e-09 67212 1.4395
3.91674 0.0948388 3.8945e-09 67088 1.45149
3.92755 0.0947037 3.85692e-09 67182 1.46355
3.93842 0.0951067 3.84137e-09 69768 1.47572
3.94935 0.0946494 3.79124e-09 67524 1.48805
3.96027 0.0940274 3.73525e-09 70758 1.50043
3.97123 0.0949373 3.74026e-09 69488 1.51292
3.98223 0.0921061 3.59873e-09 71640 1.52552
3.99344 0.093472 3.62143e-09 72042 1.53844
4.00456 0.0922659 3.545e-09 72960 1.55133
4.01559 0.0913326 3.48029e-09 70422 1.56419
4.02684 0.0934026 3.52944e-09 76784 1.57737
4.0381 0.0914305 3.42609e-09 72348 1.59064
4.04921 0.0897282 3.33471e-09 74094 1.6038
4.06038 0.0921049 3.39487e-09 74976 1.61711
4.0716 0.0901127 3.29405e-09 76200 1.63056
4.08307 0.0910919 3.30187e-09 77114 1.64437
4.09436 0.0892387 3.208e-09 76872 1.65805
4.10573 0.08999 3.20821e-09 77784 1.67191
4.1172 0.0900294 3.18286e-09 78654 1.68596
4.12861 0.0915641 3.21036e-09 79380 1.70001
4.14006 0.0888164 3.08826e-09 79256 1.71419
4.15155 0.0916202 3.15936e-09 80094 1.72851
4.16295 0.0898031 3.07134e-09 80760 1.74278
4.17466 0.0902876 3.06199e-09 83034 1.75754
4.18631 0.0906053 3.04719e-09 82664 1.77229
4.19786 0.0896477 2.99017e-09 81864 1.787
4.20942 0.0906206 2.99777e-09 83334 1.80181
4.22115 0.0919804 3.01746e-09 85980 1.81691
4.23288 0.0902078 2.93479e-09 84144 1.83209
4.24467 0.0924116 2.98149e-09 86486 1.84745
4.25637 0.0922453 2.95166e-09 86016 1.86277
4.26828 0.0911641 2.89272e-09 88290 1.87844
4.28011 0.0956075 3.00862e-09 87672 1.89411
4.29193 0.0924122 2.88411e-09 88608 1.90984
4.30383 0.0946681 2.93007e-09 88682 1.92577
4.31573 0.095935 2.94478e-09 91200 1.9418
4.3279 0.0934321 2.84384e-09 92568 1.95826
4.33994 0.0989243 2.98601e-09 91014 1.97466
4.35196 0.096354 2.8844e-09 92828 1.99111
4.36403 0.096119 2.85356e-09 93054 2.00772
4.37602 0.100673 2.96425e-09 92568 2.02432
4.38816 0.0976203 2.85057e-09 96768 2.04121
4.40051 0.101456 2.93772e-09 95658 2.05849
4.41265 0.101817 2.92389e-09 96368 2.07558
4.42502 0.100944 2.87458e-09 98526 2.09309
4.43718 0.105755 2.98687e-09 95436 2.11039
4.44945 0.103129 2.88869e-09 101472 2.12794
4.46195 0.107485 2.98547e-09 98582 2.14593
4.47415 0.106324 2.92915e-09 99984 2.16357
4.48658 0.10581 2.89082e-09 101298 2.18166
4.49915 0.113615 3.0781e-09 104952 2.20005
4.51164 0.110644 2.97278e-09 100568 2.21842
4.52414 0.112628 3.00109e-09 105942 2.23691
4.5368 0.115619 3.05506e-09 104892 2.25574
4.54929 0.112794 2.95592e-09 103734 2.27443
4.56181 0.120965 3.14404e-09 107160 2.29325
4.57457 0.11743 3.0267e-09 108788 2.31255
4.58728 0.122464 3.13027e-09 107070 2.33188
4.59999 0.124981 3.1682e-09 110760 2.35131
4.6128 0.120421 3.02724e-09 109182 2.37102
4.62563 0.128398 3.201e-09 112820 2.39086
4.63846 0.125778 3.10974e-09 110280 2.4108
4.65132 0.131161 3.21599e-09 114678 2.43091
4.66426 0.13403 3.25908e-09 112668 2.45125
4.67718 0.132561 3.1967e-09 116030 2.47169
4.69034 0.141278 3.37832e-09 118032 2.49261
4.7033 0.1337 3.17075e-09 113700 2.51332
4.71623 0.144431 3.39716e-09 118566 2.53411
4.7294 0.143523 3.34767e-09 119840 2.5554
4.74251 0.144643 3.34589e-09 118278 2.5767
4.75558 0.151386 3.47309e-09 120852 2.59807
4.76881 0.148843 3.38641e-09 122166 2.61981
4.78209 0.160453 3.62021e-09 123296 2.64176
4.79535 0.155127 3.47109e-09 123300 2.6638
4.8087 0.163602 3.63032e-09 126174 2.68611
4.82205 0.167002 3.67508e-09 124800 2.70855
4.83537 0.164794 3.5966e-09 126774 2.73104
4.8488 0.174775 3.78282e-09 128900 2.75387
4.86226 0.167587 3.59721e-09 127776 2.77687
4.87577 0.184659 3.93079e-09 132246 2.80008
4.8893 0.176754 3.73138e-09 129252 2.82345
4.90284 0.186341 3.90128e-09 133118 2.84697
4.91643 0.190322 3.95165e-09 133272 2.87071
4.93013 0.189502 3.90191e-09 134970 2.89479
4.94379 0.204672 4.17945e-09 136128 2.91891
4.95761 0.194319 3.93495e-09 137270 2.94345
4.97145 0.214934 4.31613e-09 139620 2.96818
4.98526 0.203637 4.0554e-09 138312 2.99297
4.99912 0.220504 4.35487e-09 140694 3.01801
5.01292 0.21836 4.277e-09 140888 3.04308
5.02687 0.224383 4.35851e-09 143034 3.06855
5.04082 0.23639 4.55371e-09 143688 3.09416
5.05472 0.232169 4.43561e-09 143510 3.11983
5.06873 0.246813 4.67638e-09 147828 3.14586
5.08293 0.234307 4.40232e-09 147918 3.17236
5.09703 0.264148 4.92194e-09 148992 3.19883
5.11123 0.252085 4.65812e-09 150356 3.22565
5.12527 0.279439 5.12127e-09 147606 3.25229
5.13948 0.26593 4.83337e-09 156624 3.27943
5.15396 0.281921 5.08093e-09 153354 3.30723
5.16816 0.282047 5.04144e-09 153968 3.33463
5.18246 0.291411 5.1658e-09 155862 3.36239
5.19679 0.308103 5.41665e-09 157524 3.39035
5.21123 0.301452 5.25576e-09 159126 3.41871
5.22579 0.327802 5.66755e-09 162488 3.44743
5.24033 0.309492 5.30656e-09 159570 3.47629
5.25479 0.348734 5.93016e-09 164304 3.50516
5.26952 0.324844 5.47776e-09 165720 3.5347
5.28409 0.364148 6.08985e-09 162866 3.56411
5.29868 0.347279 5.7599e-09 169056 3.59372
5.31346 0.378329 6.22265e-09 167502 3.62388
5.32816 0.367163 5.98919e-09 169964 3.65402
5.34291 0.399654 6.46532e-09 170478 3.68446
5.35779 0.39245 6.29604e-09 175200 3.71533
5.37276 0.410201 6.52596e-09 173130 3.74656
5.38758 0.419077 6.6123e-09 175712 3.77764
5.4026 0.428554 6.70561e-09 177438 3.80932
5.41755 0.447182 6.93928e-09 178092 3.84105
5.43256 0.447655 6.88924e-09 179694 3.87305
5.44764 0.475466 7.25661e-09 182504 3.9054
5.4628 0.472665 7.15399e-09 182394 3.93809
5.47789 0.51237 7.691e-09 184464 3.97083
5.49311 0.491093 7.3105e-09 186398 4.00402
5.50841 0.542591 8.01001e-09 188844 4.03756
5.52365 0.519312 7.60307e-09 187230 4.07118
5.53901 0.575944 8.36228e-09 193776 4.10522
5.55452 0.539046 7.76117e-09 192218 4.1398
5.56983 0.614191 8.77035e-09 192408 4.17414
5.58522 0.568975 8.05771e-09 195510 4.20884
5.60076 0.657862 9.2392e-09 198404 4.24405
5.6164 0.602385 8.38956e-09 200310 4.27971
5.63203 0.696552 9.62053e-09 201216 4.31554
5.64768 0.639073 8.75345e-09 201618 4.35162
5.66335 0.74242 1.00848e-08 204680 4.38794
5.67898 0.678124 9.13562e-09 202770 4.42437
5.69478 0.767089 1.02484e-08 211800 4.46141
5.71065 0.714753 9.46976e-09 205718 4.4988
5.72637 0.82071 1.07843e-08 211452 4.53606
5.74229 0.769728 1.00305e-08 213150 4.574
5.75836 0.862661 1.11477e-08 217512 4.6125
5.77442 0.824342 1.05638e-08 214754 4.65121
5.79027 0.945842 1.20216e-08 215424 4.6896
5.80643 0.867518 1.09343e-08 224574 4.72899
5.82259 0.978558 1.22314e-08 218588 4.76858
5.83867 0.940246 1.16557e-08 223902 4.8082
5.85483 1.03466 1.27202e-08 224952 4.84824
5.87119 0.998715 1.21759e-08 230258 4.88899
5.88752 1.08741 1.31473e-08 227544 4.92989
5.90382 1.08761 1.30411e-08 231018 4.97095
5.92021 1.14835 1.36553e-08 234504 5.01248
5.93666 1.17341 1.38376e-08 233102 5.05438
5.95305 1.21277 1.4184e-08 236892 5.09635
5.96958 1.26308 1.465e-08 238830 5.13893
5.98612 1.26157 1.45116e-08 241232 5.18175
6.00281 1.40651 1.60442e-08 243906 5.22522
6.01948 1.31642 1.48921e-08 244704 5.26888
6.03618 1.49726 1.67977e-08 246698 5.31285
6.05287 1.3804 1.53589e-08 248664 5.35704
6.06975 1.59835 1.76359e-08 253494 5.40199
6.08663 1.43001 1.56475e-08 251522 5.44718
6.10345 1.78243 1.93431e-08 255336 5.49246
6.12039 1.59907 1.72096e-08 257694 5.53833
6.13742 1.82103 1.94357e-08 260988 5.58467
6.15452 1.7533 1.85572e-08 261638 5.63148
6.17151 1.90509 1.99977e-08 262356 5.67825
6.18861 1.97363 2.05459e-08 266478 5.72559
6.20588 1.90947 1.97126e-08 272048 5.77366
6.22322 2.15113 2.20222e-08 269850 5.82219
6.24044 1.98901 2.01944e-08 272544 5.87064
6.25776 2.41094 2.42755e-08 275546 5.91967
6.27506 2.08136 2.07842e-08 275334 5.96889
6.29257 2.54191 2.51719e-08 285024 6.019
6.3102 2.31251 2.27088e-08 282242 6.06974
6.32759 2.66109 2.5917e-08 280800 6.12005
6.34509 2.6358 2.54589e-08 288330 6.17097
6.36273 2.66862 2.55621e-08 290024 6.2226
6.38041 2.9873 2.83774e-08 290598 6.27461
6.39805 2.69096 2.53515e-08 293748 6.3268
6.4159 3.28124 3.06553e-08 299582 6.37989
6.43369 2.90522 2.69177e-08 295914 6.4331
6.45145 3.43617 3.1575e-08 302352 6.48653
6.46945 3.32945 3.03396e-08 305342 6.54098
6.48737 3.42536 3.09556e-08 305532 6.59549
6.50541 3.81176 3.41618e-08 310806 6.65067
6.52346 3.35754 2.98419e-08 310436 6.70617
6.54163 4.32881 3.81549e-08 318006 6.76236
6.55978 3.68559 3.22165e-08 312846 6.81881
6.57792 4.40404 3.8179e-08 322508 6.87553
6.59626 4.36831 3.75543e-08 321318 6.9332
6.61457 4.23128 3.6075e-08 327204 6.9911
6.63294 5.05597 4.2749e-08 325766 7.04949
6.65129 4.22949 3.54659e-08 330246 7.10817
6.6698 5.52021 4.59047e-08 335868 7.16768
6.68842 5.08639 4.19448e-08 336710 7.22788
6.70692 5.33766 4.36538e-08 336636 7.28801
6.72554 5.82796 4.72688e-08 343542 7.34891
6.74416 5.17541 4.16294e-08 342092 7.41011
6.76288 6.67028 5.32095e-08 349446 7.47197
6.78171 6.05928 4.79339e-08 350118 7.53457
6.80049 6.55123 5.13975e-08 352628 7.59732
6.81946 7.15014 5.56295e-08 359334 7.66107
6.83836 6.10304 4.70901e-08 356364 7.72497
6.8573 8.30854 6.35777e-08 362990 7.78933
6.87632 7.23011 5.48675e-08 364062 7.85434
6.8954 7.64906 5.75664e-08 369756 7.91989
6.91452 8.90235 6.64443e-08 368726 7.98596
6.93369 7.11444 5.26608e-08 375786 8.05255
6.95298 9.87625 7.24968e-08 378600 8.11995
6.97229 9.13581 6.65061e-08 379394 8.18777
6.99165 8.61865 6.22214e-08 386568 8.25619
7.01113 10.7314 7.68299e-08 386906 8.3254
7.03054 9.40021 6.67437e-08 388950 8.39474
7.05003 11.002 7.74709e-08 394512 8.46475
7.06964 11.7907 8.23359e-08 396818 8.53557
7.08927 9.42223 6.52513e-08 401112 8.60686
7.109 13.6632 9.38351e-08 404850 8.67894
7.12874 12.0179 8.18521e-08 405566 8.75143
7.14845 11.5135 7.77697e-08 409308 8.82422
7.16828 14.4424 9.6746e-08 413766 8.89785
7.18818 12.4394 8.26385e-08 417050 8.97215
7.2082 14.3312 9.44153e-08 425232 9.04735
7.22829 15.5824 1.01805e-07 421862 9.12321
7.24825 12.5721 8.14608e-08 426402 9.199
7.26841 17.3534 1.11508e-07 434688 9.27596
7.28872 17.1612 1.09354e-07 436634 9.35391
7.30888 13.3348 8.427e-08 434784 9.43177
7.32907 20.1125 1.26055e-07 441018 9.51013
7.34941 18.404 1.14392e-07 447350 9.58953
7.36984 15.5711 9.5981e-08 449868 9.66974
7.3903 22.4784 1.3741e-07 453206 9.75049
7.4108 19.0721 1.15623e-07 456570 9.83185
7.4314 17.8354 1.07229e-07 463824 9.91407
7.45208 23.9106 1.4256e-07 463718 9.99706
7.47272 20.4704 1.2104e-07 468186 10.0804
7.49346 19.4848 1.14258e-07 473448 10.1645
7.51434 26.2541 1.52674e-07 479354 10.2497
7.5352 22.9031 1.32084e-07 477702 10.3353
7.55605 21.9948 1.25799e-07 485204 10.4214
7.5771 27.8143 1.57761e-07 491454 10.5087
7.59817 25.5251 1.43575e-07 491226 10.5966
7.61922 23.4199 1.30645e-07 497648 10.685
7.64048 31.5964 1.74789e-07 504930 10.7746
7.66167 27.0306 1.48295e-07 500358 10.8645
7.6828 23.8647 1.29848e-07 508652 10.9547
7.70418 33.2317 1.79313e-07 516390 11.0464
7.72557 29.5911 1.58347e-07 515642 11.1386
7.74695 24.688 1.31019e-07 521880 11.2314
7.76853 35.5717 1.87209e-07 530850 11.3255
7.79012 32.4002 1.69104e-07 527054 11.4202
7.8116 24.345 1.26017e-07 534156 11.5149
7.83338 38.2184 1.96184e-07 545150 11.6115
7.85521 36.1143 1.83843e-07 543474 11.7088
7.87691 29.7508 1.502e-07 545310 11.8062
7.89874 36.5353 1.82928e-07 555788 11.9046
7.92074 39.1 1.94142e-07 559542 12.0043
7.94278 34.5937 1.70341e-07 564146 12.1048
7.96481 32.742 1.59889e-07 566520 12.2058
7.98694 43.4657 2.10497e-07 573594 12.3078
8.00914 39.4644 1.89534e-07 577718 12.4108
8.03133 29.179 1.38978e-07 579300 12.5142
8.05362 31.0275 1.46559e-07 586235 12.6187
8.07603 14.6879 6.88029e-08 585156 12.7243
8.09843 9.77463 4.54085e-08 582704 12.8305
8.12088 7.31307 3.36923e-08 584544 12.9375
8.14345 5.92866 2.70876e-08 585204 13.0456
8.16605 5.05099 2.28865e-08 582812 13.1546
8.18871 4.4201 1.98621e-08 584472 13.2644
8.21146 4.05104 1.80528e-08 584132 13.3753
8.23424 3.79018 1.67505e-08 582540 13.4869
8.25707 3.58694 1.57212e-08 582096 13.5993
8.28004 3.46344 1.50539e-08 586412 13.7132
8.30307 3.36021 1.4484e-08 581640 13.8279
8.32613 3.31992 1.41918e-08 583304 13.9434
8.34929 3.28724 1.39355e-08 583536 14.0601
8.37244 3.28171 1.3797e-08 578204 14.1774
8.39565 3.2951 1.37387e-08 582180 14.2956
8.41901 3.33502 1.37897e-08 582144 14.4153
8.44239 3.38858 1.38951e-08 578780 14.5357
8.46576 3.44261 1.40001e-08 577524 14.6568
8.48924 3.49026 1.40764e-08 579584 14.779
8.51287 3.59811 1.43908e-08 580752 14.9028
8.53655 3.71182 1.47224e-08 576896 15.0275
8.5602 3.8094 1.49846e-08 575412 15.1527
8.58391 3.91117 1.52577e-08 575676 15.2791
8.60777 4.04252 1.56394e-08 576392 15.4068
8.63167 4.2397 1.62664e-08 574368 15.5355
8.6556 4.43087 1.68592e-08 572624 15.6651
8.67964 4.56447 1.72237e-08 574056 15.7959
8.70378 4.72817 1.76933e-08 572864 15.9281
8.72791 4.93611 1.83187e-08 568992 16.0609
8.75214 5.11795 1.88362e-08 572024 16.1951
8.77648 5.3722 1.96079e-08 569052 16.3306
8.80086 5.57711 2.01871e-08 568236 16.467
8.82523 5.86001 2.10359e-08 563612 16.6042
8.84969 6.0792 2.16422e-08 567216 16.7427
8.8743 6.35137 2.24235e-08 564740 16.8828
8.89896 6.8401 2.39488e-08 563940 17.0239
8.92369 7.08428 2.45981e-08 562172 17.1662
8.9485 7.39332 2.54583e-08 561948 17.3097
8.97339 7.7704 2.65346e-08 560084 17.4546
8.9983 8.15156 2.76057e-08 556764 17.6004
9.02321 8.52022 2.86159e-08 553976 17.7469
9.04824 8.8589 2.95071e-08 556344 17.895
9.07338 9.35087 3.08876e-08 552420 18.0446
9.09857 9.99554 3.27436e-08 552200 18.1953
9.12381 10.3992 3.37842e-08 548880 18.3472
9.14913 11.0742 3.56791e-08 548696 18.5003
9.17454 11.5226 3.68161e-08 546948 18.6549
9.20009 11.997 3.80134e-08 547364 18.8112
9.22565 12.4462 3.91098e-08 540792 18.9684
9.2512 13.4521 4.19215e-08 540320 19.1264
9.27686 14.3799 4.44418e-08 538668 19.2861
9.30261 14.944 4.58029e-08 537260 19.4471
9.32845 15.5932 4.73965e-08 534912 19.6096
9.35439 16.2957 4.91209e-08 534812 19.7737
9.38034 17.0668 5.10197e-08 527424 19.9386
9.40633 17.9571 5.32372e-08 528968 20.1048
9.43243 19.7041 5.79331e-08 525312 20.2727
9.45865 20.2391 5.90125e-08 525968 20.4422
9.48493 21.3827 6.183e-08 520272 20.6131
9.51128 22.1614 6.35506e-08 520256 20.7853
9.53767 23.2672 6.61693e-08 514536 20.9589
9.56415 25.0757 7.07216e-08 515732 21.1339
9.59074 26.787 7.49217e-08 510624 21.3106
9.61731 27.8169 7.71592e-08 507288 21.4883
9.64399 28.4451 7.82486e-08 505904 21.6676
9.67076 30.0691 8.2031e-08 502608 21.8485
9.69767 32.7137 8.85048e-08 502280 22.0314
9.72462 34.831 9.3452e-08 496404 22.2156
9.75161 35.8572 9.54087e-08 494156 22.4011
9.77867 37.2144 9.82001e-08 490572 22.5881
9.80581 39.131 1.02403e-07 487856 22.7767
9.83305 43.0945 1.1184e-07 485592 22.9671
9.86033 44.2815 1.13969e-07 479840 23.1587
9.88774 46.0179 1.17456e-07 480792 23.3524
9.91523 47.3745 1.19916e-07 473276 23.5477
9.94267 52.7457 1.32409e-07 469716 23.7438
9.97028 54.9283 1.36746e-07 469388 23.9421
9.99798 56.0434 1.38365e-07 463164 24.1422
10.0257 58.4651 1.43149e-07 460964 24.3438
10.0536 64.6778 1.57047e-07 456404 24.5473
10.0815 67.1784 1.61769e-07 453096 24.7523
10.1095 68.8974 1.64535e-07 447944 24.9589
10.1375 70.9743 1.68091e-07 445104 25.1672
10.1657 80.2112 1.88393e-07 440876 25.3776
10.1939 81.7816 1.90488e-07 438372 25.5898
10.2223 83.1335 1.92032e-07 431156 25.8038
10.2506 88.7789 2.03378e-07 426816 26.0187
10.279 96.2839 2.18747e-07 424208 26.2357
10.3076 97.4707 2.19606e-07 420060 26.4551
10.3362 98.8003 2.20757e-07 414500 26.6762
10.3649 111.715 2.47548e-07 409044 26.8987
10.3936 116.236 2.55436e-07 406184 27.1231
10.4225 115.987 2.52772e-07 401808 27.3503
10.4515 124.529 2.6914e-07 394448 27.5787
10.4804 133.094 2.85273e-07 390564 27.8085
10.5095 133.675 2.84145e-07 386420 28.0409
10.5387 138.068 2.9105e-07 380148 28.2752
10.568 153.904 3.21749e-07 375116 28.5111
10.5973 150.529 3.12084e-07 371108 28.7494
10.6268 153.64 3.15896e-07 363588 28.9896
10.6563 173.493 3.53758e-07 360704 29.2318
10.6859 167.975 3.39668e-07 352920 29.4761
10.7155 171.164 3.43251e-07 347888 29.7223
10.7453 190.561 3.78982e-07 342564 29.9707
10.7751 188.782 3.72334e-07 336104 30.221
10.805 186.056 3.6392e-07 329616 30.4733
10.835 211.786 4.1082e-07 324044 30.7274
10.865 199.573 3.83926e-07 317940 30.9838
10.8952 205.279 3.91629e-07 311516 31.2428
10.9255 221.138 4.18384e-07 306920 31.5041
10.9559 199.693 3.7468e-07 297936 31.7675
10.9864 227.05 4.22474e-07 293684 32.0334
11.0169 213.54 3.94044e-07 284568 32.3008
11.0473 195.01 3.56885e-07 276704 32.5693
11.078 239.861 4.35324e-07 274896 32.8418
11.1089 198.37 3.57032e-07 263228 33.1168
11.1396 213.694 3.81435e-07 257720 33.3927
11.1706 194.767 3.44771e-07 250968 33.6716
11.2016 171.306 3.00729e-07 242276 33.9529
11.2326 194.189 3.3808e-07 236220 34.2362
11.2638 146.918 2.53662e-07 227624 34.5222
11.2952 146.059 2.50087e-07 221304 34.811
11.3265 117.113 1.98862e-07 212204 35.1021
11.3579 93.1616 1.56887e-07 203168 35.394
11.3893 77.7004 1.29768e-07 197955 35.6892
11.4211 70.8309 1.17311e-07 190268 35.9884
11.4529 70.8368 1.16347e-07 184188 36.2897
11.4846 73.2708 1.19349e-07 176492 36.5924
11.5165 77.1907 1.24694e-07 172200 36.8977
11.5486 82.4472 1.32078e-07 166544 37.207
11.5807 87.3892 1.38835e-07 160160 37.518
11.6127 93.1893 1.46826e-07 155010 37.8307
11.6449 100.589 1.57174e-07 149948 38.1461
11.6773 108.704 1.68447e-07 145458 38.4648
11.7097 116.241 1.78632e-07 140444 38.7866
11.7423 125.001 1.90502e-07 135596 39.1106
11.7747 134.278 2.0295e-07 130308 39.4362
11.8074 144.071 2.15952e-07 126860 39.7648
11.8402 157.738 2.34474e-07 122748 40.098
11.8732 169.938 2.50511e-07 118076 40.4338
11.9062 182.673 2.67053e-07 113774 40.7716
11.9391 196.162 2.84403e-07 109236 41.1112
11.9722 211.761 3.04486e-07 105638 41.4534
12.0054 232.189 3.31091e-07 102174 41.7998
12.0389 248.203 3.50982e-07 98708 42.1505
12.0724 267.658 3.75349e-07 94310 42.5035
12.1059 289.142 4.02126e-07 90414 42.8577
12.1394 311.057 4.29025e-07 87398 43.2153
12.1731 340.514 4.65767e-07 83462 43.5758
12.2067 362.437 4.91669e-07 79902 43.9379
12.2406 396.841 5.33881e-07 77558 44.3049
12.2748 426.39 5.68858e-07 74094 44.6769
12.309 462.414 6.11788e-07 71006 45.0516
12.3433 500.093 6.56144e-07 67574 45.4289
12.3775 540.891 7.03803e-07 64368 45.8078
12.4118 579.217 7.47444e-07 61502 46.1894
12.446 631.47 8.08162e-07 58214 46.573
12.4804 675.557 8.57465e-07 55872 46.9597
12.515 724.704 9.12234e-07 53270 47.3516
12.5498 797.022 9.94938e-07 50742 47.7479
12.5848 861.689 1.06673e-06 48032 48.1477
12.6198 923.017 1.13316e-06 45638 48.551
12.6549 1007.22 1.22627e-06 43008 48.9576
12.6901 1079.12 1.3029e-06 40694 49.3673
12.7255 1155.13 1.38308e-06 38408 49.781
12.7609 1266.78 1.50418e-06 35958 50.1975
12.7963 1341.35 1.57952e-06 33920 50.6172
12.8319 1472.45 1.71952e-06 31622 51.0405
12.8675 1552.19 1.79763e-06 29640 51.4665
12.9033 1688.51 1.9393e-06 27662 51.8966
12.939 1793.77 2.04317e-06 25568 52.3291
12.9748 1961.79 2.21609e-06 23904 52.7651
13.0109 2105.82 2.35905e-06 22118 53.2064
13.0469 2260.69 2.51165e-06 20168 53.6491
13.083 2386.5 2.62952e-06 18816 54.096
13.1194 2591.73 2.83195e-06 17126 54.5488
13.1559 2790.15 3.02346e-06 15680 55.0052
13.1925 3035.26 3.26175e-06 14184 55.4658
13.2293 3217.69 3.42906e-06 12854 55.9307
13.2663 3424.53 3.619e-06 11600 56.4017
13.3038 3548.47 3.71842e-06 10428 56.8805
13.3412 3781.76 3.92961e-06 9032 57.362
13.3781 4167.4 4.29455e-06 7838 57.8399
13.4149 4482.87 4.58174e-06 6816 58.3184
13.4517 4726.09 4.79084e-06 5840 58.7992
13.4884 4993.88 5.02113e-06 4952 59.2812
13.5246 5211.76 5.19822e-06 4062 59.7599
13.5603 5531.76 5.4739e-06 3368 60.2348
13.596 5850.05 5.74331e-06 2744 60.7124
13.6318 5985.74 5.83036e-06 2184 61.1931
13.6739 6090.83 5.87814e-06 2192 61.7614
13.7179 6488.49 6.20183e-06 1238 62.3597
13.7573 7562.56 7.16654e-06 728 62.8983
13.7931 8702.48 8.18268e-06 456 63.391
13.8288 8989.67 8.38741e-06 248 63.8846
13.8642 5948.67 5.50782e-06 104 64.3755
13.8983 5311.47 4.88171e-06 24 64.852
13.93 20166 1.84081e-05 1 65.2968
0.0910605
1398
200
512
8.62936
0.502655 0.0269785 5.2414e-07 6 0.00306796
0.710861 0.023114 1.58767e-07 12 0.00867751
0.870624 0.0255828 9.56526e-08 8 0.0159416
1.00531 0.0842138 2.04514e-07 6 0.0245437
1.12397 0.0515595 8.9595e-08 24 0.0343009
1.23125 0.0553865 7.32161e-08 24 0.0450896
1.42172 0.0441393 3.78984e-08 12 0.06942
1.50796 0.0488883 3.5178e-08 30 0.082835
1.58953 0.0635128 3.90204e-08 24 0.0970175
1.66712 0.057356 3.05436e-08 24 0.111928
1.74125 0.0805442 3.76437e-08 8 0.127533
1.81235 0.0568795 2.3576e-08 24 0.143802
1.88076 0.0865966 3.21173e-08 48 0.16071
2.01062 0.103762 3.14984e-08 6 0.19635
2.0725 0.0808223 2.24021e-08 48 0.215042
2.13258 0.0753201 1.91616e-08 36 0.234293
2.19102 0.087383 2.04987e-08 24 0.254086
2.24794 0.0813566 1.76717e-08 24 0.274407
2.30345 0.0613116 1.23778e-08 48 0.295242
2.35766 0.0427431 8.04753e-09 24 0.31658
2.4625 0.0651942 1.07726e-08 24 0.360717
2.51327 0.085145 1.32336e-08 30 0.383495
2.56305 0.0589244 8.63506e-09 72 0.406733
2.61187 0.102753 1.42292e-08 32 0.430423
2.70688 0.0797504 9.92124e-09 72 0.479123
2.75315 0.107427 1.27016e-08 48 0.504118
2.84345 0.100247 1.07592e-08 12 0.55536
2.88753 0.074802 7.66606e-09 48 0.581595
2.93096 0.0861057 8.43808e-09 48 0.608231
2.97375 0.0835088 7.83539e-09 48 0.635261
3.01593 0.0745791 6.70801e-09 30 0.66268
3.05753 0.100823 8.7034e-09 24 0.690482
3.09857 0.0579244 4.80414e-09 72 0.718663
3.17907 0.10019 7.69418e-09 24 0.77614
3.21856 0.103713 7.67514e-09 96 0.805426
3.25758 0.0753007 5.37471e-09 48 0.835072
3.29613 0.0717022 4.94038e-09 24 0.865073
3.33423 0.083634 5.56716e-09 24 0.895424
3.37191 0.0838387 5.3958e-09 72 0.926123
3.40917 0.139073 8.66038e-09 48 0.957165
3.48249 0.0599635 3.50312e-09 8 1.02026
3.51858 0.102505 5.80605e-09 54 1.05231
3.55431 0.0980906 5.39017e-09 84 1.08469
3.58967 0.0949647 5.06567e-09 48 1.11739
3.6247 0.101498 5.25873e-09 24 1.15042
3.65938 0.110341 5.55586e-09 72 1.18376
3.69374 0.0753741 3.6903e-09 96 1.21742
3.76152 0.071461 3.31297e-09 48 1.28568
3.79496 0.0517559 2.33656e-09 48 1.32027
3.82811 0.067068 2.94987e-09 24 1.35516
3.86096 0.0845322 3.62389e-09 72 1.39036
3.92586 0.0612088 2.49603e-09 72 1.46165
3.95791 0.072088 2.86884e-09 96 1.49774
4.02124 0.310806 1.17937e-08 6 1.5708
4.05253 0.0686671 2.54571e-09 96 1.60776
4.08359 0.087688 3.17727e-09 96 1.645
4.11441 0.0603026 2.13626e-09 24 1.68253
4.145 0.0929039 3.21885e-09 48 1.72034
4.17536 0.0999271 3.38719e-09 96 1.75842
4.20551 0.0508269 1.68607e-09 48 1.79679
4.26517 0.0534408 1.69944e-09 36 1.87434
4.29468 0.0708725 2.20762e-09 48 1.91353
4.324 0.0641532 1.95795e-09 120 1.95298
4.35312 0.0347301 1.03883e-09 56 1.9927
4.38204 0.0326475 9.57326e-10 24 2.03269
4.41078 0.0507646 1.45967e-09 96 2.07294
4.43933 0.0431837 1.21789e-09 48 2.11345
4.49588 0.0664248 1.80354e-09 24 2.19525
4.52389 0.0644598 1.71788e-09 102 2.23654
4.55173 0.211812 5.54191e-09 48 2.27809
4.5794 0.166904 4.28825e-09 72 2.31989
4.60691 0.0493473 1.2453e-09 48 2.36194
4.63425 0.149851 3.71503e-09 48 2.40424
4.66143 0.12525 3.05114e-09 120 2.4468
4.71532 0.026767 6.29949e-10 24 2.53264
4.74204 0.0874015 2.02239e-09 144 2.57594
4.7686 0.0918602 2.09023e-09 120 2.61947
4.79502 0.194731 4.35817e-09 48 2.66325
4.84743 0.0354474 7.67874e-10 48 2.75153
4.87342 0.0712151 1.51813e-09 96 2.79603
4.92499 0.0289665 5.983e-10 24 2.88574
4.95058 0.0438793 8.92344e-10 48 2.93094
4.97603 0.0360751 7.22435e-10 108 2.97638
5.00135 0.0406218 8.01191e-10 72 3.02206
5.02655 0.245078 4.76139e-09 30 3.06796
5.05162 0.226446 4.33425e-09 168 3.1141
5.07656 0.577438 1.08902e-08 48 3.16046
5.12609 0.26501 4.85447e-09 72 3.25387
5.15068 0.425223 7.67827e-09 96 3.30091
5.17515 0.0401302 7.14402e-10 72 3.34818
5.1995 0.0414242 7.27124e-10 72 3.39567
5.22374 0.293696 5.08384e-09 32 3.44338
5.24787 0.227317 3.8808e-09 72 3.49132
5.27189 0.151142 2.54522e-09 144 3.53948
5.34329 0.122764 1.98556e-09 96 3.68526
5.36688 0.0182374 2.91095e-10 96 3.73428
5.39037 0.0256458 4.04017e-10 48 3.78353
5.41376 0.109068 1.69606e-09 72 3.83298
5.43704 0.086861 1.33345e-09 120 3.88265
5.46023 0.0711335 1.07816e-09 72 3.93254
5.50631 0.115555 1.70783e-09 48 4.03294
5.5292 1.21082 1.76739e-08 78 4.08346
5.552 0.972536 1.40216e-08 120 4.13418
5.57471 2.43576 3.46903e-08 48 4.18512
5.61985 0.433018 6.01964e-09 144 4.28761
5.64229 0.616171 8.46401e-09 144 4.33916
5.68689 0.0483894 6.4918e-10 12 4.44288
5.70906 0.205234 2.72141e-09 144 4.49505
5.73115 0.510534 6.69175e-09 48 4.54742
5.75315 0.346248 4.48653e-09 120 4.59999
5.77506 0.0430055 5.50926e-10 48 4.65276
5.7969 0.0234497 2.97023e-10 48 4.70573
5.81865 0.162227 2.03187e-09 168 4.75891
5.86191 0.0334437 4.09672e-10 48 4.86585
5.88342 0.0950025 1.15102e-09 96 4.91961
5.90486 0.250152 2.99789e-09 96 4.97357
5.92621 0.113154 1.34147e-09 72 5.02773
5.94749 0.0370953 4.35067e-10 48 5.08209
5.9687 0.125946 1.46145e-09 96 5.13663
5.98982 0.0219456 2.51968e-10 48 5.19138
6.03186 7.20688 8.10278e-08 30 5.30144
6.05277 4.72305 5.25534e-08 96 5.35676
6.0736 1.15362 1.27046e-08 192 5.41227
6.09437 0.161446 1.75987e-09 56 5.46797
6.11506 13.2124 1.42567e-07 24 5.52386
6.13568 2.06862 2.20969e-08 168 5.57994
6.15624 0.0795443 8.41206e-10 120 5.63621
6.19714 0.910561 9.44004e-09 72 5.7493
6.2175 0.428893 4.40293e-09 144 5.80613
6.23778 1.13895 1.15786e-08 96 5.86315
6.258 0.0497873 5.01247e-10 96 5.92035
6.29825 1.01698 1.00437e-08 72 6.03531
6.31827 0.055694 5.4482e-10 96 6.09306
6.35814 0.763251 7.32685e-09 24 6.20912
6.37797 0.198526 1.88803e-09 192 6.26742
6.39775 0.113973 1.07389e-09 108 6.3259
6.41747 0.153327 1.43142e-09 24 6.38457
6.43712 0.36168 3.34572e-09 96 6.44341
6.45672 0.0847976 7.77298e-10 96 6.50243
6.47625 0.0437488 3.97406e-10 120 6.56163
6.51515 0.116106 1.03591e-09 48 6.68057
6.53451 6.27073 5.54522e-08 78 6.74031
6.55382 11.5306 1.01067e-07 144 6.80023
6.57306 11.5805 1.00615e-07 120 6.86032
6.59226 0.0105889 9.11989e-11 24 6.92058
6.61139 3.09102 2.63914e-08 168 6.98102
6.63047 4.12268 3.48968e-08 144 7.04164
6.66847 0.169883 1.41355e-09 24 7.1634
6.68739 2.52577 2.08383e-08 48 7.22453
6.70625 2.06744 1.69135e-08 96 7.28584
6.72506 1.98907 1.61362e-08 120 7.34733
6.74382 0.107948 8.68433e-10 72 7.40898
6.76253 0.152339 1.21541e-09 120 7.47081
6.78118 1.17711 9.31409e-09 144 7.53281
6.81834 0.0897872 6.98904e-10 48 7.65732
6.83684 0.436704 3.37178e-09 192 7.71983
6.8553 0.8451 6.47245e-09 144 7.7825
6.8737 0.542062 4.11829e-09 48 7.84535
6.91036 0.315924 2.36222e-09 192 7.97155
6.92862 0.151152 1.12128e-09 48 8.0349
6.96499 0.0235234 1.71782e-10 8 8.1621
6.99816 0.27771 1.99931e-09 288 8.27926
7.01919 0.316568 2.25863e-09 96 8.35414
7.03717 101.657 7.19756e-07 54 8.41849
7.0551 78.7367 5.53233e-07 120 8.483
7.07298 35.091 2.44697e-07 120 8.54767
7.10861 12.7523 8.75937e-08 84 8.67751
7.12636 13.3011 9.06824e-08 144 8.74267
7.14407 0.555568 3.75959e-09 72 8.80799
7.16173 0.517148 3.47377e-09 96 8.87348
7.19106 5.77274 3.83039e-08 144 8.98295
7.21445 1.66108 1.09149e-08 240 9.07091
7.24939 0.497114 3.21952e-09 24 9.20333
7.2668 0.951492 6.11809e-09 240 9.26978
7.28416 0.126946 8.10437e-10 96 9.33639
7.31012 1.13759 7.18544e-09 144 9.43656
7.33601 1.25636 7.85192e-09 96 9.53717
7.35321 1.17874 7.31525e-09 72 9.60441
7.38749 0.796623 4.87531e-09 96 9.73936
7.40457 0.103937 6.31698e-10 96 9.80708
7.42916 0.208756 1.2562e-09 216 9.90512
7.4725 0.706533 4.17806e-09 192 10.0795
7.48939 1.6392 9.6279e-09 144 10.148
7.52305 0.100832 5.84328e-10 48 10.2854
7.53982 92.6593 5.33391e-07 150 10.3544
7.55656 182.139 1.04153e-06 96 10.4235
7.57326 50.7204 2.88121e-07 120 10.4927
7.60179 15.9175 8.94059e-08 168 10.6118
7.62314 16.3927 9.13039e-08 240 10.7014
7.65621 0.452759 2.48923e-09 24 10.8413
7.68256 2.95166 1.60616e-08 360 10.9536
7.70555 13.9453 7.52069e-08 48 11.0523
7.72193 0.245756 1.31694e-09 72 11.1229
7.74479 1.863 9.89518e-09 240 11.222
7.81103 1.96494 1.01733e-08 276 11.5124
7.83561 1.9256 9.87615e-09 104 11.6214
7.85172 1.45427 7.41296e-09 72 11.6932
7.87519 1.66794 8.42628e-09 312 11.7984
7.91582 1.00039 4.97647e-09 96 11.9819
7.93971 0.938112 4.62466e-09 288 12.0908
7.96355 1.39172 6.7994e-09 168 12.2
7.99521 2.19498 1.05969e-08 48 12.3461
8.011 0.798267 3.83114e-09 192 12.4194
8.05769 172.67 8.14375e-07 198 12.6378
8.07383 105.274 4.93539e-07 96 12.7139
8.09726 13.7797 6.40422e-08 192 12.8249
8.12064 20.7262 9.54967e-08 216 12.9363
8.13618 1.09478 5.01539e-09 72 13.0107
8.16717 17.6401 7.98959e-08 96 13.16
8.19364 10.1282 4.54296e-08 336 13.2884
8.21345 0.205221 9.13873e-10 48 13.385
8.24287 4.54577 2.00268e-08 288 13.5293
8.25946 2.22761 9.75492e-09 192 13.6112
8.29 4.45226 1.92822e-08 48 13.7627
8.30522 8.04044 3.46311e-08 96 13.8387
8.32731 1.63154 6.97147e-09 264 13.9494
8.35073 4.51497 1.91303e-08 96 14.0674
8.3764 1.36039 5.71125e-09 240 14.1975
8.42353 1.75467 7.24359e-09 288 14.4385
8.44101 3.02417 1.24069e-08 96 14.5286
8.45596 0.441982 1.80366e-09 72 14.6059
8.49216 1.0208 4.1127e-09 336 14.7943
8.54127 174.907 6.92594e-07 138 15.0525
8.5599 77.7278 3.0578e-07 240 15.1512
8.57955 64.9546 2.53779e-07 144 15.2558
8.61048 37.0141 1.43062e-07 384 15.4214
8.65698 8.13888 3.09532e-08 312 15.6725
8.67717 17.7316 6.69659e-08 72 15.7824
8.69499 8.7784 3.29494e-08 248 15.8799
8.72942 5.74924 2.13253e-08 240 16.0693
8.76409 2.64699 9.70222e-09 24 16.2615
8.77849 2.6293 9.59005e-09 192 16.3418
8.79618 4.28502 1.5535e-08 312 16.4408
8.83014 2.80164 1.00404e-08 240 16.6319
8.85015 1.25155 4.45487e-09 96 16.7453
8.87865 1.32974 4.68775e-09 48 16.9076
8.90372 9.28524 3.24577e-08 408 17.0512
8.92124 3.26501 1.13461e-08 144 17.152
8.94951 14.2914 4.91944e-08 120 17.3157
8.96362 8.41744 2.88383e-08 144 17.3977
9.00452 3.06759 1.0367e-08 264 17.6369
9.02681 3.67057 1.23132e-08 192 17.7682
9.04779 29.3764 9.78614e-08 102 17.8924
9.07025 72.0376 2.382e-07 432 18.0259
9.10347 96.9428 3.17055e-07 48 18.2247
9.12079 15.0492 4.8939e-08 384 18.329
9.1519 8.6451 2.78276e-08 144 18.5172
9.18009 18.8707 6.01848e-08 264 18.6888
9.22295 14.5792 4.58526e-08 144 18.9518
9.24727 24.0115 7.49237e-08 324 19.1021
9.28041 19.4471 6.00334e-08 384 19.3082
9.29572 11.2626 3.45963e-08 216 19.4039
9.32887 12.3388 3.74996e-08 216 19.6123
9.35667 11.1863 3.36947e-08 240 19.7881
9.39037 9.39098 2.79836e-08 168 20.0027
9.40381 6.46586 1.91847e-08 240 20.0887
9.44254 2.63645 7.72668e-09 216 20.3379
9.46184 2.57819 7.5098e-09 288 20.4629
9.48939 4.55281 1.31463e-08 240 20.6422
9.51068 2.52737 7.24895e-09 72 20.7814
9.54398 7.84714 2.22722e-08 246 21.0005
9.56795 59.7569 1.68334e-07 320 21.1591
9.60101 36.7217 1.02379e-07 288 21.3792
9.61635 126.038 3.49712e-07 144 21.4818
9.65568 27.9677 7.66561e-08 288 21.7465
9.67622 29.223 7.9588e-08 336 21.8855
9.70415 11.2127 3.02744e-08 168 22.0756
9.72088 10.0119 2.68931e-08 336 22.19
9.75547 4.98378 1.32451e-08 288 22.4277
9.77625 14.3401 3.78681e-08 264 22.5713
9.81143 10.0971 2.63778e-08 240 22.8159
9.8243 1.36152 3.54291e-09 96 22.9058
9.86024 3.29515 8.48113e-09 120 23.1581
9.88236 6.50312 1.66257e-08 408 23.3143
9.91926 4.85289 1.22688e-08 456 23.5765
9.95206 75.522 1.89049e-07 108 23.8111
9.9705 74.4874 1.85427e-07 264 23.9437
9.99351 55.882 1.38152e-07 264 24.1099
10.025 17.3951 4.26001e-08 312 24.3386
10.0643 47.7336 1.15536e-07 270 24.6255
10.0807 35.1636 8.46956e-08 240 24.7464
10.1103 28.7765 6.87054e-08 384 24.9648
10.1282 2.17857 5.17383e-09 192 25.098
10.1697 20.8248 4.88535e-08 432 25.4077
10.1904 9.39469 2.19053e-08 144 25.563
10.2213 7.39681 1.70908e-08 480 25.7966
10.2604 17.1698 3.92204e-08 216 26.0935
10.2853 5.76338 1.30697e-08 312 26.284
10.3082 97.7664 2.20234e-07 216 26.4597
10.335 170.221 3.8047e-07 192 26.667
10.3681 40.4819 8.96191e-08 624 26.924
10.3941 3.61318 7.93897e-09 120 27.1273
10.4163 21.0744 4.60098e-08 336 27.3015
10.4574 10.1616 2.19246e-08 176 27.6254
10.4747 14.4237 3.09669e-08 384 27.7625
10.5085 10.073 2.14181e-08 408 28.0323
10.5438 6.35453 1.33763e-08 144 28.3158
10.564 20.1752 4.22251e-08 486 28.4792
10.6035 32.494 6.72503e-08 96 28.7998
10.6154 13.5229 2.78931e-08 384 28.897
10.6571 45.074 9.1885e-08 492 29.2389
10.6866 156.569 3.16541e-07 384 29.482
10.7102 57.7923 1.16069e-07 168 29.6779
10.7506 28.6816 5.69572e-08 504 30.0147
10.7714 31.8034 6.27916e-08 240 30.1893
10.7949 24.8221 4.86878e-08 456 30.3877
10.836 7.20948 1.3981e-08 264 30.736
10.8632 20.9152 4.0256e-08 384 30.9679
10.8921 7.46548 1.42547e-08 432 31.2162
10.9282 7.66886 1.44987e-08 216 31.527
10.9474 5.35572 1.00722e-08 360 31.6939
10.9817 7.46706 1.39118e-08 312 31.9924
11.0218 205.195 3.78137e-07 240 32.3442
11.0425 113.891 2.08702e-07 414 32.5268
11.0763 64.0948 1.16381e-07 552 32.8262
11.1116 35.9263 6.46135e-08 360 33.1412
11.1349 21.3304 3.8122e-08 432 33.3505
11.1687 24.3634 4.31493e-08 480 33.6546
11.2059 23.6419 4.14552e-08 288 33.9926
11.2302 7.27498 1.26739e-08 312 34.2137
11.2562 18.4967 3.20009e-08 360 34.4519
11.2995 8.55016 1.46231e-08 576 34.8511
11.3354 25.8107 4.37248e-08 464 35.1845
11.3515 9.02869 1.523e-08 192 35.335
11.3899 171.868 2.86993e-07 396 35.6946
11.4181 82.1386 1.36146e-07 432 35.9603
11.4446 85.3229 1.40443e-07 240 36.2115
11.4797 29.422 4.79872e-08 624 36.5449
11.5178 16.0815 2.59692e-08 504 36.9103
11.5584 26.9756 4.31039e-08 198 37.3022
11.5777 19.0125 3.02285e-08 600 37.4888
11.6115 31.2766 4.92942e-08 384 37.8185
11.6469 30.4489 4.75528e-08 432 38.1659
11.6775 14.0175 2.17198e-08 336 38.4676
11.7053 21.8701 3.36464e-08 336 38.7429
11.7408 82.7159 1.26105e-07 744 39.0965
11.7788 71.4246 1.07841e-07 624 39.4771
11.8151 55.1182 8.2457e-08 192 39.8426
11.837 28.9454 4.30619e-08 432 40.0652
11.8692 25.7722 3.80305e-08 504 40.3925
11.9071 41.4728 6.06155e-08 336 40.7812
11.9357 40.1225 5.82214e-08 456 41.0757
11.961 12.5198 1.80524e-08 408 41.3376
11.9967 18.2386 2.60641e-08 696 41.7088
12.0375 19.1834 2.71366e-08 384 42.1357
12.0797 61.9695 8.67461e-08 330 42.5803
12.1079 124.43 1.72964e-07 624 42.8796
12.1368 65.5438 9.04607e-08 384 43.1869
12.1679 52.7459 7.22413e-08 728 43.5194
12.2048 66.9817 9.09075e-08 432 43.9174
12.2458 20.7001 2.78133e-08 696 44.3608
12.2726 58.2195 7.77143e-08 408 44.6527
12.3135 11.6474 1.53929e-08 456 45.1014
12.336 25.3976 3.33818e-08 408 45.3485
12.3706 16.7779 2.18676e-08 528 45.7315
12.4155 11.3766 1.46676e-08 576 46.231
12.4491 80.416 1.02841e-07 672 46.6077
12.4869 179.243 2.27151e-07 384 47.0337
12.5204 62.7393 7.88717e-08 600 47.4132
12.5516 74.1702 9.25496e-08 294 47.7677
12.5804 40.9616 5.0761e-08 600 48.098
12.6134 27.7411 3.41089e-08 768 48.4771
12.6565 26.8144 3.26336e-08 648 48.976
12.6923 29.3741 3.54474e-08 408 49.3924
12.7292 19.0511 2.27906e-08 552 49.8248
12.7636 43.5641 5.16945e-08 648 50.2301
12.8023 83.9915 9.87666e-08 348 50.688
12.8251 90.2777 1.05594e-07 744 50.9589
12.8679 70.1891 8.12801e-08 672 51.4713
12.9036 48.0843 5.52212e-08 456 51.9012
12.9334 19.2637 2.19708e-08 600 52.2607
12.9695 29.1886 3.3013e-08 744 52.6997
13.006 21.637 2.42662e-08 288 53.1466
13.0495 32.3353 3.59038e-08 704 53.6806
13.081 77.8082 8.57715e-08 678 54.0708
13.1208 69.6459 7.60767e-08 648 54.5662
13.1596 64.324 6.96435e-08 648 55.0519
13.1964 61.9786 6.6545e-08 696 55.5145
13.2284 49.6789 5.29532e-08 696 55.9191
13.2734 45.7613 4.82832e-08 552 56.4915
13.3052 31.1995 3.26829e-08 840 56.8994
13.3506 67.8166 7.03196e-08 600 57.4831
13.3849 71.4712 7.3541e-08 696 57.9271
13.4246 33.3644 3.40266e-08 672 58.4447
13.4567 30.3396 3.07212e-08 552 58.8642
13.5 25.4772 2.55501e-08 492 59.4345
13.5339 82.5358 8.21519e-08 840 59.8832
13.5717 60.9993 6.02094e-08 606 60.3866
13.6079 65.7251 6.43573e-08 936 60.8715
13.6493 68.0639 6.60427e-08 528 61.4288
13.6785 106.546 1.02723e-07 696 61.8233
13.7222 56.5921 5.40412e-08 648 62.4181
13.7547 34.5981 3.28049e-08 936 62.8628
13.799 27.153 2.54985e-08 384 63.4721
13.8245 33.4387 3.12276e-08 864 63.825
13.8698 41.5532 3.8427e-08 768 64.4536
13.9077 68.687 6.30012e-08 528 64.984
13.9468 92.5842 8.4208e-08 776 65.5335
13.985 70.0343 6.31782e-08 960 66.0729
14.0235 32.3486 2.8942e-08 696 66.6204
14.0543 70.649 6.27936e-08 582 67.0611
14.104 72.4363 6.37044e-08 1008 67.7746
14.1396 43.8891 3.83072e-08 408 68.2898
14.1747 39.7103 3.44032e-08 960 68.7993
14.2207 81.1737 6.96451e-08 852 69.4712
14.2588 89.6138 7.62725e-08 912 70.0305
14.3027 59.0004 4.97552e-08 1032 70.68
14.3334 43.2797 3.62643e-08 384 71.1354
14.3782 48.6716 4.04017e-08 864 71.8053
14.4126 47.704 3.93156e-08 840 72.3219
14.4524 36.173 2.95669e-08 912 72.9219
14.5014 53.163 4.30148e-08 792 73.6667
14.5381 74.5602 5.98723e-08 744 74.2268
14.583 118.506 9.42843e-08 726 74.9171
14.6171 86.6268 6.84398e-08 984 75.4438
14.6557 79.9825 6.26926e-08 912 76.0429
14.6984 48.5504 3.77246e-08 1104 76.7092
14.7399 50.0539 3.85651e-08 744 77.3612
14.79 42.3089 3.22675e-08 968 78.1531
14.8189 77.1013 5.84595e-08 672 78.6116
14.8602 90.0913 6.77402e-08 984 79.2714
14.9075 64.2169 4.78271e-08 840 80.0305
14.945 52.7854 3.90182e-08 1092 80.6357
14.993 54.8694 4.01704e-08 840 81.415
15.0265 40.9464 2.97771e-08 720 81.9621
15.0728 81.1572 5.84776e-08 1110 82.7214
15.1154 165.954 1.18569e-07 1056 83.4253
15.1542 83.2647 5.90342e-08 888 84.0693
15.1982 62.8269 4.41581e-08 936 84.8037
15.2384 49.3868 3.44375e-08 912 85.479
15.2828 63.783 4.40897e-08 1104 86.2279
15.3261 72.4345 4.96468e-08 912 86.963
15.3668 81.0195 5.50904e-08 1104 87.6584
15.413 81.5871 5.49792e-08 1128 88.4511
15.4559 57.6459 3.85237e-08 768 89.1909
15.4907 54.4721 3.61581e-08 888 89.7945
15.5324 101.539 6.6858e-08 1224 90.5232
15.5906 107.47 6.99746e-08 750 91.5437
15.6187 90.6989 5.87365e-08 1092 92.0395
15.6685 100.429 6.44199e-08 1472 92.922
15.7176 79.616 5.05922e-08 792 93.7986
15.755 120.967 7.63224e-08 1080 94.4704
15.7999 83.7478 5.23901e-08 1584 95.2806
15.8457 76.4834 4.74318e-08 624 96.1121
15.8875 62.8479 3.86689e-08 1248 96.8745
15.9288 35.6756 2.17802e-08 888 97.6315
15.9759 134.374 8.13136e-08 912 98.4994
16.0166 103.76 6.23102e-08 1368 99.2546
16.0594 103.139 6.14431e-08 960 100.053
16.1064 120.779 7.13236e-08 1542 100.934
16.1587 79.2233 4.63309e-08 1152 101.921
16.2027 165.651 9.6089e-08 1008 102.755
16.2458 109.24 6.2864e-08 1248 103.576
16.2838 82.4483 4.71143e-08 1056 104.306
16.329 104.594 5.92745e-08 1188 105.177
16.3776 67.8648 3.81181e-08 1152 106.119
16.4263 120.064 6.68395e-08 1560 107.068
16.4754 104.846 5.78474e-08 1128 108.031
16.5151 76.6195 4.19698e-08 1152 108.814
16.5586 85.4167 4.6421e-08 920 109.675
16.6046 131.699 7.09797e-08 1470 110.593
16.6539 196.345 1.04885e-07 1200 111.58
16.7007 114.133 6.0457e-08 1440 112.524
16.7407 97.8953 5.14849e-08 1224 113.334
16.7902 63.8846 3.33021e-08 1296 114.342
16.8432 94.9688 4.90399e-08 1560 115.428
16.8896 203.286 1.04108e-07 1272 116.386
16.9285 106.4 5.4116e-08 1080 117.192
16.975 76.0301 3.8353e-08 1368 118.159
17.0245 110.681 5.53471e-08 1248 119.195
17.0763 115.539 5.72515e-08 1194 120.288
17.1189 186.463 9.17077e-08 1752 121.19
17.1714 145.139 7.07309e-08 1392 122.308
17.2134 98.9172 4.78534e-08 1440 123.208
17.266 119.513 5.72896e-08 1488 124.342
17.3158 148.193 7.04275e-08 1248 125.42
17.3578 156.874 7.40131e-08 1512 126.335
17.4059 123.799 5.79256e-08 1112 127.388
17.4584 105.734 4.90276e-08 1848 128.544
17.5012 113.156 5.20858e-08 1224 129.491
17.5513 144.566 6.59743e-08 1536 130.609
17.6038 151.514 6.85281e-08 1638 131.784
17.652 152.796 6.85442e-08 1392 132.868
17.7 138.586 6.16655e-08 1632 133.955
17.756 142.147 6.26529e-08 1452 135.231
17.7986 132.204 5.78532e-08 1680 136.207
17.8449 169.771 7.37157e-08 1320 137.273
17.893 140.052 6.03221e-08 1752 138.386
17.9488 112.597 4.80462e-08 1776 139.685
18.0029 184.502 7.80212e-08 1104 140.951
18.0415 157.215 6.60569e-08 1728 141.859
18.0953 170.981 7.12015e-08 1446 143.133
18.1443 148.624 6.13915e-08 1920 144.298
18.201 156.274 6.39499e-08 1896 145.656
18.2474 175.67 7.13407e-08 1176 146.771
18.2919 179.19 7.22397e-08 1856 147.849
18.3431 138.848 5.55089e-08 1896 149.093
18.3976 95.4575 3.7824e-08 1464 150.426
18.4552 152.491 5.98587e-08 1968 151.843
18.5038 212.766 8.28632e-08 1548 153.046
18.5557 130.447 5.03786e-08 1944 154.337
18.6063 152.086 5.8257e-08 1470 155.604
18.6575 168.207 6.39037e-08 1920 156.891
18.7093 200.235 7.54408e-08 2184 158.203
18.7648 154.38 5.76496e-08 1464 159.615
18.809 135.079 5.00874e-08 1608 160.745
18.8624 141.47 5.2013e-08 1944 162.119
18.9166 246.463 8.98388e-08 1872 163.519
18.9683 153.683 5.55625e-08 2256 164.863
19.021 126.871 4.54882e-08 1632 166.243
19.0776 137.292 4.87881e-08 1542 167.73
19.1277 215.821 7.60933e-08 2216 169.055
19.1825 181.82 6.35577e-08 2052 170.511
19.2349 161.202 5.58912e-08 1680 171.912
19.2854 171.308 5.89295e-08 2280 173.27
19.3414 190.806 6.50679e-08 1968 174.785
19.3966 176.448 5.96596e-08 2016 176.286
19.4477 138.876 4.65867e-08 1968 177.682
19.5069 151.088 5.02228e-08 1920 179.312
19.5637 212.808 7.01258e-08 2400 180.88
19.6219 218.027 7.12083e-08 1974 182.499
19.6656 154.727 5.01974e-08 1944 183.724
19.7215 204.77 6.58698e-08 1920 185.294
19.7735 187.962 5.99875e-08 2280 186.762
19.826 189.722 6.00693e-08 1968 188.255
19.8834 178.802 5.61233e-08 2220 189.894
19.9402 208.021 6.47377e-08 2352 191.527
19.9979 198.616 6.12772e-08 1968 193.195
20.0514 171.185 5.23928e-08 2504 194.749
20.1114 241.656 7.33014e-08 2118 196.502
20.1661 182.227 5.4826e-08 2352 198.11
20.2215 184.098 5.49351e-08 2136 199.747
20.2758 256.937 7.60555e-08 2112 201.361
20.3301 201.91 5.92896e-08 2472 202.983
20.3859 207.894 6.0547e-08 2376 204.658
20.4424 171.832 4.96305e-08 2304 206.365
20.5033 188.936 5.40854e-08 2448 208.216
20.5597 228.221 6.47957e-08 2280 209.937
20.6226 214.296 6.02872e-08 2466 211.87
20.6734 219.617 6.13299e-08 2256 213.439
20.7288 210.559 5.83296e-08 2472 215.161
20.7863 209.545 5.75686e-08 2856 216.956
20.844 187.233 5.10128e-08 2112 218.768
20.9062 188.216 5.08244e-08 2720 220.732
20.9635 250.341 6.70469e-08 2136 222.553
21.0141 224.39 5.96638e-08 2736 224.168
21.0763 196.193 5.17061e-08 2376 226.163
21.1384 240.989 6.29532e-08 3126 228.17
21.2027 248.585 6.43491e-08 2568 230.257
21.2496 193.919 4.98662e-08 2112 231.79
21.3097 213.707 5.44914e-08 2748 233.76
21.3717 259.707 6.56455e-08 2928 235.808
21.4282 223.139 5.59576e-08 2640 237.682
21.4925 213.149 5.29736e-08 2856 239.83
21.5495 204.803 5.04967e-08 2352 241.742
21.6105 251.996 6.16085e-08 2910 243.8
21.6685 268.913 6.52176e-08 2784 245.769
21.731 246.208 5.91974e-08 2952 247.902
21.7905 263.023 6.27236e-08 2696 249.944
21.8483 258.47 6.115e-08 3264 251.938
21.9108 209.33 4.91018e-08 2472 254.105
21.9713 269.179 6.26202e-08 3024 256.217
22.0383 233.519 5.38307e-08 2964 258.567
22.0973 256.797 5.87236e-08 2910 260.65
22.1561 301.29 6.83512e-08 2880 262.736
22.2134 260.866 5.87235e-08 3216 264.78
22.2831 266.991 5.954e-08 3096 267.281
22.3394 256.216 5.67064e-08 2880 269.312
22.4021 275.099 6.03756e-08 2904 271.586
22.465 269.836 5.87248e-08 3504 273.879
22.5286 258.503 5.57832e-08 3168 276.212
22.5974 272.751 5.83217e-08 3054 278.751
22.6529 279.671 5.9363e-08 3032 280.809
22.7152 282.755 5.95248e-08 3000 283.134
22.7794 315.877 6.59375e-08 3780 285.539
22.8468 286.275 5.92304e-08 3504 288.084
22.9105 280.852 5.76255e-08 2904 290.498
22.9708 279.117 5.68197e-08 3336 292.798
23.0336 267.33 5.39759e-08 3144 295.208
23.0969 304.2 6.09166e-08 3414 297.648
23.1662 336.861 6.68536e-08 3552 300.335
23.2215 319.509 6.29579e-08 2928 302.492
23.2818 289.942 5.66893e-08 3840 304.853
23.3508 295.571 5.72788e-08 3312 307.573
23.4144 297.386 5.71626e-08 3432 310.09
23.4796 331.08 6.31101e-08 3596 312.69
23.5507 318.819 6.0224e-08 4224 315.54
23.6216 313.091 5.86111e-08 3294 318.398
23.6816 328.49 6.1028e-08 3792 320.828
23.7459 325.343 5.99532e-08 3528 323.451
23.8201 331.451 6.05102e-08 3984 326.491
23.8821 341.227 6.18108e-08 3768 329.048
23.9469 294.966 5.29982e-08 3672 331.734
24.0113 354.652 6.32115e-08 3384 334.415
24.0749 302.993 5.35769e-08 3648 337.082
24.145 366.083 6.4171e-08 4098 340.033
24.211 352.657 6.13129e-08 4008 342.832
24.2803 356.124 6.13871e-08 4032 345.784
24.3436 351.856 6.01796e-08 3800 348.494
24.4106 335.011 5.68284e-08 3816 351.378
24.4813 330.243 5.55358e-08 4248 354.439
24.548 373.489 6.22971e-08 3720 357.347
24.616 354.809 5.86926e-08 4254 360.322
24.6841 379.5 6.22588e-08 4224 363.321
24.7539 373.059 6.06856e-08 4368 366.413
24.8247 366.732 5.91476e-08 4104 369.566
24.8945 363.699 5.81666e-08 4500 372.69
24.9619 385.686 6.11844e-08 3480 375.728
25.03 380.609 5.98872e-08 5328 378.813
25.1021 359.863 5.61365e-08 3342 382.096
25.1673 401.136 6.20898e-08 4800 385.081
25.2417 388.766 5.96445e-08 4184 388.506
25.3083 396.191 6.0305e-08 5064 391.59
25.3801 386.188 5.82849e-08 4032 394.932
25.4501 391.234 5.85613e-08 4632 398.205
25.522 394.958 5.86204e-08 4680 401.59
25.5928 391.15 5.75747e-08 3924 404.941
25.6619 452.306 6.60399e-08 5166 408.231
25.7329 395.237 5.72311e-08 4800 411.629
25.8063 442.36 6.35092e-08 4560 415.163
25.8751 407.216 5.79988e-08 4584 418.491
25.947 435.624 6.15307e-08 4848 421.987
26.0156 406.799 5.70058e-08 4560 425.344
26.0959 451.435 6.26783e-08 5600 429.297
26.1678 432.48 5.95527e-08 4686 432.857
26.2409 455.737 6.22325e-08 5016 436.494
26.3159 434.606 5.88413e-08 4956 440.244
26.3821 448.51 6.02679e-08 4872 443.574
26.458 441.979 5.88805e-08 5376 447.415
26.5341 454.001 5.99632e-08 5088 451.286
26.6057 448.855 5.88063e-08 4710 454.948
26.6772 462.509 6.01092e-08 4848 458.627
26.7491 485 6.25254e-08 5976 462.345
26.825 465.966 5.9563e-08 5208 466.292
26.9003 464.32 5.88553e-08 5352 470.232
26.975 463.563 5.82724e-08 4820 474.16
27.0465 523.642 6.53045e-08 5760 477.938
27.1221 449.926 5.56428e-08 5166 481.962
27.1993 479.286 5.8771e-08 6168 486.084
27.2764 493.649 6.00204e-08 5136 490.23
27.3523 505.643 6.09678e-08 6240 494.337
27.4326 493.954 5.90369e-08 5568 498.705
27.507 501.871 5.94981e-08 5712 502.77
27.5818 503.895 5.92536e-08 5520 506.881
27.6605 532.615 6.20974e-08 5670 511.235
27.7351 529.779 6.12698e-08 6036 515.381
27.8136 526.224 6.03448e-08 6264 519.77
27.8936 528.07 6.00371e-08 5912 524.266
27.967 520.735 5.87379e-08 5736 528.419
28.0414 532.69 5.96097e-08 5400 532.644
28.1205 522.368 5.79622e-08 6342 537.17
28.2012 552.513 6.07825e-08 7032 541.806
28.2802 527.772 5.75759e-08 5448 546.369
28.3553 556.483 6.02263e-08 6528 550.738
28.4381 543.561 5.83158e-08 6468 555.575
28.5189 550.955 5.86083e-08 6528 560.32
28.5929 552.336 5.82998e-08 5568 564.698
28.6695 583.885 6.11375e-08 6798 569.246
28.7556 586.875 6.08999e-08 6560 574.393
28.8326 575.274 5.92195e-08 6888 579.015
28.9133 594.141 6.06506e-08 6624 583.894
28.9929 558.216 5.65157e-08 6288 588.726
29.0725 577.557 5.79943e-08 6960 593.594
29.1573 600.368 5.97605e-08 6570 598.802
29.2314 599.103 5.91824e-08 6600 603.378
29.315 603.922 5.91494e-08 7776 608.57
29.4037 588.099 5.70801e-08 7248 614.109
29.4863 611.655 5.88691e-08 6672 619.297
29.5638 623.452 5.95338e-08 6704 624.194
29.6425 632.014 5.9872e-08 6942 629.192
29.7261 664.171 6.23885e-08 7656 634.535
29.8087 619.248 5.76866e-08 7128 639.837
29.8956 663.357 6.12582e-08 7908 645.45
29.977 671.988 6.15513e-08 6648 650.735
30.0528 634.41 5.76705e-08 7320 655.686
30.1423 671.994 6.05446e-08 7638 661.561
30.2243 680.18 6.07847e-08 7416 666.975
30.3042 660.439 5.85549e-08 7752 672.278
30.3935 674.808 5.93033e-08 8448 678.237
30.4801 660.903 5.75873e-08 7280 684.056
30.5639 672.164 5.80885e-08 7668 689.707
30.6478 697.271 5.97643e-08 8094 695.409
30.7311 683.353 5.80963e-08 7656 701.094
30.8164 699.994 5.90186e-08 8160 706.945
30.9021 706.4 5.90643e-08 8472 712.863
30.9914 701.979 5.81888e-08 7896 719.06
31.0735 729.411 5.99845e-08 8088 724.791
31.1605 743.266 6.06138e-08 8286 730.892
31.2495 740.232 5.9852e-08 8676 737.172
31.3345 756.512 6.06716e-08 8120 743.208
31.4202 751.919 5.98112e-08 9024 749.323
31.5091 752.674 5.93659e-08 8160 755.701
31.5932 739.558 5.78668e-08 7944 761.768
31.6802 798.826 6.19909e-08 8982 768.076
31.7688 758.791 5.83926e-08 9528 774.541
31.8602 777.903 5.935e-08 8832 781.241
31.9516 787.982 5.96046e-08 8916 787.982
32.039 795.523 5.96836e-08 9240 794.471
32.1273 791.776 5.89143e-08 8496 801.054
32.2155 834.667 6.15971e-08 9422 807.669
32.303 821.011 6.00979e-08 8976 814.273
32.3931 811.931 5.89388e-08 9432 821.104
32.4832 827.772 5.95903e-08 9864 827.97
32.5757 827.648 5.9075e-08 9024 835.068
32.6663 834.677 5.90823e-08 9762 842.056
32.7552 844.443 5.92882e-08 9264 848.95
32.8445 856.502 5.9646e-08 10056 855.908
32.9357 876.203 6.05124e-08 9936 863.059
33.0325 864.028 5.91483e-08 9624 870.695
33.1183 890.922 6.05165e-08 9752 877.498
33.2122 900.892 6.06765e-08 10446 884.978
33.3054 886.375 5.91991e-08 10056 892.448
33.3956 913.005 6.04846e-08 9876 899.722
33.491 888.805 5.83797e-08 11160 907.454
33.5844 900.058 5.86269e-08 10128 915.069
33.6785 923.144 5.96279e-08 9726 922.784
33.7682 942.934 6.04222e-08 11112 930.175
33.8643 931.276 5.91688e-08 10776 938.136
33.9552 953.997 6.01268e-08 10232 945.711
34.0498 944.009 5.90027e-08 11184 953.639
34.1497 980.743 6.07623e-08 11058 962.058
34.2449 982.783 6.03825e-08 11472 970.123
34.3371 983.464 5.99388e-08 10464 977.982
34.4285 997.921 6.03366e-08 10584 985.815
34.5273 988.234 5.92393e-08 12504 994.328
34.6247 986.868 5.86598e-08 10560 1002.76
34.7179 995.966 5.8725e-08 11694 1010.88
34.8164 1012.94 5.92205e-08 11420 1019.51
34.9125 1041.88 6.04105e-08 12504 1027.98
35.0084 1045.15 6.01037e-08 10800 1036.47
35.1074 1045.09 5.95938e-08 12456 1045.29
35.2074 1043.87 5.90179e-08 12030 1054.24
35.3017 1070.9 6.00622e-08 11232 1062.74
35.397 1070.92 5.95797e-08 13176 1071.37
35.4985 1081.26 5.964e-08 11196 1080.62
35.593 1097.94 6.00793e-08 12720 1089.27
35.6922 1114.19 6.04613e-08 11918 1098.4
35.7902 1098.06 5.90981e-08 13392 1107.48
35.8939 1093.81 5.83607e-08 12600 1117.13
35.9941 1103.57 5.83909e-08 13200 1126.51
36.095 1133.48 5.94717e-08 12864 1136.01
36.1944 1133.43 5.89805e-08 12270 1145.42
36.2935 1152.68 5.94924e-08 13668 1154.85
36.3944 1161.46 5.94486e-08 13200 1164.51
36.4956 1170.32 5.94053e-08 13416 1174.25
36.5974 1185.29 5.96645e-08 12992 1184.1
36.6991 1193.93 5.96006e-08 13806 1194.01
36.7995 1214.74 6.01448e-08 13800 1203.83
36.901 1227.52 6.02777e-08 13056 1213.82
37.0014 1227.94 5.98086e-08 14364 1223.75
37.1043 1226.53 5.92445e-08 13248 1233.99
37.2078 1241.4 5.94634e-08 15054 1244.35
37.3141 1247.92 5.92661e-08 13680 1255.04
37.4145 1254.02 5.90777e-08 15152 1265.21
37.5223 1283.4 5.99423e-08 14376 1276.17
37.6238 1291.96 5.98548e-08 13932 1286.56
37.7292 1312.15 6.02822e-08 14910 1297.4
37.833 1325.47 6.03944e-08 15648 1308.14
37.937 1342.89 6.06866e-08 13680 1318.95
38.0425 1348.73 6.04444e-08 15816 1329.99
38.1491 1310.21 5.82278e-08 15030 1341.2
38.253 1382.16 6.09259e-08 15104 1352.19
38.3629 1371.31 5.99296e-08 16548 1363.87
38.4701 1400.47 6.06936e-08 15360 1375.34
38.5768 1416.54 6.08822e-08 15768 1386.81
38.6815 1398.33 5.96127e-08 14622 1398.14
38.7893 1410.36 5.96258e-08 17568 1409.86
38.9018 1428.27 5.98607e-08 16368 1422.16
39.0083 1444.06 6.0028e-08 15960 1433.88
39.1164 1409.75 5.81173e-08 15732 1445.83
39.2236 1460.68 5.97244e-08 17006 1457.75
39.332 1480.88 6.00508e-08 16680 1469.87
39.4453 1491.19 5.99493e-08 17712 1482.61
39.5528 1530.2 6.1018e-08 15576 1494.76
39.6569 1485.71 5.87782e-08 16974 1506.6
39.7703 1535.49 6.02296e-08 17436 1519.56
39.8799 1546.45 6.01606e-08 17952 1532.16
39.9925 1547.58 5.96977e-08 17448 1545.17
40.1016 1597.91 6.11373e-08 17336 1557.85
40.2155 1553.65 5.89403e-08 17958 1571.16
40.3272 1573.49 5.91982e-08 19056 1584.29
40.441 1566.2 5.84281e-08 17304 1597.74
40.5506 1597.37 5.91087e-08 18276 1610.77
40.6624 1606.02 5.89402e-08 17838 1624.13
40.7728 1652.9 6.01693e-08 18984 1637.39
40.8917 1652.36 5.96267e-08 19616 1651.75
41.0031 1680.15 6.01365e-08 18168 1665.29
41.1166 1682.05 5.97075e-08 19320 1679.16
41.2339 1675.36 5.89635e-08 19170 1693.57
41.3443 1688.92 5.89663e-08 19008 1707.21
41.4599 1728.52 5.98453e-08 20472 1721.57
41.5775 1721.16 5.9086e-08 19128 1736.27
41.6919 1772.07 6.03347e-08 19998 1750.63
41.807 1771.96 5.98338e-08 19808 1765.17
41.9229 1789.78 5.99359e-08 20724 1779.89
42.0406 1816.09 6.03072e-08 19896 1794.93
42.1535 1823.53 6.00692e-08 20304 1809.43
42.2743 1856.64 6.06373e-08 21030 1825.02
42.3896 1859.24 6.02278e-08 21168 1840
42.5074 1841.42 5.9156e-08 20736 1855.39
42.6266 1878.91 5.98557e-08 21356 1871.03
42.7476 1895.95 5.98868e-08 22206 1887.02
42.8656 1920.52 6.01632e-08 21360 1902.69
42.9842 1934.01 6.00858e-08 21456 1918.52
43.1015 1955.75 6.02665e-08 21648 1934.27
43.2214 1957.42 5.98174e-08 22326 1950.46
43.3419 1947.38 5.90154e-08 22212 1966.82
43.4591 1975.94 5.9398e-08 22128 1982.81
43.5787 1968.96 5.87023e-08 22640 1999.23
43.702 2014.25 5.95455e-08 23022 2016.25
43.8256 2048.25 6.00398e-08 24168 2033.41
43.9456 2039.74 5.93018e-08 22416 2050.16
44.069 2091.48 6.02968e-08 23700 2067.47
44.1919 2089.41 5.97361e-08 24222 2084.82
44.3139 2087.68 5.91949e-08 22776 2102.13
44.4338 2163.61 6.08527e-08 24296 2119.24
44.5585 2133.27 5.94966e-08 24648 2137.14
44.6804 2156.79 5.9662e-08 22926 2154.72
44.8026 2181.78 5.98607e-08 25476 2172.45
44.9299 2201.8 5.98979e-08 25608 2191.02
45.0543 2185.74 5.89697e-08 24576 2209.27
45.1805 2235.75 5.98151e-08 25134 2227.89
45.3051 2244.24 5.95483e-08 25928 2246.37
45.4322 2259.71 5.9457e-08 26136 2265.33
45.5594 2315.18 6.04076e-08 25644 2284.41
45.684 2326.18 6.01994e-08 25926 2303.2
45.8119 2323.69 5.96326e-08 26232 2322.6
45.9378 2331.19 5.93345e-08 27216 2341.81
46.0667 2370.86 5.9839e-08 26736 2361.58
46.1982 2326.38 5.82165e-08 27698 2381.85
46.3248 2342.54 5.81417e-08 26640 2401.49
46.4497 2389.75 5.8836e-08 26880 2420.97
46.5822 2462.79 6.01183e-08 29160 2441.75
46.7132 2469.65 5.978e-08 27318 2462.4
46.8402 2475.3 5.94305e-08 27984 2482.55
46.9703 2497.91 5.94765e-08 28364 2503.29
47.0985 2523.59 5.95988e-08 28464 2523.83
47.2319 2538.02 5.94333e-08 28974 2545.34
47.3611 2560.8 5.94772e-08 28920 2566.28
47.4908 2577.67 5.93796e-08 29640 2587.44
47.6245 2647.01 6.04651e-08 28884 2609.34
47.7555 2644.69 5.99164e-08 30558 2630.93
47.8909 2672.45 6.0033e-08 30776 2653.38
48.0219 2699.16 6.01381e-08 29040 2675.21
48.1534 2691.07 5.94681e-08 30984 2697.25
48.289 2730.81 5.98392e-08 30930 2720.1
48.4252 2745.11 5.96464e-08 32712 2743.19
48.5604 2773.32 5.97575e-08 30528 2766.23
48.6924 2799.71 5.9837e-08 30326 2788.84
48.8276 2835.08 6.00908e-08 33624 2812.14
48.9655 2882.24 6.0576e-08 31824 2836.02
49.0996 2871.82 5.98638e-08 31860 2859.39
49.2378 2878 5.94887e-08 33942 2883.61
49.3741 2913.74 5.97302e-08 31848 2907.62
49.5082 2922.54 5.94248e-08 33624 2931.38
49.6475 2971.22 5.99077e-08 33512 2956.19
49.7851 3005.62 6.01001e-08 33594 2980.84
49.9236 2979.09 5.90751e-08 34944 3005.79
50.0623 3055.56 6.00893e-08 33624 3030.91
50.2003 3024.24 5.89844e-08 34710 3056.04
50.3385 3081.33 5.96042e-08 34704 3081.35
50.4781 3083.43 5.91514e-08 35468 3107.06
50.6192 3141.34 5.97597e-08 36096 3133.19
50.7626 3159.26 5.95928e-08 35958 3159.89
50.903 3204.35 5.99445e-08 36576 3186.19
51.0437 3240.2 6.01152e-08 35976 3212.68
51.1847 3250.82 5.98151e-08 36396 3239.37
51.3277 3269.04 5.96493e-08 38030 3266.6
51.4685 3336.92 6.03895e-08 35784 3293.55
51.6102 3358.22 6.02756e-08 38712 3320.84
51.7563 3337.54 5.93986e-08 38310 3349.12
51.8999 3422.58 6.0408e-08 37596 3377.06
52.0406 3411.18 5.97197e-08 39000 3404.6
52.1873 3434.91 5.96294e-08 38552 3433.48
52.3328 3444.99 5.9307e-08 40206 3462.28
52.4775 3500.73 5.97696e-08 39072 3491.07
52.6254 3547 6.00504e-08 41340 3520.67
52.7728 3540.75 5.94437e-08 39342 3550.34
52.9159 3583.28 5.96709e-08 40176 3579.3
53.063 3600.73 5.94643e-08 41768 3609.23
53.21 3584.67 5.87094e-08 40206 3639.33
53.3579 3697.05 6.0048e-08 42300 3669.75
53.5058 3742.19 6.02785e-08 42360 3700.36
53.6529 3744.23 5.98167e-08 40488 3730.96
53.8016 3770.97 5.97458e-08 44406 3762.06
53.9538 3836.83 6.02763e-08 43076 3794.08
54.1012 3808.05 5.93365e-08 42600 3825.26
54.2539 3895.96 6.0195e-08 45486 3857.75
54.4068 3877.03 5.93989e-08 43848 3890.46
54.554 3951.21 6.00467e-08 43248 3922.12
54.7042 3971.32 5.98566e-08 44988 3954.6
54.8585 3949.78 5.9031e-08 46454 3988.16
55.0108 4011.19 5.94523e-08 44928 4021.46
55.1648 4106.37 6.03547e-08 47256 4055.34
55.3178 4059.41 5.9171e-08 45126 4089.16
55.4713 4154.77 6.00595e-08 48084 4123.31
55.6247 4169.2 5.9771e-08 46320 4157.6
55.7806 4228.75 6.01176e-08 47894 4192.67
55.9325 4230.04 5.96473e-08 47160 4227.02
56.0862 4252.54 5.94731e-08 48228 4261.95
56.246 4316.34 5.98524e-08 50598 4298.48
56.4009 4357.04 5.99201e-08 47328 4334.1
56.556 4371.44 5.9625e-08 50696 4369.95
56.7134 4351.22 5.88565e-08 49344 4406.53
56.8734 4456.44 5.97725e-08 51570 4443.93
57.0306 4467.63 5.94283e-08 50832 4480.89
57.1888 4550.18 6.00254e-08 50424 4518.28
57.3474 4586.53 6.00044e-08 52686 4555.98
57.5064 4658.72 6.04446e-08 51092 4593.99
57.6651 4647.5 5.98025e-08 53376 4632.12
57.8263 4666.08 5.95408e-08 52374 4671.08
57.9846 4738.72 5.99741e-08 52848 4709.53
58.1458 4768.06 5.98448e-08 55488 4748.93
58.3113 4833.24 6.0148e-08 54098 4789.58
58.4692 4883.24 6.0279e-08 53688 4828.61
58.6308 4902.91 6.00227e-08 55296 4868.76
58.7939 4877.08 5.92111e-08 56358 4909.5
58.9603 4938.31 5.94481e-08 57468 4951.31
59.1239 5051.54 6.03078e-08 56000 4992.64
59.2895 5003.71 5.92378e-08 57774 5034.69
59.4537 5078.38 5.96249e-08 57648 5076.65
59.6174 5151.04 5.99813e-08 57480 5118.7
59.7831 5182.22 5.98438e-08 58122 5161.51
59.9471 5287.91 6.05648e-08 59208 5204.08
60.1145 5251.88 5.96509e-08 60032 5247.81
60.2829 5323.26 5.99562e-08 60366 5292.05
60.4503 5348.12 5.97373e-08 60444 5336.25
60.6167 5420.26 6.00459e-08 60912 5380.43
60.786 5482.54 6.02299e-08 61422 5425.63
60.9547 5541.65 6.03748e-08 63032 5470.95
61.1246 5539.83 5.98533e-08 62052 5516.82
61.2949 5591.27 5.99071e-08 64038 5563.05
61.4635 5648.38 6.00222e-08 61632 5609.09
61.6312 5726.9 6.03611e-08 64896 5655.13
61.8052 5736.59 5.99541e-08 64874 5703.15
61.974 5782.82 5.99447e-08 64200 5750.02
62.1478 5810.23 5.97248e-08 68016 5798.54
62.3225 5886.97 6.00062e-08 65694 5847.57
62.4947 5909.96 5.9744e-08 67212 5896.17
62.6679 5961.31 5.9765e-08 67088 5945.32
62.8408 6059.4 6.02481e-08 67182 5994.68
63.0147 6113.52 6.02846e-08 69768 6044.56
63.1896 6158.58 6.0226e-08 67524 6095.04
63.3643 6128.17 5.94341e-08 70758 6145.75
63.5397 6234.79 5.9969e-08 69488 6196.91
63.7157 6262.53 5.9738e-08 71640 6248.55
63.895 6404.68 6.05809e-08 72042 6301.47
64.073 6428.74 6.03033e-08 72960 6354.27
64.2495 6489.35 6.03715e-08 70416 6406.93
64.4294 6554.96 6.04725e-08 76790 6460.9
64.6097 6579.3 6.01904e-08 72348 6515.27
64.7874 6687.86 6.06814e-08 74094 6569.18
64.966 6686.83 6.01729e-08 74976 6623.68
65.1456 6743.93 6.01862e-08 76200 6678.77
65.3291 6812.75 6.02897e-08 77114 6735.34
65.5098 6848.13 6.01026e-08 76872 6791.39
65.6917 6899.67 6.00533e-08 77784 6848.13
65.8753 6928.44 5.9801e-08 78654 6905.69
66.0578 7018.34 6.00763e-08 79380 6963.25
66.2409 7079.25 6.00964e-08 79256 7021.32
66.4249 7141.18 6.01198e-08 80094 7079.99
66.6071 7216.7 6.02581e-08 80760 7138.43
66.7946 7303.21 6.04685e-08 83034 7198.88
66.9809 7254.75 5.95674e-08 82664 7259.29
67.1658 7463.09 6.07736e-08 81864 7319.54
67.3508 7466.99 6.03056e-08 83334 7380.2
67.5384 7469.43 5.98238e-08 85980 7442.06
67.726 7621.88 6.0539e-08 84144 7504.24
67.9148 7693.24 6.05977e-08 86486 7567.17
68.1019 7758.88 6.06123e-08 86016 7629.89
68.2924 7752.93 6.00604e-08 88290 7694.1
68.4818 7793.44 5.98748e-08 87672 7758.27
68.6708 7890.26 6.01193e-08 88608 7822.71
68.8613 7979.93 6.02996e-08 88682 7887.97
69.0517 8046.16 6.02982e-08 91200 7953.6
69.2463 8110.85 6.0272e-08 92568 8021.04
69.4391 8209.67 6.04997e-08 91014 8088.21
69.6314 8269.43 6.04367e-08 92828 8155.58
69.8244 8311.3 6.02402e-08 93054 8223.62
70.0163 8423.01 6.05493e-08 92568 8291.6
70.2106 8399.59 5.98812e-08 96768 8360.8
70.4081 8520.4 6.02326e-08 95658 8431.57
70.6024 8671.41 6.07955e-08 96368 8501.56
70.8004 8738.73 6.07549e-08 98526 8573.28
70.9949 8739.65 6.02631e-08 95436 8644.15
71.1912 8876.03 6.06987e-08 101472 8716.05
71.3912 8974.37 6.08568e-08 98582 8789.72
71.5863 8937.09 6.01099e-08 99984 8861.98
71.7853 9090.42 6.0634e-08 101298 8936.09
71.9865 9161.85 6.05997e-08 104952 9011.41
72.1863 9266.94 6.07872e-08 100568 9086.66
72.3863 9299.27 6.04951e-08 105942 9162.39
72.5888 9394.64 6.06052e-08 104892 9239.53
72.7887 9451.48 6.04711e-08 103734 9316.05
72.9889 9544.81 6.0567e-08 107160 9393.16
73.1931 9590.29 6.03477e-08 108788 9472.2
73.3965 9652.18 6.02337e-08 107070 9551.38
73.5998 9804.48 6.06785e-08 110760 9630.97
73.8048 9856.59 6.0494e-08 109182 9711.68
74.0101 9979.94 6.07428e-08 112820 9792.95
74.2153 10069.3 6.07798e-08 110280 9874.65
74.4211 10168.6 6.0871e-08 114678 9957.01
74.6281 10237.8 6.0777e-08 112668 10040.3
74.835 10334.4 6.08434e-08 116030 10124
75.0455 10397.8 6.07025e-08 118032 10209.7
75.2528 10421.8 6.03414e-08 113700 10294.6
75.4597 10560.1 6.06402e-08 118566 10379.7
75.6704 10661.9 6.07151e-08 119840 10466.9
75.8801 10678 6.03037e-08 118278 10554.2
76.0893 10867.2 6.08678e-08 120852 10641.7
76.3009 10911.1 6.06063e-08 122166 10730.7
76.5134 11037.4 6.07989e-08 123296 10820.6
76.7256 11036.1 6.02885e-08 123300 10910.9
76.9392 11200.4 6.06776e-08 126174 11002.3
77.1528 11259.9 6.04951e-08 124800 11094.2
77.3659 11442.6 6.09701e-08 126774 11186.4
77.5809 11450 6.05034e-08 128900 11279.9
77.7962 11575 6.06575e-08 127776 11374.1
78.0124 11669.7 6.0647e-08 132246 11469.1
78.2288 11846.2 6.10548e-08 129252 11564.9
78.4454 11926 6.09583e-08 133118 11661.2
78.6629 12043.9 6.10519e-08 133272 11758.4
78.8821 12152.1 6.10879e-08 134970 11857
79.1006 12215.9 6.09011e-08 136128 11955.8
79.3217 12329.4 6.09544e-08 137270 12056.4
79.5433 12491 6.12388e-08 139620 12157.7
79.7641 12497.7 6.07643e-08 138312 12259.2
79.9859 12618.3 6.08415e-08 140694 12361.8
80.2068 12745.6 6.09492e-08 140888 12464.5
80.4299 12925.2 6.12949e-08 143034 12568.8
80.6531 13013.3 6.12018e-08 143688 12673.7
80.8755 13028.4 6.07689e-08 143510 12778.8
81.0998 13218.9 6.11472e-08 147828 12885.4
81.3269 13262.7 6.08373e-08 147918 12994
81.5524 13451 6.11906e-08 148992 13102.4
81.7797 13521.1 6.09979e-08 150356 13212.3
82.0043 13651.6 6.10821e-08 147606 13321.4
82.2317 13795.1 6.12136e-08 156624 13432.5
82.4634 13927.3 6.12807e-08 153354 13546.4
82.6905 13931.8 6.07968e-08 153968 13658.6
82.9194 14152.4 6.12494e-08 155862 13772.3
83.1486 14280.8 6.12953e-08 157524 13886.9
83.3797 14405 6.13155e-08 159126 14003
83.6126 14597.6 6.16178e-08 162488 14120.7
83.8452 14600.2 6.11171e-08 159570 14238.9
84.0767 14795.8 6.1426e-08 164304 14357.1
84.3123 14851.5 6.11419e-08 165720 14478.1
84.5455 15065.6 6.15112e-08 162866 14598.6
84.7789 15161.9 6.13946e-08 169056 14719.9
85.0154 15320.5 6.15204e-08 167502 14843.4
85.2505 15420.6 6.14118e-08 169964 14966.9
85.4866 15547.3 6.14047e-08 170478 15091.6
85.7246 15748 6.16807e-08 175200 15218
85.9642 15767.1 6.12406e-08 173130 15345.9
86.2012 15981 6.15606e-08 175712 15473.2
86.4415 16127.9 6.16097e-08 177438 15603
86.6808 16242.9 6.15368e-08 178092 15732.9
86.9209 16504.5 6.2011e-08 179694 15864
87.1623 16558.5 6.16988e-08 182504 15996.5
87.4047 16667.9 6.15906e-08 182394 16130.4
87.6463 16845 6.1732e-08 184464 16264.5
87.8898 17088.9 6.21067e-08 186398 16400.5
88.1346 17183.3 6.1931e-08 188844 16537.9
88.3785 17318.2 6.19016e-08 187230 16675.5
88.6241 17374.3 6.15872e-08 193776 16815
88.8723 17548.5 6.16851e-08 192218 16956.6
89.1173 17774 6.1964e-08 192408 17097.3
89.3636 17936.3 6.20142e-08 195510 17239.4
89.6121 18024.4 6.18017e-08 198404 17383.6
89.8624 18317.5 6.22834e-08 200310 17529.7
90.1125 18433.8 6.21585e-08 201216 17676.4
90.3629 18488.9 6.18273e-08 201618 17824.3
90.6136 18867.4 6.25707e-08 204680 17973
90.8637 18976 6.24129e-08 202758 18122.2
91.1165 19124.5 6.23791e-08 211812 18273.9
91.3704 19263.8 6.23109e-08 205718 18427.1
91.6219 19434.1 6.23456e-08 211452 18579.7
91.8766 19622.7 6.24286e-08 213150 18735.1
92.1337 19762.9 6.23498e-08 217512 18892.8
92.3907 20012.4 6.26115e-08 214754 19051.3
92.6443 20171.7 6.25932e-08 215424 19208.6
92.9029 20328.2 6.25533e-08 224574 19369.9
93.1615 20498.4 6.25534e-08 218588 19532.1
93.4187 20574.6 6.22686e-08 223902 19694.4
93.6773 20913.3 6.27708e-08 224952 19858.4
93.9391 21085.3 6.27596e-08 230258 20025.3
94.2003 21326 6.29494e-08 227544 20192.8
94.4611 21549.7 6.30845e-08 231018 20361
94.7234 21601.2 6.27112e-08 234504 20531.1
94.9866 21967.2 6.32451e-08 233102 20702.7
95.2488 22163.3 6.32843e-08 236892 20874.6
95.5133 22229.7 6.29478e-08 238830 21049
95.7779 22520.7 6.3245e-08 241232 21224.4
96.045 22683.3 6.31715e-08 243906 21402.5
96.3117 22860.1 6.31364e-08 244704 21581.3
96.5789 23206.4 6.35624e-08 246698 21761.4
96.8459 23486.8 6.37999e-08 248664 21942.4
97.1161 23443.4 6.3152e-08 253494 22126.5
97.3861 23710.3 6.33412e-08 251522 22311.6
97.6552 24112.7 6.38852e-08 255336 22497.1
97.9263 24204.6 6.35975e-08 257694 22685
98.1987 24489.8 6.38128e-08 260988 22874.8
98.4723 24822.6 6.41424e-08 261638 23066.6
98.7442 24892.2 6.37925e-08 262356 23258.1
99.0178 25242 6.4154e-08 266478 23452
99.2941 25465.6 6.41834e-08 272048 23648.9
99.5716 25495.9 6.37242e-08 269850 23847.7
99.847 25804.9 6.39642e-08 272544 24046.2
100.124 26115.7 6.41984e-08 275546 24247
100.401 26443.8 6.4469e-08 275334 24448.6
100.681 26685.8 6.45174e-08 285024 24653.8
100.963 26960.4 6.46363e-08 282242 24861.7
101.241 27161.2 6.45824e-08 280800 25067.7
101.521 27378.9 6.45628e-08 288330 25276.3
101.804 27774.1 6.49515e-08 290024 25487.8
102.087 27871 6.46378e-08 290598 25700.8
102.369 28173.7 6.48009e-08 293748 25914.6
102.654 28498.5 6.50023e-08 299582 26132
102.939 28726.7 6.49808e-08 295914 26350
103.223 29013.8 6.50897e-08 302352 26568.8
103.511 29385.1 6.53739e-08 305342 26791.8
103.798 29616 6.53431e-08 305532 27015.1
104.087 29929.9 6.54878e-08 310806 27241.1
104.375 30223.1 6.5582e-08 310436 27468.5
104.666 30484.3 6.5599e-08 318006 27698.6
104.957 30758.6 6.56414e-08 312846 27929.8
105.247 31103.8 6.58304e-08 322508 28162.2
105.54 31321.7 6.57403e-08 321318 28398.4
105.833 31848.6 6.62926e-08 327204 28635.5
106.127 32213.5 6.64967e-08 325766 28874.7
106.421 32271.3 6.60661e-08 330246 29115.1
106.717 32777.5 6.65452e-08 335868 29358.8
107.015 32924.9 6.62879e-08 336710 29605.4
107.311 33249.9 6.63898e-08 336636 29851.7
107.609 33751.2 6.68324e-08 343542 30101.1
107.907 34044.5 6.68563e-08 342092 30351.8
108.206 34412.7 6.702e-08 349446 30605.2
108.507 34661.4 6.69434e-08 350118 30861.6
108.808 35057.6 6.71493e-08 352628 31118.6
109.111 35411.8 6.72634e-08 359334 31379.7
109.414 35751.5 6.7347e-08 356364 31641.5
109.717 36265.7 6.7751e-08 362990 31905.1
110.021 36671.7 6.79425e-08 364062 32171.4
110.326 36961 6.79118e-08 369756 32439.9
110.632 37328.1 6.80188e-08 368726 32710.5
110.939 37656.1 6.8049e-08 375786 32983.3
111.248 38058.7 6.82057e-08 378600 33259.3
111.557 38488.4 6.84044e-08 379394 33537.1
111.866 39096.3 6.89091e-08 386568 33817.4
112.178 39411.9 6.88879e-08 386906 34100.8
112.489 39866.3 6.91066e-08 388950 34384.8
112.801 40217.8 6.91392e-08 394512 34671.6
113.114 40651.2 6.93045e-08 396818 34961.7
113.428 41030.4 6.93715e-08 401112 35253.7
113.744 41505 6.95912e-08 404850 35548.9
114.06 41974.6 6.97956e-08 405566 35845.9
114.375 42445.8 6.99969e-08 409308 36144
114.692 42943.1 7.0231e-08 413766 36445.6
115.011 43431.9 7.04422e-08 417050 36749.9
115.331 43949.4 7.0689e-08 425232 37057.9
115.653 44510.9 7.09968e-08 421862 37368.7
115.972 44877.7 7.09922e-08 426402 37679.1
116.295 45436 7.12789e-08 434688 37994.4
116.619 45890.4 7.13919e-08 436634 38313.6
116.942 46324.2 7.14718e-08 434784 38632.5
117.265 47102.7 7.20742e-08 441018 38953.5
117.591 47448.9 7.20027e-08 447350 39278.7
117.917 47957.5 7.21708e-08 449868 39607.2
118.245 48827.5 7.28715e-08 453206 39938
118.573 49222 7.28525e-08 456570 40271.3
118.902 49837.8 7.31521e-08 463824 40608
119.233 50107.8 7.29379e-08 463718 40948
119.564 50962.1 7.35684e-08 468186 41289.2
119.895 51514.9 7.37507e-08 473448 41633.9
120.229 52171.6 7.407e-08 479354 41982.9
120.563 52933.9 7.45297e-08 477702 42333.6
120.897 53532.4 7.47503e-08 485204 42685.9
121.234 53989.8 7.47621e-08 491454 43043.7
121.571 54657.7 7.50593e-08 491226 43403.7
121.908 55380.5 7.54231e-08 497648 43765.6
122.248 56269.1 7.59955e-08 504930 44132.9
122.587 56744.5 7.60033e-08 500358 44501.1
122.925 57490.1 7.63684e-08 508652 44870.3
123.267 58120.7 7.65652e-08 516390 45246
123.609 58856.1 7.68917e-08 515642 45623.9
123.951 59466.9 7.70483e-08 521880 46003.7
124.297 60529.4 7.77731e-08 530850 46389.2
124.642 61398.6 7.82359e-08 527054 46777
124.986 61763.4 7.80532e-08 534156 47165.1
125.334 62913.7 7.88457e-08 545150 47560.6
125.683 63729.5 7.92041e-08 543474 47959.3
126.031 64516.3 7.95208e-08 545310 48358
126.38 65351.2 7.98841e-08 555788 48761.1
126.732 66631.6 8.07723e-08 559542 49169.8
127.084 67280 8.08815e-08 564146 49581.2
127.437 68013.1 8.10861e-08 566520 49995
127.791 68944.9 8.15156e-08 573594 50412.9
128.146 69649.5 8.16657e-08 577718 50834.5
128.501 71042.3 8.26104e-08 579303 51258.1
128.858 71743.5 8.27351e-08 586232 51686
129.216 72415.6 8.28168e-08 585156 52118.7
129.575 73028.6 8.28266e-08 582704 52553.7
129.934 73632.3 8.28209e-08 584544 52991.8
130.295 74719.9 8.33472e-08 585204 53434.9
130.657 75251.2 8.32447e-08 582812 53881.1
131.019 76301.3 8.37075e-08 584472 54331
131.383 76952.2 8.37219e-08 584132 54785
131.748 77720 8.38575e-08 582540 55242.2
132.113 78380.3 8.38705e-08 582096 55702.9
132.481 79230.5 8.40765e-08 586412 56169.1
132.849 80125.8 8.4321e-08 581640 56639.1
133.218 81297.3 8.48451e-08 583304 57112.3
133.589 81545.1 8.43974e-08 583536 57590.3
133.959 82522.3 8.47022e-08 578204 58070.6
134.33 83415.6 8.49111e-08 582180 58554.8
134.704 84597.8 8.53997e-08 582144 59045
135.078 85261 8.5356e-08 578780 59538.3
135.452 86237.7 8.56208e-08 577524 60034.1
135.828 87445.4 8.61016e-08 579584 60534.9
136.206 88390.7 8.63094e-08 580752 61042
136.585 88755.1 8.59462e-08 576896 61552.7
136.963 89973.7 8.64061e-08 575412 62065.7
137.343 91321.7 8.69757e-08 575676 62583
137.724 91857.4 8.67606e-08 576392 63106.2
138.107 93002.5 8.71144e-08 574368 63633.4
138.49 93906.9 8.7234e-08 572624 64164.1
138.874 95065.5 8.75786e-08 574056 64700.1
139.26 95926.5 8.76385e-08 572864 65241.4
139.647 96781.3 8.76881e-08 568992 65785.6
140.034 97989.7 8.80476e-08 572024 66335
140.424 98802 8.80408e-08 569052 66890.1
140.814 100237 8.85792e-08 568236 67448.9
141.204 100743 8.82914e-08 563612 68010.8
141.595 102114 8.87525e-08 567216 68577.9
141.989 103587 8.92858e-08 564740 69151.8
142.383 104748 8.95381e-08 563940 69729.9
142.779 105790 8.96787e-08 562172 70312.6
143.176 107152 9.008e-08 561948 70900.7
143.574 108264 9.02601e-08 560084 71494.1
143.973 109695 9.06955e-08 556764 72091.1
144.371 110947 9.09733e-08 553976 72691.4
144.772 112127 9.11799e-08 556344 73298.1
145.174 113541 9.15642e-08 552420 73910.8
145.577 114795 9.1809e-08 552200 74528
145.981 116108 9.20899e-08 548880 75149.9
146.386 117525 9.24425e-08 548696 75777.4
146.793 118779 9.26544e-08 546948 76410.6
147.201 120253 9.30248e-08 547364 77050.6
147.61 121531 9.32347e-08 540792 77694.7
148.019 122737 9.33814e-08 540320 78341.9
148.43 124721 9.41056e-08 538668 78995.8
148.842 126008 9.42895e-08 537260 79655.3
149.255 127767 9.48136e-08 534912 80320.9
149.67 128767 9.47626e-08 534812 80992.9
150.085 131274 9.58084e-08 527424 81668.7
150.501 132647 9.60098e-08 528968 82349.4
150.919 134241 9.63597e-08 525312 83036.8
151.338 135981 9.67986e-08 525968 83731.3
151.759 137476 9.70518e-08 520272 84431.2
152.18 139148 9.7418e-08 520256 85136.6
152.603 141298 9.81044e-08 514536 85847.5
153.026 142989 9.84559e-08 515732 86564.5
153.452 145467 9.93321e-08 510624 87288.4
153.877 146065 9.89159e-08 507288 88016
154.304 148621 9.98136e-08 505904 88750.6
154.732 150732 1.00393e-07 502608 89491.6
155.163 152956 1.01028e-07 502280 90240.8
155.594 154539 1.01228e-07 496404 90995.1
156.026 156625 1.01745e-07 494156 91754.8
156.459 158668 1.02219e-07 490572 92520.7
156.893 160012 1.02231e-07 487856 93293.3
157.329 163895 1.03844e-07 485592 94073.1
157.765 165415 1.0394e-07 479840 94858.1
158.204 168072 1.04733e-07 480792 95651.3
158.644 170507 1.05369e-07 473276 96451.5
159.083 172332 1.05618e-07 469716 97254.5
159.525 174630 1.06139e-07 469388 98067
159.968 177060 1.06724e-07 463164 98886.5
160.412 179608 1.07364e-07 460964 99712.4
160.858 183227 1.08619e-07 456404 100546
161.304 185348 1.08967e-07 453096 101385
161.752 187690 1.0943e-07 447944 102232
162.2 191083 1.10486e-07 445104 103085
162.651 193675 1.11056e-07 440876 103947
163.103 196643 1.11823e-07 438372 104816
163.556 199176 1.12325e-07 431156 105692
164.009 202279 1.13132e-07 426816 106572
164.464 205768 1.14132e-07 424208 107461
164.921 208465 1.14668e-07 420060 108360
165.379 212009 1.15651e-07 414500 109266
165.838 215628 1.16652e-07 409044 110177
166.298 219049 1.17523e-07 406184 111096
166.761 222560 1.18415e-07 401808 112027
167.224 226039 1.19269e-07 394448 112962
167.687 230255 1.2049e-07 390564 113904
168.153 233159 1.20999e-07 386420 114855
168.62 238145 1.22562e-07 380148 115815
169.087 240664 1.22833e-07 375116 116781
169.557 245015 1.24018e-07 371108 117757
170.028 248154 1.24566e-07 363588 118741
170.5 254332 1.26609e-07 360704 119734
170.974 258473 1.27604e-07 352920 120734
171.449 261740 1.28147e-07 347888 121742
171.925 266183 1.29242e-07 342564 122760
172.402 270933 1.30459e-07 336104 123785
172.881 273421 1.30567e-07 329616 124819
173.36 281786 1.33448e-07 324044 125860
173.841 284019 1.33393e-07 317940 126910
174.324 290090 1.35115e-07 311516 127971
174.808 294892 1.36212e-07 306920 129041
175.294 298884 1.36911e-07 297936 130120
175.782 304005 1.38102e-07 293684 131209
176.27 309722 1.39533e-07 284568 132304
176.757 314014 1.40301e-07 276704 133404
177.248 319738 1.41673e-07 274896 134520
177.742 324927 1.42777e-07 263228 135646
178.234 329210 1.43463e-07 257720 136777
178.729 334165 1.44417e-07 250968 137919
179.225 338371 1.45023e-07 242276 139071
179.722 345405 1.46812e-07 236220 140232
180.221 348784 1.47021e-07 227624 141403
180.722 351392 1.46891e-07 221304 142586
181.225 356416 1.47756e-07 212204 143778
181.726 361163 1.48489e-07 203168 144974
182.23 365555 1.49051e-07 197955 146183
182.737 369064 1.49231e-07 190268 147408
183.246 374285 1.50086e-07 184188 148643
183.754 378851 1.5066e-07 176492 149882
184.264 381420 1.50427e-07 172200 151133
184.777 387360 1.51499e-07 166544 152400
185.291 393776 1.52732e-07 160160 153674
185.804 401704 1.54519e-07 155010 154955
186.319 406317 1.55001e-07 149948 156246
186.836 409764 1.55021e-07 145458 157552
187.356 419276 1.57304e-07 140444 158870
187.876 423978 1.5775e-07 135596 160197
188.396 428553 1.58136e-07 130308 161531
188.918 437966 1.60273e-07 126860 162877
189.444 445397 1.61639e-07 122748 164241
189.971 455167 1.63812e-07 118076 165617
190.499 464345 1.65731e-07 113774 167000
191.026 468498 1.65832e-07 109236 168391
191.555 480483 1.6867e-07 105638 169793
192.087 486744 1.69452e-07 102174 171212
192.623 497986 1.71923e-07 98708 172648
193.159 504316 1.72662e-07 94310 174095
193.694 515522 1.7504e-07 90414 175545
194.231 524164 1.76502e-07 87398 177010
194.77 537152 1.79379e-07 83462 178487
195.308 548473 1.8165e-07 79902 179970
195.85 555466 1.82442e-07 77558 181473
196.397 568306 1.85106e-07 74094 182996
196.944 582911 1.88283e-07 71006 184531
197.492 591537 1.89483e-07 67574 186077
198.04 609417 1.93596e-07 64368 187629
198.588 624078 1.96615e-07 61502 189192
199.137 637970 1.99336e-07 58214 190763
199.686 647943 2.00785e-07 55872 192347
200.24 659268 2.02604e-07 53270 193952
200.797 681362 2.07656e-07 50742 195575
201.356 692659 2.09346e-07 48032 197213
201.917 706274 2.11687e-07 45638 198865
202.479 732294 2.17663e-07 43008 200530
203.042 747055 2.20208e-07 40694 202208
203.608 770248 2.25158e-07 38408 203903
204.174 785253 2.2764e-07 35958 205609
204.742 801021 2.30285e-07 33920 207328
205.311 826916 2.35758e-07 31622 209062
205.88 847834 2.39721e-07 29640 210807
206.452 877967 2.46184e-07 27662 212569
207.024 918137 2.5532e-07 25568 214340
207.598 930910 2.56733e-07 23904 216126
208.175 949032 2.5956e-07 22118 217934
208.75 982079 2.66381e-07 20168 219747
209.328 1.005e+06 2.70348e-07 18816 221577
209.911 1.04217e+06 2.78019e-07 17126 223432
210.495 1.05639e+06 2.79475e-07 15680 225301
211.081 1.11637e+06 2.92888e-07 14184 227188
211.669 1.16259e+06 3.02479e-07 12854 229092
212.261 1.17846e+06 3.04049e-07 11600 231021
212.86 1.18856e+06 3.04074e-07 10428 232982
213.459 1.23138e+06 3.12384e-07 9032 234955
214.05 1.27498e+06 3.20772e-07 7838 236912
214.639 1.31088e+06 3.27097e-07 6816 238872
215.227 1.36427e+06 3.37637e-07 5840 240841
215.814 1.43624e+06 3.52556e-07 4952 242816
216.393 1.51761e+06 3.69549e-07 4062 244776
216.965 1.5091e+06 3.64579e-07 3368 246722
217.537 1.50638e+06 3.61057e-07 2744 248678
218.109 1.59723e+06 3.79826e-07 2184 250647
218.782 1.7066e+06 4.02101e-07 2192 252975
219.487 1.81691e+06 4.23985e-07 1238 255425
220.117 1.86784e+06 4.32135e-07 728 257632
220.69 1.95854e+06 4.49598e-07 456 259650
221.261 1.90401e+06 4.33704e-07 248 261671
221.827 2.1853e+06 4.93982e-07 104 263682
222.372 2.45619e+06 5.51136e-07 24 265634
222.88 2.34496e+06 5.22594e-07 1 267456
0.0910605
1200
200
512
8.62936
8.04248 1799.7 8.53633e-06 6 12.5664
11.3738 1959.57 3.28614e-06 12 35.5431
13.93 1216.07 1.11007e-06 8 65.2968
16.085 1310.92 7.77243e-07 6 100.531
17.9835 589.784 2.50212e-07 24 140.496
19.7 1057.27 3.41218e-07 24 184.687
22.7476 547.335 1.14733e-07 12 284.345
24.1274 420.309 7.38371e-08 30 339.292
25.4325 854.992 1.28243e-07 24 397.384
26.6739 798.006 1.0375e-07 24 458.457
27.86 975.827 1.11345e-07 8 522.374
28.9976 531.64 5.37989e-08 24 589.013
30.0922 910.931 8.24828e-08 48 658.267
32.1699 1424.87 1.056e-07 6 804.248
33.16 1127.05 7.62678e-08 48 880.812
34.1213 1332.84 8.2783e-08 36 959.663
35.0563 668.482 3.82851e-08 24 1040.74
35.9671 1265.78 6.71247e-08 24 1123.97
36.8553 1355.08 6.6789e-08 48 1209.31
37.7226 1553.17 7.13929e-08 24 1296.71
39.3999 1923.62 7.76018e-08 24 1477.5
40.2124 2923.37 1.10929e-07 30 1570.8
41.0087 1894.98 6.77977e-08 72 1665.98
41.7899 1507.44 5.09641e-08 32 1763.01
43.3101 2055.03 6.24155e-08 72 1962.49
44.0505 2388.41 6.89441e-08 48 2064.87
45.4951 1034.63 2.711e-08 12 2274.76
46.2005 2864.22 7.16647e-08 48 2382.21
46.8953 4070.39 9.7384e-08 48 2491.31
47.5799 3594.29 8.23345e-08 48 2602.03
48.2549 2752.12 6.04343e-08 30 2714.34
48.9205 1875.39 3.95239e-08 24 2828.22
49.5772 2612.58 5.2901e-08 72 2943.64
50.8651 2725.01 5.10916e-08 24 3179.07
51.497 3624.43 6.54839e-08 96 3299.03
52.1212 3257.28 5.67613e-08 48 3420.45
52.738 4939 8.3082e-08 24 3543.34
53.3478 3058.6 4.97065e-08 24 3667.66
53.9506 3135.78 4.92717e-08 72 3793.4
54.5467 3456.16 5.25445e-08 48 3920.55
55.7199 1490.27 2.12555e-08 8 4178.99
56.2973 4080.72 5.64304e-08 54 4310.27
56.8689 3912.17 5.24847e-08 84 4442.88
57.4348 4525.74 5.89393e-08 48 4576.83
57.9951 5091.65 6.44056e-08 24 4712.1
58.5501 4909.68 6.03545e-08 72 4848.68
59.0999 4749.04 5.67656e-08 96 4986.55
60.1844 6225.77 7.04663e-08 48 5266.13
60.7194 6931.86 7.64025e-08 48 5407.82
61.2497 3221.29 3.45906e-08 24 5550.75
61.7754 6364.4 6.66115e-08 72 5694.92
62.8138 9422.93 9.38127e-08 72 5986.94
63.3265 7175.77 6.9719e-08 96 6134.76
64.3398 5586.44 5.17529e-08 6 6433.98
64.8405 8020.22 7.25917e-08 96 6585.37
65.3374 8248.45 7.2967e-08 96 6737.92
65.8305 10133.9 8.76468e-08 24 6891.63
66.32 5708.71 4.82886e-08 48 7046.5
66.8058 7578.06 6.27126e-08 96 7202.5
67.2882 6615.02 5.3574e-08 48 7359.65
68.2427 7966.42 6.18493e-08 36 7677.3
68.715 8430.56 6.41125e-08 48 7837.8
69.184 8000.62 5.96138e-08 120 7999.4
69.6499 9409.82 6.87163e-08 56 8162.1
70.1127 5336.46 3.82035e-08 24 8325.88
70.5725 9145.57 6.42015e-08 96 8490.75
71.0292 6959.46 4.79186e-08 48 8656.69
71.9341 13764.7 9.12437e-08 24 8991.76
72.3823 8173.16 5.31781e-08 102 9160.88
72.8277 7923.37 5.06127e-08 48 9331.05
73.2705 11496.5 7.2114e-08 72 9502.26
73.7105 8880.5 5.47128e-08 48 9674.51
74.148 9766.09 5.91102e-08 48 9847.78
74.5829 9155.33 5.44498e-08 120 10022.1
75.4451 11508 6.61221e-08 24 10373.7
75.8726 8513.06 4.80918e-08 144 10551
76.2976 9715.07 5.397e-08 120 10729.4
76.7203 6748.53 3.68738e-08 48 10908.7
77.5588 13629.9 7.2084e-08 48 11270.3
77.9747 13649.1 7.10368e-08 96 11452.5
78.7999 7931.5 3.99962e-08 24 11820
79.2092 9408.6 4.6713e-08 48 12005.1
79.6165 13251.3 6.47874e-08 108 12191.3
80.0216 13378.6 6.4421e-08 72 12378.3
80.4248 15288.3 7.25152e-08 30 12566.4
80.8259 15383.8 7.1887e-08 168 12755.3
81.225 12429.3 5.72289e-08 48 12945.2
82.0175 13016.4 5.82117e-08 72 13327.8
82.4109 14679.2 6.47125e-08 96 13520.5
82.8024 9954.9 4.32661e-08 72 13714.1
83.192 15999.6 6.85652e-08 72 13908.7
83.5799 13625.3 5.75813e-08 32 14104.1
83.9659 12657.5 5.27569e-08 72 14300.4
84.3502 12516.8 5.14605e-08 144 14497.7
85.4927 22214.3 8.77172e-08 96 15094.8
85.8702 14752.1 5.74867e-08 96 15295.6
86.246 12556.9 4.82953e-08 48 15497.3
86.6201 22317.6 8.47286e-08 72 15699.9
86.9927 18153.7 6.80386e-08 120 15903.4
87.3637 23772.2 8.79662e-08 72 16107.7
88.1009 14407.8 5.19873e-08 48 16518.9
88.4672 12841.9 4.57637e-08 78 16725.8
88.8321 14586.5 5.13431e-08 120 16933.6
89.1954 16589.7 5.76836e-08 48 17142.2
89.9176 16505.8 5.60198e-08 144 17562
90.2766 18134.8 6.08172e-08 144 17773.2
90.9902 20411.4 6.68541e-08 12 18198
91.345 19267.4 6.23748e-08 144 18411.7
91.6983 21346.8 6.83107e-08 48 18626.2
92.0504 22833.8 7.22341e-08 120 18841.6
92.401 20283.6 6.34388e-08 48 19057.7
92.7504 15035.2 4.64945e-08 48 19274.7
93.0984 19398 5.93156e-08 168 19492.5
93.7906 15238.8 4.55735e-08 48 19930.5
94.1348 18844.7 5.57414e-08 96 20150.7
94.4777 17979.7 5.26058e-08 96 20371.8
94.8194 16073.4 4.65219e-08 72 20593.6
95.1599 20939.4 5.99574e-08 48 20816.2
95.4991 20048.7 5.67973e-08 96 21039.7
95.8372 20966.4 5.87707e-08 48 21263.9
96.5097 31434.7 8.62851e-08 30 21714.7
96.8442 25615.4 6.95855e-08 96 21941.3
97.1776 20635.5 5.54824e-08 192 22168.6
97.5099 27747.8 7.38453e-08 56 22396.8
97.841 34424.6 9.06874e-08 24 22625.7
98.1709 19144.4 4.99267e-08 168 22855.4
98.4998 25178 6.50062e-08 120 23085.9
99.1543 23353.7 5.911e-08 72 23549.2
99.4799 30041 7.52919e-08 144 23781.9
99.8045 21934.4 5.44395e-08 96 24015.5
100.128 23059 5.66779e-08 96 24249.8
100.772 27928.3 6.73388e-08 72 24720.6
101.092 25025.6 5.97681e-08 96 24957.2
101.73 23801.6 5.57824e-08 24 25432.5
102.048 26226.6 6.0894e-08 192 25671.3
102.364 22359 5.14339e-08 108 25910.9
102.679 16684.6 3.80281e-08 24 26151.2
102.994 27668.1 6.24862e-08 96 26392.2
103.307 23782.7 5.32238e-08 96 26634
103.62 29399 6.51989e-08 120 26876.5
104.242 38164 8.31305e-08 48 27363.6
104.552 19289 4.16438e-08 78 27608.3
104.861 25994.1 5.56251e-08 144 27853.7
105.169 30403.1 6.44902e-08 120 28099.9
105.476 30871.6 6.49138e-08 24 28346.7
105.782 25109.2 5.23401e-08 168 28594.3
106.088 27580.7 5.6997e-08 144 28842.6
106.696 22381.2 4.54657e-08 24 29341.3
106.998 30326.1 6.10839e-08 48 29591.7
107.3 28095.9 5.61155e-08 96 29842.8
107.601 30845.4 6.10916e-08 120 30094.7
107.901 28796.1 5.65582e-08 72 30347.2
108.2 30753.9 5.99035e-08 120 30600.4
108.499 34995.6 6.76046e-08 144 30854.4
109.093 24963.8 4.74411e-08 48 31364.4
109.39 30571.2 5.76269e-08 192 31620.4
109.685 31202.5 5.83432e-08 144 31877.1
109.979 38747.6 7.18709e-08 48 32134.6
110.566 31719.1 5.79026e-08 192 32651.5
110.858 36744 6.65466e-08 48 32910.9
111.44 14101.7 2.51415e-08 8 33431.9
111.971 37447.8 6.58195e-08 288 33911.8
112.307 32822.3 5.71726e-08 96 34218.6
112.595 30332 5.24309e-08 54 34482.1
112.882 40741 6.98879e-08 120 34746.4
113.168 34279.6 5.8359e-08 120 35011.3
113.738 38609.1 6.47464e-08 84 35543.1
114.022 38399.1 6.39142e-08 144 35810
114.305 31189.2 5.15285e-08 72 36077.5
114.588 39582.9 6.49134e-08 96 36345.8
115.057 31733.1 5.1406e-08 144 36794.2
115.431 36756.8 5.89667e-08 240 37154.4
115.99 59159.9 9.35411e-08 24 37696.8
116.269 34877.1 5.47508e-08 240 37969
116.547 43564.3 6.79003e-08 96 38241.8
116.962 43391.3 6.69128e-08 144 38652.1
117.376 39567.1 6.03719e-08 96 39064.2
117.651 44830 6.79232e-08 72 39339.7
118.2 42407.9 6.33631e-08 96 39892.4
118.473 42078.1 6.24362e-08 96 40169.8
118.867 36866.7 5.41621e-08 216 40571.4
119.56 43130.9 6.22687e-08 192 41285.6
119.83 39336.7 5.64077e-08 144 41566.1
120.369 36230.6 5.12594e-08 48 42129.1
120.637 49779.5 6.99596e-08 150 42411.5
120.905 44616.6 6.2288e-08 96 42694.6
121.172 41859.3 5.80529e-08 120 42978.2
121.629 46403.1 6.36324e-08 168 43465.9
121.97 47362.3 6.44038e-08 240 43833
122.499 45632.4 6.12508e-08 24 44406
122.921 38675.8 5.13809e-08 360 44866
123.289 61297.6 8.07071e-08 48 45270.1
123.551 58347.8 7.63355e-08 72 45559.4
123.917 47408.1 6.14756e-08 240 45965.2
124.977 45127.3 5.70419e-08 276 47154.8
125.37 43012.3 5.38584e-08 104 47601.4
125.628 50132.9 6.2389e-08 72 47895.5
126.003 46895.7 5.78402e-08 312 48326.3
126.653 48586.2 5.90073e-08 96 49078.1
127.035 56767.4 6.83226e-08 288 49523.8
127.417 50127.6 5.97911e-08 168 49971.3
127.923 48241.2 5.68601e-08 48 50569.7
128.176 51788.5 6.0681e-08 192 50869.8
128.68 34738.5 4.02274e-08 6 51471.9
128.931 41267.1 4.75088e-08 192 51773.7
129.181 49730.2 5.69194e-08 96 52076.2
129.556 53429.5 6.06243e-08 192 52530.9
129.93 50223.5 5.64958e-08 216 52987.2
130.179 52071.4 5.82395e-08 72 53292
130.675 49862.6 5.51365e-08 96 53903.3
131.098 53450.7 5.85332e-08 336 54429.1
131.415 71368.7 7.7591e-08 48 54824.8
131.886 63001.7 6.77635e-08 288 55416.1
132.151 47305 5.05745e-08 192 55751.4
132.64 77433.6 8.1874e-08 48 56372
132.884 55200.7 5.80458e-08 96 56683.1
133.237 57574.1 6.0061e-08 264 57136.6
133.612 59751.3 6.18093e-08 96 57620
134.022 57349.7 5.87812e-08 240 58153.1
134.776 51839.3 5.22465e-08 288 59140.1
135.056 56385.9 5.64764e-08 96 59509.1
135.295 73710.7 7.3438e-08 72 59825.9
135.875 70637.4 6.948e-08 336 60597.5
136.66 72029.4 6.96342e-08 138 61654.9
136.958 70540.2 6.77501e-08 240 62059.3
137.273 71101.3 6.78209e-08 144 62487.7
137.768 51283.3 4.8392e-08 384 63165.9
138.512 53987.6 5.01273e-08 312 64194.7
138.835 61811 5.69917e-08 72 64644.9
139.12 59832 5.48284e-08 248 65044.1
139.671 68678.8 6.21937e-08 240 65819.7
140.225 60150.9 5.38272e-08 24 66607.1
140.456 65567.5 5.83861e-08 192 66936
140.739 60965.8 5.39615e-08 312 67341.5
141.282 72250.5 6.32147e-08 240 68124.4
141.602 64621.2 5.61569e-08 96 68588.7
142.058 97445.8 8.3869e-08 48 69253.5
142.46 66556.8 5.68012e-08 408 69841.8
142.74 60269.3 5.11329e-08 144 70254.8
143.192 78468.2 6.59439e-08 120 70924.9
143.418 67142.1 5.61597e-08 144 71260.8
144.072 72358.6 5.97018e-08 264 72240.8
144.429 66159.1 5.41834e-08 192 72778.6
144.765 83893.4 6.82308e-08 102 73287.1
145.124 72132.6 5.8231e-08 432 73834.3
145.655 72949.4 5.82481e-08 48 74648.4
145.933 60780.7 4.82556e-08 384 75075.5
146.43 88620.6 6.96435e-08 144 75846.3
146.882 83033.6 6.46535e-08 264 76549.4
147.567 76424.3 5.86816e-08 144 77626.4
147.956 76947.3 5.86183e-08 324 78242.1
148.487 80690.6 6.08136e-08 384 79086.5
148.731 77096.9 5.78186e-08 216 79478.4
149.262 83544.4 6.19882e-08 216 80331.9
149.707 69298.1 5.09609e-08 240 81052.1
150.246 83391.3 6.06671e-08 168 81931
150.461 74608.1 5.40448e-08 240 82283.3
151.081 77731.6 5.56175e-08 216 83304.1
151.389 79644.5 5.66381e-08 288 83816.1
151.83 88199.8 6.21773e-08 240 84550.4
152.171 104203 7.29669e-08 72 85120.5
152.704 84415.3 5.84941e-08 246 86018
153.087 77533.8 5.33229e-08 320 86667.6
153.616 89472 6.08998e-08 288 87569.2
153.862 74667.7 5.05803e-08 144 87989.6
154.491 86994.9 5.82136e-08 288 89073.7
154.819 83630.1 5.56065e-08 336 89643.2
155.266 104331 6.87736e-08 168 90421.9
155.534 92621.8 6.07402e-08 336 90890.2
156.088 93609.9 6.07375e-08 288 91864
156.42 89856.1 5.7931e-08 264 92452.1
156.983 92305.6 5.88723e-08 240 93453.9
157.189 109126 6.9327e-08 96 93822
157.764 81598.8 5.12745e-08 120 94855.4
158.118 103340 6.45008e-08 408 95495.4
158.708 95927.6 5.92087e-08 456 96569.2
159.233 77518.9 4.73749e-08 108 97530.2
159.528 103390 6.28361e-08 264 98073.4
159.896 95724.9 5.77763e-08 264 98754
160.4 98191.3 5.87079e-08 312 99691.1
161.028 105004 6.20495e-08 270 100866
161.291 102961 6.05454e-08 240 101361
161.764 104510 6.09189e-08 384 102256
162.051 100053 5.80113e-08 192 102801
162.715 115764 6.63025e-08 432 104070
163.046 100326 5.7111e-08 144 104706
163.541 97566.3 5.50373e-08 480 105663
164.166 96834 5.40027e-08 216 106879
164.565 107981 5.97829e-08 312 107659
164.931 101718 5.59413e-08 216 108379
165.36 110534 6.03172e-08 192 109228
165.89 116087 6.27428e-08 624 110281
166.306 113694 6.0989e-08 120 111113
166.661 109091 5.81462e-08 336 111827
167.318 108179 5.69845e-08 176 113153
167.594 110858 5.81071e-08 384 113715
168.136 122427 6.35535e-08 408 114820
168.7 92918.4 4.77521e-08 144 115982
169.024 114124 5.83138e-08 486 116651
169.656 104874 5.29906e-08 96 117964
169.847 110036 5.5412e-08 384 118362
170.514 122389 6.09119e-08 492 119763
170.985 126846 6.26095e-08 384 120758
171.363 132172 6.48074e-08 168 121561
172.009 124587 6.04031e-08 504 122940
172.342 107965 5.20416e-08 240 123655
172.719 126231 6.04489e-08 456 124468
173.376 134149 6.35128e-08 264 125895
173.811 127598 5.99588e-08 384 126844
174.274 118809 5.53846e-08 432 127862
174.851 146465 6.76038e-08 216 129134
175.159 121619 5.58402e-08 360 129818
175.707 139537 6.3469e-08 312 131041
176.349 139839 6.29146e-08 240 132482
176.68 111581 4.99192e-08 414 133230
177.22 144515 6.40637e-08 552 134456
177.785 142200 6.24381e-08 360 135746
178.159 142645 6.22408e-08 432 136604
178.699 122278 5.2872e-08 480 137849
179.295 134766 5.76919e-08 288 139234
179.683 129325 5.50051e-08 312 140139
180.099 143806 6.07415e-08 360 141115
180.792 142063 5.93178e-08 576 142750
181.367 149913 6.20023e-08 464 144116
181.625 138150 5.68939e-08 192 144732
182.239 156584 6.38359e-08 396 146205
182.69 134934 5.46033e-08 432 147294
183.114 157439 6.32684e-08 240 148322
183.674 144907 5.77007e-08 624 149688
184.285 159363 6.28289e-08 504 151185
184.935 147786 5.76526e-08 198 152790
185.242 148241 5.75421e-08 600 153554
185.784 164939 6.34659e-08 384 154904
186.351 162830 6.20837e-08 432 156328
186.841 142073 5.37448e-08 336 157563
187.285 161072 6.0499e-08 336 158691
187.853 140150 5.21645e-08 744 160139
188.461 151055 5.56812e-08 624 161698
189.041 173448 6.33491e-08 192 163195
189.392 152536 5.5402e-08 432 164107
189.907 158279 5.70221e-08 504 165448
190.514 193903 6.91902e-08 336 167040
190.971 159069 5.63533e-08 456 168246
191.376 180824 6.36549e-08 408 169319
191.948 167366 5.83929e-08 696 170839
192.6 187530 6.4765e-08 384 172588
193.275 162322 5.54738e-08 330 174409
193.727 182882 6.20643e-08 624 175635
194.189 163565 5.51135e-08 384 176893
194.686 179491 6.00178e-08 728 178256
195.277 191564 6.34743e-08 432 179886
195.932 177282 5.81548e-08 696 181702
196.361 187847 6.12178e-08 408 182897
197.017 172269 5.55824e-08 456 184735
197.376 183717 5.8953e-08 408 185747
197.93 185099 5.8899e-08 528 187316
198.648 204439 6.43503e-08 576 189362
199.186 177174 5.53174e-08 672 190905
199.791 178523 5.52338e-08 384 192650
200.327 187727 5.76165e-08 600 194204
200.825 160440 4.88763e-08 294 195657
201.287 203196 6.14764e-08 600 197009
201.814 196982 5.91302e-08 768 198562
202.504 195500 5.80876e-08 648 200606
203.077 189800 5.59185e-08 408 202311
203.668 181918 5.31312e-08 552 204083
204.218 199018 5.76566e-08 648 205743
204.837 206158 5.91854e-08 348 207618
205.201 200668 5.73029e-08 744 208728
205.887 208494 5.89452e-08 672 210827
206.458 197865 5.54769e-08 456 212587
206.934 204003 5.68043e-08 600 214060
207.512 214857 5.93281e-08 744 215858
208.097 214024 5.86012e-08 288 217689
208.791 209564 5.68093e-08 704 219876
209.296 216863 5.83637e-08 678 221474
209.933 213144 5.68419e-08 648 223503
210.554 196127 5.18425e-08 648 225493
211.142 225285 5.90535e-08 696 227388
211.654 228193 5.93829e-08 696 229045
212.374 219961 5.66607e-08 552 231389
212.884 228861 5.85308e-08 840 233060
213.609 234373 5.93319e-08 600 235451
214.158 227922 5.72564e-08 696 237269
214.794 239129 5.95397e-08 672 239389
215.306 236858 5.85541e-08 552 241108
216 228605 5.59716e-08 492 243444
216.542 247081 6.0042e-08 840 245282
217.147 253420 6.10689e-08 606 247344
217.726 243306 5.81647e-08 936 249329
218.389 243371 5.76523e-08 528 251612
218.855 283362 6.66976e-08 696 253228
219.555 248116 5.78448e-08 648 255665
220.075 257137 5.95239e-08 936 257486
220.784 260178 5.96497e-08 384 259982
221.192 268631 6.12471e-08 864 261427
221.916 267706 6.04409e-08 768 264002
222.523 246977 5.53057e-08 528 266174
223.149 274332 6.09162e-08 776 268425
223.759 287591 6.3339e-08 960 270635
224.376 276220 6.03349e-08 696 272877
224.869 248722 5.39713e-08 582 274682
225.664 273990 5.88284e-08 1008 277605
226.234 270043 5.75436e-08 408 279715
226.796 274486 5.80573e-08 960 281802
227.531 310746 6.5091e-08 852 284554
228.14 315864 6.56346e-08 912 286845
228.844 307886 6.3389e-08 1032 289505
229.334 315404 6.45212e-08 384 291370
230.052 315374 6.39131e-08 864 294114
230.602 282448 5.68314e-08 840 296231
231.238 284266 5.67267e-08 912 298688
232.023 303061 5.98658e-08 792 301739
232.609 288037 5.64687e-08 744 304033
233.328 304198 5.90875e-08 726 306860
233.873 329104 6.34791e-08 984 309018
234.491 317065 6.0675e-08 912 311472
235.174 345756 6.55907e-08 1104 314201
235.838 307636 5.78673e-08 744 316872
236.64 308806 5.74989e-08 968 320115
237.102 341771 6.32658e-08 672 321993
237.764 334991 6.14945e-08 984 324696
238.52 322243 5.85933e-08 840 327805
239.12 339095 6.11947e-08 1092 330284
239.888 320948 5.73655e-08 840 333476
240.424 344021 6.10791e-08 720 335717
241.164 349215 6.14321e-08 1110 338827
241.846 334395 5.83286e-08 1056 341710
242.467 332743 5.75958e-08 888 344348
243.171 331280 5.68461e-08 936 347356
243.815 375108 6.38583e-08 912 350122
244.525 367741 6.20603e-08 1104 353190
245.217 387639 6.48654e-08 912 356200
245.869 397604 6.60051e-08 1104 359049
246.608 357537 5.88218e-08 1128 362296
247.294 361274 5.89436e-08 768 365326
247.85 363572 5.89198e-08 888 367798
248.519 389079 6.25457e-08 1224 370783
249.45 398667 6.33726e-08 750 374963
249.899 380554 6.01675e-08 1092 376994
250.695 373175 5.84406e-08 1472 380609
251.481 379675 5.89027e-08 792 384199
252.08 385721 5.94152e-08 1080 386951
252.799 382985 5.84921e-08 1584 390269
253.532 392343 5.9403e-08 624 393675
254.2 404990 6.08352e-08 1248 396798
254.861 397072 5.91833e-08 888 399899
255.614 411212 6.07509e-08 912 403454
256.265 408702 5.99207e-08 1368 406547
256.953 402868 5.85924e-08 966 409828
257.704 404515 5.83189e-08 1536 413434
258.54 409660 5.849e-08 1152 417467
259.243 408921 5.79105e-08 1008 420884
259.932 438506 6.16078e-08 1248 424248
260.541 417656 5.82679e-08 1056 427237
261.264 451487 6.24662e-08 1188 430805
262.042 441292 6.05137e-08 1152 434663
262.821 449015 6.1027e-08 1560 438550
263.607 458382 6.17445e-08 1128 442496
264.241 473080 6.32663e-08 1152 445700
264.937 495737 6.57752e-08 920 449230
265.674 431660 5.67982e-08 1470 452989
266.462 424465 5.53573e-08 1200 457032
267.211 469694 6.07424e-08 1440 460896
267.851 469936 6.03388e-08 1224 464218
268.643 466066 5.93148e-08 1296 468344
269.491 482673 6.08501e-08 1560 472794
270.234 455304 5.69273e-08 1272 476717
270.856 469581 5.83088e-08 1080 480017
271.599 481487 5.92977e-08 1368 483980
272.391 480534 5.86658e-08 1248 488225
273.221 442311 5.3509e-08 1194 492698
273.902 503880 6.05035e-08 1752 496394
274.742 516248 6.14219e-08 1392 500974
275.414 493672 5.83069e-08 1440 504660
276.257 511845 5.99018e-08 1488 509306
277.053 506641 5.87832e-08 1248 513721
277.725 512517 5.90344e-08 1512 517468
278.494 536548 6.12916e-08 1112 521781
279.334 539875 6.11169e-08 1848 526517
280.018 522596 5.87281e-08 1224 530396
280.822 503304 5.60763e-08 1536 534973
281.662 554949 6.12788e-08 1638 539788
282.432 547029 5.99114e-08 1392 544228
283.2 530989 5.7683e-08 1632 548679
284.096 542209 5.8346e-08 1452 553906
284.778 587048 6.27184e-08 1680 557903
285.519 566411 6.00438e-08 1320 562269
286.288 537247 5.64941e-08 1752 566828
287.181 591279 6.15976e-08 1776 572149
288.046 573412 5.91996e-08 1104 577335
288.664 582605 5.97637e-08 1728 581054
289.525 602333 6.12374e-08 1446 586273
290.308 568813 5.73628e-08 1920 591043
291.216 577762 5.7722e-08 1896 596607
291.958 616994 6.1173e-08 1176 601176
292.671 603657 5.94144e-08 1856 605591
293.489 599151 5.8479e-08 1896 610684
294.361 606350 5.8657e-08 1464 616145
295.283 585920 5.61516e-08 1968 621951
296.06 602703 5.73062e-08 1548 626876
296.89 624789 5.89094e-08 1944 632163
297.701 629868 5.89045e-08 1470 637355
298.52 672754 6.2399e-08 1920 642627
299.349 639797 5.88501e-08 2184 648000
300.237 663400 6.04812e-08 1464 653785
300.944 714960 6.47237e-08 1608 658413
301.799 637302 5.72048e-08 1944 664038
302.665 691228 6.1514e-08 1872 669773
303.492 701406 6.19107e-08 2256 675280
304.337 732447 6.4114e-08 1632 680932
305.241 649623 5.63599e-08 1542 687023
306.043 705854 6.07585e-08 2216 692449
306.919 698223 5.95883e-08 2052 698414
307.758 707819 5.9915e-08 1680 704153
308.566 724305 6.08299e-08 2280 709716
309.463 739479 6.1566e-08 1968 715920
310.346 732783 6.04893e-08 2016 722066
311.163 731426 5.99026e-08 1968 727787
312.111 729927 5.92368e-08 1920 734460
313.019 765903 6.16174e-08 2400 740885
313.95 755652 6.02534e-08 1974 747516
314.65 752726 5.962e-08 1944 752532
315.544 770720 6.0528e-08 1920 758963
316.375 770537 6.00378e-08 2280 764977
317.216 793834 6.13626e-08 1968 771092
318.134 792610 6.07392e-08 2220 777804
319.043 743927 5.65224e-08 2352 784494
319.967 791560 5.96223e-08 1968 791325
320.822 825614 6.16911e-08 2504 797691
321.782 823462 6.09814e-08 2118 804870
322.658 809624 5.94699e-08 2352 811458
323.544 788425 5.74382e-08 2136 818163
324.413 851061 6.15042e-08 2112 824776
325.282 834072 5.9795e-08 2472 831416
326.174 828538 5.89119e-08 2376 838281
327.078 834119 5.88183e-08 2304 845270
328.053 868454 6.0695e-08 2448 852852
328.955 880809 6.10538e-08 2280 859902
329.961 877573 6.02745e-08 2466 867820
330.774 873565 5.95582e-08 2256 874246
331.661 901286 6.09563e-08 2472 881301
332.581 886582 5.94658e-08 2856 888652
333.504 869606 5.78442e-08 2112 896072
334.499 868574 5.72613e-08 2720 904119
335.416 961182 6.28481e-08 2136 911577
336.226 904742 5.87316e-08 2736 918191
337.22 908339 5.84448e-08 2376 926365
338.215 941175 6.00249e-08 3126 934586
339.243 948603 5.99504e-08 2568 943132
339.994 934324 5.86575e-08 2112 949411
340.955 995550 6.19744e-08 2748 957482
341.947 943591 5.82299e-08 2928 965869
342.851 931791 5.70484e-08 2640 973544
343.881 999649 6.06547e-08 2856 982343
344.792 993129 5.97823e-08 2352 990177
345.768 1.00922e+06 6.02382e-08 2910 998604
346.696 1.00284e+06 5.93783e-08 2784 1.00667e+06
347.696 973861 5.7166e-08 2952 1.01541e+06
348.648 972498 5.66194e-08 2696 1.02377e+06
349.573 1.04303e+06 6.02452e-08 3264 1.03194e+06
350.572 1.05125e+06 6.02023e-08 2472 1.04081e+06
351.541 1.06233e+06 6.03353e-08 3024 1.04946e+06
352.612 1.03129e+06 5.80403e-08 2964 1.05909e+06
353.557 1.07995e+06 6.02932e-08 2910 1.06762e+06
354.497 1.07386e+06 5.9477e-08 2880 1.07617e+06
355.414 1.06811e+06 5.8702e-08 3216 1.08454e+06
356.53 1.07915e+06 5.87534e-08 3096 1.09478e+06
357.43 1.06255e+06 5.74133e-08 2880 1.1031e+06
358.434 1.09421e+06 5.86291e-08 2904 1.11242e+06
359.44 1.0975e+06 5.83128e-08 3504 1.12181e+06
360.458 1.165e+06 6.13764e-08 3168 1.13137e+06
361.559 1.14954e+06 6.00108e-08 3054 1.14176e+06
362.446 1.15702e+06 5.99583e-08 3032 1.15019e+06
363.444 1.13974e+06 5.85777e-08 3000 1.15972e+06
364.47 1.19059e+06 6.06761e-08 3780 1.16957e+06
365.549 1.2123e+06 6.12368e-08 3504 1.17999e+06
366.568 1.22352e+06 6.12895e-08 2904 1.18988e+06
367.533 1.25329e+06 6.22879e-08 3336 1.1993e+06
368.538 1.14667e+06 5.65238e-08 3144 1.20917e+06
369.551 1.21983e+06 5.96369e-08 3414 1.21917e+06
370.659 1.17693e+06 5.70252e-08 3552 1.23017e+06
371.545 1.24542e+06 5.99133e-08 2928 1.23901e+06
372.509 1.27027e+06 6.06352e-08 3840 1.24868e+06
373.613 1.30952e+06 6.19561e-08 3312 1.25982e+06
374.63 1.31704e+06 6.18059e-08 3432 1.27013e+06
375.674 1.26962e+06 5.90852e-08 3596 1.28078e+06
376.812 1.32656e+06 6.11777e-08 4224 1.29245e+06
377.946 1.25738e+06 5.74665e-08 3294 1.30416e+06
378.905 1.34201e+06 6.08701e-08 3792 1.31411e+06
379.935 1.29755e+06 5.83762e-08 3528 1.32486e+06
381.122 1.30696e+06 5.8252e-08 3984 1.33731e+06
382.114 1.29935e+06 5.74627e-08 3768 1.34778e+06
383.151 1.34858e+06 5.91571e-08 3672 1.35878e+06
384.18 1.36234e+06 5.92813e-08 3384 1.36977e+06
385.199 1.37876e+06 5.95212e-08 3648 1.38069e+06
386.32 1.44388e+06 6.17918e-08 4098 1.39277e+06
387.377 1.42491e+06 6.04821e-08 4008 1.40424e+06
388.485 1.43963e+06 6.05854e-08 4032 1.41633e+06
389.498 1.38686e+06 5.79103e-08 3800 1.42743e+06
390.569 1.44181e+06 5.97111e-08 3816 1.43924e+06
391.7 1.47544e+06 6.05761e-08 4248 1.45178e+06
392.769 1.49275e+06 6.07878e-08 3720 1.46369e+06
393.856 1.47409e+06 5.95324e-08 4254 1.47588e+06
394.945 1.53803e+06 6.16019e-08 4224 1.48816e+06
396.062 1.47815e+06 5.87041e-08 4368 1.50083e+06
397.195 1.49282e+06 5.87808e-08 4104 1.51374e+06
398.311 1.51445e+06 5.91328e-08 4500 1.52654e+06
399.391 1.47764e+06 5.72289e-08 3480 1.53898e+06
400.481 1.51124e+06 5.80536e-08 5328 1.55162e+06
401.634 1.60191e+06 6.10079e-08 3342 1.56506e+06
402.677 1.55369e+06 5.87129e-08 4800 1.57729e+06
403.868 1.61599e+06 6.05288e-08 4184 1.59132e+06
404.934 1.60246e+06 5.9549e-08 5064 1.60395e+06
406.082 1.62131e+06 5.97396e-08 4032 1.61764e+06
407.201 1.65696e+06 6.05515e-08 4632 1.63105e+06
408.351 1.58785e+06 5.75371e-08 4680 1.64491e+06
409.484 1.64882e+06 5.92518e-08 3924 1.65864e+06
410.59 1.69257e+06 6.0334e-08 5166 1.67211e+06
411.726 1.68116e+06 5.94323e-08 4800 1.68603e+06
412.901 1.67628e+06 5.87555e-08 4560 1.70051e+06
414.001 1.75106e+06 6.08885e-08 4584 1.71414e+06
415.151 1.80864e+06 6.23697e-08 4848 1.72846e+06
416.249 1.76713e+06 6.04573e-08 4560 1.74221e+06
417.535 1.80491e+06 6.11813e-08 5600 1.7584e+06
418.686 1.81522e+06 6.10247e-08 4686 1.77298e+06
419.855 1.76822e+06 5.89493e-08 5016 1.78788e+06
421.054 1.78119e+06 5.88759e-08 4956 1.80324e+06
422.113 1.82723e+06 5.99442e-08 4872 1.81688e+06
423.328 1.81697e+06 5.90959e-08 5376 1.83261e+06
424.545 1.86737e+06 6.02142e-08 5088 1.84847e+06
425.69 1.87448e+06 5.9957e-08 4710 1.86347e+06
426.835 1.85752e+06 5.8938e-08 4848 1.87854e+06
427.985 1.87562e+06 5.90335e-08 5976 1.89376e+06
429.2 1.89707e+06 5.92032e-08 5208 1.90993e+06
430.405 1.89158e+06 5.85375e-08 5352 1.92607e+06
431.6 1.90439e+06 5.84454e-08 4820 1.94216e+06
432.743 1.93716e+06 5.89814e-08 5760 1.95763e+06
433.954 1.9559e+06 5.90547e-08 5166 1.97412e+06
435.188 1.96114e+06 5.87106e-08 6168 1.991e+06
436.422 2.04258e+06 6.06316e-08 5136 2.00798e+06
437.637 2.00242e+06 5.89456e-08 6240 2.02481e+06
438.922 2.0566e+06 6.00103e-08 5568 2.0427e+06
440.112 2.03056e+06 5.87713e-08 5712 2.05935e+06
441.308 2.13545e+06 6.13061e-08 5520 2.07618e+06
442.568 2.1552e+06 6.13461e-08 5670 2.09402e+06
443.761 2.05626e+06 5.80589e-08 6036 2.111e+06
445.017 2.1682e+06 6.07026e-08 6264 2.12898e+06
446.297 2.25428e+06 6.25713e-08 5912 2.14739e+06
447.472 2.12471e+06 5.85115e-08 5736 2.1644e+06
448.662 2.1285e+06 5.81508e-08 5400 2.18171e+06
449.929 2.22122e+06 6.01728e-08 6342 2.20025e+06
451.219 2.23709e+06 6.00841e-08 7032 2.21924e+06
452.483 2.21748e+06 5.90602e-08 5448 2.23793e+06
453.686 2.21548e+06 5.85387e-08 6528 2.25582e+06
455.01 2.21085e+06 5.79077e-08 6468 2.27563e+06
456.302 2.29631e+06 5.96369e-08 6528 2.29507e+06
457.487 2.27355e+06 5.85879e-08 5568 2.313e+06
458.712 2.34073e+06 5.98373e-08 6798 2.33163e+06
460.09 2.36003e+06 5.97901e-08 6560 2.35271e+06
461.321 2.44066e+06 6.13391e-08 6888 2.37165e+06
462.613 2.45117e+06 6.10886e-08 6624 2.39163e+06
463.886 2.40402e+06 5.94216e-08 6288 2.41142e+06
465.161 2.41479e+06 5.91985e-08 6960 2.43136e+06
466.517 2.43008e+06 5.9055e-08 6570 2.45269e+06
467.702 2.54134e+06 6.12905e-08 6600 2.47144e+06
469.04 2.56906e+06 6.14306e-08 7776 2.4927e+06
470.459 2.61302e+06 6.1918e-08 7248 2.51539e+06
471.78 2.56081e+06 6.01724e-08 6672 2.53664e+06
473.02 2.58679e+06 6.03061e-08 6704 2.5567e+06
474.279 2.56558e+06 5.93366e-08 6942 2.57717e+06
475.618 2.62533e+06 6.02072e-08 7656 2.59905e+06
476.939 2.68674e+06 6.1105e-08 7128 2.62077e+06
478.33 2.56228e+06 5.77675e-08 7908 2.64376e+06
479.632 2.61284e+06 5.8429e-08 6648 2.66541e+06
480.845 2.63821e+06 5.85508e-08 7320 2.68569e+06
482.277 2.74043e+06 6.02794e-08 7638 2.70975e+06
483.589 2.66127e+06 5.8063e-08 7416 2.73193e+06
484.867 2.80044e+06 6.06174e-08 7752 2.75365e+06
486.296 2.84694e+06 6.10826e-08 8448 2.77806e+06
487.682 2.87591e+06 6.11793e-08 7280 2.80189e+06
489.022 2.85261e+06 6.01863e-08 7668 2.82504e+06
490.366 2.81791e+06 5.89666e-08 8094 2.8484e+06
491.698 2.86047e+06 5.9372e-08 7656 2.87168e+06
493.062 2.86805e+06 5.90365e-08 8160 2.89565e+06
494.434 2.90189e+06 5.92373e-08 8472 2.91989e+06
495.863 2.95562e+06 5.98141e-08 7896 2.94527e+06
497.177 3.00294e+06 6.02911e-08 8088 2.96874e+06
498.568 2.94518e+06 5.8638e-08 8286 2.99373e+06
499.992 3.06772e+06 6.05574e-08 8676 3.01946e+06
501.353 3.05794e+06 5.98741e-08 8120 3.04418e+06
502.724 3.12397e+06 6.06678e-08 9024 3.06923e+06
504.146 3.03106e+06 5.83668e-08 8160 3.09535e+06
505.492 3.20642e+06 6.12516e-08 7944 3.1202e+06
506.883 3.16309e+06 5.99277e-08 8982 3.14604e+06
508.301 3.18768e+06 5.98894e-08 9528 3.17252e+06
509.763 3.29042e+06 6.12895e-08 8832 3.19996e+06
511.225 3.16927e+06 5.85279e-08 8916 3.22757e+06
512.624 3.23455e+06 5.92456e-08 9240 3.25415e+06
514.037 3.23556e+06 5.87768e-08 8502 3.28113e+06
515.448 3.32189e+06 5.9851e-08 9416 3.30822e+06
516.848 3.32603e+06 5.94396e-08 8976 3.33526e+06
518.29 3.4023e+06 6.02969e-08 9432 3.36324e+06
519.73 3.43405e+06 6.03548e-08 9864 3.39137e+06
521.211 3.42334e+06 5.96553e-08 9024 3.42044e+06
522.661 3.36812e+06 5.82059e-08 9762 3.44906e+06
524.084 3.46565e+06 5.94049e-08 9264 3.4773e+06
525.512 3.47118e+06 5.90161e-08 10056 3.5058e+06
526.971 3.48773e+06 5.88062e-08 9936 3.53509e+06
528.52 3.56614e+06 5.96009e-08 9624 3.56636e+06
529.893 3.6304e+06 6.02044e-08 9752 3.59423e+06
531.395 3.62308e+06 5.95752e-08 10446 3.62487e+06
532.886 3.71886e+06 6.06382e-08 10056 3.65547e+06
534.33 3.66352e+06 5.9253e-08 9876 3.68526e+06
535.856 3.74568e+06 6.00657e-08 11160 3.71693e+06
537.351 3.74547e+06 5.95625e-08 10128 3.74812e+06
538.857 3.72315e+06 5.87124e-08 9726 3.77972e+06
540.292 3.86939e+06 6.05337e-08 11112 3.81e+06
541.829 3.84509e+06 5.96431e-08 10776 3.84261e+06
543.283 3.8501e+06 5.92425e-08 10232 3.87363e+06
544.797 3.89862e+06 5.94904e-08 11184 3.90611e+06
546.395 3.98156e+06 6.02244e-08 11058 3.94059e+06
547.918 3.9994e+06 5.99913e-08 11472 3.97362e+06
549.394 4.01847e+06 5.97929e-08 10464 4.00582e+06
550.856 3.95012e+06 5.8309e-08 10584 4.0379e+06
552.438 4.08296e+06 5.97538e-08 12504 4.07277e+06
553.995 4.0277e+06 5.84492e-08 10560 4.10732e+06
555.487 4.07975e+06 5.87289e-08 11694 4.14058e+06
557.062 4.09301e+06 5.84213e-08 11420 4.17591e+06
558.601 4.18433e+06 5.92327e-08 12504 4.21061e+06
560.134 4.20944e+06 5.91001e-08 10800 4.24538e+06
561.718 4.28572e+06 5.96635e-08 12456 4.28149e+06
563.318 4.29953e+06 5.93472e-08 12030 4.31818e+06
564.827 4.30794e+06 5.89881e-08 11232 4.35297e+06
566.351 4.36231e+06 5.92514e-08 13176 4.38832e+06
567.977 4.46707e+06 6.01549e-08 11196 4.42621e+06
569.488 4.5303e+06 6.0522e-08 12720 4.46163e+06
571.076 4.55791e+06 6.03843e-08 11918 4.49906e+06
572.644 4.53071e+06 5.95323e-08 13392 4.53622e+06
574.302 4.54116e+06 5.91541e-08 12600 4.57575e+06
575.906 4.64713e+06 6.00301e-08 13200 4.61419e+06
577.52 4.65562e+06 5.96371e-08 12864 4.65309e+06
579.111 4.71707e+06 5.99275e-08 12270 4.69165e+06
580.695 4.64394e+06 5.85168e-08 13668 4.73027e+06
582.31 4.88558e+06 6.10511e-08 13200 4.76983e+06
583.929 4.83285e+06 5.98911e-08 13416 4.80973e+06
585.558 4.97025e+06 6.10813e-08 12992 4.85009e+06
587.186 4.88078e+06 5.94842e-08 13806 4.89067e+06
588.791 5.0156e+06 6.06287e-08 13800 4.93088e+06
590.416 5.10099e+06 6.11534e-08 13056 4.9718e+06
592.022 4.96571e+06 5.90483e-08 14364 5.0125e+06
593.668 5.08096e+06 5.99176e-08 13248 5.05442e+06
595.325 5.05065e+06 5.90642e-08 15054 5.09686e+06
597.026 5.15988e+06 5.98275e-08 13680 5.14066e+06
598.633 5.2435e+06 6.03087e-08 15152 5.18229e+06
600.356 5.24378e+06 5.9794e-08 14376 5.22718e+06
601.981 5.23726e+06 5.92373e-08 13932 5.26974e+06
603.668 5.31072e+06 5.9566e-08 14910 5.31416e+06
605.328 5.44371e+06 6.05566e-08 15648 5.35813e+06
606.992 5.4152e+06 5.97456e-08 13680 5.40243e+06
608.681 5.46414e+06 5.97851e-08 15816 5.44765e+06
610.385 5.53576e+06 6.00628e-08 15030 5.49353e+06
612.048 5.50324e+06 5.92245e-08 15104 5.53856e+06
613.806 5.659e+06 6.0379e-08 16548 5.58642e+06
615.522 5.67125e+06 6.0005e-08 15360 5.63341e+06
617.228 5.69331e+06 5.97403e-08 15768 5.68038e+06
618.905 5.71007e+06 5.94306e-08 14622 5.72679e+06
620.629 5.77133e+06 5.9569e-08 17568 5.77478e+06
622.429 5.80845e+06 5.94334e-08 16368 5.82518e+06
624.133 5.81461e+06 5.90105e-08 15960 5.87316e+06
625.863 6.02792e+06 6.06695e-08 15732 5.92212e+06
627.578 5.9593e+06 5.94884e-08 17006 5.97094e+06
629.313 5.95736e+06 5.89786e-08 16680 6.0206e+06
631.126 6.1033e+06 5.99042e-08 17712 6.07278e+06
632.844 6.20197e+06 6.03781e-08 15576 6.12253e+06
634.511 6.11058e+06 5.90208e-08 16974 6.17102e+06
636.325 6.18923e+06 5.92707e-08 17436 6.2241e+06
638.079 6.18457e+06 5.87391e-08 17952 6.27571e+06
639.88 6.30066e+06 5.93377e-08 17448 6.329e+06
641.626 6.38002e+06 5.9596e-08 17336 6.38095e+06
643.448 6.35652e+06 5.88735e-08 17958 6.43546e+06
645.236 6.44564e+06 5.92039e-08 19056 6.48927e+06
647.056 6.50991e+06 5.92911e-08 17304 6.54434e+06
648.81 6.58275e+06 5.94695e-08 18276 6.59772e+06
650.599 6.67279e+06 5.97871e-08 17838 6.65243e+06
652.365 6.58851e+06 5.85538e-08 18984 6.70676e+06
654.267 6.72741e+06 5.92685e-08 19616 6.76557e+06
656.049 6.85165e+06 5.98722e-08 18168 6.82103e+06
657.865 6.96645e+06 6.03727e-08 19320 6.87782e+06
659.743 6.87773e+06 5.90965e-08 19170 6.93687e+06
661.508 6.90828e+06 5.88849e-08 19008 6.99272e+06
663.358 7.12086e+06 6.01905e-08 20472 7.05156e+06
665.241 7.10736e+06 5.95678e-08 19128 7.11176e+06
667.07 7.2734e+06 6.04594e-08 19998 7.17057e+06
668.912 7.19392e+06 5.9306e-08 19808 7.23015e+06
670.766 7.2647e+06 5.93944e-08 20724 7.29042e+06
672.65 7.35608e+06 5.96374e-08 19896 7.35204e+06
674.456 7.38701e+06 5.94082e-08 20304 7.41143e+06
676.388 7.4899e+06 5.97211e-08 21030 7.4753e+06
678.233 7.42224e+06 5.86999e-08 21168 7.53664e+06
680.119 7.55979e+06 5.92919e-08 20736 7.59966e+06
682.025 7.73492e+06 6.01582e-08 21356 7.66375e+06
683.962 7.72979e+06 5.96089e-08 22206 7.72924e+06
685.85 7.71835e+06 5.90306e-08 21360 7.79341e+06
687.747 7.82101e+06 5.93221e-08 21456 7.85826e+06
689.624 7.82918e+06 5.89005e-08 21648 7.92278e+06
691.543 8.01613e+06 5.98064e-08 22326 7.98909e+06
693.471 8.07661e+06 5.97564e-08 22212 8.0561e+06
695.345 8.03364e+06 5.89591e-08 22128 8.1216e+06
697.259 8.24253e+06 5.99954e-08 22640 8.18884e+06
699.232 8.35885e+06 6.03285e-08 23022 8.25855e+06
701.21 8.43104e+06 6.03359e-08 24168 8.32885e+06
703.13 8.48449e+06 6.02225e-08 22416 8.39744e+06
705.104 8.42247e+06 5.92817e-08 23700 8.46836e+06
707.07 8.62411e+06 6.01958e-08 24222 8.53941e+06
709.022 8.63588e+06 5.97816e-08 22776 8.61032e+06
710.94 8.61509e+06 5.91563e-08 24296 8.68039e+06
712.937 8.64111e+06 5.88379e-08 24648 8.75373e+06
714.886 8.92877e+06 6.03005e-08 22926 8.82573e+06
716.842 8.85418e+06 5.93087e-08 25476 8.89836e+06
718.878 8.91854e+06 5.92336e-08 25608 8.9744e+06
720.869 9.15689e+06 6.03141e-08 24576 9.04918e+06
722.888 9.18832e+06 6.00155e-08 25134 9.12542e+06
724.881 9.33355e+06 6.04626e-08 25928 9.20111e+06
726.915 9.31284e+06 5.98235e-08 26136 9.27878e+06
728.95 9.35939e+06 5.96203e-08 25644 9.35694e+06
730.944 9.5752e+06 6.04972e-08 25926 9.43392e+06
732.99 9.54801e+06 5.98216e-08 26232 9.51339e+06
735.005 9.60147e+06 5.96632e-08 27216 9.59204e+06
737.068 9.76083e+06 6.01456e-08 26736 9.67303e+06
739.171 9.68702e+06 5.91827e-08 27698 9.75607e+06
741.196 9.85953e+06 5.97443e-08 26640 9.83649e+06
743.196 9.99884e+06 6.01007e-08 26880 9.9163e+06
745.316 1.02196e+07 6.09048e-08 29160 1.00014e+07
747.411 1.01083e+07 5.97363e-08 27318 1.0086e+07
749.444 1.02176e+07 5.98921e-08 27984 1.01685e+07
751.526 1.02821e+07 5.97711e-08 28364 1.02535e+07
753.575 1.03541e+07 5.96999e-08 28464 1.03376e+07
755.71 1.06154e+07 6.06889e-08 28974 1.04257e+07
757.777 1.04639e+07 5.9335e-08 28920 1.05115e+07
759.853 1.06911e+07 6.01273e-08 29640 1.05981e+07
761.991 1.06582e+07 5.94393e-08 28884 1.06878e+07
764.087 1.0723e+07 5.93097e-08 30558 1.07763e+07
766.255 1.09456e+07 6.00286e-08 30776 1.08683e+07
768.35 1.07699e+07 5.85831e-08 29040 1.09577e+07
770.454 1.0934e+07 5.89899e-08 30984 1.10479e+07
772.624 1.13347e+07 6.06383e-08 30930 1.11415e+07
774.804 1.13835e+07 6.03865e-08 32712 1.12361e+07
776.967 1.1443e+07 6.01966e-08 30528 1.13305e+07
779.078 1.15394e+07 6.02116e-08 30326 1.14231e+07
781.242 1.15128e+07 5.95749e-08 33624 1.15185e+07
783.447 1.16279e+07 5.9664e-08 31824 1.16164e+07
785.593 1.16533e+07 5.93054e-08 31860 1.1712e+07
787.805 1.16224e+07 5.86513e-08 33942 1.18113e+07
789.985 1.18595e+07 5.93542e-08 31848 1.19096e+07
792.132 1.18671e+07 5.89106e-08 33624 1.20069e+07
794.36 1.22765e+07 6.04311e-08 33512 1.21086e+07
796.562 1.22354e+07 5.97309e-08 33594 1.22095e+07
798.778 1.22171e+07 5.91463e-08 34944 1.23117e+07
800.997 1.24134e+07 5.95987e-08 33624 1.24146e+07
803.205 1.25862e+07 5.99315e-08 34710 1.25176e+07
805.416 1.26774e+07 5.98701e-08 34704 1.26212e+07
807.649 1.26133e+07 5.90745e-08 35468 1.27265e+07
809.907 1.29748e+07 6.02609e-08 36096 1.28335e+07
812.202 1.28118e+07 5.90009e-08 35958 1.29429e+07
814.448 1.31135e+07 5.9892e-08 36576 1.30506e+07
816.7 1.32237e+07 5.98972e-08 35976 1.31591e+07
818.955 1.32051e+07 5.93201e-08 36396 1.32685e+07
821.243 1.34555e+07 5.99412e-08 38030 1.338e+07
823.495 1.34399e+07 5.93815e-08 35784 1.34904e+07
825.764 1.36621e+07 5.98675e-08 38712 1.36022e+07
828.102 1.36852e+07 5.94619e-08 38310 1.3718e+07
830.398 1.37807e+07 5.93817e-08 37596 1.38324e+07
832.649 1.38836e+07 5.9341e-08 39000 1.39453e+07
834.997 1.41897e+07 6.01395e-08 38552 1.40635e+07
837.325 1.41775e+07 5.95877e-08 40206 1.41815e+07
839.639 1.42384e+07 5.93504e-08 39072 1.42994e+07
842.006 1.44437e+07 5.96999e-08 41340 1.44207e+07
844.364 1.47625e+07 6.05076e-08 39342 1.45422e+07
846.654 1.45684e+07 5.92288e-08 40176 1.46608e+07
849.007 1.48322e+07 5.98015e-08 41768 1.47834e+07
851.36 1.49865e+07 5.9924e-08 40206 1.49067e+07
853.726 1.4985e+07 5.94213e-08 42300 1.50313e+07
856.093 1.51418e+07 5.9546e-08 42360 1.51567e+07
858.447 1.52464e+07 5.94656e-08 40488 1.5282e+07
860.825 1.52286e+07 5.89052e-08 44406 1.54094e+07
863.261 1.55009e+07 5.94527e-08 43076 1.55405e+07
865.619 1.57627e+07 5.99641e-08 42600 1.56683e+07
868.063 1.57479e+07 5.94028e-08 45486 1.58014e+07
870.51 1.5883e+07 5.94087e-08 43848 1.59353e+07
872.865 1.60239e+07 5.94521e-08 43248 1.6065e+07
875.268 1.63207e+07 6.00559e-08 44988 1.61981e+07
877.736 1.64745e+07 6.01119e-08 46454 1.63355e+07
880.173 1.64119e+07 5.93876e-08 44928 1.64719e+07
882.637 1.6643e+07 5.97206e-08 47256 1.66107e+07
885.084 1.66712e+07 5.9327e-08 45126 1.67492e+07
887.541 1.69911e+07 5.99649e-08 48084 1.68891e+07
889.995 1.68033e+07 5.8813e-08 46320 1.70295e+07
892.49 1.72949e+07 6.0027e-08 47894 1.71732e+07
894.921 1.7445e+07 6.0056e-08 47160 1.73139e+07
897.379 1.74814e+07 5.9688e-08 48228 1.74569e+07
899.935 1.76843e+07 5.98678e-08 50598 1.76066e+07
902.415 1.7723e+07 5.95056e-08 47328 1.77525e+07
904.896 1.78539e+07 5.94534e-08 50696 1.78993e+07
907.414 1.81324e+07 5.98795e-08 49344 1.80492e+07
909.974 1.82777e+07 5.98516e-08 51570 1.82023e+07
912.489 1.83921e+07 5.97294e-08 50832 1.83537e+07
915.021 1.87124e+07 6.02665e-08 50424 1.85069e+07
917.558 1.88994e+07 6.03652e-08 52686 1.86613e+07
920.103 1.89137e+07 5.99112e-08 51092 1.8817e+07
922.642 1.90778e+07 5.99332e-08 53376 1.89732e+07
925.222 1.93116e+07 6.01618e-08 52374 1.91328e+07
927.753 1.9183e+07 5.92733e-08 52848 1.92902e+07
930.333 1.95852e+07 6.0014e-08 55488 1.94516e+07
932.98 1.98435e+07 6.02894e-08 54098 1.96181e+07
935.507 2.00154e+07 6.03202e-08 53688 1.9778e+07
938.093 1.98703e+07 5.93891e-08 55296 1.99424e+07
940.702 2.02984e+07 6.01653e-08 56358 2.01093e+07
943.366 2.03649e+07 5.98525e-08 57468 2.02806e+07
945.983 2.05862e+07 6.0002e-08 56000 2.04499e+07
948.631 2.07591e+07 6.00007e-08 57774 2.06221e+07
951.26 2.09729e+07 6.01176e-08 57648 2.0794e+07
953.878 2.07664e+07 5.90367e-08 57480 2.09662e+07
956.53 2.13284e+07 6.01316e-08 58122 2.11415e+07
959.153 2.15806e+07 6.03448e-08 59208 2.13159e+07
961.832 2.16746e+07 6.01024e-08 60032 2.1495e+07
964.527 2.17591e+07 5.98325e-08 60366 2.16762e+07
967.205 2.18583e+07 5.96074e-08 60444 2.18573e+07
969.867 2.23605e+07 6.04762e-08 60912 2.20382e+07
972.575 2.23467e+07 5.99354e-08 61422 2.22234e+07
975.276 2.25332e+07 5.99348e-08 63032 2.2409e+07
977.994 2.26327e+07 5.96991e-08 62052 2.25969e+07
980.718 2.30673e+07 6.03399e-08 64038 2.27863e+07
983.416 2.30908e+07 5.99055e-08 61632 2.29748e+07
986.1 2.35142e+07 6.05072e-08 64896 2.31634e+07
988.883 2.33792e+07 5.96535e-08 64874 2.33601e+07
991.584 2.35648e+07 5.96368e-08 64200 2.35521e+07
994.365 2.39639e+07 6.01393e-08 68016 2.37508e+07
997.161 2.38249e+07 5.92891e-08 65694 2.39517e+07
999.915 2.43414e+07 6.00753e-08 67212 2.41507e+07
1002.69 2.44944e+07 5.99531e-08 67088 2.4352e+07
1005.45 2.48063e+07 6.02165e-08 67182 2.45542e+07
1008.23 2.50437e+07 6.02911e-08 69768 2.47585e+07
1011.03 2.50056e+07 5.97008e-08 67524 2.49653e+07
1013.83 2.54106e+07 6.01672e-08 70758 2.5173e+07
1016.63 2.59164e+07 6.08583e-08 69488 2.53825e+07
1019.45 2.57498e+07 5.99675e-08 71640 2.5594e+07
1022.32 2.60848e+07 6.02373e-08 72042 2.58108e+07
1025.17 2.62304e+07 6.00704e-08 72960 2.60271e+07
1027.99 2.63379e+07 5.98207e-08 70422 2.62428e+07
1030.87 2.68476e+07 6.04691e-08 76784 2.64638e+07
1033.75 2.70186e+07 6.03463e-08 72348 2.66866e+07
1036.6 2.69744e+07 5.97531e-08 74094 2.69074e+07
1039.46 2.72661e+07 5.99023e-08 74976 2.71306e+07
1042.33 2.75117e+07 5.99433e-08 76200 2.73562e+07
1045.27 2.76071e+07 5.96459e-08 77114 2.7588e+07
1048.16 2.79001e+07 5.97816e-08 76872 2.78175e+07
1051.07 2.82608e+07 6.00527e-08 77784 2.80499e+07
1054 2.86108e+07 6.02896e-08 78654 2.82857e+07
1056.92 2.88822e+07 6.03585e-08 79380 2.85215e+07
1059.85 2.8784e+07 5.96558e-08 79256 2.87593e+07
1062.8 2.938e+07 6.03864e-08 80094 2.89996e+07
1065.71 2.94509e+07 6.00366e-08 80760 2.9239e+07
1068.71 2.99944e+07 6.0631e-08 83034 2.94866e+07
1071.7 2.99172e+07 5.99717e-08 82664 2.9734e+07
1074.65 3.01637e+07 5.99682e-08 81864 2.99808e+07
1077.61 3.06996e+07 6.0532e-08 83334 3.02293e+07
1080.61 3.07853e+07 6.01963e-08 85980 3.04827e+07
1083.62 3.11684e+07 6.04405e-08 84144 3.07374e+07
1086.64 3.12431e+07 6.00816e-08 86486 3.09951e+07
1089.63 3.18665e+07 6.07765e-08 86016 3.1252e+07
1092.68 3.18973e+07 6.03276e-08 88290 3.1515e+07
1095.71 3.24082e+07 6.0787e-08 87672 3.17779e+07
1098.73 3.25227e+07 6.04992e-08 88608 3.20418e+07
1101.78 3.26211e+07 6.01802e-08 88682 3.23091e+07
1104.83 3.2909e+07 6.02104e-08 91200 3.2578e+07
1107.94 3.30156e+07 5.98975e-08 92568 3.28542e+07
1111.03 3.3534e+07 6.03327e-08 91014 3.31293e+07
1114.1 3.37303e+07 6.01846e-08 92828 3.34053e+07
1117.19 3.38539e+07 5.99055e-08 93054 3.36839e+07
1120.26 3.40523e+07 5.97624e-08 92568 3.39624e+07
1123.37 3.46201e+07 6.0256e-08 96768 3.42458e+07
1126.53 3.48357e+07 6.01224e-08 95658 3.45357e+07
1129.64 3.53423e+07 6.04946e-08 96368 3.48224e+07
1132.81 3.55163e+07 6.02838e-08 98526 3.51162e+07
1135.92 3.58959e+07 6.04286e-08 95436 3.54064e+07
1139.06 3.62435e+07 6.05105e-08 101472 3.57009e+07
1142.26 3.64736e+07 6.03843e-08 98582 3.60027e+07
1145.38 3.6521e+07 5.99697e-08 99984 3.62987e+07
1148.57 3.72169e+07 6.06056e-08 101298 3.66022e+07
1151.78 3.71975e+07 6.00678e-08 104952 3.69107e+07
1154.98 3.77993e+07 6.0534e-08 100568 3.7219e+07
1158.18 3.80401e+07 6.04161e-08 105942 3.75291e+07
1161.42 3.86488e+07 6.08704e-08 104892 3.78451e+07
1164.62 3.83387e+07 5.98861e-08 103734 3.81585e+07
1167.82 3.8705e+07 5.9962e-08 107160 3.84744e+07
1171.09 3.94579e+07 6.06182e-08 108788 3.87982e+07
1174.34 3.97517e+07 6.05633e-08 107070 3.91224e+07
1177.6 3.98085e+07 6.01487e-08 110760 3.94484e+07
1180.88 4.04807e+07 6.0656e-08 109182 3.9779e+07
1184.16 4.0444e+07 6.00981e-08 112820 4.01119e+07
1187.45 4.08833e+07 6.02483e-08 110280 4.04466e+07
1190.74 4.15947e+07 6.07896e-08 114678 4.07839e+07
1194.05 4.15432e+07 6.02104e-08 112668 4.11252e+07
1197.36 4.24099e+07 6.09584e-08 116030 4.14681e+07
1200.73 4.24045e+07 6.04391e-08 118032 4.1819e+07
1204.04 4.30604e+07 6.08682e-08 113700 4.21665e+07
1207.36 4.30471e+07 6.03501e-08 118566 4.25154e+07
1210.73 4.36075e+07 6.06265e-08 119840 4.28725e+07
1214.08 4.38854e+07 6.05083e-08 118278 4.32299e+07
1217.43 4.44602e+07 6.07969e-08 120852 4.35883e+07
1220.81 4.48482e+07 6.08186e-08 122166 4.39531e+07
1224.21 4.50636e+07 6.06028e-08 123296 4.43213e+07
1227.61 4.5093e+07 6.01406e-08 123300 4.46911e+07
1231.03 4.57608e+07 6.05243e-08 126174 4.50654e+07
1234.45 4.59966e+07 6.03323e-08 124800 4.54419e+07
1237.85 4.64858e+07 6.04716e-08 126774 4.58193e+07
1241.29 4.69261e+07 6.05383e-08 128900 4.62023e+07
1244.74 4.71341e+07 6.03031e-08 127776 4.65882e+07
1248.2 4.80649e+07 6.09841e-08 132246 4.69776e+07
1251.66 4.82996e+07 6.07748e-08 129252 4.73696e+07
1255.13 4.90172e+07 6.11682e-08 133118 4.77642e+07
1258.61 4.89954e+07 6.06353e-08 133272 4.81626e+07
1262.11 4.93065e+07 6.05129e-08 134970 4.85665e+07
1265.61 5.01922e+07 6.10909e-08 136128 4.89711e+07
1269.15 5.08678e+07 6.1397e-08 137270 4.93829e+07
1272.69 5.09619e+07 6.09979e-08 139620 4.97979e+07
1276.23 5.15881e+07 6.1236e-08 138312 5.02137e+07
1279.77 5.20617e+07 6.12856e-08 140694 5.06338e+07
1283.31 5.24276e+07 6.12077e-08 140888 5.10545e+07
1286.88 5.25946e+07 6.08931e-08 143034 5.14817e+07
1290.45 5.33924e+07 6.13051e-08 143688 5.19114e+07
1294.01 5.33354e+07 6.07358e-08 143510 5.23421e+07
1297.6 5.40175e+07 6.10036e-08 147828 5.27787e+07
1301.23 5.45417e+07 6.1081e-08 147918 5.32234e+07
1304.84 5.46807e+07 6.07301e-08 148992 5.36674e+07
1308.48 5.52295e+07 6.08295e-08 150356 5.41174e+07
1312.07 5.62063e+07 6.13982e-08 147606 5.45644e+07
1315.71 5.65489e+07 6.12614e-08 156624 5.50196e+07
1319.41 5.72633e+07 6.15137e-08 153354 5.54861e+07
1323.05 5.72625e+07 6.10074e-08 153968 5.59458e+07
1326.71 5.8334e+07 6.16359e-08 155862 5.64115e+07
1330.38 5.85635e+07 6.13681e-08 157524 5.68807e+07
1334.08 5.92932e+07 6.16174e-08 159126 5.73564e+07
1337.8 5.91324e+07 6.09383e-08 162488 5.78383e+07
1341.52 5.99099e+07 6.1227e-08 159570 5.83224e+07
1345.23 6.0235e+07 6.10522e-08 164304 5.88068e+07
1349 6.10681e+07 6.13794e-08 165720 5.93024e+07
1352.73 6.16856e+07 6.14883e-08 162866 5.97959e+07
1356.46 6.23051e+07 6.15943e-08 169056 6.02925e+07
1360.25 6.27846e+07 6.15516e-08 167502 6.07986e+07
1364.01 6.30352e+07 6.12876e-08 169964 6.13043e+07
1367.79 6.38824e+07 6.15981e-08 170478 6.1815e+07
1371.59 6.43359e+07 6.152e-08 175200 6.23329e+07
1375.43 6.47917e+07 6.14394e-08 173130 6.28568e+07
1379.22 6.59122e+07 6.19876e-08 175712 6.33784e+07
1383.06 6.65353e+07 6.20533e-08 177438 6.39098e+07
1386.89 6.65917e+07 6.15929e-08 178092 6.44421e+07
1390.73 6.75802e+07 6.19907e-08 179694 6.4979e+07
1394.6 6.82822e+07 6.21158e-08 182504 6.55218e+07
1398.48 6.81259e+07 6.14592e-08 182394 6.60701e+07
1402.34 6.91345e+07 6.18549e-08 184464 6.66194e+07
1406.24 6.96197e+07 6.17727e-08 186398 6.71763e+07
1410.15 7.01727e+07 6.1746e-08 188844 6.77391e+07
1414.06 7.06892e+07 6.1687e-08 187230 6.8303e+07
1417.99 7.16894e+07 6.20411e-08 193776 6.88741e+07
1421.96 7.23065e+07 6.20524e-08 192218 6.94543e+07
1425.88 7.28743e+07 6.20252e-08 192408 7.00304e+07
1429.82 7.35932e+07 6.21206e-08 195510 7.06125e+07
1433.79 7.45307e+07 6.23899e-08 198404 7.12034e+07
1437.8 7.55375e+07 6.27058e-08 200310 7.18017e+07
1441.8 7.53529e+07 6.20333e-08 201216 7.24027e+07
1445.81 7.62596e+07 6.22592e-08 201618 7.30081e+07
1449.82 7.6733e+07 6.21272e-08 204680 7.36174e+07
1453.82 7.75611e+07 6.22807e-08 202758 7.42285e+07
1457.86 7.78497e+07 6.19934e-08 211812 7.485e+07
1461.93 7.84657e+07 6.19645e-08 205718 7.54774e+07
1465.95 7.95437e+07 6.23e-08 211452 7.61024e+07
1470.03 8.00446e+07 6.21722e-08 213150 7.67389e+07
1474.14 8.09317e+07 6.23365e-08 217512 7.73849e+07
1478.25 8.16863e+07 6.23941e-08 214754 7.80343e+07
1482.31 8.24065e+07 6.24289e-08 215424 7.86785e+07
1486.45 8.35869e+07 6.27957e-08 224574 7.93393e+07
1490.58 8.41268e+07 6.26765e-08 218588 8.00036e+07
1494.7 8.48727e+07 6.27113e-08 223902 8.06682e+07
1498.84 8.55526e+07 6.26916e-08 224952 8.134e+07
1503.03 8.68702e+07 6.31265e-08 230258 8.20237e+07
1507.2 8.69742e+07 6.26778e-08 227544 8.27098e+07
1511.38 8.81306e+07 6.29865e-08 231018 8.33987e+07
1515.57 8.92136e+07 6.32322e-08 234504 8.40954e+07
1519.79 8.93665e+07 6.28155e-08 233102 8.47984e+07
1523.98 8.99591e+07 6.27114e-08 236892 8.55025e+07
1528.21 9.16174e+07 6.33382e-08 238830 8.62169e+07
1532.45 9.19066e+07 6.30131e-08 241232 8.69353e+07
1536.72 9.36231e+07 6.36559e-08 243906 8.76646e+07
1540.99 9.38659e+07 6.32922e-08 244704 8.83971e+07
1545.26 9.47655e+07 6.33699e-08 246698 8.91349e+07
1549.54 9.56842e+07 6.34564e-08 248664 8.98762e+07
1553.86 9.63796e+07 6.33858e-08 253494 9.06303e+07
1558.18 9.75269e+07 6.36082e-08 251522 9.13885e+07
1562.48 9.80499e+07 6.34221e-08 255336 9.21481e+07
1566.82 9.9185e+07 6.3625e-08 257694 9.29177e+07
1571.18 1.00166e+08 6.37212e-08 260988 9.36952e+07
1575.56 1.00902e+08 6.36556e-08 261638 9.44806e+07
1579.91 1.01854e+08 6.37271e-08 262356 9.52652e+07
1584.28 1.02862e+08 6.38259e-08 266478 9.60595e+07
1588.71 1.04553e+08 6.43348e-08 272048 9.68659e+07
1593.14 1.05154e+08 6.41652e-08 269850 9.76801e+07
1597.55 1.05815e+08 6.40356e-08 272544 9.84931e+07
1601.99 1.06545e+08 6.39432e-08 275546 9.93156e+07
1606.41 1.08849e+08 6.47875e-08 275334 1.00141e+08
1610.9 1.09071e+08 6.43794e-08 285024 1.00982e+08
1615.41 1.10208e+08 6.45064e-08 282242 1.01833e+08
1619.86 1.11238e+08 6.45741e-08 280800 1.02677e+08
1624.34 1.12067e+08 6.45184e-08 288330 1.03532e+08
1628.86 1.13482e+08 6.47909e-08 290024 1.04398e+08
1633.39 1.14486e+08 6.48222e-08 290598 1.0527e+08
1637.9 1.15487e+08 6.48499e-08 293748 1.06146e+08
1642.47 1.16427e+08 6.48338e-08 299582 1.07037e+08
1647.02 1.17483e+08 6.48808e-08 295914 1.0793e+08
1651.57 1.18604e+08 6.49599e-08 302352 1.08826e+08
1656.18 1.1994e+08 6.51448e-08 305342 1.09739e+08
1660.77 1.21161e+08 6.52645e-08 305532 1.10654e+08
1665.39 1.22564e+08 6.54724e-08 310806 1.1158e+08
1670.01 1.23339e+08 6.53412e-08 310436 1.12511e+08
1674.66 1.25077e+08 6.57113e-08 318006 1.13454e+08
1679.3 1.26679e+08 6.60017e-08 312846 1.14401e+08
1683.95 1.26977e+08 6.56113e-08 322508 1.15352e+08
1688.64 1.28771e+08 6.59849e-08 321318 1.1632e+08
1693.33 1.29264e+08 6.56888e-08 327204 1.17291e+08
1698.03 1.30901e+08 6.59697e-08 325766 1.18271e+08
1702.73 1.32612e+08 6.62802e-08 330246 1.19255e+08
1707.47 1.33997e+08 6.64167e-08 335868 1.20254e+08
1712.24 1.34588e+08 6.6154e-08 336710 1.21264e+08
1716.97 1.36589e+08 6.65838e-08 336636 1.22273e+08
1721.74 1.37759e+08 6.65972e-08 343542 1.23294e+08
1726.51 1.39596e+08 6.69279e-08 342092 1.24321e+08
1731.3 1.4112e+08 6.70988e-08 349446 1.25359e+08
1736.12 1.42047e+08 6.69784e-08 350118 1.26409e+08
1740.93 1.43912e+08 6.72973e-08 352628 1.27462e+08
1745.78 1.4495e+08 6.72184e-08 359334 1.28531e+08
1750.62 1.46525e+08 6.73869e-08 356364 1.29603e+08
1755.47 1.47775e+08 6.74004e-08 362990 1.30683e+08
1760.34 1.49904e+08 6.78053e-08 364062 1.31774e+08
1765.22 1.51426e+08 6.79268e-08 369756 1.32874e+08
1770.12 1.52974e+08 6.80536e-08 368726 1.33982e+08
1775.02 1.54363e+08 6.81037e-08 375786 1.35099e+08
1779.96 1.55939e+08 6.82278e-08 378600 1.3623e+08
1784.91 1.5768e+08 6.84182e-08 379394 1.37368e+08
1789.86 1.58883e+08 6.83689e-08 386568 1.38516e+08
1794.85 1.61007e+08 6.87068e-08 386906 1.39677e+08
1799.82 1.63387e+08 6.91466e-08 388950 1.4084e+08
1804.81 1.65151e+08 6.93148e-08 394512 1.42015e+08
1809.83 1.6636e+08 6.9243e-08 396818 1.43203e+08
1814.85 1.68707e+08 6.96385e-08 401112 1.44399e+08
1819.91 1.69767e+08 6.94938e-08 404850 1.45608e+08
1824.96 1.72016e+08 6.98313e-08 405566 1.46825e+08
1830 1.74265e+08 7.01608e-08 409308 1.48046e+08
1835.08 1.76129e+08 7.03244e-08 413766 1.49281e+08
1840.17 1.77741e+08 7.03803e-08 417050 1.50528e+08
1845.3 1.79187e+08 7.0363e-08 425232 1.51789e+08
1850.44 1.82233e+08 7.09643e-08 421862 1.53062e+08
1855.55 1.83744e+08 7.09631e-08 426402 1.54334e+08
1860.71 1.85789e+08 7.11574e-08 434688 1.55625e+08
1865.91 1.88217e+08 7.14867e-08 436634 1.56933e+08
1871.07 1.90661e+08 7.18172e-08 434784 1.58239e+08
1876.24 1.92307e+08 7.18404e-08 441018 1.59553e+08
1881.45 1.94295e+08 7.1982e-08 447350 1.60886e+08
1886.68 1.96461e+08 7.21809e-08 449868 1.62231e+08
1891.92 1.99112e+08 7.25488e-08 453206 1.63586e+08
1897.16 2.01269e+08 7.27282e-08 456570 1.64951e+08
1902.44 2.03858e+08 7.30526e-08 463824 1.6633e+08
1907.73 2.05466e+08 7.30175e-08 463718 1.67723e+08
1913.02 2.09328e+08 7.37755e-08 468186 1.69121e+08
1918.32 2.10813e+08 7.36837e-08 473448 1.70532e+08
1923.67 2.13827e+08 7.41156e-08 479354 1.71962e+08
1929.01 2.15711e+08 7.41494e-08 477702 1.73398e+08
1934.35 2.19746e+08 7.49128e-08 485204 1.74841e+08
1939.74 2.21743e+08 7.49654e-08 491454 1.76307e+08
1945.13 2.23681e+08 7.49934e-08 491226 1.77782e+08
1950.52 2.27059e+08 7.54965e-08 497648 1.79264e+08
1955.96 2.29799e+08 7.57717e-08 504930 1.80768e+08
1961.39 2.32088e+08 7.58931e-08 500358 1.82277e+08
1966.8 2.35156e+08 7.62636e-08 508652 1.83789e+08
1972.27 2.3807e+08 7.65676e-08 516390 1.85327e+08
1977.75 2.41714e+08 7.70957e-08 515642 1.86875e+08
1983.22 2.44462e+08 7.73284e-08 521880 1.88431e+08
1988.74 2.48623e+08 7.7991e-08 530850 1.9001e+08
1994.27 2.51216e+08 7.8151e-08 527054 1.91599e+08
1999.77 2.54371e+08 7.84814e-08 534156 1.93188e+08
2005.35 2.57912e+08 7.89121e-08 545150 1.94808e+08
2010.93 2.60304e+08 7.89819e-08 543474 1.96441e+08
2016.49 2.63804e+08 7.93842e-08 545310 1.98074e+08
2022.08 2.67887e+08 7.99464e-08 555788 1.99725e+08
2027.71 2.71287e+08 8.0288e-08 559542 2.01399e+08
2033.35 2.74439e+08 8.05468e-08 564146 2.03085e+08
2038.99 2.78386e+08 8.10293e-08 566520 2.04779e+08
2044.66 2.83075e+08 8.17108e-08 573594 2.06491e+08
2050.34 2.85979e+08 8.18647e-08 577718 2.08218e+08
2056.02 2.903e+08 8.24147e-08 579300 2.09953e+08
6.9058e+07
1.67772e+07
1.67772e+07
