0.142928
1398
200
512
5.50261
0.0314159 0.000447701 3.56269e-05 6 7.49014e-07
0.0444288 0.00222516 6.26046e-05 12 2.11853e-06
0.054414 0.00776194 0.000118872 8 3.89199e-06
0.0628319 0.00259157 2.57788e-05 6 5.99211e-06
0.0702481 0.00504675 3.59208e-05 24 8.37423e-06
0.076953 0.00479057 2.59388e-05 24 1.10082e-05
0.0888577 0.00875505 3.07903e-05 12 1.69483e-05
0.0942478 0.00932998 2.74984e-05 30 2.02234e-05
0.0993459 0.00705522 1.77542e-05 24 2.36859e-05
0.104195 0.00898029 1.95881e-05 24 2.73262e-05
0.108828 0.0175762 3.36468e-05 8 3.11359e-05
0.113272 0.0121949 2.0704e-05 24 3.51079e-05
0.117548 0.0142475 2.1644e-05 48 3.92358e-05
0.125664 0.0249565 3.10308e-05 6 4.79369e-05
0.129531 0.0170955 1.94088e-05 48 5.25005e-05
0.133286 0.0132291 1.37852e-05 36 5.72004e-05
0.136939 0.0126138 1.21201e-05 24 6.20327e-05
0.140496 0.0109594 9.7506e-06 24 6.69939e-05
0.143966 0.0150122 1.24138e-05 48 7.20807e-05
0.147354 0.0205322 1.5834e-05 24 7.72901e-05
0.153906 0.0162928 1.10273e-05 24 8.80657e-05
0.15708 0.0210418 1.33956e-05 30 9.36268e-05
0.16019 0.0201058 1.20684e-05 72 9.93002e-05
0.163242 0.0129754 7.35978e-06 32 0.000105084
0.16918 0.0204949 1.04433e-05 72 0.000116973
0.172072 0.0175577 8.50306e-06 48 0.000123076
0.177715 0.0360821 1.58619e-05 12 0.000135586
0.180471 0.0200303 8.40829e-06 48 0.000141991
0.183185 0.0225862 9.06599e-06 48 0.000148494
0.185859 0.0207263 7.96544e-06 48 0.000155093
0.188496 0.0234286 8.63142e-06 30 0.000161787
0.191096 0.0282986 1.00058e-05 24 0.000168575
0.193661 0.0303526 1.03112e-05 72 0.000175455
0.198692 0.0209784 6.59892e-06 24 0.000189487
0.20116 0.0273959 8.30425e-06 96 0.000196637
0.203598 0.0296533 8.6694e-06 48 0.000203875
0.206008 0.017316 4.88692e-06 24 0.000211199
0.20839 0.0218696 5.96283e-06 24 0.000218609
0.210744 0.0189604 4.99826e-06 72 0.000226104
0.213073 0.0253005 6.4533e-06 48 0.000233683
0.217656 0.0346187 8.28398e-06 8 0.000249087
0.219911 0.0257228 5.9678e-06 54 0.000256912
0.222144 0.0288462 6.49268e-06 84 0.000264816
0.224355 0.0440242 9.61892e-06 48 0.000272801
0.226543 0.0341227 7.2415e-06 24 0.000280863
0.228711 0.0266044 5.48694e-06 72 0.000289004
0.230859 0.0326907 6.55577e-06 96 0.000297222
0.235095 0.0225295 4.27818e-06 48 0.000313886
0.237185 0.0247113 4.56954e-06 48 0.000322331
0.239257 0.0212223 3.82332e-06 24 0.000330851
0.24131 0.0342877 6.02075e-06 72 0.000339444
0.245366 0.0382024 6.38096e-06 72 0.000356849
0.247369 0.0275298 4.48752e-06 96 0.00036566
0.251327 0.00351229 5.45897e-07 6 0.000383495
0.253283 0.0289631 4.3981e-06 96 0.000392518
0.255224 0.0316962 4.70415e-06 96 0.000401611
0.25715 0.0287688 4.17446e-06 24 0.000410773
0.259062 0.0212435 3.01476e-06 48 0.000420004
0.26096 0.0297 4.12357e-06 96 0.000429303
0.262844 0.0394549 5.36097e-06 48 0.000438669
0.266573 0.0245598 3.19901e-06 36 0.000457603
0.268418 0.0277259 3.53746e-06 48 0.000467169
0.27025 0.0401277 5.01634e-06 120 0.000476801
0.27207 0.0350377 4.29274e-06 56 0.000486499
0.273878 0.027869 3.34727e-06 24 0.000496261
0.275674 0.0311965 3.67417e-06 96 0.000506088
0.277458 0.0515648 5.95664e-06 48 0.000515979
0.280993 0.0350127 3.89386e-06 24 0.000535951
0.282743 0.0447857 4.88879e-06 102 0.000546031
0.284483 0.0507405 5.43781e-06 48 0.000556174
0.286213 0.0376702 3.96434e-06 72 0.000566379
0.287932 0.0416477 4.30489e-06 48 0.000576645
0.289641 0.0421681 4.282e-06 48 0.000586973
0.291339 0.0461084 4.60069e-06 120 0.000597362
0.294708 0.0214443 2.06718e-06 24 0.000618321
0.296377 0.0457065 4.33195e-06 144 0.00062889
0.298038 0.0443502 4.13354e-06 120 0.000639519
0.299689 0.0352549 3.23183e-06 48 0.000650208
0.302964 0.0388724 3.44911e-06 48 0.00067176
0.304589 0.0308151 2.69068e-06 96 0.000682624
0.307812 0.0613991 5.19452e-06 24 0.000704526
0.309411 0.0411949 3.43144e-06 48 0.000715562
0.311002 0.0364709 2.99156e-06 108 0.000726656
0.312585 0.0448528 3.62349e-06 72 0.000737807
0.314159 0.044078 3.50761e-06 30 0.000749014
0.315726 0.0400942 3.14333e-06 168 0.000760277
0.317285 0.0519691 4.01453e-06 48 0.000771596
0.320381 0.0419443 3.14712e-06 72 0.000794401
0.321917 0.0302104 2.23441e-06 96 0.000805887
0.323447 0.0470598 3.43148e-06 72 0.000817427
0.324969 0.0539031 3.8755e-06 72 0.000829021
0.326484 0.041673 2.95467e-06 32 0.00084067
0.327992 0.0466091 3.25928e-06 72 0.000852373
0.329493 0.0458847 3.16497e-06 144 0.00086413
0.333956 0.0558992 3.70321e-06 96 0.000899721
0.33543 0.0437873 2.86274e-06 96 0.00091169
0.336898 0.0577134 3.72409e-06 48 0.000923712
0.33836 0.0351891 2.24136e-06 72 0.000935787
0.339815 0.0487931 3.0681e-06 120 0.000947914
0.341264 0.0497632 3.08941e-06 72 0.000960092
0.344144 0.0502994 3.04495e-06 48 0.000984605
0.345575 0.0498971 2.98323e-06 78 0.000996938
0.347 0.0445676 2.6319e-06 120 0.00100932
0.348419 0.0342059 1.99541e-06 48 0.00102176
0.351241 0.0429889 2.44783e-06 144 0.00104678
0.352643 0.0457446 2.5738e-06 144 0.00105937
0.355431 0.0520523 2.86032e-06 12 0.00108469
0.356816 0.04445 2.41423e-06 144 0.00109742
0.358197 0.060252 3.2348e-06 48 0.00111021
0.359572 0.0575794 3.05598e-06 120 0.00112304
0.360942 0.0364617 1.91323e-06 48 0.00113593
0.362306 0.0322116 1.67119e-06 48 0.00114886
0.363666 0.0470704 2.4148e-06 168 0.00116184
0.36637 0.0649838 3.26052e-06 48 0.00118795
0.367714 0.0618825 3.07098e-06 96 0.00120108
0.369054 0.0488412 2.3975e-06 96 0.00121425
0.370388 0.0436214 2.1182e-06 72 0.00122747
0.371718 0.0516088 2.47926e-06 48 0.00124074
0.373043 0.040611 1.93021e-06 96 0.00125406
0.374364 0.0478158 2.24869e-06 48 0.00126743
0.376991 0.0435799 2.00693e-06 30 0.0012943
0.378298 0.0516143 2.35238e-06 96 0.0013078
0.3796 0.0457954 2.06577e-06 192 0.00132135
0.380898 0.0442218 1.97447e-06 56 0.00133495
0.382191 0.0671877 2.96953e-06 24 0.0013486
0.38348 0.0528946 2.31431e-06 168 0.00136229
0.384765 0.0596624 2.58437e-06 120 0.00137603
0.387322 0.0674388 2.86375e-06 72 0.00140364
0.388594 0.0559511 2.35267e-06 144 0.00141751
0.389861 0.0534203 2.22441e-06 96 0.00143143
0.391125 0.0512699 2.11424e-06 96 0.0014454
0.39364 0.0708892 2.86762e-06 72 0.00147346
0.394892 0.0390646 1.56527e-06 96 0.00148756
0.397384 0.0464607 1.82682e-06 24 0.0015159
0.398623 0.0580644 2.26184e-06 192 0.00153013
0.399859 0.0718127 2.77153e-06 108 0.00154441
0.401092 0.0395132 1.51095e-06 24 0.00155873
0.40232 0.0521372 1.97548e-06 96 0.0015731
0.403545 0.0536117 2.01291e-06 96 0.00158751
0.404766 0.0443046 1.64846e-06 120 0.00160196
0.407197 0.0540462 1.97511e-06 48 0.001631
0.408407 0.0469364 1.70008e-06 78 0.00164558
0.409614 0.0506196 1.81734e-06 144 0.00166021
0.410817 0.0514806 1.83206e-06 120 0.00167488
0.412016 0.0280096 9.88108e-07 24 0.0016896
0.413212 0.0649785 2.27243e-06 168 0.00170435
0.414405 0.0546643 1.89527e-06 144 0.00171915
0.416779 0.0330618 1.1268e-06 24 0.00174888
0.417962 0.0489137 1.65295e-06 48 0.0017638
0.419141 0.075198 2.5198e-06 96 0.00177877
0.420316 0.0584199 1.9412e-06 120 0.00179378
0.421489 0.0693218 2.28429e-06 72 0.00180883
0.422658 0.0603854 1.97335e-06 120 0.00182393
0.423824 0.0658878 2.13544e-06 144 0.00183906
0.426146 0.0625885 1.99553e-06 48 0.00186946
0.427303 0.0615078 1.94519e-06 192 0.00188472
0.428456 0.053563 1.68029e-06 144 0.00190003
0.429606 0.0399825 1.24422e-06 48 0.00191537
0.431898 0.0586027 1.7948e-06 192 0.00194618
0.433039 0.074725 2.27052e-06 48 0.00196164
0.435312 0.0445994 1.33403e-06 8 0.0019927
0.437385 0.0593558 1.7503e-06 288 0.0020213
0.4387 0.0540756 1.5803e-06 96 0.00203959
0.439823 0.0565556 1.64014e-06 54 0.00205529
0.440944 0.0538569 1.55e-06 120 0.00207104
0.442061 0.0472429 1.34936e-06 120 0.00208683
0.444288 0.0566681 1.59435e-06 84 0.00211853
0.445398 0.0565052 1.57792e-06 144 0.00213444
0.446504 0.0825537 2.28823e-06 72 0.00215039
0.447608 0.0660929 1.81845e-06 96 0.00216638
0.449441 0.0508321 1.38153e-06 144 0.0021931
0.450903 0.0718556 1.93397e-06 240 0.00221458
0.453087 0.0725692 1.92508e-06 24 0.00224691
0.454175 0.0593258 1.56248e-06 240 0.00226313
0.45526 0.0687992 1.79906e-06 96 0.00227939
0.456882 0.059587 1.54162e-06 144 0.00230385
0.4585 0.0683115 1.7487e-06 96 0.00232841
0.459575 0.0585451 1.4882e-06 72 0.00234483
0.461718 0.0489617 1.22734e-06 96 0.00237777
0.462785 0.0631897 1.57307e-06 96 0.00239431
0.464323 0.0715112 1.7626e-06 216 0.00241824
0.467031 0.0689847 1.67092e-06 192 0.00246081
0.468087 0.0597284 1.43695e-06 144 0.00247753
0.470191 0.0351276 8.33808e-07 48 0.00251109
0.471239 0.0544127 1.28297e-06 150 0.00252792
0.472285 0.0696496 1.63135e-06 96 0.00254479
0.473329 0.0654549 1.52298e-06 120 0.0025617
0.475112 0.0617278 1.42014e-06 168 0.00259077
0.476446 0.0517004 1.17948e-06 240 0.00261265
0.478513 0.0624964 1.40739e-06 24 0.0026468
0.48016 0.0706494 1.57467e-06 360 0.00267422
0.481597 0.060025 1.32593e-06 48 0.00269831
0.482621 0.0733641 1.6103e-06 72 0.00271555
0.484049 0.0568396 1.23658e-06 240 0.00273974
0.488189 0.0696154 1.47632e-06 276 0.00281064
0.489726 0.0668384 1.40413e-06 104 0.00283726
0.490732 0.0542334 1.13233e-06 72 0.00285479
0.492199 0.0710693 1.47061e-06 312 0.00288047
0.494739 0.0735683 1.49901e-06 96 0.00292528
0.496232 0.0655702 1.32401e-06 288 0.00295185
0.497722 0.0626823 1.25437e-06 168 0.00297852
0.499701 0.0684623 1.35382e-06 48 0.00301419
0.500687 0.0721969 1.41925e-06 192 0.00303208
0.503606 0.0544568 1.05201e-06 198 0.00308541
0.504614 0.0577272 1.10851e-06 96 0.00310398
0.506079 0.0618774 1.17792e-06 192 0.00313108
0.50754 0.0636687 1.20159e-06 216 0.00315828
0.508511 0.0573341 1.07585e-06 72 0.00317645
0.510448 0.0981029 1.81998e-06 96 0.00321289
0.512103 0.0682526 1.25397e-06 336 0.00324423
0.51334 0.0731971 1.33511e-06 48 0.00326781
0.51518 0.0652669 1.17776e-06 288 0.00330306
0.516216 0.0615857 1.10465e-06 192 0.00332304
0.518125 0.0728566 1.29243e-06 48 0.00336003
0.519076 0.060221 1.06241e-06 96 0.00337858
0.520457 0.0776203 1.3585e-06 264 0.00340561
0.521921 0.0678929 1.17829e-06 96 0.00343442
0.523525 0.0746341 1.28341e-06 240 0.00346619
0.52647 0.0625977 1.05846e-06 288 0.00352503
0.527563 0.0672473 1.13003e-06 96 0.00354702
0.528498 0.0719977 1.20345e-06 72 0.0035659
0.53076 0.0772124 1.27418e-06 336 0.0036119
0.533829 0.0745157 1.20859e-06 138 0.00367492
0.534994 0.084874 1.36763e-06 240 0.00369902
0.536222 0.0746769 1.19507e-06 144 0.00372455
0.538155 0.0755133 1.19548e-06 384 0.00376498
0.541061 0.0744445 1.15967e-06 312 0.00382631
0.542323 0.0688082 1.0644e-06 72 0.00385314
0.543437 0.0793464 1.21989e-06 248 0.00387693
0.545589 0.0725301 1.10195e-06 240 0.00392316
0.547755 0.0733858 1.10177e-06 24 0.00397009
0.548656 0.081175 1.21273e-06 192 0.0039897
0.549761 0.0617289 9.16655e-07 312 0.00401386
0.551884 0.07055 1.03561e-06 240 0.00406053
0.553134 0.06666 9.7188e-07 96 0.0040882
0.554916 0.0782241 1.12953e-06 48 0.00412783
0.556483 0.0756505 1.08317e-06 408 0.0041629
0.557577 0.0710709 1.01162e-06 144 0.00418751
0.559345 0.0773871 1.09111e-06 120 0.00422745
0.560226 0.0629366 8.83187e-07 144 0.00424747
0.562783 0.0740283 1.02474e-06 264 0.00430589
0.564176 0.0576983 7.92792e-07 192 0.00433794
0.565487 0.0839503 1.1455e-06 102 0.00436825
0.566891 0.0688689 9.3275e-07 432 0.00440087
0.568967 0.0912802 1.2228e-06 48 0.00444939
0.57005 0.0836394 1.11407e-06 384 0.00447485
0.571994 0.0847758 1.11773e-06 144 0.00452079
0.573756 0.0829239 1.08327e-06 264 0.0045627
0.576434 0.0643849 8.2942e-07 144 0.00462689
0.577954 0.0681357 8.70833e-07 324 0.00466359
0.580026 0.0788437 9.9693e-07 384 0.00471392
0.580982 0.0831644 1.04638e-06 216 0.00473728
0.583055 0.0817776 1.018e-06 216 0.00478815
0.584792 0.0744799 9.18914e-07 240 0.00483108
0.586898 0.0848019 1.03504e-06 168 0.00488347
0.587738 0.0832229 1.01142e-06 240 0.00490447
0.590159 0.0778983 9.35107e-07 216 0.00496531
0.591365 0.0722186 8.61632e-07 288 0.00499583
0.593087 0.0852732 1.00855e-06 240 0.0050396
0.594417 0.0781729 9.18379e-07 72 0.00507358
0.596499 0.0818332 9.5135e-07 246 0.00512707
0.597997 0.0857919 9.89896e-07 320 0.00516579
0.600063 0.0948049 1.08263e-06 288 0.00521953
0.601022 0.0770288 8.7543e-07 144 0.00524459
0.60348 0.0775004 8.70071e-07 288 0.00530921
0.604764 0.0666516 7.43522e-07 336 0.00534315
0.60651 0.0754634 8.3457e-07 168 0.00538956
0.607555 0.080253 8.82966e-07 336 0.00541748
0.609717 0.0853325 9.28901e-07 288 0.00547552
0.611016 0.0919815 9.9491e-07 264 0.00551058
0.613214 0.0696236 7.45005e-07 240 0.00557029
0.614019 0.0614204 6.54648e-07 96 0.00559223
0.616265 0.0850068 8.96172e-07 120 0.00565382
0.617648 0.0777905 8.14599e-07 408 0.00569197
0.619954 0.0884458 9.15881e-07 456 0.00575597
0.622004 0.0893213 9.15833e-07 108 0.00581325
0.623156 0.0773924 7.89128e-07 264 0.00584563
0.624595 0.0794456 8.04479e-07 264 0.0058862
0.626564 0.0926916 9.29788e-07 312 0.00594205
0.629016 0.0914399 9.06547e-07 270 0.00601209
0.630044 0.0931899 9.19382e-07 240 0.00604161
0.631892 0.0861339 8.42337e-07 384 0.00609492
0.633013 0.0836023 8.13241e-07 192 0.00612744
0.635606 0.0834033 8.01417e-07 432 0.00620304
0.636899 0.0940724 8.98441e-07 144 0.00624098
0.638833 0.0775279 7.33729e-07 480 0.006298
0.641275 0.0663662 6.20946e-07 216 0.00637049
0.642832 0.0844074 7.84023e-07 312 0.006417
0.64426 0.0759979 7.01225e-07 216 0.00645988
0.645938 0.0976734 8.94216e-07 192 0.00651049
0.648007 0.080025 7.25648e-07 624 0.00657325
0.649634 0.0892525 8.03257e-07 120 0.00662287
0.651021 0.0809331 7.23737e-07 336 0.0066654
0.653586 0.103181 9.11867e-07 176 0.00674447
0.654666 0.089188 7.84309e-07 384 0.00677797
0.656779 0.0866801 7.54919e-07 408 0.00684383
0.658986 0.0808656 6.97228e-07 144 0.00691304
0.660251 0.087536 7.50412e-07 486 0.00695292
0.66272 0.0674215 5.71543e-07 96 0.00703121
0.663464 0.085315 7.20798e-07 384 0.00705492
0.666071 0.0908743 7.58786e-07 492 0.00713841
0.667911 0.0832224 6.89166e-07 384 0.00719774
0.669388 0.087799 7.22264e-07 168 0.00724559
0.67191 0.0863265 7.02183e-07 504 0.00732781
0.67321 0.0772207 6.24484e-07 240 0.00737043
0.674682 0.0969156 7.78638e-07 456 0.00741888
0.67725 0.0854335 6.78612e-07 264 0.0075039
0.678949 0.0907104 7.15131e-07 384 0.00756052
0.680759 0.0884 6.91373e-07 432 0.00762114
0.68301 0.0950111 7.35753e-07 216 0.00769701
0.684213 0.0977437 7.52929e-07 360 0.00773776
0.686355 0.092221 7.03757e-07 312 0.00781065
0.688862 0.0766991 5.78941e-07 240 0.00789653
0.690156 0.0850319 6.38234e-07 414 0.00794112
0.692267 0.0977196 7.26777e-07 552 0.00801421
0.694474 0.0975446 7.18579e-07 360 0.00809112
0.695933 0.0875512 6.40913e-07 432 0.00814222
0.698042 0.0897112 6.50792e-07 480 0.00821645
0.700371 0.0818793 5.88071e-07 288 0.00829898
0.701886 0.0852246 6.08142e-07 312 0.00835296
0.703511 0.102325 7.25117e-07 360 0.0084111
0.706218 0.0953342 6.67841e-07 576 0.00850856
0.708463 0.0907571 6.29751e-07 464 0.00858997
0.709472 0.101041 6.98126e-07 192 0.00862671
0.71187 0.0949916 6.49715e-07 396 0.0087145
0.713632 0.0883116 5.99562e-07 432 0.00877938
0.71529 0.0991224 6.68291e-07 240 0.0088407
0.717478 0.0894876 5.97828e-07 624 0.00892209
0.719862 0.0896576 5.93034e-07 504 0.0090113
0.722401 0.0798426 5.22565e-07 198 0.00910699
0.723603 0.096933 6.31262e-07 600 0.00915255
0.725718 0.0977843 6.31256e-07 384 0.00923302
0.727934 0.0959052 6.13489e-07 432 0.00931785
0.729846 0.0985795 6.25651e-07 336 0.0093915
0.731583 0.104379 6.57754e-07 336 0.0094587
0.733803 0.0977123 6.10171e-07 744 0.00954504
0.736176 0.10586 6.5468e-07 624 0.00963796
0.738441 0.100775 6.17511e-07 192 0.00972721
0.739813 0.0970348 5.9129e-07 432 0.00978153
0.741823 0.095508 5.7727e-07 504 0.00986144
0.744194 0.100747 6.03135e-07 336 0.00995634
0.745982 0.0869935 5.17061e-07 456 0.0100283
0.747564 0.110192 6.50796e-07 408 0.0100922
0.749795 0.0990264 5.79646e-07 696 0.0101828
0.752344 0.108595 6.29218e-07 384 0.010287
0.754981 0.102935 5.90193e-07 330 0.0103956
0.756746 0.0998291 5.68391e-07 624 0.0104686
0.758549 0.0842824 4.76458e-07 384 0.0105437
0.760491 0.0974172 5.46503e-07 728 0.0106249
0.762803 0.0953458 5.30035e-07 432 0.010722
0.765361 0.099245 5.46196e-07 696 0.0108303
0.767036 0.0878265 4.80196e-07 408 0.0109015
0.769597 0.107321 5.80947e-07 456 0.0110111
0.771 0.0993512 5.34873e-07 408 0.0110714
0.773164 0.103752 5.53888e-07 528 0.0111649
0.775969 0.101643 5.36765e-07 576 0.0112869
0.778071 0.101581 5.32101e-07 672 0.0113788
0.780434 0.108496 5.63175e-07 384 0.0114828
0.782527 0.10866 5.59512e-07 600 0.0115755
0.784473 0.106457 5.44103e-07 294 0.011662
0.786277 0.0933426 4.73798e-07 600 0.0117427
0.788337 0.104315 5.2535e-07 768 0.0118352
0.791032 0.0953356 4.75239e-07 648 0.011957
0.793268 0.0992927 4.90792e-07 408 0.0120587
0.795576 0.0964645 4.72674e-07 552 0.0121643
0.797728 0.100432 4.88143e-07 648 0.0122632
0.800144 0.1115 5.37045e-07 348 0.012375
0.801567 0.0969729 4.6459e-07 744 0.0124411
0.804245 0.0963587 4.57052e-07 672 0.0125662
0.806478 0.101991 4.79758e-07 456 0.0126712
0.808336 0.108095 5.04973e-07 600 0.012759
0.810593 0.100356 4.64917e-07 744 0.0128661
0.812878 0.110592 5.08029e-07 288 0.0129752
0.815591 0.112287 5.10683e-07 704 0.0131056
0.817562 0.116479 5.25925e-07 678 0.0132009
0.820052 0.106025 4.74379e-07 648 0.0133218
0.822478 0.112681 4.99711e-07 648 0.0134404
0.824775 0.102906 4.52558e-07 696 0.0135534
0.826774 0.10278 4.48735e-07 696 0.0136521
0.829585 0.110473 4.77434e-07 552 0.0137919
0.831577 0.114046 4.89341e-07 840 0.0138914
0.834411 0.0982435 4.17258e-07 600 0.0140339
0.836554 0.109291 4.60621e-07 696 0.0141424
0.839038 0.109198 4.56152e-07 672 0.0142687
0.841041 0.101355 4.20373e-07 552 0.0143711
0.843748 0.114961 4.7223e-07 492 0.0145104
0.845866 0.104805 4.27284e-07 840 0.0146199
0.84823 0.1045 4.22487e-07 606 0.0147428
0.850494 0.11473 4.60153e-07 936 0.0148612
0.853082 0.110821 4.40442e-07 528 0.0149973
0.854904 0.11298 4.4616e-07 696 0.0150936
0.857637 0.11533 4.51098e-07 648 0.0152388
0.859669 0.115495 4.48549e-07 936 0.0153474
0.862437 0.117663 4.52582e-07 384 0.0154961
0.864033 0.110908 4.2424e-07 864 0.0155823
0.86686 0.107907 4.08734e-07 768 0.0157358
0.869231 0.111441 4.18676e-07 528 0.0158652
0.871675 0.109706 4.08703e-07 776 0.0159994
0.87406 0.110211 4.07232e-07 960 0.0161311
0.876467 0.116774 4.27935e-07 696 0.0162648
0.878396 0.11359 4.13531e-07 582 0.0163723
0.8815 0.112463 4.05121e-07 1008 0.0165465
0.883728 0.103755 3.70932e-07 408 0.0166723
0.88592 0.119878 4.25398e-07 960 0.0167967
0.888795 0.109605 3.85182e-07 852 0.0169607
0.891174 0.112937 3.9372e-07 912 0.0170973
0.89392 0.113855 3.93276e-07 1032 0.0172559
0.895836 0.106 3.63798e-07 384 0.017367
0.898639 0.119166 4.0517e-07 864 0.0175306
0.900789 0.1048 3.53779e-07 840 0.0176567
0.903273 0.119293 3.99389e-07 912 0.0178032
0.906338 0.112157 3.71704e-07 792 0.017985
0.90863 0.117842 3.87595e-07 744 0.0181218
0.911438 0.122452 3.99048e-07 726 0.0182903
0.913568 0.117628 3.80651e-07 984 0.0184189
0.91598 0.112686 3.61785e-07 912 0.0185652
0.918648 0.120832 3.8457e-07 1104 0.0187278
0.921243 0.109538 3.45685e-07 744 0.018887
0.924376 0.124126 3.87755e-07 968 0.0190803
0.92618 0.123574 3.83779e-07 672 0.0191923
0.928764 0.135486 4.1727e-07 984 0.0193534
0.931719 0.1145 3.49293e-07 840 0.0195387
0.934062 0.119533 3.61909e-07 1092 0.0196864
0.937061 0.129232 3.87529e-07 840 0.0198767
0.939156 0.115727 3.44715e-07 720 0.0200103
0.942047 0.120353 3.55204e-07 1110 0.0201957
0.944712 0.114478 3.35015e-07 1056 0.0203675
0.947136 0.116536 3.38425e-07 888 0.0205247
0.949886 0.118152 3.40148e-07 936 0.020704
0.952401 0.11737 3.35226e-07 912 0.0208689
0.955174 0.128428 3.63623e-07 1104 0.0210517
0.957881 0.121203 3.40266e-07 912 0.0212312
0.960427 0.122755 3.41891e-07 1104 0.021401
0.963313 0.111216 3.06977e-07 1128 0.0215945
0.965992 0.118427 3.2417e-07 768 0.0217751
0.968166 0.12706 3.45461e-07 888 0.0219225
0.970778 0.125863 3.39451e-07 1224 0.0221004
0.974412 0.126499 3.37364e-07 750 0.0223495
0.976168 0.127748 3.3886e-07 1092 0.0224706
0.979278 0.118142 3.10403e-07 1472 0.022686
0.982348 0.120018 3.12386e-07 792 0.0229001
0.984688 0.12171 3.14537e-07 1080 0.0230641
0.987495 0.118064 3.0252e-07 1584 0.0232619
0.990359 0.118899 3.02022e-07 624 0.0234649
0.992971 0.124815 3.14556e-07 1248 0.023651
0.99555 0.128277 3.20775e-07 888 0.0238358
0.998492 0.127875 3.16951e-07 912 0.0240477
1.00104 0.128285 3.15547e-07 1368 0.0242321
1.00371 0.131645 3.21229e-07 960 0.0244269
1.00665 0.120824 2.9225e-07 1542 0.0246422
1.00992 0.127265 3.04849e-07 1152 0.024883
1.01267 0.124109 2.94876e-07 1008 0.0250866
1.01536 0.124525 2.93519e-07 1248 0.0252872
1.01774 0.120296 2.81567e-07 1056 0.0254653
1.02056 0.130506 3.02934e-07 1188 0.025678
1.0236 0.12061 2.77479e-07 1152 0.025908
1.02664 0.131324 2.99451e-07 1560 0.0261396
1.02971 0.134427 3.03792e-07 1128 0.0263748
1.03219 0.136384 3.06e-07 1152 0.0265658
1.03491 0.129514 2.88303e-07 920 0.0267762
1.03779 0.132797 2.93157e-07 1470 0.0270002
1.04087 0.127446 2.78855e-07 1200 0.0272412
1.04379 0.128697 2.79231e-07 1440 0.0274716
1.04629 0.135676 2.92267e-07 1224 0.0276695
1.04938 0.1297 2.76934e-07 1296 0.0279155
1.0527 0.129066 2.72985e-07 1560 0.0281807
1.0556 0.133472 2.79981e-07 1272 0.0284146
1.05803 0.126094 2.62688e-07 1080 0.0286112
1.06094 0.138781 2.86751e-07 1368 0.0288474
1.06403 0.129906 2.66078e-07 1248 0.0291005
1.06727 0.134596 2.73181e-07 1194 0.0293671
1.06993 0.138589 2.79192e-07 1752 0.0295874
1.07321 0.1369 2.73267e-07 1392 0.0298604
1.07584 0.140497 2.78399e-07 1440 0.0300801
1.07913 0.126528 2.48432e-07 1488 0.030357
1.08224 0.133468 2.59806e-07 1248 0.0306201
1.08486 0.133995 2.58944e-07 1512 0.0308435
1.08787 0.14573 2.79293e-07 1112 0.0311006
1.09115 0.134963 2.56333e-07 1848 0.0313829
1.09382 0.139587 2.63176e-07 1224 0.0316141
1.09696 0.128623 2.40428e-07 1536 0.0318869
1.10024 0.134239 2.48688e-07 1638 0.0321739
1.10325 0.138839 2.55112e-07 1392 0.0324385
1.10625 0.133966 2.44161e-07 1632 0.0327038
1.10975 0.142317 2.56934e-07 1452 0.0330154
1.11241 0.137634 2.46698e-07 1680 0.0332536
1.11531 0.145757 2.5923e-07 1320 0.0335138
1.11831 0.135568 2.39169e-07 1752 0.0337856
1.1218 0.138825 2.42638e-07 1776 0.0341027
1.12518 0.139197 2.41103e-07 1104 0.0344119
1.12759 0.136502 2.34921e-07 1728 0.0346335
1.13096 0.136224 2.32356e-07 1446 0.0349446
1.13402 0.137001 2.31795e-07 1920 0.0352289
1.13756 0.141469 2.37123e-07 1896 0.0355605
1.14046 0.139109 2.31395e-07 1176 0.0358329
1.14325 0.141996 2.34475e-07 1856 0.036096
1.14644 0.145378 2.38057e-07 1896 0.0363996
1.14985 0.144967 2.3528e-07 1464 0.0367251
1.15345 0.14149 2.27493e-07 1968 0.0370711
1.15649 0.135542 2.16218e-07 1548 0.0373647
1.15973 0.145758 2.3057e-07 1944 0.0376799
1.16289 0.152775 2.39702e-07 1470 0.0379893
1.16609 0.140311 2.18339e-07 1920 0.0383035
1.16933 0.144086 2.22356e-07 2184 0.0386238
1.1728 0.149287 2.28342e-07 1464 0.0389686
1.17556 0.141897 2.15514e-07 1608 0.0392445
1.1789 0.138939 2.09234e-07 1944 0.0395797
1.18229 0.144876 2.16307e-07 1872 0.0399216
1.18552 0.148708 2.20217e-07 2256 0.0402498
1.18882 0.150064 2.2038e-07 1632 0.0405867
1.19235 0.143954 2.09533e-07 1542 0.0409497
1.19548 0.145798 2.10554e-07 2216 0.0412732
1.1989 0.152755 2.18717e-07 2052 0.0416287
1.20218 0.148381 2.10723e-07 1680 0.0419708
1.20534 0.146945 2.07047e-07 2280 0.0423024
1.20884 0.140186 1.95812e-07 1968 0.0426722
1.21229 0.148261 2.05328e-07 2016 0.0430385
1.21548 0.146812 2.01724e-07 1968 0.0433795
1.21918 0.142532 1.94063e-07 1920 0.0437772
1.22273 0.147661 1.99304e-07 2400 0.0441602
1.22637 0.142433 1.90542e-07 1974 0.0445554
1.2291 0.148981 1.97973e-07 1944 0.0448544
1.23259 0.156252 2.05875e-07 1920 0.0452377
1.23584 0.151456 1.97988e-07 2280 0.0455962
1.23913 0.155948 2.02243e-07 1968 0.0459607
1.24271 0.15357 1.9744e-07 2220 0.0463607
1.24626 0.151704 1.93379e-07 2352 0.0467595
1.24987 0.15451 1.95255e-07 1968 0.0471667
1.25321 0.153345 1.92236e-07 2504 0.0475461
1.25696 0.14738 1.8311e-07 2118 0.047974
1.26038 0.160872 1.9825e-07 2352 0.0483667
1.26384 0.154821 1.8923e-07 2136 0.0487663
1.26724 0.155935 1.89064e-07 2112 0.0491605
1.27063 0.147366 1.77247e-07 2472 0.0495563
1.27412 0.163135 1.94606e-07 2376 0.0499654
1.27765 0.15522 1.83634e-07 2304 0.050382
1.28146 0.152605 1.78935e-07 2448 0.0508339
1.28498 0.152959 1.7788e-07 2280 0.0512542
1.28891 0.161544 1.86149e-07 2466 0.0517261
1.29209 0.162908 1.86341e-07 2256 0.0521091
1.29555 0.162 1.83819e-07 2472 0.0525296
1.29914 0.163541 1.84033e-07 2856 0.0529678
1.30275 0.149021 1.66305e-07 2112 0.05341
1.30664 0.15451 1.70896e-07 2720 0.0538897
1.31022 0.156613 1.71804e-07 2136 0.0543342
1.31338 0.161187 1.75549e-07 2736 0.0547285
1.31727 0.159562 1.72246e-07 2376 0.0552156
1.32115 0.154168 1.64958e-07 3126 0.0557057
1.32517 0.150199 1.59255e-07 2568 0.056215
1.3281 0.161908 1.70535e-07 2112 0.0565893
1.33185 0.164703 1.72017e-07 2748 0.0570704
1.33573 0.160775 1.66456e-07 2928 0.0575703
1.33926 0.164419 1.68887e-07 2640 0.0580277
1.34328 0.167724 1.70739e-07 2856 0.0585522
1.34684 0.162802 1.64417e-07 2352 0.0590191
1.35065 0.161063 1.61288e-07 2910 0.0595215
1.35428 0.165769 1.6467e-07 2784 0.0600021
1.35819 0.164966 1.62463e-07 2952 0.0605229
1.36191 0.165028 1.61196e-07 2696 0.0610216
1.36552 0.16704 1.6187e-07 3264 0.0615083
1.36942 0.16466 1.58203e-07 2472 0.0620373
1.37321 0.166277 1.5844e-07 3024 0.0625529
1.37739 0.16572 1.56474e-07 2964 0.0631266
1.38108 0.161333 1.51115e-07 2910 0.0636352
1.38476 0.156955 1.45847e-07 2880 0.0641445
1.38834 0.166512 1.53533e-07 3216 0.0646435
1.39269 0.167518 1.53015e-07 3096 0.065254
1.39621 0.167605 1.5194e-07 2880 0.0657499
1.40013 0.169436 1.52314e-07 2904 0.0663052
1.40406 0.163588 1.45825e-07 3504 0.0668651
1.40804 0.173276 1.53157e-07 3168 0.0674346
1.41234 0.171929 1.50582e-07 3054 0.0680545
1.41581 0.171541 1.49141e-07 3032 0.0685569
1.4197 0.174982 1.50884e-07 3000 0.0691244
1.42371 0.167999 1.43642e-07 3780 0.0697116
1.42793 0.16774 1.42154e-07 3504 0.0703329
1.43191 0.171425 1.44069e-07 2904 0.0709225
1.43567 0.165737 1.38195e-07 3336 0.0714839
1.4396 0.169408 1.40102e-07 3144 0.0720723
1.44356 0.170365 1.39739e-07 3414 0.072668
1.44789 0.167923 1.36504e-07 3552 0.0733239
1.45135 0.178784 1.44296e-07 2928 0.0738505
1.45511 0.173808 1.39193e-07 3840 0.074427
1.45943 0.16754 1.32987e-07 3312 0.075091
1.4634 0.172351 1.35695e-07 3432 0.0757057
1.46748 0.176546 1.37843e-07 3596 0.0763404
1.47192 0.172191 1.33228e-07 4224 0.0770361
1.47635 0.176556 1.35379e-07 3294 0.077734
1.4801 0.182528 1.38898e-07 3792 0.0783272
1.48412 0.1799 1.35788e-07 3528 0.0789676
1.48876 0.175635 1.31334e-07 3984 0.0797097
1.49263 0.179643 1.33288e-07 3768 0.0803339
1.49668 0.176271 1.29727e-07 3672 0.0809898
1.5007 0.17665 1.28964e-07 3384 0.0816444
1.50468 0.181382 1.31371e-07 3648 0.0822954
1.50906 0.17149 1.23129e-07 4098 0.0830158
1.51319 0.181937 1.29563e-07 4008 0.0836992
1.51752 0.174439 1.23162e-07 4032 0.0844198
1.52148 0.173301 1.21407e-07 3800 0.0850816
1.52566 0.174829 1.21473e-07 3816 0.0857856
1.53008 0.180196 1.24121e-07 4248 0.0865329
1.53425 0.179121 1.22376e-07 3720 0.087243
1.5385 0.179716 1.21769e-07 4254 0.0879693
1.54275 0.185003 1.24316e-07 4224 0.0887015
1.54712 0.186353 1.24167e-07 4368 0.0894564
1.55154 0.185498 1.22543e-07 4104 0.090226
1.5559 0.182538 1.19576e-07 4500 0.0909888
1.56012 0.184018 1.19571e-07 3480 0.0917305
1.56438 0.183366 1.18178e-07 5328 0.0924836
1.56888 0.17666 1.12877e-07 3342 0.0932851
1.57296 0.177299 1.12407e-07 4800 0.0940139
1.57761 0.18737 1.17745e-07 4184 0.0948501
1.58177 0.187639 1.16985e-07 5064 0.0956031
1.58626 0.183743 1.13587e-07 4032 0.0964191
1.59063 0.18548 1.13719e-07 4632 0.0972179
1.59512 0.1897 1.15325e-07 4680 0.0980443
1.59955 0.183705 1.10757e-07 3924 0.0988627
1.60387 0.189504 1.13332e-07 5166 0.0996657
1.60831 0.19534 1.15858e-07 4800 0.100495
1.6129 0.189095 1.11199e-07 4560 0.101358
1.61719 0.18181 1.06065e-07 4584 0.102171
1.62168 0.188684 1.09163e-07 4848 0.103024
1.62597 0.18215 1.04551e-07 4560 0.103844
1.631 0.185199 1.05322e-07 5600 0.104809
1.63549 0.187688 1.0586e-07 4686 0.105678
1.64006 0.199275 1.11459e-07 5016 0.106566
1.64474 0.193684 1.07409e-07 4956 0.107481
1.64888 0.194057 1.06808e-07 4872 0.108295
1.65362 0.19289 1.05254e-07 5376 0.109232
1.65838 0.188462 1.01956e-07 5088 0.110177
1.66285 0.197616 1.06047e-07 4710 0.111071
1.66732 0.192937 1.02706e-07 4848 0.111969
1.67182 0.199737 1.05471e-07 5976 0.112877
1.67656 0.19436 1.01763e-07 5208 0.113841
1.68127 0.195007 1.01246e-07 5352 0.114803
1.68594 0.195881 1.00857e-07 4820 0.115762
1.6904 0.188251 9.61623e-08 5760 0.116684
1.69513 0.195463 9.90128e-08 5166 0.117666
1.69995 0.195173 9.80275e-08 6168 0.118673
1.70477 0.193326 9.62788e-08 5136 0.119685
1.70952 0.19273 9.51844e-08 6240 0.120688
1.71454 0.195618 9.57646e-08 5568 0.121754
1.71919 0.204979 9.95358e-08 5712 0.122747
1.72386 0.199251 9.59696e-08 5520 0.12375
1.72878 0.199417 9.52319e-08 5670 0.124813
1.73344 0.203817 9.655e-08 6036 0.125825
1.73835 0.201626 9.47056e-08 6264 0.126897
1.74335 0.202706 9.43963e-08 5912 0.127995
1.74794 0.204874 9.46561e-08 5736 0.129009
1.75258 0.200655 9.19715e-08 5400 0.13004
1.75753 0.204453 9.29229e-08 6342 0.131145
1.76258 0.207612 9.35511e-08 7032 0.132277
1.76751 0.205948 9.20263e-08 5448 0.133391
1.77221 0.203332 9.01362e-08 6528 0.134458
1.77738 0.207576 9.12168e-08 6468 0.135638
1.78243 0.208045 9.06483e-08 6528 0.136797
1.78706 0.200756 8.67945e-08 5568 0.137866
1.79184 0.208059 8.92332e-08 6798 0.138976
1.79723 0.204931 8.71041e-08 6560 0.140233
1.80203 0.201955 8.51538e-08 6888 0.141361
1.80708 0.204001 8.52979e-08 6624 0.142552
1.81205 0.205112 8.50584e-08 6288 0.143732
1.81703 0.210377 8.65264e-08 6960 0.14492
1.82233 0.20598 8.39813e-08 6570 0.146192
1.82696 0.210918 8.53425e-08 6600 0.147309
1.83219 0.211914 8.50136e-08 7776 0.148577
1.83773 0.206265 8.20011e-08 7248 0.149929
1.84289 0.212957 8.39524e-08 6672 0.151196
1.84774 0.216721 8.47659e-08 6704 0.152391
1.85265 0.211757 8.21665e-08 6942 0.153611
1.85788 0.221857 8.53607e-08 7656 0.154916
1.86304 0.214651 8.19037e-08 7128 0.15621
1.86848 0.212181 8.02571e-08 7908 0.157581
1.87356 0.20916 7.8472e-08 6648 0.158871
1.8783 0.212928 7.92824e-08 7320 0.16008
1.88389 0.214193 7.90451e-08 7638 0.161514
1.88902 0.213909 7.82996e-08 7416 0.162836
1.89401 0.218131 7.92153e-08 7752 0.16413
1.89959 0.212722 7.65723e-08 8448 0.165585
1.90501 0.212275 7.57612e-08 7280 0.167006
1.91024 0.212718 7.52971e-08 7668 0.168386
1.91549 0.214377 7.52624e-08 8094 0.169778
1.9207 0.217272 7.56602e-08 7656 0.171166
1.92602 0.210876 7.28252e-08 8160 0.172594
1.93138 0.221702 7.59284e-08 8472 0.174039
1.93696 0.220527 7.48751e-08 7896 0.175552
1.9421 0.217636 7.33092e-08 8088 0.176951
1.94753 0.221248 7.39038e-08 8286 0.17844
1.95309 0.224749 7.44336e-08 8676 0.179974
1.95841 0.218183 7.16722e-08 8120 0.181447
1.96377 0.223161 7.27093e-08 9024 0.18294
1.96932 0.218401 7.05579e-08 8160 0.184497
1.97458 0.220575 7.06926e-08 7944 0.185979
1.98001 0.225274 7.16054e-08 8982 0.187519
1.98555 0.220767 6.95872e-08 9528 0.189097
1.99126 0.220679 6.89631e-08 8832 0.190733
1.99697 0.220946 6.84557e-08 8916 0.192378
2.00244 0.225265 6.92239e-08 9240 0.193963
2.00796 0.224491 6.84189e-08 8502 0.19557
2.01347 0.223265 6.74879e-08 9416 0.197185
2.01894 0.231005 6.92614e-08 8976 0.198797
2.02457 0.224827 6.68484e-08 9432 0.200465
2.0302 0.223172 6.58059e-08 9864 0.202141
2.03598 0.222033 6.49135e-08 9024 0.203874
2.04164 0.237496 6.88582e-08 9762 0.20558
2.0472 0.226463 6.51262e-08 9264 0.207263
2.05278 0.229609 6.54941e-08 10056 0.208962
2.05848 0.232834 6.58638e-08 9936 0.210708
2.06453 0.230841 6.47273e-08 9624 0.212572
2.0699 0.233612 6.49965e-08 9752 0.214233
2.07576 0.234728 6.4755e-08 10446 0.216059
2.08159 0.226744 6.20288e-08 10056 0.217883
2.08723 0.234197 6.35497e-08 9876 0.219659
2.09319 0.23084 6.2105e-08 11160 0.221546
2.09903 0.233436 6.22809e-08 10128 0.223405
2.10491 0.228166 6.03657e-08 9726 0.225289
2.11051 0.234005 6.14187e-08 11112 0.227094
2.11652 0.236028 6.1424e-08 10776 0.229037
2.1222 0.238069 6.14589e-08 10232 0.230887
2.12811 0.241004 6.16993e-08 11184 0.232822
2.13436 0.234777 5.95792e-08 11058 0.234877
2.1403 0.236065 5.94081e-08 11472 0.236846
2.14607 0.233442 5.82757e-08 10464 0.238765
2.15178 0.237952 5.89297e-08 10584 0.240678
2.15796 0.240606 5.90768e-08 12504 0.242756
2.16404 0.240931 5.86589e-08 10560 0.244815
2.16987 0.241444 5.83116e-08 11694 0.246798
2.17602 0.243431 5.82941e-08 11420 0.248904
2.18203 0.247067 5.86772e-08 12504 0.250972
2.18802 0.240395 5.66251e-08 10800 0.253044
2.19421 0.245986 5.74533e-08 12456 0.255197
2.20046 0.247145 5.72336e-08 12030 0.257383
2.20635 0.246528 5.66345e-08 11232 0.259457
2.21231 0.245437 5.59296e-08 13176 0.261564
2.21866 0.249689 5.64116e-08 11196 0.263823
2.22456 0.245358 5.49928e-08 12720 0.265934
2.23077 0.244695 5.43881e-08 11918 0.268165
2.23689 0.245004 5.40106e-08 13392 0.27038
2.24337 0.246671 5.39084e-08 12600 0.272736
2.24963 0.250551 5.43001e-08 13200 0.275027
2.25594 0.251347 5.40171e-08 12864 0.277346
2.26215 0.25216 5.37465e-08 12270 0.279644
2.26834 0.247243 5.22683e-08 13668 0.281946
2.27465 0.245959 5.15655e-08 13200 0.284304
2.28097 0.24281 5.04831e-08 13416 0.286682
2.28734 0.247728 5.1077e-08 12992 0.289088
2.2937 0.247006 5.05056e-08 13806 0.291506
2.29997 0.25175 5.10557e-08 13800 0.293904
2.30631 0.252101 5.07061e-08 13056 0.296342
2.31259 0.247142 4.93052e-08 14364 0.298768
2.31902 0.248722 4.92087e-08 13248 0.301267
2.32549 0.251769 4.93969e-08 15054 0.303797
2.33213 0.255727 4.9746e-08 13680 0.306407
2.33841 0.255195 4.92436e-08 15152 0.308888
2.34514 0.254602 4.87073e-08 14376 0.311564
2.35149 0.253117 4.80322e-08 13932 0.314101
2.35808 0.25633 4.82352e-08 14910 0.316749
2.36456 0.251866 4.70062e-08 15648 0.31937
2.37106 0.256656 4.75076e-08 13680 0.32201
2.37766 0.256724 4.71256e-08 15816 0.324705
2.38432 0.258341 4.70264e-08 15030 0.32744
2.39081 0.258419 4.66582e-08 15104 0.330124
2.39768 0.261411 4.67941e-08 16548 0.332977
2.40438 0.260782 4.6292e-08 15360 0.335777
2.41105 0.260119 4.57925e-08 15768 0.338577
2.4176 0.264073 4.61119e-08 14622 0.341343
2.42433 0.259547 4.49448e-08 17568 0.344204
2.43136 0.264896 4.54742e-08 16368 0.347208
2.43802 0.262367 4.46723e-08 15960 0.350068
2.44478 0.256882 4.33767e-08 15732 0.352986
2.45148 0.26288 4.40265e-08 17006 0.355896
2.45825 0.265529 4.41034e-08 16680 0.358856
2.46533 0.266457 4.38773e-08 17712 0.361966
2.47205 0.261435 4.27005e-08 15576 0.364931
2.47856 0.259921 4.21197e-08 16974 0.367822
2.48564 0.266344 4.27924e-08 17436 0.370985
2.49249 0.270724 4.31384e-08 17952 0.374062
2.49953 0.276242 4.3647e-08 17448 0.377238
2.50635 0.267429 4.19106e-08 17336 0.380334
2.51347 0.265141 4.11999e-08 17958 0.383583
2.52045 0.273938 4.2214e-08 19056 0.386791
2.52756 0.26771 4.09071e-08 17304 0.390073
2.53442 0.274382 4.15875e-08 18276 0.393255
2.5414 0.270381 4.0644e-08 17838 0.396516
2.5483 0.273419 4.07676e-08 18984 0.399754
2.55573 0.272805 4.03225e-08 19616 0.403259
2.56269 0.273667 4.01211e-08 18168 0.406565
2.56979 0.271875 3.95292e-08 19320 0.40995
2.57712 0.273709 3.94572e-08 19170 0.41347
2.58402 0.274996 3.9326e-08 19008 0.416799
2.59124 0.273793 3.88273e-08 20472 0.420306
2.5986 0.275778 3.87778e-08 19128 0.423894
2.60574 0.277564 3.87088e-08 19998 0.4274
2.61294 0.278456 3.85131e-08 19808 0.430951
2.62018 0.278493 3.81999e-08 20724 0.434543
2.62754 0.275688 3.74982e-08 19896 0.438215
2.6346 0.2779 3.74962e-08 20304 0.441756
2.64214 0.277366 3.71044e-08 21030 0.445562
2.64935 0.279818 3.71276e-08 21168 0.449219
2.65671 0.287174 3.77877e-08 20736 0.452975
2.66416 0.279712 3.64981e-08 21356 0.456795
2.67173 0.281933 3.64762e-08 22206 0.460698
2.6791 0.280487 3.59903e-08 21360 0.464523
2.68651 0.283893 3.61267e-08 21456 0.468389
2.69384 0.282263 3.56268e-08 21648 0.472235
2.70134 0.284233 3.55776e-08 22326 0.476187
2.70887 0.283011 3.513e-08 22212 0.480181
2.71619 0.289264 3.56166e-08 22128 0.484085
2.72367 0.281947 3.44306e-08 22640 0.488093
2.73137 0.289616 3.50686e-08 23022 0.492248
2.7391 0.289187 3.47211e-08 24168 0.496438
2.7466 0.283855 3.38025e-08 22416 0.500526
2.75431 0.285222 3.36809e-08 23700 0.504754
2.76199 0.282149 3.30408e-08 24222 0.508989
2.76962 0.289299 3.35991e-08 22776 0.513215
2.77711 0.290341 3.34479e-08 24296 0.517392
2.78491 0.288451 3.29518e-08 24648 0.521763
2.79252 0.293872 3.32971e-08 22926 0.526054
2.80016 0.292272 3.28457e-08 25476 0.530383
2.80812 0.296182 3.30029e-08 25608 0.534916
2.81589 0.294792 3.25767e-08 24576 0.539373
2.82378 0.295981 3.24348e-08 25134 0.543918
2.83157 0.296075 3.21782e-08 25928 0.548429
2.83951 0.294048 3.16903e-08 26148 0.553059
2.84746 0.295249 3.15539e-08 25632 0.557718
2.85525 0.298275 3.16173e-08 25926 0.562306
2.86324 0.296841 3.12025e-08 26232 0.567042
2.87111 0.294381 3.06902e-08 27216 0.57173
2.87917 0.296568 3.06593e-08 26736 0.576558
2.88739 0.298414 3.05876e-08 27698 0.581507
2.8953 0.306036 3.11123e-08 26640 0.5863
2.90311 0.30266 3.05214e-08 26880 0.591058
2.91139 0.303328 3.03285e-08 29160 0.596131
2.91957 0.298059 2.95518e-08 27318 0.601172
2.92751 0.3045 2.99453e-08 27984 0.606091
2.93565 0.304875 2.97337e-08 28364 0.611155
2.94365 0.303831 2.93908e-08 28464 0.61617
2.95199 0.30126 2.88958e-08 28974 0.621421
2.96007 0.307017 2.92078e-08 28920 0.626534
2.96818 0.311588 2.94003e-08 29640 0.631698
2.97653 0.303998 2.84433e-08 28884 0.637045
2.98472 0.309126 2.86858e-08 30558 0.642317
2.99318 0.307428 2.82867e-08 30776 0.647798
3.00137 0.307758 2.80861e-08 29040 0.653128
3.00959 0.304106 2.75261e-08 30984 0.658508
3.01806 0.312866 2.8081e-08 30930 0.664087
3.02658 0.310813 2.7662e-08 32712 0.669723
3.03503 0.312427 2.7574e-08 30528 0.675349
3.04327 0.305403 2.67356e-08 30326 0.680869
3.05173 0.3119 2.70781e-08 33624 0.686558
3.06034 0.313802 2.70138e-08 31824 0.692389
3.06872 0.314106 2.6819e-08 31860 0.698092
3.07736 0.315702 2.67288e-08 33942 0.704007
3.08588 0.316249 2.65541e-08 31848 0.709867
3.09426 0.313845 2.61387e-08 33624 0.715669
3.10297 0.315622 2.6066e-08 33512 0.721726
3.11157 0.320173 2.62232e-08 33594 0.727745
3.12023 0.320698 2.60481e-08 34944 0.733836
3.12889 0.321527 2.58991e-08 33624 0.739968
3.13752 0.321676 2.5698e-08 34710 0.746104
3.14616 0.321325 2.54592e-08 34704 0.752282
3.15488 0.321536 2.52651e-08 35468 0.758558
3.1637 0.324552 2.52894e-08 36096 0.764939
3.17266 0.320975 2.47993e-08 35958 0.771458
3.18144 0.324775 2.48858e-08 36576 0.777878
3.19023 0.32402 2.46232e-08 35976 0.784346
3.19904 0.320853 2.41816e-08 36396 0.790863
3.20798 0.326578 2.44079e-08 38030 0.797509
3.21678 0.3281 2.43211e-08 35784 0.804089
3.22564 0.321864 2.36627e-08 38712 0.810752
3.23477 0.326262 2.37835e-08 38310 0.817657
3.24374 0.331844 2.39902e-08 37596 0.824478
3.25254 0.328501 2.35565e-08 39000 0.831202
3.26171 0.324972 2.31074e-08 38552 0.838252
3.2708 0.331359 2.33655e-08 40206 0.845284
3.27984 0.331916 2.32118e-08 39072 0.852312
3.28909 0.329967 2.28815e-08 41340 0.859539
3.2983 0.330622 2.27354e-08 39342 0.866782
3.30724 0.334454 2.28128e-08 40176 0.873852
3.31644 0.333666 2.25703e-08 41768 0.88116
3.32563 0.329313 2.20917e-08 40206 0.888507
3.33487 0.338186 2.24988e-08 42300 0.895935
3.34411 0.33905 2.23697e-08 42360 0.903408
3.35331 0.337616 2.20924e-08 40488 0.91088
3.3626 0.337957 2.19318e-08 44406 0.918472
3.37211 0.338841 2.18037e-08 43076 0.926289
3.38132 0.338038 2.15747e-08 42600 0.933901
3.39087 0.337936 2.13865e-08 45486 0.941834
3.40043 0.3392 2.1286e-08 43848 0.94982
3.40963 0.339091 2.11074e-08 43248 0.95755
3.41901 0.334701 2.06631e-08 44988 0.965479
3.42866 0.340292 2.08314e-08 46454 0.973672
3.43818 0.343853 2.08751e-08 44928 0.981803
3.4478 0.342106 2.05955e-08 47256 0.990072
3.45736 0.345276 2.06145e-08 45126 0.99833
3.46696 0.345654 2.04662e-08 48084 1.00667
3.47654 0.342107 2.00891e-08 46320 1.01504
3.48629 0.345239 2.01034e-08 47894 1.0236
3.49578 0.346994 2.00414e-08 47160 1.03199
3.50539 0.347322 1.98959e-08 48228 1.04051
3.51537 0.347182 1.97189e-08 50598 1.04943
3.52506 0.3542 1.99521e-08 47328 1.05813
3.53475 0.352199 1.96767e-08 50696 1.06688
3.54459 0.350016 1.93924e-08 49344 1.07581
3.55459 0.353905 1.94428e-08 51570 1.08494
3.56441 0.35216 1.91874e-08 50832 1.09397
3.5743 0.348844 1.88494e-08 50424 1.1031
3.58421 0.354364 1.89893e-08 52686 1.1123
3.59415 0.355409 1.88877e-08 51092 1.12158
3.60407 0.351317 1.85165e-08 53376 1.13089
3.61415 0.356803 1.86488e-08 52374 1.1404
3.62404 0.354938 1.83999e-08 52848 1.14979
3.63411 0.351055 1.80476e-08 55488 1.15941
3.64445 0.350542 1.78682e-08 54098 1.16933
3.65433 0.357199 1.80604e-08 53688 1.17886
3.66443 0.35985 1.80445e-08 55296 1.18866
3.67462 0.360797 1.79418e-08 56358 1.19861
3.68502 0.361152 1.78078e-08 57468 1.20882
3.69525 0.358782 1.75445e-08 56000 1.21891
3.70559 0.359748 1.74448e-08 57774 1.22917
3.71586 0.362798 1.74473e-08 57648 1.23942
3.72609 0.356928 1.7024e-08 57480 1.24968
3.73645 0.361538 1.71009e-08 58122 1.26013
3.74669 0.36065 1.69193e-08 59208 1.27053
3.75716 0.35993 1.67448e-08 60032 1.2812
3.76768 0.361536 1.66789e-08 60366 1.292
3.77814 0.366059 1.67477e-08 60444 1.30279
3.78854 0.364795 1.65528e-08 60912 1.31358
3.79912 0.367892 1.65543e-08 61422 1.32462
3.80967 0.368272 1.64341e-08 63032 1.33568
3.82029 0.367306 1.62547e-08 62052 1.34688
3.83093 0.362603 1.59132e-08 64038 1.35817
3.84147 0.372459 1.62116e-08 61632 1.36941
3.85195 0.366677 1.583e-08 64896 1.38065
3.86282 0.370189 1.58471e-08 64874 1.39237
3.87338 0.372655 1.58226e-08 64200 1.40381
3.88424 0.369438 1.55547e-08 68016 1.41566
3.89516 0.375002 1.56566e-08 65694 1.42763
3.90592 0.383219 1.58678e-08 67212 1.4395
3.91674 0.372852 1.53109e-08 67088 1.45149
3.92755 0.373536 1.52127e-08 67182 1.46355
3.93842 0.375123 1.51512e-08 69768 1.47572
3.94935 0.377218 1.51097e-08 67524 1.48805
3.96027 0.377924 1.50131e-08 70758 1.50043
3.97123 0.385266 1.51784e-08 69488 1.51292
3.98223 0.377587 1.47529e-08 71640 1.52552
3.99344 0.380547 1.47437e-08 72042 1.53844
4.00456 0.380829 1.4632e-08 72960 1.55133
4.01559 0.383047 1.45963e-08 70422 1.56419
4.02684 0.388538 1.46818e-08 76784 1.57737
4.0381 0.38262 1.43376e-08 72348 1.59064
4.04921 0.38443 1.42872e-08 74094 1.6038
4.06038 0.393022 1.44863e-08 74976 1.61711
4.0716 0.387035 1.4148e-08 76200 1.63056
4.08307 0.393002 1.42454e-08 77114 1.64437
4.09436 0.391246 1.40647e-08 76872 1.65805
4.10573 0.394327 1.4058e-08 77784 1.67191
4.1172 0.398798 1.40989e-08 78654 1.68596
4.12861 0.397955 1.39528e-08 79380 1.70001
4.14006 0.39465 1.37225e-08 79256 1.71419
4.15155 0.407914 1.40662e-08 80094 1.72851
4.16295 0.401878 1.37446e-08 80760 1.74278
4.17466 0.401129 1.36038e-08 83034 1.75754
4.18631 0.410344 1.38005e-08 82664 1.77229
4.19786 0.404002 1.34753e-08 81864 1.787
4.20942 0.408685 1.35195e-08 83334 1.80181
4.22115 0.413665 1.35705e-08 85980 1.81691
4.23288 0.407303 1.32511e-08 84144 1.83209
4.24467 0.411862 1.3288e-08 86486 1.84745
4.25637 0.421743 1.34949e-08 86016 1.86277
4.26828 0.414602 1.31557e-08 88290 1.87844
4.28011 0.427817 1.34627e-08 87672 1.89411
4.29193 0.422907 1.31986e-08 88608 1.90984
4.30383 0.42621 1.31916e-08 88682 1.92577
4.31573 0.43181 1.32547e-08 91200 1.9418
4.3279 0.426657 1.29864e-08 92568 1.95826
4.33994 0.44252 1.33574e-08 91014 1.97466
4.35196 0.43647 1.30659e-08 92828 1.99111
4.36403 0.437293 1.29823e-08 93054 2.00772
4.37602 0.4474 1.31734e-08 92568 2.02432
4.38816 0.441008 1.28777e-08 96768 2.04121
4.40051 0.450382 1.3041e-08 95658 2.05849
4.41265 0.452976 1.30082e-08 96368 2.07558
4.42502 0.449241 1.2793e-08 98526 2.09309
4.43718 0.463328 1.3086e-08 95436 2.11039
4.44945 0.452798 1.26831e-08 101472 2.12794
4.46195 0.471395 1.30933e-08 98582 2.14593
4.47415 0.468346 1.29026e-08 99984 2.16357
4.48658 0.464331 1.26859e-08 101298 2.18166
4.49915 0.484109 1.31157e-08 104952 2.20005
4.51164 0.477377 1.28262e-08 100568 2.21842
4.52414 0.482633 1.28602e-08 105942 2.23691
4.5368 0.495398 1.30901e-08 104892 2.25574
4.54929 0.486519 1.27499e-08 103734 2.27443
4.56181 0.511407 1.32922e-08 107160 2.29325
4.57457 0.499973 1.28865e-08 108788 2.31255
4.58728 0.508508 1.29979e-08 107070 2.33188
4.59999 0.51229 1.29863e-08 110760 2.35131
4.6128 0.511516 1.28589e-08 109182 2.37102
4.62563 0.533809 1.3308e-08 112820 2.39086
4.63846 0.518608 1.28221e-08 110280 2.4108
4.65132 0.530512 1.30079e-08 114678 2.43091
4.66426 0.543234 1.32093e-08 112668 2.45125
4.67718 0.53951 1.30103e-08 116030 2.47169
4.69034 0.559202 1.33719e-08 118032 2.49261
4.7033 0.547897 1.29937e-08 113700 2.51332
4.71623 0.5713 1.34375e-08 118566 2.53411
4.7294 0.573379 1.33741e-08 119840 2.5554
4.74251 0.579675 1.34091e-08 118278 2.5767
4.75558 0.587761 1.34844e-08 120852 2.59807
4.76881 0.574879 1.30794e-08 122166 2.61981
4.78209 0.609234 1.37458e-08 123296 2.64176
4.79535 0.595897 1.33337e-08 123300 2.6638
4.8087 0.619553 1.37479e-08 126174 2.68611
4.82205 0.620727 1.36598e-08 124800 2.70855
4.83537 0.626576 1.36749e-08 126774 2.73104
4.8488 0.644519 1.39499e-08 128900 2.75387
4.86226 0.624051 1.3395e-08 127776 2.77687
4.87577 0.668298 1.42259e-08 132246 2.80008
4.8893 0.652338 1.37712e-08 129252 2.82345
4.90284 0.671649 1.40618e-08 133118 2.84697
4.91643 0.674823 1.40114e-08 133272 2.87071
4.93013 0.680973 1.40215e-08 134970 2.89479
4.94379 0.713745 1.45748e-08 136128 2.91891
4.95761 0.693469 1.40427e-08 137270 2.94345
4.97145 0.740328 1.48667e-08 139620 2.96818
4.98526 0.705041 1.40408e-08 138312 2.99297
4.99912 0.760481 1.50192e-08 140694 3.01801
5.01292 0.744472 1.45819e-08 140888 3.04308
5.02687 0.771308 1.49822e-08 143034 3.06855
5.04082 0.788568 1.51906e-08 143688 3.09416
5.05472 0.774838 1.48034e-08 143510 3.11983
5.06873 0.830958 1.57442e-08 147828 3.14586
5.08293 0.783687 1.47245e-08 147918 3.17236
5.09703 0.863425 1.60884e-08 148992 3.19883
5.11123 0.821342 1.5177e-08 150356 3.22565
5.12527 0.893846 1.63815e-08 147606 3.25229
5.13948 0.861711 1.56619e-08 156624 3.27943
5.15396 0.904313 1.6298e-08 153354 3.30723
5.16816 0.895658 1.60094e-08 153968 3.33463
5.18246 0.917707 1.62681e-08 155862 3.36239
5.19679 0.960245 1.68817e-08 157524 3.39035
5.21123 0.939274 1.63761e-08 159126 3.41871
5.22579 0.998978 1.72719e-08 162488 3.44743
5.24033 0.964458 1.65367e-08 159570 3.47629
5.25479 1.04299 1.77359e-08 164304 3.50516
5.26952 0.991737 1.67234e-08 165720 3.5347
5.28409 1.06909 1.78791e-08 162866 3.56411
5.29868 1.03919 1.72357e-08 169056 3.59372
5.31346 1.10849 1.82322e-08 167502 3.62388
5.32816 1.09817 1.79135e-08 169964 3.65402
5.34291 1.16012 1.87677e-08 170478 3.68446
5.35779 1.13167 1.81553e-08 175200 3.71533
5.37276 1.19614 1.90296e-08 173130 3.74656
5.38758 1.20715 1.90468e-08 175712 3.77764
5.4026 1.21682 1.90396e-08 177438 3.80932
5.41755 1.27686 1.98141e-08 178092 3.84105
5.43256 1.28206 1.97304e-08 179694 3.87305
5.44764 1.3285 2.02757e-08 182504 3.9054
5.4628 1.30242 1.97127e-08 182394 3.93809
5.47789 1.40116 2.10323e-08 184464 3.97083
5.49311 1.34584 2.00344e-08 186398 4.00402
5.50841 1.47201 2.17305e-08 188844 4.03756
5.52365 1.42789 2.09053e-08 187230 4.07118
5.53901 1.53382 2.22699e-08 193776 4.10522
5.55452 1.47632 2.12561e-08 192218 4.1398
5.56983 1.63932 2.34087e-08 192408 4.17414
5.58522 1.51635 2.14743e-08 195510 4.20884
5.60076 1.69263 2.37717e-08 198404 4.24405
5.6164 1.5699 2.18644e-08 200310 4.27971
5.63203 1.79296 2.47638e-08 201216 4.31554
5.64768 1.65777 2.27067e-08 201618 4.35162
5.66335 1.89954 2.58028e-08 204680 4.38794
5.67898 1.70519 2.29722e-08 202770 4.42437
5.69478 1.93224 2.58148e-08 211800 4.46141
5.71065 1.82418 2.41686e-08 205718 4.4988
5.72637 2.04025 2.68093e-08 211452 4.53606
5.74229 1.90794 2.48627e-08 213150 4.574
5.75836 2.1488 2.77677e-08 217512 4.6125
5.77442 1.99261 2.5535e-08 214754 4.65121
5.79027 2.27416 2.89044e-08 215424 4.6896
5.80643 2.08313 2.62559e-08 224574 4.72899
5.82259 2.35324 2.94142e-08 218588 4.76858
5.83867 2.25592 2.79655e-08 223902 4.8082
5.85483 2.44741 3.00887e-08 224952 4.84824
5.87119 2.37928 2.90073e-08 230258 4.88899
5.88752 2.50707 3.03117e-08 227544 4.92989
5.90382 2.51588 3.01669e-08 231018 4.97095
5.92021 2.65204 3.15361e-08 234504 5.01248
5.93666 2.63027 3.10179e-08 233102 5.05438
5.95305 2.73858 3.20292e-08 236892 5.09635
5.96958 2.82778 3.27985e-08 238830 5.13893
5.98612 2.79463 3.21461e-08 241232 5.18175
6.00281 3.0376 3.46502e-08 243906 5.22522
6.01948 2.87879 3.25665e-08 244704 5.26888
6.03618 3.23183 3.62578e-08 246698 5.31285
6.05287 2.97518 3.3103e-08 248664 5.35704
6.06975 3.38462 3.73454e-08 253494 5.40199
6.08663 3.09437 3.38595e-08 251522 5.44718
6.10345 3.63331 3.94291e-08 255336 5.49246
6.12039 3.33241 3.58641e-08 257694 5.53833
6.13742 3.69822 3.94707e-08 260988 5.58467
6.15452 3.60108 3.81145e-08 261638 5.63148
6.17151 3.75334 3.93989e-08 262356 5.67825
6.18861 3.85359 4.01167e-08 266478 5.72559
6.20588 3.87772 4.00318e-08 272048 5.77366
6.22322 4.18877 4.28826e-08 269850 5.82219
6.24044 3.95798 4.01853e-08 272544 5.87064
6.25776 4.48901 4.51994e-08 275546 5.91967
6.27506 4.00216 3.99651e-08 275334 5.96889
6.29257 4.74605 4.6999e-08 285024 6.019
6.3102 4.47203 4.39152e-08 282242 6.06974
6.32759 4.80321 4.67796e-08 280800 6.12005
6.34509 4.84027 4.67516e-08 288330 6.17097
6.36273 4.80159 4.59932e-08 290024 6.2226
6.38041 5.20353 4.94301e-08 290598 6.27461
6.39805 4.81412 4.53537e-08 293748 6.3268
6.4159 5.60291 5.23457e-08 299582 6.37989
6.43369 5.11715 4.7412e-08 295914 6.4331
6.45145 5.74614 5.28012e-08 302352 6.48653
6.46945 5.64744 5.14623e-08 305342 6.54098
6.48737 5.72346 5.17239e-08 305532 6.59549
6.50541 6.15074 5.51242e-08 310806 6.65067
6.52346 5.65991 5.03055e-08 310436 6.70617
6.54163 6.57851 5.79842e-08 318006 6.76236
6.55978 5.98906 5.23516e-08 312846 6.81881
6.57792 6.7214 5.82684e-08 322508 6.87553
6.59626 6.62255 5.6934e-08 321318 6.9332
6.61457 6.59136 5.61966e-08 327204 6.9911
6.63294 7.2 6.08772e-08 325766 7.04949
6.65129 6.57831 5.51616e-08 330246 7.10817
6.6698 7.7606 6.45352e-08 335868 7.16768
6.68842 7.31039 6.02851e-08 336710 7.22788
6.70692 7.7506 6.33879e-08 336636 7.28801
6.72554 7.97834 6.47098e-08 343542 7.34891
6.74416 7.43643 5.98163e-08 342092 7.41011
6.76288 8.59052 6.85274e-08 349446 7.47197
6.78171 8.17471 6.46688e-08 350118 7.53457
6.80049 8.41313 6.6005e-08 352628 7.59732
6.81946 8.81235 6.85618e-08 359334 7.66107
6.83836 8.26882 6.38009e-08 356364 7.72497
6.8573 9.58786 7.33672e-08 362990 7.78933
6.87632 8.95052 6.79233e-08 364062 7.85434
6.8954 9.36219 7.04593e-08 369756 7.91989
6.91452 10.0319 7.48751e-08 368726 7.98596
6.93369 9.13858 6.76434e-08 375786 8.05255
6.95298 10.6797 7.83945e-08 378600 8.11995
6.97229 10.312 7.5068e-08 379394 8.18777
6.99165 10.0371 7.24619e-08 386568 8.25619
7.01113 11.0746 7.92871e-08 386906 8.3254
7.03054 10.2827 7.30093e-08 388950 8.39474
7.05003 11.1553 7.85499e-08 394512 8.46475
7.06964 11.4242 7.97764e-08 396818 8.53557
7.08927 10.6873 7.40124e-08 401112 8.60686
7.109 12.5007 8.58516e-08 404850 8.67894
7.12874 11.6454 7.93147e-08 405566 8.75143
7.14845 11.7864 7.9613e-08 409308 8.82422
7.16828 12.8087 8.58023e-08 413766 8.89785
7.18818 12.2409 8.13199e-08 417050 8.97215
7.2082 13.0798 8.61707e-08 425232 9.04735
7.22829 13.2964 8.6869e-08 421862 9.12321
7.24825 12.4431 8.0625e-08 426402 9.199
7.26841 14.1894 9.11769e-08 434688 9.27596
7.28872 13.9392 8.88228e-08 436634 9.35391
7.30888 13.2989 8.40431e-08 434784 9.43177
7.32907 15.1618 9.50264e-08 441018 9.51013
7.34941 14.3143 8.89717e-08 447350 9.58953
7.36984 14.2587 8.78911e-08 449868 9.66974
7.3903 15.6988 9.59666e-08 453206 9.75049
7.4108 14.8536 9.00483e-08 456570 9.83185
7.4314 15.0778 9.06494e-08 463824 9.91407
7.45208 16.4648 9.81667e-08 463718 9.99706
7.47272 15.7379 9.30576e-08 468186 10.0804
7.49346 16.04 9.40582e-08 473448 10.1645
7.51434 17.0557 9.9183e-08 479354 10.2497
7.5352 16.6227 9.58643e-08 477702 10.3353
7.55605 17.0714 9.76394e-08 485204 10.4214
7.5771 17.8956 1.01502e-07 491454 10.5087
7.59817 17.2781 9.7187e-08 491226 10.5966
7.61922 17.6625 9.8528e-08 497648 10.685
7.64048 19.1913 1.06165e-07 504930 10.7746
7.66167 18.3591 1.00721e-07 500358 10.8645
7.6828 18.5019 1.00669e-07 508652 10.9547
7.70418 20.0702 1.08296e-07 516390 11.0464
7.72557 19.4335 1.03992e-07 515642 11.1386
7.74695 19.3016 1.02433e-07 521880 11.2314
7.76853 20.8169 1.09556e-07 530850 11.3255
7.79012 20.5196 1.07097e-07 527054 11.4202
7.8116 19.9744 1.03393e-07 534156 11.5149
7.83338 22.1706 1.13807e-07 545150 11.6115
7.85521 21.4728 1.09309e-07 543474 11.7088
7.87691 21.4099 1.0809e-07 545310 11.8062
7.89874 22.7048 1.1368e-07 555788 11.9046
7.92074 23.0817 1.14607e-07 559542 12.0043
7.94278 22.4785 1.10685e-07 564146 12.1048
7.96481 23.3361 1.13957e-07 566520 12.2058
7.98694 24.9017 1.20595e-07 573594 12.3078
8.00914 24.2447 1.16439e-07 577718 12.4108
8.03133 23.6063 1.12436e-07 579300 12.5142
8.05362 22.7685 1.07548e-07 586235 12.6187
8.07603 19.5555 9.16041e-08 585156 12.7243
8.09843 17.2029 7.99168e-08 582704 12.8305
8.12088 15.3752 7.08355e-08 584544 12.9375
8.14345 13.8892 6.3459e-08 585204 13.0456
8.16605 13.0432 5.91e-08 582812 13.1546
8.18871 12.0504 5.41493e-08 584472 13.2644
8.21146 11.5092 5.12888e-08 584132 13.3753
8.23424 11.1021 4.90651e-08 582540 13.4869
8.25707 10.6377 4.66239e-08 582096 13.5993
8.28004 10.3383 4.49358e-08 586412 13.7132
8.30307 10.1608 4.37976e-08 581640 13.8279
8.32613 10.0084 4.27833e-08 583304 13.9434
8.34929 9.89786 4.19597e-08 583536 14.0601
8.37244 9.79355 4.1174e-08 578204 14.1774
8.39565 9.83491 4.10061e-08 582180 14.2956
8.41901 9.84106 4.06911e-08 582144 14.4153
8.44239 9.82505 4.02883e-08 578780 14.5357
8.46576 9.93011 4.03827e-08 577524 14.6568
8.48924 10.0499 4.0532e-08 579584 14.779
8.51287 10.1442 4.05723e-08 580752 14.9028
8.53655 10.2382 4.06085e-08 576896 15.0275
8.5602 10.3881 4.08624e-08 575412 15.1527
8.58391 10.6258 4.14521e-08 575676 15.2791
8.60777 10.8394 4.19346e-08 576392 15.4068
8.63167 11.0708 4.24749e-08 574368 15.5355
8.6556 11.3869 4.33264e-08 572624 15.6651
8.67964 11.6035 4.37847e-08 574056 15.7959
8.70378 11.9238 4.462e-08 572864 15.9281
8.72791 12.2413 4.54292e-08 568992 16.0609
8.75214 12.4826 4.59411e-08 572024 16.1951
8.77648 12.7582 4.65657e-08 569052 16.3306
8.80086 13.1892 4.77401e-08 568236 16.467
8.82523 13.5646 4.86932e-08 563612 16.6042
8.84969 13.829 4.92319e-08 567216 16.7427
8.8743 14.2717 5.03862e-08 564740 16.8828
8.89896 14.8797 5.20975e-08 563940 17.0239
8.92369 15.2764 5.30429e-08 562172 17.1662
8.9485 15.8037 5.44188e-08 561948 17.3097
8.97339 16.2089 5.53508e-08 560084 17.4546
8.9983 16.7151 5.66065e-08 556764 17.6004
9.02321 17.1283 5.75271e-08 553976 17.7469
9.04824 17.7069 5.89778e-08 556344 17.895
9.07338 18.1867 6.00738e-08 552420 18.0446
9.09857 19.0474 6.23958e-08 552200 18.1953
9.12381 19.6077 6.36999e-08 548880 18.3472
9.14913 20.1866 6.50374e-08 548696 18.5003
9.17454 20.7718 6.63684e-08 546948 18.6549
9.20009 21.4541 6.79789e-08 547364 18.8112
9.22565 22.046 6.92754e-08 540792 18.9684
9.2512 22.8084 7.10788e-08 540320 19.1264
9.27686 23.8543 7.37228e-08 538668 19.2861
9.30261 24.5134 7.51327e-08 537260 19.4471
9.32845 25.3637 7.70945e-08 534912 19.6096
9.35439 25.9349 7.81767e-08 534812 19.7737
9.38034 26.87 8.03254e-08 527424 19.9386
9.40633 27.7706 8.23312e-08 528968 20.1048
9.43243 29.0496 8.54102e-08 525312 20.2727
9.45865 29.8994 8.71796e-08 525968 20.4422
9.48493 30.6767 8.87046e-08 520272 20.6131
9.51128 31.4077 9.00657e-08 520256 20.7853
9.53767 32.2958 9.18456e-08 514536 20.9589
9.56415 33.812 9.5361e-08 515732 21.1339
9.59074 35.0736 9.80989e-08 510624 21.3106
9.61731 35.9273 9.9656e-08 507288 21.4883
9.64399 36.7113 1.00988e-07 505904 21.6676
9.67076 37.7998 1.03121e-07 502608 21.8485
9.69767 39.3289 1.06402e-07 502280 22.0314
9.72462 40.9435 1.09852e-07 496404 22.2156
9.75161 41.8357 1.11316e-07 494156 22.4011
9.77867 43.0382 1.13568e-07 490572 22.5881
9.80581 44.0044 1.15156e-07 487856 22.7767
9.83305 45.8976 1.19114e-07 485592 22.9671
9.86033 47.1083 1.21245e-07 479840 23.1587
9.88774 48.1764 1.22966e-07 480792 23.3524
9.91523 49.6422 1.25656e-07 473276 23.5477
9.94267 51.9488 1.30409e-07 469716 23.7438
9.97028 53.1585 1.3234e-07 469388 23.9421
9.99798 54.633 1.34883e-07 463164 24.1422
10.0257 55.601 1.36136e-07 460964 24.3438
10.0536 57.9379 1.40682e-07 456404 24.5473
10.0815 59.7365 1.43848e-07 453096 24.7523
10.1095 60.8043 1.45207e-07 447944 24.9589
10.1375 61.9668 1.46758e-07 445104 25.1672
10.1657 65.2433 1.53238e-07 440876 25.3776
10.1939 66.3906 1.54639e-07 438372 25.5898
10.2223 66.8956 1.54523e-07 431156 25.8038
10.2506 69.1049 1.58308e-07 426816 26.0187
10.279 71.6704 1.62828e-07 424208 26.2357
10.3076 73.0026 1.64479e-07 420060 26.4551
10.3362 73.9642 1.65264e-07 414500 26.6762
10.3649 77.1692 1.70998e-07 409044 26.8987
10.3936 79.0814 1.73786e-07 406184 27.1231
10.4225 79.5744 1.73417e-07 401808 27.3503
10.4515 82.1618 1.77572e-07 394448 27.5787
10.4804 84.8204 1.81804e-07 390564 27.8085
10.5095 85.5251 1.81795e-07 386420 28.0409
10.5387 86.4281 1.82192e-07 380148 28.2752
10.568 90.7004 1.89616e-07 375116 28.5111
10.5973 90.6569 1.87955e-07 371108 28.7494
10.6268 91.6051 1.88347e-07 363588 28.9896
10.6563 96.3798 1.96522e-07 360704 29.2318
10.6859 95.5457 1.93206e-07 352920 29.4761
10.7155 97.0022 1.94527e-07 347888 29.7223
10.7453 101.332 2.01525e-07 342564 29.9707
10.7751 101.759 2.00698e-07 336104 30.221
10.805 102.319 2.00132e-07 329616 30.4733
10.835 106.252 2.06106e-07 324044 30.7274
10.865 105.651 2.03245e-07 317940 30.9838
10.8952 106.948 2.04035e-07 311516 31.2428
10.9255 111.253 2.10486e-07 306920 31.5041
10.9559 107.859 2.02374e-07 297936 31.7675
10.9864 112.997 2.10255e-07 293684 32.0334
11.0169 113.097 2.08698e-07 284568 32.3008
11.0473 109.478 2.00355e-07 276704 32.5693
11.078 117.001 2.12345e-07 274896 32.8418
11.1089 111.814 2.01246e-07 263228 33.1168
11.1396 115.271 2.05755e-07 257720 33.3927
11.1706 114.622 2.02901e-07 250968 33.6716
11.2016 110.218 1.93489e-07 242276 33.9529
11.2326 114.697 1.99686e-07 236220 34.2362
11.2638 109.311 1.88732e-07 227624 34.5222
11.2952 108.832 1.86345e-07 221304 34.811
11.3265 105.756 1.79578e-07 212204 35.1021
11.3579 101.183 1.70395e-07 203168 35.394
11.3893 100.176 1.67305e-07 197955 35.6892
11.4211 99.1872 1.64276e-07 190268 35.9884
11.4529 100.006 1.64257e-07 184188 36.2897
11.4846 101.687 1.65636e-07 176492 36.5924
11.5165 105.122 1.69814e-07 172200 36.8977
11.5486 108.763 1.74236e-07 166544 37.207
11.5807 112.005 1.77942e-07 160160 37.518
11.6127 116.496 1.83547e-07 155010 37.8307
11.6449 121.284 1.89511e-07 149948 38.1461
11.6773 126.019 1.95278e-07 145458 38.4648
11.7097 130.87 2.01112e-07 140444 38.7866
11.7423 137.816 2.10032e-07 135596 39.1106
11.7747 143.27 2.16541e-07 130308 39.4362
11.8074 149.439 2.23999e-07 126860 39.7648
11.8402 155.882 2.31716e-07 122748 40.098
11.8732 161.863 2.38607e-07 118076 40.4338
11.9062 170.297 2.4896e-07 113774 40.7716
11.9391 177.42 2.57231e-07 109236 41.1112
11.9722 184.595 2.65424e-07 105638 41.4534
12.0054 193.675 2.76172e-07 102174 41.7998
12.0389 201.544 2.85002e-07 98708 42.1505
12.0724 210.733 2.9552e-07 94310 42.5035
12.1059 220.271 3.06343e-07 90414 42.8577
12.1394 229.796 3.16947e-07 87398 43.2153
12.1731 242.093 3.31144e-07 83462 43.5758
12.2067 253.363 3.43703e-07 79902 43.9379
12.2406 263.148 3.5402e-07 77558 44.3049
12.2748 275.451 3.67487e-07 74094 44.6769
12.309 286.755 3.79385e-07 71006 45.0516
12.3433 299.766 3.93306e-07 67574 45.4289
12.3775 311.339 4.05112e-07 64368 45.8078
12.4118 324.129 4.18269e-07 61502 46.1894
12.446 336.937 4.31216e-07 58214 46.573
12.4804 352.933 4.47968e-07 55872 46.9597
12.515 364.254 4.58511e-07 53270 47.3516
12.5498 385.978 4.81824e-07 50742 47.7479
12.5848 403.73 4.998e-07 48032 48.1477
12.6198 414.802 5.09241e-07 45638 48.551
12.6549 433.365 5.27611e-07 43008 48.9576
12.6901 446.534 5.39132e-07 40694 49.3673
12.7255 469.719 5.62412e-07 38408 49.781
12.7609 483.4 5.7399e-07 35958 50.1975
12.7963 503.808 5.93262e-07 33920 50.6172
12.8319 516.604 6.03286e-07 31622 51.0405
12.8675 544.614 6.30731e-07 29640 51.4665
12.9033 561.545 6.4495e-07 27662 51.8966
12.939 575.878 6.55945e-07 25568 52.3291
12.9748 613.126 6.926e-07 23904 52.7651
13.0109 635.188 7.11571e-07 22118 53.2064
13.0469 643.351 7.14768e-07 20168 53.6491
13.083 676.514 7.45404e-07 18816 54.096
13.1194 708.242 7.73885e-07 17126 54.5488
13.1559 733.946 7.95317e-07 15680 55.0052
13.1925 762.259 8.19138e-07 14184 55.4658
13.2293 795.061 8.47287e-07 12854 55.9307
13.2663 804.607 8.50299e-07 11600 56.4017
13.3038 870.653 9.12351e-07 10428 56.8805
13.3412 876.442 9.10708e-07 9032 57.362
13.3781 928.865 9.57205e-07 7838 57.8399
13.4149 935.271 9.55899e-07 6816 58.3184
13.4517 959.052 9.7219e-07 5840 58.7992
13.4884 1027.08 1.03269e-06 4952 59.2812
13.5246 1054.84 1.0521e-06 4062 59.7599
13.5603 1121.03 1.10931e-06 3368 60.2348
13.596 1128.27 1.10768e-06 2744 60.7124
13.6318 1140.08 1.11049e-06 2184 61.1931
13.6739 1224.65 1.18188e-06 2192 61.7614
13.7179 1261.34 1.20561e-06 1238 62.3597
13.7573 1320.67 1.25151e-06 728 62.8983
13.7931 1487.66 1.39881e-06 456 63.391
13.8288 1363.86 1.27249e-06 248 63.8846
13.8642 1536.27 1.42242e-06 104 64.3755
13.8983 2388.51 2.19525e-06 24 64.852
13.93 22.2605 2.032e-08 1 65.2968
0.142928
1398
200
512
5.50261
0.502655 0.077806 1.51162e-06 6 0.00306796
0.710861 0.061297 4.21041e-07 12 0.00867751
0.870624 0.0844805 3.15868e-07 8 0.0159416
1.00531 0.205235 4.98416e-07 6 0.0245437
1.12397 0.12714 2.20931e-07 24 0.0343009
1.23125 0.159432 2.10755e-07 24 0.0450896
1.42172 0.166546 1.42998e-07 12 0.06942
1.50796 0.161731 1.16375e-07 30 0.082835
1.58953 0.178453 1.09636e-07 24 0.0970175
1.66712 0.199478 1.06227e-07 24 0.111928
1.74125 0.200041 9.34924e-08 8 0.127533
1.81235 0.183965 7.62519e-08 24 0.143802
1.88076 0.239723 8.89095e-08 48 0.16071
2.01062 0.240082 7.28801e-08 6 0.19635
2.0725 0.304396 8.43715e-08 48 0.215042
2.13258 0.190193 4.83855e-08 36 0.234293
2.19102 0.311816 7.31473e-08 24 0.254086
2.24794 0.276965 6.01603e-08 24 0.274407
2.30345 0.211767 4.27522e-08 48 0.295242
2.35766 0.161358 3.03798e-08 24 0.31658
2.4625 0.217305 3.59073e-08 24 0.360717
2.51327 0.149504 2.32365e-08 30 0.383495
2.56305 0.232244 3.40341e-08 72 0.406733
2.61187 0.237937 3.29493e-08 32 0.430423
2.70688 0.220311 2.74075e-08 72 0.479123
2.75315 0.210407 2.48776e-08 48 0.504118
2.84345 0.214349 2.30053e-08 12 0.55536
2.88753 0.298401 3.05815e-08 48 0.581595
2.93096 0.266623 2.61281e-08 48 0.608231
2.97375 0.26917 2.52555e-08 48 0.635261
3.01593 0.32974 2.96584e-08 30 0.66268
3.05753 0.277257 2.39337e-08 24 0.690482
3.09857 0.23222 1.92599e-08 72 0.718663
3.17907 0.521894 4.00795e-08 24 0.77614
3.21856 0.324459 2.40112e-08 96 0.805426
3.25758 0.28571 2.03931e-08 48 0.835072
3.29613 0.328307 2.26208e-08 24 0.865073
3.33423 0.418462 2.78553e-08 24 0.895424
3.37191 0.314366 2.02324e-08 72 0.926123
3.40917 0.501334 3.12191e-08 48 0.957165
3.48249 0.283086 1.65381e-08 8 1.02026
3.51858 0.36473 2.06589e-08 54 1.05231
3.55431 0.437098 2.4019e-08 84 1.08469
3.58967 0.412138 2.19846e-08 48 1.11739
3.6247 0.230508 1.1943e-08 24 1.15042
3.65938 0.4122 2.07551e-08 72 1.18376
3.69374 0.420836 2.06041e-08 96 1.21742
3.76152 0.300262 1.39203e-08 48 1.28568
3.79496 0.295321 1.33325e-08 48 1.32027
3.82811 0.424073 1.86521e-08 24 1.35516
3.86096 0.352462 1.511e-08 72 1.39036
3.92586 0.304722 1.24262e-08 72 1.46165
3.95791 0.309549 1.23189e-08 96 1.49774
4.02124 0.815312 3.09374e-08 6 1.5708
4.05253 0.308988 1.14552e-08 96 1.60776
4.08359 0.496151 1.79774e-08 96 1.645
4.11441 0.2767 9.80229e-09 24 1.68253
4.145 0.435793 1.5099e-08 48 1.72034
4.17536 0.505478 1.7134e-08 96 1.75842
4.20551 0.307812 1.0211e-08 48 1.79679
4.26517 0.30674 9.75443e-09 36 1.87434
4.29468 0.244496 7.61582e-09 48 1.91353
4.324 0.396526 1.21019e-08 120 1.95298
4.35312 0.307663 9.20266e-09 56 1.9927
4.38204 0.238566 6.9955e-09 24 2.03269
4.41078 0.366544 1.05395e-08 96 2.07294
4.43933 0.29081 8.20159e-09 48 2.11345
4.49588 0.49637 1.34772e-08 24 2.19525
4.52389 0.27069 7.21399e-09 102 2.23654
4.55173 1.40879 3.68599e-08 48 2.27809
4.5794 0.532943 1.36928e-08 72 2.31989
4.60691 0.315944 7.97298e-09 48 2.36194
4.63425 0.579318 1.43621e-08 48 2.40424
4.66143 0.526873 1.28348e-08 120 2.4468
4.71532 0.194004 4.56581e-09 24 2.53264
4.74204 0.376428 8.71019e-09 144 2.57594
4.7686 0.404916 9.21363e-09 120 2.61947
4.79502 0.727557 1.6283e-08 48 2.66325
4.84743 0.326834 7.08e-09 48 2.75153
4.87342 0.399612 8.51878e-09 96 2.79603
4.92499 0.27163 5.61049e-09 24 2.88574
4.95058 0.57457 1.16846e-08 48 2.93094
4.97603 0.360342 7.21616e-09 108 2.97638
5.00135 0.297959 5.8767e-09 72 3.02206
5.02655 1.27866 2.4842e-08 30 3.06796
5.05162 1.11423 2.13266e-08 168 3.1141
5.07656 4.12265 7.7751e-08 48 3.16046
5.12609 1.11881 2.04944e-08 72 3.25387
5.15068 1.36923 2.47242e-08 96 3.30091
5.17515 0.378665 6.74104e-09 72 3.34818
5.1995 0.43039 7.55469e-09 72 3.39567
5.22374 1.23667 2.14067e-08 32 3.44338
5.24787 0.827735 1.41313e-08 72 3.49132
5.27189 0.855384 1.44046e-08 144 3.53948
5.34329 0.555571 8.98571e-09 96 3.68526
5.36688 0.362577 5.78726e-09 96 3.73428
5.39037 0.380546 5.99502e-09 48 3.78353
5.41376 0.485494 7.54966e-09 72 3.83298
5.43704 0.424853 6.52214e-09 120 3.88265
5.46023 0.296304 4.49101e-09 72 3.93254
5.50631 0.733344 1.08384e-08 48 4.03294
5.5292 3.18218 4.64491e-08 78 4.08346
5.552 3.88933 5.60745e-08 120 4.13418
5.57471 3.52587 5.02156e-08 48 4.18512
5.61985 1.71893 2.3896e-08 144 4.28761
5.64229 2.36093 3.24307e-08 144 4.33916
5.68689 0.538281 7.22145e-09 12 4.44288
5.70906 0.994858 1.31919e-08 144 4.49505
5.73115 2.28978 3.0013e-08 48 4.54742
5.75315 1.93661 2.50937e-08 120 4.59999
5.77506 0.405466 5.19426e-09 48 4.65276
5.7969 0.301245 3.81569e-09 48 4.70573
5.81865 0.957628 1.19942e-08 168 4.75891
5.86191 0.49995 6.12419e-09 48 4.86585
5.88342 0.720554 8.73003e-09 96 4.91961
5.90486 0.979253 1.17356e-08 96 4.97357
5.92621 0.548822 6.50638e-09 72 5.02773
5.94749 0.342183 4.01325e-09 48 5.08209
5.9687 0.83868 9.73191e-09 96 5.13663
5.98982 0.278534 3.19799e-09 48 5.19138
6.03186 8.1053 9.11287e-08 30 5.30144
6.05277 11.0379 1.22819e-07 96 5.35676
6.0736 6.15639 6.77996e-08 192 5.41227
6.09437 0.869234 9.47525e-09 56 5.46797
6.11506 20.6279 2.22583e-07 24 5.52386
6.13568 3.39399 3.62545e-08 168 5.57994
6.15624 0.603107 6.37805e-09 120 5.63621
6.19714 2.32636 2.4118e-08 72 5.7493
6.2175 1.48904 1.52861e-08 144 5.80613
6.23778 2.89696 2.94504e-08 96 5.86315
6.258 0.517451 5.20957e-09 96 5.92035
6.29825 2.99677 2.95961e-08 72 6.03531
6.31827 0.487505 4.76896e-09 96 6.09306
6.35814 2.27995 2.18865e-08 24 6.20912
6.37797 0.999564 9.50609e-09 192 6.26742
6.39775 1.19144 1.12261e-08 108 6.3259
6.41747 0.618926 5.77814e-09 24 6.38457
6.43712 1.75821 1.62643e-08 96 6.44341
6.45672 0.753893 6.91057e-09 96 6.50243
6.47625 0.47485 4.31345e-09 120 6.56163
6.51515 0.656516 5.85749e-09 48 6.68057
6.53451 9.97506 8.82095e-08 78 6.74031
6.55382 13.5818 1.19045e-07 144 6.80023
6.57306 17.3986 1.51164e-07 120 6.86032
6.59226 0.188615 1.62448e-09 24 6.92058
6.61139 6.28116 5.36291e-08 168 6.98102
6.63047 9.40302 7.95928e-08 144 7.04164
6.66847 0.936595 7.79315e-09 24 7.1634
6.68739 8.77944 7.24331e-08 48 7.22453
6.70625 5.6765 4.64388e-08 96 7.28584
6.72506 4.15358 3.36956e-08 120 7.34733
6.74382 0.730042 5.87313e-09 72 7.40898
6.76253 1.04114 8.30653e-09 120 7.47081
6.78118 4.47137 3.53805e-08 144 7.53281
6.81834 1.30692 1.01731e-08 48 7.65732
6.83684 1.51486 1.16962e-08 192 7.71983
6.8553 2.36667 1.81258e-08 144 7.7825
6.8737 1.90526 1.44752e-08 48 7.84535
6.91036 1.71752 1.28422e-08 192 7.97155
6.92862 0.770428 5.71521e-09 48 8.0349
6.96499 0.391072 2.85585e-09 8 8.1621
6.99816 1.36469 9.82477e-09 288 8.27926
7.01919 1.88695 1.34629e-08 96 8.35414
7.03717 21.0578 1.49094e-07 54 8.41849
7.0551 26.3583 1.85203e-07 120 8.483
7.07298 27.4318 1.91288e-07 120 8.54767
7.10861 18.8077 1.29188e-07 84 8.67751
7.12636 21.4641 1.46335e-07 144 8.74267
7.14407 2.1151 1.43131e-08 72 8.80799
7.16173 2.96626 1.99249e-08 96 8.87348
7.19106 9.49887 6.30279e-08 144 8.98295
7.21445 4.00022 2.62853e-08 240 9.07091
7.24939 3.15644 2.04425e-08 24 9.20333
7.2668 5.05897 3.25291e-08 240 9.26978
7.28416 0.885757 5.65478e-09 96 9.33639
7.31012 3.04937 1.92609e-08 144 9.43656
7.33601 4.65786 2.91103e-08 96 9.53717
7.35321 3.75185 2.32839e-08 72 9.60441
7.38749 3.54447 2.16921e-08 96 9.73936
7.40457 0.793638 4.82351e-09 96 9.80708
7.42916 1.28019 7.7036e-09 216 9.90512
7.4725 3.51496 2.07856e-08 192 10.0795
7.48939 4.88125 2.86703e-08 144 10.148
7.52305 1.18956 6.89357e-09 48 10.2854
7.53982 6.84587 3.94081e-08 150 10.3544
7.55656 60.8721 3.48085e-07 96 10.4235
7.57326 38.4122 2.18203e-07 120 10.4927
7.60179 21.8489 1.22721e-07 168 10.6118
7.62314 19.3789 1.07936e-07 240 10.7014
7.65621 3.47051 1.90806e-08 24 10.8413
7.68256 7.01543 3.81748e-08 360 10.9536
7.70555 37.8959 2.04372e-07 48 11.0523
7.72193 2.03373 1.08982e-08 72 11.1229
7.74479 6.08039 3.22955e-08 240 11.222
7.81103 8.02241 4.15355e-08 276 11.5124
7.83561 9.24129 4.73973e-08 104 11.6214
7.85172 7.20314 3.6717e-08 72 11.6932
7.87519 5.39494 2.72548e-08 312 11.7984
7.91582 5.29396 2.6335e-08 96 11.9819
7.93971 3.3135 1.63348e-08 288 12.0908
7.96355 5.7874 2.8275e-08 168 12.2
7.99521 4.86183 2.34719e-08 48 12.3461
8.011 3.57839 1.71738e-08 192 12.4194
8.05769 30.757 1.45061e-07 198 12.6378
8.07383 90.8534 4.25933e-07 96 12.7139
8.09726 18.7167 8.69869e-08 192 12.8249
8.12064 17.8711 8.23417e-08 216 12.9363
8.13618 4.59167 2.10353e-08 72 13.0107
8.16717 18.5179 8.3872e-08 96 13.16
8.19364 18.8155 8.43965e-08 336 13.2884
8.21345 1.62342 7.22926e-09 48 13.385
8.24287 12.3617 5.44604e-08 288 13.5293
8.25946 7.24198 3.17133e-08 192 13.6112
8.29 15.808 6.84627e-08 48 13.7627
8.30522 18.02 7.76141e-08 96 13.8387
8.32731 6.00833 2.56732e-08 264 13.9494
8.35073 12.2387 5.18565e-08 96 14.0674
8.3764 5.67245 2.38143e-08 240 14.1975
8.42353 6.28654 2.59519e-08 288 14.4385
8.44101 7.83823 3.21569e-08 96 14.5286
8.45596 3.21326 1.31128e-08 72 14.6059
8.49216 3.57265 1.43938e-08 336 14.7943
8.54127 27.0644 1.07169e-07 138 15.0525
8.5599 23.9945 9.43939e-08 240 15.1512
8.57955 45.8363 1.79083e-07 144 15.2558
8.61048 28.8946 1.1168e-07 384 15.4214
8.65698 14.4398 5.49163e-08 312 15.6725
8.67717 34.919 1.31877e-07 72 15.7824
8.69499 23.2576 8.72965e-08 248 15.8799
8.72942 10.3733 3.84769e-08 240 16.0693
8.76409 6.57911 2.4115e-08 24 16.2615
8.77849 7.79374 2.84267e-08 192 16.3418
8.79618 12.2342 4.43541e-08 312 16.4408
8.83014 6.89736 2.47184e-08 240 16.6319
8.85015 3.92393 1.39672e-08 96 16.7453
8.87865 4.36276 1.53801e-08 48 16.9076
8.90372 19.3782 6.77389e-08 408 17.0512
8.92124 7.34654 2.55298e-08 144 17.152
8.94951 34.4708 1.18657e-07 120 17.3157
8.96362 20.1912 6.91754e-08 144 17.3977
9.00452 9.13315 3.08658e-08 264 17.6369
9.02681 12.0082 4.02824e-08 192 17.7682
9.04779 11.1995 3.73087e-08 102 17.8924
9.07025 23.1838 7.66597e-08 432 18.0259
9.10347 103.825 3.39564e-07 48 18.2247
9.12079 18.1154 5.89102e-08 384 18.329
9.1519 10.7328 3.45475e-08 144 18.5172
9.18009 19.3589 6.17418e-08 264 18.6888
9.22295 23.4525 7.37599e-08 144 18.9518
9.24727 17.2325 5.3771e-08 324 19.1021
9.28041 29.1645 9.0031e-08 384 19.3082
9.29572 15.4344 4.7411e-08 216 19.4039
9.32887 20.7499 6.30622e-08 216 19.6123
9.35667 20.6626 6.22388e-08 240 19.7881
9.39037 20.8245 6.20534e-08 168 20.0027
9.40381 14.1665 4.20332e-08 240 20.0887
9.44254 8.63829 2.53164e-08 216 20.3379
9.46184 8.29067 2.41492e-08 288 20.4629
9.48939 11.6667 3.36878e-08 240 20.6422
9.51068 9.77584 2.80388e-08 72 20.7814
9.54398 22.7134 6.44664e-08 246 21.0005
9.56795 28.7629 8.10244e-08 320 21.1591
9.60101 32.2886 9.00198e-08 288 21.3792
9.61635 80.1591 2.22414e-07 144 21.4818
9.65568 27.9391 7.65779e-08 288 21.7465
9.67622 31.6071 8.60811e-08 336 21.8855
9.70415 25.6732 6.93182e-08 168 22.0756
9.72088 20.9955 5.63961e-08 336 22.19
9.75547 9.76419 2.59496e-08 288 22.4277
9.77625 31.2917 8.26329e-08 264 22.5713
9.81143 23.1107 6.03747e-08 240 22.8159
9.8243 4.59665 1.19613e-08 96 22.9058
9.86024 9.42516 2.42587e-08 120 23.1581
9.88236 16.4365 4.2021e-08 408 23.3143
9.91926 12.1405 3.06928e-08 456 23.5765
9.95206 45.1426 1.13003e-07 108 23.8111
9.9705 40.8373 1.01659e-07 264 23.9437
9.99351 50.9466 1.25951e-07 264 24.1099
10.025 24.238 5.93583e-08 312 24.3386
10.0643 49.6069 1.2007e-07 270 24.6255
10.0807 27.6123 6.65073e-08 240 24.7464
10.1103 38.4745 9.18596e-08 384 24.9648
10.1282 8.84528 2.10065e-08 192 25.098
10.1697 32.6908 7.66903e-08 432 25.4077
10.1904 23.6794 5.52127e-08 144 25.563
10.2213 17.1745 3.96826e-08 480 25.7966
10.2604 27.3681 6.25162e-08 216 26.0935
10.2853 16.1874 3.67084e-08 312 26.284
10.3082 55.1645 1.24267e-07 216 26.4597
10.335 51.8901 1.15982e-07 192 26.667
10.3681 43.6441 9.66197e-08 624 26.924
10.3941 15.2646 3.35398e-08 120 27.1273
10.4163 40.6237 8.86897e-08 336 27.3015
10.4574 25.4823 5.49807e-08 176 27.6254
10.4747 26.8561 5.76585e-08 384 27.7625
10.5085 24.4065 5.18951e-08 408 28.0323
10.5438 17.6297 3.71104e-08 144 28.3158
10.564 20.348 4.25868e-08 486 28.4792
10.6035 49.6133 1.0268e-07 96 28.7998
10.6154 21.9691 4.53147e-08 384 28.897
10.6571 27.7102 5.64881e-08 492 29.2389
10.6866 69.4892 1.40489e-07 384 29.482
10.7102 47.3627 9.51225e-08 168 29.6779
10.7506 31.8633 6.32757e-08 504 30.0147
10.7714 43.2526 8.53964e-08 240 30.1893
10.7949 38.374 7.52695e-08 456 30.3877
10.836 19.0575 3.69572e-08 264 30.736
10.8632 37.2086 7.16163e-08 384 30.9679
10.8921 21.0615 4.02152e-08 432 31.2162
10.9282 21.5699 4.07799e-08 216 31.527
10.9474 16.5579 3.11394e-08 360 31.6939
10.9817 20.4875 3.81699e-08 312 31.9924
11.0218 35.4699 6.53647e-08 240 32.3442
11.0425 55.9504 1.02528e-07 414 32.5268
11.0763 58.9734 1.07082e-07 552 32.8262
11.1116 44.5368 8.00996e-08 360 33.1412
11.1349 30.0223 5.36563e-08 432 33.3505
11.1687 38.851 6.88079e-08 480 33.6546
11.2059 33.8294 5.93185e-08 288 33.9926
11.2302 19.699 3.43182e-08 312 34.2137
11.2562 36.408 6.29889e-08 360 34.4519
11.2995 19.6433 3.35953e-08 576 34.8511
11.3354 27.2607 4.61812e-08 464 35.1845
11.3515 17.0451 2.87525e-08 192 35.335
11.3899 43.8257 7.31823e-08 396 35.6946
11.4181 37.4078 6.20038e-08 432 35.9603
11.4446 49.8665 8.2081e-08 240 36.2115
11.4797 39.0388 6.36722e-08 624 36.5449
11.5178 26.7327 4.31694e-08 504 36.9103
11.5584 46.2381 7.38831e-08 198 37.3022
11.5777 32.2032 5.12008e-08 600 37.4888
11.6115 64.9567 1.02377e-07 384 37.8185
11.6469 38.6665 6.03864e-08 432 38.1659
11.6775 33.8747 5.24881e-08 336 38.4676
11.7053 35.1195 5.40302e-08 336 38.7429
11.7408 41.7551 6.36578e-08 744 39.0965
11.7788 46.9564 7.08974e-08 624 39.4771
11.8151 52.5855 7.86679e-08 192 39.8426
11.837 35.8055 5.32675e-08 432 40.0652
11.8692 28.727 4.23906e-08 504 40.3925
11.9071 48.9821 7.15909e-08 336 40.7812
11.9357 38.6861 5.61371e-08 456 41.0757
11.961 28.791 4.15137e-08 408 41.3376
11.9967 28.3479 4.0511e-08 696 41.7088
12.0375 32.9208 4.65694e-08 384 42.1357
12.0797 54.5912 7.64178e-08 330 42.5803
12.1079 48.6707 6.76546e-08 624 42.8796
12.1368 48.5776 6.70447e-08 384 43.1869
12.1679 49.4482 6.77248e-08 728 43.5194
12.2048 58.3905 7.92475e-08 432 43.9174
12.2458 37.875 5.08901e-08 696 44.3608
12.2726 62.0032 8.27651e-08 408 44.6527
12.3135 26.5402 3.50748e-08 456 45.1014
12.336 46.851 6.15795e-08 408 45.3485
12.3706 31.472 4.10193e-08 528 45.7315
12.4155 31.1667 4.01826e-08 576 46.231
12.4491 48.884 6.25158e-08 672 46.6077
12.4869 71.0309 9.00157e-08 384 47.0337
12.5204 45.438 5.71216e-08 600 47.4132
12.5516 54.2005 6.76314e-08 294 47.7677
12.5804 48.7377 6.03974e-08 600 48.098
12.6134 50.1224 6.16276e-08 768 48.4771
12.6565 46.0498 5.60435e-08 648 48.976
12.6923 43.889 5.29634e-08 408 49.3924
12.7292 36.9201 4.4167e-08 552 49.8248
12.7636 36.9054 4.37931e-08 648 50.2301
12.8023 42.4654 4.99356e-08 348 50.688
12.8251 65.1495 7.62028e-08 744 50.9589
12.8679 68.9881 7.98894e-08 672 51.4713
12.9036 51.2924 5.89054e-08 456 51.9012
12.9334 38.0399 4.33854e-08 600 52.2607
12.9695 42.8009 4.84089e-08 744 52.6997
13.006 42.107 4.72235e-08 288 53.1466
13.0495 43.7985 4.8632e-08 704 53.6806
13.081 59.0483 6.50916e-08 678 54.0708
13.1208 84.0709 9.18336e-08 648 54.5662
13.1596 62.8095 6.80038e-08 648 55.0519
13.1964 64.8307 6.96072e-08 696 55.5145
13.2284 52.5097 5.59706e-08 696 55.9191
13.2734 57.7344 6.09161e-08 552 56.4915
13.3052 53.2146 5.57447e-08 840 56.8994
13.3506 48.7447 5.05438e-08 600 57.4831
13.3849 62.9489 6.47719e-08 696 57.9271
13.4246 50.3212 5.13199e-08 672 58.4447
13.4567 49.3043 4.99244e-08 552 58.8642
13.5 51.5401 5.16876e-08 492 59.4345
13.5339 71.0228 7.06924e-08 840 59.8832
13.5717 59.1943 5.84277e-08 606 60.3866
13.6079 61.7018 6.04178e-08 936 60.8715
13.6493 64.9482 6.30195e-08 528 61.4288
13.6785 79.3074 7.64613e-08 696 61.8233
13.7222 62.3556 5.9545e-08 648 62.4181
13.7547 60.8455 5.76919e-08 936 62.8628
13.799 56.1642 5.2742e-08 384 63.4721
13.8245 61.5386 5.74695e-08 864 63.825
13.8698 53.472 4.94491e-08 768 64.4536
13.9077 57.0055 5.22867e-08 528 64.984
13.9468 72.3142 6.57718e-08 776 65.5335
13.985 68.0761 6.14117e-08 960 66.0729
14.0235 57.6547 5.15831e-08 696 66.6204
14.0543 72.424 6.43712e-08 582 67.0611
14.104 71.8674 6.32041e-08 1008 67.7746
14.1396 58.7695 5.12952e-08 408 68.2898
14.1747 63.6139 5.51123e-08 960 68.7993
14.2207 81.9823 7.03388e-08 852 69.4712
14.2588 69.3527 5.90277e-08 912 70.0305
14.3027 73.9817 6.2389e-08 1032 70.68
14.3334 56.3435 4.72105e-08 384 71.1354
14.3782 70.1009 5.81899e-08 864 71.8053
14.4126 72.8006 5.99992e-08 840 72.3219
14.4524 54.0962 4.42169e-08 912 72.9219
14.5014 65.7038 5.31618e-08 792 73.6667
14.5381 60.2553 4.83854e-08 744 74.2268
14.583 89.635 7.13143e-08 726 74.9171
14.6171 75.2783 5.9474e-08 984 75.4438
14.6557 83.2751 6.52734e-08 912 76.0429
14.6984 76.6777 5.95801e-08 1104 76.7092
14.7399 78.3249 6.03471e-08 744 77.3612
14.79 68.7457 5.243e-08 968 78.1531
14.8189 71.138 5.39381e-08 672 78.6116
14.8602 86.0748 6.47202e-08 984 79.2714
14.9075 82.1575 6.11888e-08 840 80.0305
14.945 76.279 5.63842e-08 1092 80.6357
14.993 85.7189 6.27556e-08 840 81.415
15.0265 66.5849 4.8422e-08 720 81.9621
15.0728 82.9946 5.98015e-08 1110 82.7214
15.1154 106.151 7.58416e-08 1056 83.4253
15.1542 83.9207 5.94993e-08 888 84.0693
15.1982 78.7263 5.53331e-08 936 84.8037
15.2384 82.4513 5.74934e-08 912 85.479
15.2828 94.5435 6.53528e-08 1104 86.2279
15.3261 76.5857 5.2492e-08 912 86.963
15.3668 97.2268 6.61108e-08 1104 87.6584
15.413 83.1016 5.59998e-08 1128 88.4511
15.4559 78.3082 5.2332e-08 768 89.1909
15.4907 71.6859 4.75844e-08 888 89.7945
15.5324 96.7996 6.37373e-08 1224 90.5232
15.5906 101.836 6.63062e-08 750 91.5437
15.6187 86.2633 5.5864e-08 1092 92.0395
15.6685 98.0939 6.29221e-08 1472 92.922
15.7176 93.7813 5.95936e-08 792 93.7986
15.755 103.775 6.54752e-08 1080 94.4704
15.7999 100.065 6.25973e-08 1584 95.2806
15.8457 92.697 5.74867e-08 624 96.1121
15.8875 93.7852 5.77039e-08 1248 96.8745
15.9288 71.0388 4.33696e-08 888 97.6315
15.9759 105.167 6.36395e-08 912 98.4994
16.0166 103.054 6.18861e-08 1368 99.2546
16.0594 110.511 6.58348e-08 960 100.053
16.1064 110.266 6.51153e-08 1542 100.934
16.1587 89.0241 5.20625e-08 1152 101.921
16.2027 126.587 7.34287e-08 1008 102.755
16.2458 102.708 5.91053e-08 1248 103.576
16.2838 98.7028 5.64028e-08 1056 104.306
16.329 102.164 5.78971e-08 1188 105.177
16.3776 106.318 5.97165e-08 1152 106.119
16.4263 114.697 6.38518e-08 1560 107.068
16.4754 116.558 6.43089e-08 1128 108.031
16.5151 105.824 5.79673e-08 1152 108.814
16.5586 101.1 5.49443e-08 920 109.675
16.6046 110.811 5.97221e-08 1470 110.593
16.6539 120.905 6.45858e-08 1200 111.58
16.7007 116.434 6.16763e-08 1440 112.524
16.7407 117.755 6.19293e-08 1224 113.334
16.7902 107.519 5.60483e-08 1296 114.342
16.8432 107.5 5.55107e-08 1560 115.428
16.8896 131.758 6.74772e-08 1272 116.386
16.9285 114.399 5.81843e-08 1080 117.192
16.975 117.96 5.95041e-08 1368 118.159
17.0245 113.102 5.65578e-08 1248 119.195
17.0763 117.668 5.83063e-08 1194 120.288
17.1189 135.771 6.67761e-08 1752 121.19
17.1714 124.031 6.04445e-08 1392 122.308
17.2134 130.297 6.30341e-08 1440 123.208
17.266 132.331 6.34343e-08 1488 124.342
17.3158 121.199 5.75988e-08 1248 125.42
17.3578 129.536 6.11148e-08 1512 126.335
17.4059 124.71 5.83517e-08 1112 127.388
17.4584 120.003 5.56442e-08 1848 128.544
17.5012 126.084 5.80362e-08 1224 129.491
17.5513 127.77 5.83093e-08 1536 130.609
17.6038 130.675 5.91031e-08 1638 131.784
17.652 137.366 6.16224e-08 1392 132.868
17.7 146.727 6.52877e-08 1632 133.955
17.756 133.503 5.8843e-08 1452 135.231
17.7986 139.683 6.11257e-08 1680 136.207
17.8449 153.453 6.66302e-08 1320 137.273
17.893 143.453 6.17872e-08 1752 138.386
17.9488 138.972 5.93004e-08 1776 139.685
18.0029 139.17 5.88516e-08 1104 140.951
18.0415 133.404 5.60522e-08 1728 141.859
18.0953 138.908 5.78452e-08 1446 143.133
18.1443 157.513 6.50635e-08 1920 144.298
18.201 151.712 6.20827e-08 1896 145.656
18.2474 139.733 5.67464e-08 1176 146.771
18.2919 152.559 6.15034e-08 1856 147.849
18.3431 145.068 5.79955e-08 1896 149.093
18.3976 137.258 5.4387e-08 1464 150.426
18.4552 146.598 5.75455e-08 1968 151.843
18.5038 164.417 6.40331e-08 1548 153.046
18.5557 150.36 5.80688e-08 1944 154.337
18.6063 163.281 6.25454e-08 1470 155.604
18.6575 155.58 5.91065e-08 1920 156.891
18.7093 167.223 6.30029e-08 2184 158.203
18.7648 163.289 6.09764e-08 1464 159.615
18.809 166.211 6.16311e-08 1608 160.745
18.8624 161.792 5.94847e-08 1944 162.119
18.9166 170.951 6.23138e-08 1872 163.519
18.9683 166.103 6.0053e-08 2256 164.863
19.021 170.339 6.10731e-08 1632 166.243
19.0776 159.998 5.68568e-08 1542 167.73
19.1277 187.144 6.59826e-08 2216 169.055
19.1825 175.076 6.12001e-08 2052 170.511
19.2349 177.472 6.15322e-08 1680 171.912
19.2854 178.341 6.13491e-08 2280 173.27
19.3414 179.112 6.10802e-08 1968 174.785
19.3966 182.505 6.17075e-08 2016 176.286
19.4477 159.45 5.34884e-08 1968 177.682
19.5069 170.741 5.67558e-08 1920 179.312
19.5637 187.276 6.17123e-08 2400 180.88
19.6219 180.55 5.8968e-08 1974 182.499
19.6656 178.308 5.78476e-08 1944 183.724
19.7215 190.752 6.13604e-08 1920 185.294
19.7735 183.009 5.84069e-08 2280 186.762
19.826 188.397 5.96495e-08 1968 188.255
19.8834 187.651 5.89009e-08 2220 189.894
19.9402 188.33 5.86096e-08 2352 191.527
19.9979 195.433 6.02951e-08 1968 193.195
20.0514 190.903 5.84278e-08 2504 194.749
20.1114 184.086 5.58388e-08 2118 196.502
20.1661 206.153 6.20245e-08 2352 198.11
20.2215 191.941 5.72754e-08 2136 199.747
20.2758 203.407 6.02101e-08 2112 201.361
20.3301 207.593 6.09586e-08 2472 202.983
20.3859 227.918 6.63787e-08 2376 204.658
20.4424 202.211 5.84049e-08 2304 206.365
20.5033 211.367 6.05068e-08 2448 208.216
20.5597 219.069 6.21974e-08 2280 209.937
20.6226 227.839 6.40971e-08 2466 211.87
20.6734 229.24 6.40173e-08 2256 213.439
20.7288 216.039 5.98477e-08 2472 215.161
20.7863 226.252 6.21587e-08 2856 216.956
20.844 210.691 5.74041e-08 2112 218.768
20.9062 212.009 5.7249e-08 2720 220.732
20.9635 225.578 6.04147e-08 2136 222.553
21.0141 228.901 6.08631e-08 2736 224.168
21.0763 225.383 5.93991e-08 2376 226.163
21.1384 235.462 6.15094e-08 3126 228.17
21.2027 231.125 5.98293e-08 2568 230.257
21.2496 226.793 5.83196e-08 2112 231.79
21.3097 224.536 5.72525e-08 2748 233.76
21.3717 253.23 6.40084e-08 2928 235.808
21.4282 238.155 5.97233e-08 2640 237.682
21.4925 230.506 5.72873e-08 2856 239.83
21.5495 238.57 5.88225e-08 2352 241.742
21.6105 239.203 5.84807e-08 2910 243.8
21.6685 255.35 6.19284e-08 2784 245.769
21.731 247.84 5.95899e-08 2952 247.902
21.7905 261.708 6.24099e-08 2696 249.944
21.8483 261.85 6.19496e-08 3264 251.938
21.9108 251.428 5.89768e-08 2472 254.105
21.9713 247.52 5.75814e-08 3024 256.217
22.0383 242.919 5.59975e-08 2964 258.567
22.0973 260.484 5.95666e-08 2910 260.65
22.1561 278.241 6.31223e-08 2880 262.736
22.2134 261.625 5.88945e-08 3216 264.78
22.2831 262.359 5.85071e-08 3096 267.281
22.3394 267.308 5.91613e-08 2880 269.312
22.4021 266.987 5.85952e-08 2904 271.586
22.465 270.779 5.89299e-08 3504 273.879
22.5286 265.045 5.71948e-08 3168 276.212
22.5974 289.335 6.18677e-08 3054 278.751
22.6529 282.249 5.99103e-08 3032 280.809
22.7152 286.908 6.03993e-08 3000 283.134
22.7794 290.628 6.06669e-08 3780 285.539
22.8468 284.522 5.88678e-08 3504 288.084
22.9105 292.713 6.00591e-08 2904 290.498
22.9708 302.728 6.16261e-08 3336 292.798
23.0336 291.698 5.88958e-08 3144 295.208
23.0969 291.753 5.84241e-08 3414 297.648
23.1662 313.91 6.22988e-08 3552 300.335
23.2215 316.042 6.22747e-08 2928 302.492
23.2818 314.699 6.15298e-08 3840 304.853
23.3508 302.636 5.86479e-08 3312 307.573
23.4144 293.552 5.64256e-08 3432 310.09
23.4796 300.158 5.72158e-08 3596 312.69
23.5507 303.302 5.72929e-08 4224 315.54
23.6216 303.756 5.68635e-08 3294 318.398
23.6816 306.392 5.69227e-08 3792 320.828
23.7459 333.423 6.14422e-08 3528 323.451
23.8201 327.126 5.97206e-08 3984 326.491
23.8821 334.624 6.06148e-08 3768 329.048
23.9469 348.411 6.26011e-08 3672 331.734
24.0113 320.601 5.71424e-08 3384 334.415
24.0749 325.717 5.7595e-08 3648 337.082
24.145 343.289 6.01755e-08 4098 340.033
24.211 330.752 5.75045e-08 4008 342.832
24.2803 362.244 6.2442e-08 4032 345.784
24.3436 358.121 6.12512e-08 3800 348.494
24.4106 352.245 5.97517e-08 3816 351.378
24.4813 353.046 5.93704e-08 4248 354.439
24.548 359.535 5.99695e-08 3720 357.347
24.616 354.222 5.85956e-08 4254 360.322
24.6841 358.713 5.88487e-08 4224 363.321
24.7539 359.375 5.84598e-08 4368 366.413
24.8247 388.414 6.26446e-08 4104 369.566
24.8945 386.52 6.18164e-08 4500 372.69
24.9619 392.66 6.22907e-08 3480 375.728
25.03 372.266 5.85745e-08 5328 378.813
25.1021 376.724 5.87667e-08 3342 382.096
25.1673 387.405 5.99644e-08 4800 385.081
25.2417 387.872 5.95075e-08 4184 388.506
25.3083 393.016 5.98217e-08 5064 391.59
25.3801 400.053 6.03775e-08 4032 394.932
25.4501 412.635 6.17647e-08 4632 398.205
25.522 417.071 6.19025e-08 4680 401.59
25.5928 402.579 5.92568e-08 3924 404.941
25.6619 397.107 5.79805e-08 5166 408.231
25.7329 407.969 5.90747e-08 4800 411.629
25.8063 419.474 6.02235e-08 4560 415.163
25.8751 398.726 5.67896e-08 4584 418.491
25.947 437.086 6.17373e-08 4848 421.987
26.0156 424.022 5.94194e-08 4560 425.344
26.0959 442.697 6.1465e-08 5600 429.297
26.1678 426.859 5.87787e-08 4686 432.857
26.2409 434.97 5.93966e-08 5016 436.494
26.3159 424.538 5.74782e-08 4956 440.244
26.3821 430.978 5.7912e-08 4872 443.574
26.458 449.735 5.99138e-08 5376 447.415
26.5341 445.653 5.88607e-08 5088 451.286
26.6057 447.43 5.86196e-08 4710 454.948
26.6772 437.329 5.68367e-08 4848 458.627
26.7491 458.159 5.90651e-08 5976 462.345
26.825 452.263 5.78113e-08 5208 466.292
26.9003 474.159 6.01025e-08 5352 470.232
26.975 463.329 5.8243e-08 4820 474.16
27.0465 483.239 6.02658e-08 5760 477.938
27.1221 486.103 6.01168e-08 5166 481.962
27.1993 490.063 6.00926e-08 6168 486.084
27.2764 492.913 5.99309e-08 5136 490.23
27.3523 495.861 5.97884e-08 6240 494.337
27.4326 495.286 5.9196e-08 5568 498.705
27.507 517.787 6.13849e-08 5712 502.77
27.5818 519.577 6.10976e-08 5520 506.881
27.6605 519.935 6.0619e-08 5670 511.235
27.7351 506.436 5.85701e-08 6036 515.381
27.8136 513.705 5.89091e-08 6264 519.77
27.8936 520.204 5.91428e-08 5912 524.266
27.967 560.073 6.31751e-08 5736 528.419
28.0414 529.452 5.92474e-08 5400 532.644
28.1205 555.519 6.16406e-08 6342 537.17
28.2012 542.379 5.96677e-08 7032 541.806
28.2802 531.824 5.80179e-08 5448 546.369
28.3553 559.129 6.05127e-08 6528 550.738
28.4381 547.198 5.87059e-08 6468 555.575
28.5189 530.604 5.64435e-08 6528 560.32
28.5929 567.72 5.99237e-08 5568 564.698
28.6695 581.418 6.08792e-08 6798 569.246
28.7556 576.527 5.98261e-08 6560 574.393
28.8326 583.063 6.00214e-08 6888 579.015
28.9133 578.947 5.90997e-08 6624 583.894
28.9929 594.586 6.01979e-08 6288 588.726
29.0725 603.675 6.06169e-08 6960 593.594
29.1573 601.217 5.98451e-08 6570 598.802
29.2314 607.789 6.00404e-08 6600 603.378
29.315 620.557 6.07787e-08 7776 608.57
29.4037 629.01 6.10509e-08 7248 614.109
29.4863 620.726 5.97422e-08 6672 619.297
29.5638 621.32 5.93302e-08 6704 624.194
29.6425 632.603 5.99278e-08 6942 629.192
29.7261 624.483 5.86605e-08 7656 634.535
29.8087 645.838 6.01637e-08 7128 639.837
29.8956 655.244 6.05091e-08 7908 645.45
29.977 645.796 5.91522e-08 6648 650.735
30.0528 670.334 6.09361e-08 7320 655.686
30.1423 650.44 5.86027e-08 7638 661.561
30.2243 669.215 5.98049e-08 7416 666.975
30.3042 676.012 5.99357e-08 7752 672.278
30.3935 679.851 5.97465e-08 8448 678.237
30.4801 672.635 5.86095e-08 7280 684.056
30.5639 691.349 5.97465e-08 7668 689.707
30.6478 706.637 6.0567e-08 8094 695.409
30.7311 716.124 6.08824e-08 7656 701.094
30.8164 705.211 5.94585e-08 8160 706.945
30.9021 706.933 5.91088e-08 8472 712.863
30.9914 719.298 5.96244e-08 7896 719.06
31.0735 722.147 5.93872e-08 8088 724.791
31.1605 747.392 6.09502e-08 8286 730.892
31.2495 740.609 5.98825e-08 8676 737.172
31.3345 735.869 5.90161e-08 8120 743.208
31.4202 748.573 5.9545e-08 9024 749.323
31.5091 770.819 6.07971e-08 8160 755.701
31.5932 771.634 6.03766e-08 7944 761.768
31.6802 763.287 5.9233e-08 8982 768.076
31.7688 773.667 5.95374e-08 9528 774.541
31.8602 797.724 6.08623e-08 8832 781.241
31.9516 793.326 6.00089e-08 8916 787.982
32.039 804.035 6.03221e-08 9240 794.471
32.1273 802.48 5.97107e-08 8496 801.054
32.2155 819.088 6.04474e-08 9422 807.669
32.303 806.058 5.90033e-08 8976 814.273
32.3931 832.343 6.04205e-08 9432 821.104
32.4832 806.574 5.80643e-08 9864 827.97
32.5757 830.975 5.93125e-08 9024 835.068
32.6663 858.358 6.07585e-08 9762 842.056
32.7552 873.426 6.13231e-08 9264 848.95
32.8445 840.146 5.8507e-08 10056 855.908
32.9357 875.302 6.04502e-08 9936 863.059
33.0325 853.746 5.84444e-08 9624 870.695
33.1183 854.841 5.80656e-08 9752 877.498
33.2122 884.823 5.95942e-08 10446 884.978
33.3054 893.715 5.96893e-08 10056 892.448
33.3956 911.193 6.03646e-08 9876 899.722
33.491 909.215 5.97203e-08 11160 907.454
33.5844 921.763 6.00407e-08 10128 915.069
33.6785 925.798 5.97993e-08 9726 922.784
33.7682 918.216 5.88383e-08 11112 930.175
33.8643 974.09 6.1889e-08 10776 938.136
33.9552 944.63 5.95365e-08 10232 945.711
34.0498 973.94 6.08735e-08 11184 953.639
34.1497 945.937 5.86059e-08 11058 962.058
34.2449 979.795 6.01989e-08 11472 970.123
34.3371 993.046 6.05227e-08 10464 977.982
34.4285 1002.27 6.05993e-08 10584 985.815
34.5273 997.113 5.97715e-08 12504 994.328
34.6247 1014.91 6.03264e-08 10560 1002.76
34.7179 1013.82 5.97776e-08 11694 1010.88
34.8164 1022.09 5.97554e-08 11420 1019.51
34.9125 1048.76 6.08092e-08 12504 1027.98
35.0084 1015.89 5.8421e-08 10800 1036.47
35.1074 1044.67 5.95693e-08 12456 1045.29
35.2074 1036.09 5.85783e-08 12030 1054.24
35.3017 1057.25 5.92971e-08 11232 1062.74
35.397 1098.68 6.11241e-08 13176 1071.37
35.4985 1099.99 6.06734e-08 11196 1080.62
35.593 1085.62 5.9405e-08 12720 1089.27
35.6922 1102 5.97998e-08 11918 1098.4
35.7902 1108.96 5.96843e-08 13392 1107.48
35.8939 1103.43 5.88738e-08 12600 1117.13
35.9941 1121.2 5.93234e-08 13200 1126.51
36.095 1105.83 5.80211e-08 12864 1136.01
36.1944 1146.48 5.96599e-08 12270 1145.42
36.2935 1167.14 6.02388e-08 13668 1154.85
36.3944 1169.64 5.98674e-08 13200 1164.51
36.4956 1176.88 5.97379e-08 13416 1174.25
36.5974 1181.13 5.9455e-08 12992 1184.1
36.6991 1206.29 6.02174e-08 13806 1194.01
36.7995 1180.44 5.84467e-08 13800 1203.83
36.901 1237.55 6.07701e-08 13056 1213.82
37.0014 1225.43 5.96864e-08 14364 1223.75
37.1043 1236.19 5.97107e-08 13248 1233.99
37.2078 1259.89 6.03488e-08 15054 1244.35
37.3141 1259.48 5.98154e-08 13680 1255.04
37.4145 1284.02 6.04909e-08 15152 1265.21
37.5223 1268.54 5.92485e-08 14376 1276.17
37.6238 1302.7 6.03526e-08 13932 1286.56
37.7292 1295.35 5.95105e-08 14910 1297.4
37.833 1308.62 5.96266e-08 15648 1308.14
37.937 1308.39 5.91275e-08 13680 1318.95
38.0425 1336.12 5.98792e-08 15816 1329.99
38.1491 1340.34 5.95665e-08 15030 1341.2
38.253 1374.66 6.05951e-08 15104 1352.19
38.3629 1397.29 6.1065e-08 16548 1363.87
38.4701 1400.06 6.0676e-08 15360 1375.34
38.5768 1388.2 5.96641e-08 15768 1386.81
38.6815 1431.13 6.10108e-08 14622 1398.14
38.7893 1417.33 5.99204e-08 17568 1409.86
38.9018 1404 5.88434e-08 16368 1422.16
39.0083 1438.6 5.9801e-08 15960 1433.88
39.1164 1436.24 5.92092e-08 15732 1445.83
39.2236 1452.5 5.93899e-08 17006 1457.75
39.332 1485.11 6.02224e-08 16680 1469.87
39.4453 1507.8 6.06171e-08 17712 1482.61
39.5528 1469.03 5.85788e-08 15576 1494.76
39.6569 1492.17 5.90337e-08 16974 1506.6
39.7703 1517.65 5.95298e-08 17436 1519.56
39.8799 1578.56 6.14098e-08 17952 1532.16
39.9925 1551.18 5.98364e-08 17448 1545.17
40.1016 1535.03 5.87317e-08 17336 1557.85
40.2155 1613.65 6.12166e-08 17958 1571.16
40.3272 1578.13 5.93728e-08 19056 1584.29
40.441 1624.15 6.05898e-08 17304 1597.74
40.5506 1620.13 5.99511e-08 18276 1610.77
40.6624 1614.56 5.92535e-08 17838 1624.13
40.7728 1640.04 5.97011e-08 18984 1637.39
40.8917 1634.79 5.89927e-08 19616 1651.75
41.0031 1669.82 5.97666e-08 18168 1665.29
41.1166 1705.52 6.05403e-08 19320 1679.16
41.2339 1691.66 5.95374e-08 19170 1693.57
41.3443 1708.32 5.96434e-08 19008 1707.21
41.4599 1709.28 5.91792e-08 20472 1721.57
41.5775 1733.11 5.94964e-08 19128 1736.27
41.6919 1763.44 6.00408e-08 19998 1750.63
41.807 1764.56 5.9584e-08 19808 1765.17
41.9229 1793.63 6.00648e-08 20724 1779.89
42.0406 1798.94 5.97378e-08 19896 1794.93
42.1535 1828.55 6.02343e-08 20304 1809.43
42.2743 1814.89 5.92737e-08 21030 1825.02
42.3896 1829.95 5.92789e-08 21168 1840
42.5074 1853.39 5.95406e-08 20736 1855.39
42.6266 1864 5.93805e-08 21356 1871.03
42.7476 1914.67 6.0478e-08 22206 1887.02
42.8656 1898.29 5.94668e-08 21360 1902.69
42.9842 1894.76 5.88663e-08 21456 1918.52
43.1015 1913.1 5.89523e-08 21648 1934.27
43.2214 1942.99 5.93762e-08 22326 1950.46
43.3419 1942.34 5.88628e-08 22212 1966.82
43.4591 1958.04 5.88599e-08 22128 1982.81
43.5787 1985.27 5.91886e-08 22640 1999.23
43.702 2024.73 5.98554e-08 23022 2016.25
43.8256 2057.01 6.02963e-08 24168 2033.41
43.9456 2040.13 5.93131e-08 22416 2050.16
44.069 2050.53 5.91163e-08 23700 2067.47
44.1919 2076.05 5.9354e-08 24222 2084.82
44.3139 2114.97 5.99688e-08 22776 2102.13
44.4338 2121.85 5.96782e-08 24296 2119.24
44.5585 2103.35 5.86623e-08 24648 2137.14
44.6804 2172.18 6.00877e-08 22926 2154.72
44.8026 2202.33 6.04245e-08 25476 2172.45
44.9299 2220.59 6.04092e-08 25608 2191.02
45.0543 2208.46 5.95828e-08 24576 2209.27
45.1805 2258.2 6.04157e-08 25134 2227.89
45.3051 2254.46 5.98194e-08 25928 2246.37
45.4322 2266.37 5.96322e-08 26136 2265.33
45.5594 2294.41 5.98656e-08 25644 2284.41
45.684 2297.74 5.94632e-08 25926 2303.2
45.8119 2335.98 5.99479e-08 26232 2322.6
45.9378 2332.26 5.93615e-08 27216 2341.81
46.0667 2378.75 6.00381e-08 26736 2361.58
46.1982 2374.33 5.94163e-08 27698 2381.85
46.3248 2388.03 5.92707e-08 26640 2401.49
46.4497 2455.57 6.04565e-08 26880 2420.97
46.5822 2428.44 5.92798e-08 29160 2441.75
46.7132 2458.3 5.95053e-08 27318 2462.4
46.8402 2496.75 5.99457e-08 27984 2482.55
46.9703 2526.01 6.01456e-08 28364 2503.29
47.0985 2540.95 6.00088e-08 28464 2523.83
47.2319 2552.7 5.97769e-08 28974 2545.34
47.3611 2602.53 6.04466e-08 28920 2566.28
47.4908 2606.68 6.00481e-08 29640 2587.44
47.6245 2568.81 5.86788e-08 28884 2609.34
47.7555 2646.37 5.99544e-08 30558 2630.93
47.8909 2637.5 5.92479e-08 30776 2653.38
48.0219 2648.59 5.90114e-08 29040 2675.21
48.1534 2710.99 5.99083e-08 30984 2697.25
48.289 2782.43 6.09704e-08 30930 2720.1
48.4252 2727.52 5.92643e-08 32712 2743.19
48.5604 2772.51 5.97399e-08 30528 2766.23
48.6924 2785.83 5.95403e-08 30326 2788.84
48.8276 2804.05 5.9433e-08 33624 2812.14
48.9655 2840.86 5.97062e-08 31824 2836.02
49.0996 2854.32 5.9499e-08 31860 2859.39
49.2378 2921.03 6.0378e-08 33942 2883.61
49.3741 2936.74 6.02016e-08 31848 2907.62
49.5082 2943.5 5.98511e-08 33624 2931.38
49.6475 2959.48 5.9671e-08 33512 2956.19
49.7851 2984.68 5.96813e-08 33594 2980.84
49.9236 3020.11 5.98885e-08 34944 3005.79
50.0623 3071.72 6.04071e-08 33624 3030.91
50.2003 3072.19 5.99196e-08 34710 3056.04
50.3385 3128.85 6.05235e-08 34704 3081.35
50.4781 3160.28 6.06256e-08 35468 3107.06
50.6192 3093.3 5.88458e-08 36096 3133.19
50.7626 3182.75 6.00359e-08 35958 3159.89
50.903 3187.14 5.96225e-08 36576 3186.19
51.0437 3205.94 5.94796e-08 35976 3212.68
51.1847 3232.2 5.94726e-08 36396 3239.37
51.3277 3274.1 5.97414e-08 38030 3266.6
51.4685 3300.8 5.97359e-08 35784 3293.55
51.6102 3311.7 5.94407e-08 38712 3320.84
51.7563 3329 5.92465e-08 38310 3349.12
51.8999 3377.62 5.96145e-08 37596 3377.06
52.0406 3448.34 6.03704e-08 39000 3404.6
52.1873 3449.19 5.98773e-08 38552 3433.48
52.3328 3465.77 5.96647e-08 40206 3462.28
52.4775 3526.82 6.0215e-08 39072 3491.07
52.6254 3577.26 6.05627e-08 41340 3520.67
52.7728 3574.76 6.00147e-08 39342 3550.34
52.9159 3578.89 5.95978e-08 40176 3579.3
53.063 3654.45 6.03514e-08 41768 3609.23
53.21 3643.67 5.96757e-08 40206 3639.33
53.3579 3740.81 6.07588e-08 42300 3669.75
53.5058 3763.62 6.06236e-08 42360 3700.36
53.6529 3721.36 5.94512e-08 40488 3730.96
53.8016 3746.08 5.93514e-08 44406 3762.06
53.9538 3805.02 5.97766e-08 43076 3794.08
54.1012 3885.86 6.0549e-08 42600 3825.26
54.2539 3859.57 5.96327e-08 45486 3857.75
54.4068 3910.45 5.99109e-08 43848 3890.46
54.554 3952.63 6.00683e-08 43248 3922.12
54.7042 3983.11 6.00343e-08 44988 3954.6
54.8585 3979.91 5.94813e-08 46454 3988.16
55.0108 4004.34 5.93509e-08 44928 4021.46
55.1648 4085.94 6.00545e-08 47256 4055.34
55.3178 4142.66 6.03845e-08 45126 4089.16
55.4713 4166.93 6.02353e-08 48084 4123.31
55.6247 4143.4 5.94011e-08 46320 4157.6
55.7806 4193.89 5.96219e-08 47894 4192.67
55.9325 4217.43 5.94695e-08 47160 4227.02
56.0862 4256.38 5.95267e-08 48228 4261.95
56.246 4286.4 5.94371e-08 50598 4298.48
56.4009 4313.31 5.93188e-08 47328 4334.1
56.556 4394.07 5.99336e-08 50696 4369.95
56.7134 4402.17 5.95456e-08 49344 4406.53
56.8734 4444.01 5.96058e-08 51570 4443.93
57.0306 4507.49 5.99585e-08 50832 4480.89
57.1888 4557.67 6.01243e-08 50424 4518.28
57.3474 4576.07 5.98674e-08 52686 4555.98
57.5064 4604.21 5.97372e-08 51092 4593.99
57.6651 4621.7 5.94705e-08 53376 4632.12
57.8263 4743.12 6.05238e-08 52374 4671.08
57.9846 4737.08 5.99534e-08 52848 4709.53
58.1458 4825.15 6.05612e-08 55488 4748.93
58.3113 4802.29 5.97628e-08 54098 4789.58
58.4692 4905.84 6.0558e-08 53688 4828.61
58.6308 4915.98 6.01828e-08 55296 4868.76
58.7939 4975.94 6.04113e-08 56358 4909.5
58.9603 4992.15 6.00963e-08 57468 4951.31
59.1239 5024.96 5.99904e-08 56000 4992.64
59.2895 5090.55 6.0266e-08 57774 5034.69
59.4537 5145.1 6.04083e-08 57648 5076.65
59.6174 5172.18 6.02274e-08 57480 5118.7
59.7831 5199.09 6.00387e-08 58122 5161.51
59.9471 5268.57 6.03433e-08 59208 5204.08
60.1145 5304.02 6.02431e-08 60032 5247.81
60.2829 5321.47 5.9936e-08 60366 5292.05
60.4503 5404.24 6.03641e-08 60444 5336.25
60.6167 5413.13 5.9967e-08 60912 5380.43
60.786 5464.81 6.0035e-08 61422 5425.63
60.9547 5509.41 6.00237e-08 63032 5470.95
61.1246 5576.71 6.02518e-08 62052 5516.82
61.2949 5508.94 5.90249e-08 64038 5563.05
61.4635 5654.12 6.00831e-08 61632 5609.09
61.6312 5720.63 6.02949e-08 64896 5655.13
61.8052 5772.08 6.0325e-08 64874 5703.15
61.974 5806.98 6.01951e-08 64200 5750.02
62.1478 5861.1 6.02477e-08 68016 5798.54
62.3225 5896.92 6.01076e-08 65694 5847.57
62.4947 6020.78 6.08643e-08 67212 5896.17
62.6679 6042.78 6.05818e-08 67088 5945.32
62.8408 6028.7 5.99428e-08 67182 5994.68
63.0147 6118.48 6.03335e-08 69768 6044.56
63.1896 6108.97 5.97409e-08 67524 6095.04
63.3643 6186.82 6.0003e-08 70758 6145.75
63.5397 6215.86 5.97869e-08 69488 6196.91
63.7157 6286 5.99619e-08 71640 6248.55
63.895 6361 6.01677e-08 72042 6301.47
64.073 6421.07 6.02313e-08 72960 6354.27
64.2495 6397.37 5.95157e-08 70416 6406.93
64.4294 6468.89 5.96784e-08 76790 6460.9
64.6097 6568.69 6.00933e-08 72348 6515.27
64.7874 6578.85 5.96924e-08 74094 6569.18
64.966 6633.65 5.96944e-08 74976 6623.68
65.1456 6713.68 5.99162e-08 76200 6678.77
65.3291 6782.84 6.0025e-08 77114 6735.34
65.5098 6787.39 5.95696e-08 76872 6791.39
65.6917 6917.32 6.02069e-08 77784 6848.13
65.8753 6930.45 5.98183e-08 78654 6905.69
66.0578 7068.85 6.05086e-08 79380 6963.25
66.2409 7078.54 6.00904e-08 79256 7021.32
66.4249 7158.05 6.02619e-08 80094 7079.99
66.6071 7230.88 6.03765e-08 80760 7138.43
66.7946 7298.18 6.04268e-08 83034 7198.88
66.9809 7276.89 5.97492e-08 82664 7259.29
67.1658 7358.45 5.99215e-08 81864 7319.54
67.3508 7425.73 5.99723e-08 83334 7380.2
67.5384 7483.48 5.99364e-08 85980 7442.06
67.726 7557.89 6.00308e-08 84144 7504.24
67.9148 7662.26 6.03537e-08 86486 7567.17
68.1019 7795.41 6.08976e-08 86016 7629.89
68.2924 7796.95 6.04014e-08 88290 7694.1
68.4818 7866.63 6.04371e-08 87672 7758.27
68.6708 7929.8 6.04206e-08 88608 7822.71
68.8613 7961.35 6.01592e-08 88682 7887.97
69.0517 8038.04 6.02374e-08 91200 7953.6
69.2463 8123.96 6.03694e-08 92568 8021.04
69.4391 8188.32 6.03424e-08 91014 8088.21
69.6314 8316.71 6.07822e-08 92828 8155.58
69.8244 8306.12 6.02027e-08 93054 8223.62
70.0163 8362.77 6.01162e-08 92568 8291.6
70.2106 8490.87 6.05319e-08 96768 8360.8
70.4081 8566.57 6.0559e-08 95658 8431.57
70.6024 8560.74 6.00196e-08 96368 8501.56
70.8004 8683.4 6.03703e-08 98526 8573.28
70.9949 8769.18 6.04668e-08 95436 8644.15
71.1912 8810.23 6.02487e-08 101472 8716.05
71.3912 8821.12 5.98176e-08 98582 8789.72
71.5863 8919.97 5.99947e-08 99984 8861.98
71.7853 9085.24 6.05995e-08 101298 8936.09
71.9865 9126.4 6.03652e-08 104952 9011.41
72.1863 9164.68 6.01164e-08 100568 9086.66
72.3863 9280.12 6.03705e-08 105942 9162.39
72.5888 9306.41 6.00361e-08 104892 9239.53
72.7887 9431.5 6.03433e-08 103734 9316.05
72.9889 9558.6 6.06545e-08 107160 9393.16
73.1931 9561.49 6.01665e-08 108788 9472.2
73.3965 9653.37 6.02411e-08 107070 9551.38
73.5998 9792.91 6.06069e-08 110760 9630.97
73.8048 9860.15 6.05159e-08 109182 9711.68
74.0101 9976.52 6.0722e-08 112820 9792.95
74.2153 9988.21 6.02901e-08 110280 9874.65
74.4211 10162.4 6.0834e-08 114678 9957.01
74.6281 10195.8 6.05274e-08 112668 10040.3
74.835 10271.3 6.04715e-08 116030 10124
75.0455 10336.3 6.03433e-08 118032 10209.7
75.2528 10498.5 6.07854e-08 113700 10294.6
75.4597 10548.5 6.05737e-08 118566 10379.7
75.6704 10672.7 6.07765e-08 119840 10466.9
75.8801 10717.6 6.05275e-08 118278 10554.2
76.0893 10824.6 6.0629e-08 120852 10641.7
76.3009 10898.5 6.05366e-08 122166 10730.7
76.5134 11035.4 6.07875e-08 123296 10820.6
76.7256 11065.9 6.04513e-08 123300 10910.9
76.9392 11227.2 6.08231e-08 126174 11002.3
77.1528 11280 6.06029e-08 124800 11094.2
77.3659 11350.8 6.04808e-08 126774 11186.4
77.5809 11463.1 6.05728e-08 128900 11279.9
77.7962 11544.5 6.04979e-08 127776 11374.1
78.0124 11684.6 6.07245e-08 132246 11469.1
78.2288 11793.5 6.07829e-08 129252 11564.9
78.4454 11900.5 6.08279e-08 133118 11661.2
78.6629 12001.1 6.08345e-08 133272 11758.4
78.8821 12048.2 6.05655e-08 134970 11857
79.1006 12230.7 6.09751e-08 136128 11955.8
79.3217 12344 6.10268e-08 137270 12056.4
79.5433 12392.4 6.07552e-08 139620 12157.7
79.7641 12492.2 6.07373e-08 138312 12259.2
79.9859 12649.2 6.09907e-08 140694 12361.8
80.2068 12755 6.0994e-08 140888 12464.5
80.4299 12883.8 6.10986e-08 143034 12568.8
80.6531 13052.9 6.13881e-08 143688 12673.7
80.8755 13063 6.093e-08 143510 12778.8
81.0998 13246.7 6.12756e-08 147828 12885.4
81.3269 13230.6 6.06897e-08 147918 12994
81.5524 13382.2 6.08777e-08 148992 13102.4
81.7797 13559.1 6.11692e-08 150356 13212.3
82.0043 13777.7 6.16463e-08 147606 13321.4
82.2317 13666.4 6.06423e-08 156624 13432.5
82.4634 13958 6.14155e-08 153354 13546.4
82.6905 14101.9 6.15388e-08 153968 13658.6
82.9194 14098.4 6.10157e-08 155862 13772.3
83.1486 14265.5 6.12296e-08 157524 13886.9
83.3797 14448.3 6.15002e-08 159126 14003
83.6126 14537.6 6.13645e-08 162488 14120.7
83.8452 14522.9 6.07938e-08 159570 14238.9
84.0767 14731.1 6.11573e-08 164304 14357.1
84.3123 14853.5 6.11499e-08 165720 14478.1
84.5455 15067.7 6.15197e-08 162866 14598.6
84.7789 15172.7 6.14384e-08 169056 14719.9
85.0154 15295.6 6.14205e-08 167502 14843.4
85.2505 15476.3 6.16335e-08 169964 14966.9
85.4866 15543 6.13878e-08 170478 15091.6
85.7246 15606.5 6.11265e-08 175200 15218
85.9642 15757.6 6.12036e-08 173130 15345.9
86.2012 15961.6 6.14858e-08 175712 15473.2
86.4415 16135.2 6.16376e-08 177438 15603
86.6808 16275 6.16583e-08 178092 15732.9
86.9209 16442.9 6.17796e-08 179694 15864
87.1623 16507.4 6.15082e-08 182504 15996.5
87.4047 16786.8 6.20301e-08 182394 16130.4
87.6463 16887 6.18859e-08 184464 16264.5
87.8898 17011 6.18236e-08 186398 16400.5
88.1346 17228.8 6.20947e-08 188844 16537.9
88.3785 17384.5 6.21388e-08 187230 16675.5
88.6241 17471.9 6.19332e-08 193776 16815
88.8723 17748.1 6.23869e-08 192218 16956.6
89.1173 17728.2 6.18044e-08 192408 17097.3
89.3636 17779.2 6.14712e-08 195510 17239.4
89.6121 18167.6 6.22926e-08 198404 17383.6
89.8624 18304.2 6.22379e-08 200310 17529.7
90.1125 18508.8 6.24113e-08 201216 17676.4
90.3629 18638.2 6.23266e-08 201618 17824.3
90.6136 18794.2 6.2328e-08 204680 17973
90.8637 18936.5 6.2283e-08 202758 18122.2
91.1165 19074.7 6.22167e-08 211812 18273.9
91.3704 19289.9 6.23956e-08 205718 18427.1
91.6219 19474.3 6.24746e-08 211452 18579.7
91.8766 19635.7 6.24698e-08 213150 18735.1
92.1337 19791.6 6.24402e-08 217512 18892.8
92.3907 19997 6.25632e-08 214754 19051.3
92.6443 20271.2 6.2902e-08 215424 19208.6
92.9029 20495.1 6.30671e-08 224574 19369.9
93.1615 20573 6.27811e-08 218588 19532.1
93.4187 20719.4 6.27069e-08 223902 19694.4
93.6773 20899.3 6.27289e-08 224952 19858.4
93.9391 21112.1 6.28393e-08 230258 20025.3
94.2003 21367.1 6.30708e-08 227544 20192.8
94.4611 21458.2 6.28164e-08 231018 20361
94.7234 21633.8 6.28059e-08 234504 20531.1
94.9866 21838.2 6.28738e-08 233102 20702.7
95.2488 22156.9 6.3266e-08 236892 20874.6
95.5133 22338.1 6.3255e-08 238830 21049
95.7779 22478.3 6.31257e-08 241232 21224.4
96.045 22722.9 6.32819e-08 243906 21402.5
96.3117 23015.6 6.3566e-08 244704 21581.3
96.5789 23095.2 6.32579e-08 246698 21761.4
96.8459 23370.7 6.34845e-08 248664 21942.4
97.1161 23545.1 6.34258e-08 253494 22126.5
97.3861 23711 6.33429e-08 251522 22311.6
97.6552 23927.8 6.33951e-08 255336 22497.1
97.9263 24262.3 6.37489e-08 257694 22685
98.1987 24323.4 6.33793e-08 260988 22874.8
98.4723 24697.9 6.38201e-08 261638 23066.6
98.7442 24894.4 6.37979e-08 262356 23258.1
99.0178 25136.8 6.38867e-08 266478 23452
99.2941 25415.3 6.40566e-08 272048 23648.9
99.5716 25719.5 6.42832e-08 269850 23847.7
99.847 25930.8 6.42762e-08 272544 24046.2
100.124 26151.6 6.42867e-08 275546 24247
100.401 26328.6 6.4188e-08 275334 24448.6
100.681 26682.1 6.45084e-08 285024 24653.8
100.963 26914.9 6.45272e-08 282242 24861.7
101.241 27090.8 6.4415e-08 280800 25067.7
101.521 27518.3 6.48915e-08 288330 25276.3
101.804 27732.3 6.48537e-08 290024 25487.8
102.087 28019.7 6.49827e-08 290598 25700.8
102.369 28301.2 6.50939e-08 293748 25914.6
102.654 28383.1 6.47391e-08 299582 26132
102.939 28768.3 6.50749e-08 295914 26350
103.223 29016.1 6.50948e-08 302352 26568.8
103.511 29388.2 6.53809e-08 305342 26791.8
103.798 29656.9 6.54333e-08 305532 27015.1
104.087 30007.2 6.56569e-08 310806 27241.1
104.375 30163.3 6.54522e-08 310436 27468.5
104.666 30480.6 6.55912e-08 318006 27698.6
104.957 30735.4 6.55919e-08 312846 27929.8
105.247 31172.1 6.59749e-08 322508 28162.2
105.54 31395.9 6.58961e-08 321318 28398.4
105.833 31805.2 6.62022e-08 327204 28635.5
106.127 31915.4 6.58814e-08 325766 28874.7
106.421 32374.6 6.62775e-08 330246 29115.1
106.717 32786.5 6.65637e-08 335868 29358.8
107.015 33179.4 6.68001e-08 336710 29605.4
107.311 33236.7 6.63634e-08 336636 29851.7
107.609 33614.7 6.6562e-08 343542 30101.1
107.907 34058.5 6.68837e-08 342092 30351.8
108.206 34317.2 6.68339e-08 349446 30605.2
108.507 34614.6 6.68531e-08 350118 30861.6
108.808 35147.1 6.73207e-08 352628 31118.6
109.111 35555.2 6.75359e-08 359334 31379.7
109.414 35923.5 6.7671e-08 356364 31641.5
109.717 36264.2 6.77483e-08 362990 31905.1
110.021 36396.6 6.74328e-08 364062 32171.4
110.326 37093.2 6.81546e-08 369756 32439.9
110.632 37310.7 6.79872e-08 368726 32710.5
110.939 37689.8 6.811e-08 375786 32983.3
111.248 38063.5 6.82144e-08 378600 33259.3
111.557 38387.1 6.82243e-08 379394 33537.1
111.866 38946.5 6.8645e-08 386568 33817.4
112.178 39403.9 6.88738e-08 386906 34100.8
112.489 39810.5 6.90098e-08 388950 34384.8
112.801 40168.8 6.9055e-08 394512 34671.6
113.114 40613.5 6.92402e-08 396818 34961.7
113.428 40909.8 6.91676e-08 401112 35253.7
113.744 41697.1 6.99132e-08 404850 35548.9
114.06 42093.3 6.9993e-08 405566 35845.9
114.375 42405.1 6.99299e-08 409308 36144
114.692 42840.8 7.00636e-08 413766 36445.6
115.011 43392.3 7.0378e-08 417050 36749.9
115.331 43781.5 7.0419e-08 425232 37057.9
115.653 44289.1 7.06431e-08 421862 37368.7
115.972 44683.1 7.06843e-08 426402 37679.1
116.295 45533.3 7.14316e-08 434688 37994.4
116.619 46036.4 7.16191e-08 436634 38313.6
116.942 46302 7.14375e-08 434784 38632.5
117.265 46925.4 7.18029e-08 441018 38953.5
117.591 47625.3 7.22704e-08 447350 39278.7
117.917 48045.5 7.23033e-08 449868 39607.2
118.245 48748.7 7.27539e-08 453206 39938
118.573 49083.4 7.26473e-08 456570 40271.3
118.902 49498.7 7.26544e-08 463824 40608
119.233 50372.5 7.33232e-08 463718 40948
119.564 51123.5 7.38014e-08 468186 41289.2
119.895 51689.8 7.4001e-08 473448 41633.9
120.229 52223.1 7.4143e-08 479354 41982.9
120.563 52744.8 7.42634e-08 477702 42333.6
120.897 53386.6 7.45466e-08 485204 42685.9
121.234 53852.5 7.45721e-08 491454 43043.7
121.571 54636.2 7.50298e-08 491226 43403.7
121.908 55031.9 7.49483e-08 497648 43765.6
122.248 56370.4 7.61323e-08 504930 44132.9
122.587 56871.9 7.61739e-08 500358 44501.1
122.925 57600.2 7.65147e-08 508652 44870.3
123.267 58118.4 7.65621e-08 516390 45246
123.609 59019.7 7.71053e-08 515642 45623.9
123.951 59398.4 7.69595e-08 521880 46003.7
124.297 60361.4 7.75572e-08 530850 46389.2
124.642 61176 7.79523e-08 527054 46777
124.986 61843.5 7.81544e-08 534156 47165.1
125.334 62870.9 7.8792e-08 545150 47560.6
125.683 63706.4 7.91754e-08 543474 47959.3
126.031 64559.9 7.95746e-08 545310 48358
126.38 65493.5 8.00581e-08 555788 48761.1
126.732 66073 8.00951e-08 559542 49169.8
127.084 67072.5 8.0632e-08 564146 49581.2
127.437 67924.3 8.09802e-08 566520 49995
127.791 68965.8 8.15404e-08 573594 50412.9
128.146 69799.4 8.18415e-08 577718 50834.5
128.501 70663.9 8.21704e-08 579303 51258.1
128.858 71627 8.26007e-08 586232 51686
129.216 72644 8.30781e-08 585156 52118.7
129.575 73389.1 8.32355e-08 582704 52553.7
129.934 73906.7 8.31295e-08 584544 52991.8
130.295 74697.3 8.3322e-08 585204 53434.9
130.657 75575.4 8.36034e-08 582812 53881.1
131.019 76418.9 8.38365e-08 584472 54331
131.383 76867.1 8.36293e-08 584132 54785
131.748 77879.8 8.40298e-08 582540 55242.2
132.113 78508.4 8.40076e-08 582096 55702.9
132.481 79260.6 8.41085e-08 586412 56169.1
132.849 80112.4 8.4307e-08 581640 56639.1
133.218 80884 8.44138e-08 583304 57112.3
133.589 82093.6 8.4965e-08 583536 57590.3
133.959 82933.4 8.51242e-08 578204 58070.6
134.33 83750.2 8.52518e-08 582180 58554.8
134.704 84432.3 8.52326e-08 582144 59045
135.078 85499 8.55943e-08 578780 59538.3
135.452 86017.5 8.54021e-08 577524 60034.1
135.828 87290.8 8.59494e-08 579584 60534.9
136.206 87908.3 8.58384e-08 580752 61042
136.585 89084.1 8.62648e-08 576896 61552.7
136.963 89718.3 8.61608e-08 575412 62065.7
137.343 90748.6 8.64298e-08 575676 62583
137.724 91936 8.68348e-08 576392 63106.2
138.107 93126.2 8.72302e-08 574368 63633.4
138.49 93715.1 8.70558e-08 572624 64164.1
138.874 95101.2 8.76115e-08 574056 64700.1
139.26 96245.8 8.79302e-08 572864 65241.4
139.647 97007.5 8.7893e-08 568992 65785.6
140.034 97901.3 8.79682e-08 572024 66335
140.424 98951.9 8.81744e-08 569052 66890.1
140.814 100198 8.85447e-08 568236 67448.9
141.204 101037 8.85492e-08 563612 68010.8
141.595 102489 8.90783e-08 567216 68577.9
141.989 103637 8.93286e-08 564740 69151.8
142.383 105415 9.01081e-08 563940 69729.9
142.779 105821 8.97052e-08 562172 70312.6
143.176 107348 9.02452e-08 561948 70900.7
143.574 108303 9.02925e-08 560084 71494.1
143.973 109565 9.05879e-08 556764 72091.1
144.371 111035 9.10448e-08 553976 72691.4
144.772 111921 9.10118e-08 556344 73298.1
145.174 113520 9.15474e-08 552420 73910.8
145.577 114775 9.17928e-08 552200 74528
145.981 116340 9.22742e-08 548880 75149.9
146.386 117253 9.22284e-08 548696 75777.4
146.793 119078 9.2888e-08 546948 76410.6
147.201 120489 9.32074e-08 547364 77050.6
147.61 121585 9.32757e-08 540792 77694.7
148.019 123233 9.3759e-08 540320 78341.9
148.43 124776 9.41474e-08 538668 78995.8
148.842 125863 9.41813e-08 537260 79655.3
149.255 127458 9.45839e-08 534912 80320.9
149.67 129431 9.52512e-08 534812 80992.9
150.085 131055 9.56488e-08 527424 81668.7
150.501 132762 9.60935e-08 528968 82349.4
150.919 133800 9.60429e-08 525312 83036.8
151.338 135981 9.67991e-08 525968 83731.3
151.759 137463 9.70426e-08 520272 84431.2
152.18 139256 9.74942e-08 520256 85136.6
152.603 140830 9.77795e-08 514536 85847.5
153.026 143124 9.85494e-08 515732 86564.5
153.452 144572 9.87208e-08 510624 87288.4
153.877 146745 9.93758e-08 507288 88016
154.304 148363 9.964e-08 505904 88750.6
154.732 150033 9.99272e-08 502608 89491.6
155.163 152187 1.00521e-07 502280 90240.8
155.594 154805 1.01402e-07 496404 90995.1
156.026 156629 1.01747e-07 494156 91754.8
156.459 159247 1.02592e-07 490572 92520.7
156.893 160936 1.02821e-07 487856 93293.3
157.329 163827 1.03801e-07 485592 94073.1
157.765 165010 1.03685e-07 479840 94858.1
158.204 167807 1.04568e-07 480792 95651.3
158.644 170454 1.05336e-07 473276 96451.5
159.083 172766 1.05884e-07 469716 97254.5
159.525 174913 1.06311e-07 469388 98067
159.968 177436 1.06951e-07 463164 98886.5
160.412 179964 1.07577e-07 460964 99712.4
160.858 182905 1.08428e-07 456404 100546
161.304 186250 1.09497e-07 453096 101385
161.752 188507 1.09906e-07 447944 102232
162.2 190604 1.10209e-07 445104 103085
162.651 193763 1.11107e-07 440876 103947
163.103 196885 1.11961e-07 438372 104816
163.556 199975 1.12775e-07 431156 105692
164.009 203808 1.13987e-07 426816 106572
164.464 206572 1.14578e-07 424208 107461
164.921 209842 1.15426e-07 420060 108360
165.379 211989 1.1564e-07 414500 109266
165.838 216536 1.17144e-07 409044 110177
166.298 219323 1.1767e-07 406184 111096
166.761 222700 1.18489e-07 401808 112027
167.224 225811 1.19149e-07 394448 112962
167.687 229456 1.20072e-07 390564 113904
168.153 232963 1.20897e-07 386420 114855
168.62 237655 1.2231e-07 380148 115815
169.087 240040 1.22515e-07 375116 116781
169.557 245660 1.24345e-07 371108 117757
170.028 248719 1.24849e-07 363588 118741
170.5 253717 1.26303e-07 360704 119734
170.974 258161 1.2745e-07 352920 120734
171.449 262465 1.28502e-07 347888 121742
171.925 267100 1.29688e-07 342564 122760
172.402 270226 1.30119e-07 336104 123785
172.881 275249 1.3144e-07 329616 124819
173.36 278861 1.32063e-07 324044 125860
173.841 284240 1.33497e-07 317940 126910
174.324 290417 1.35267e-07 311516 127971
174.808 296247 1.36838e-07 306920 129041
175.294 299941 1.37395e-07 297936 130120
175.782 305853 1.38941e-07 293684 131209
176.27 309627 1.39491e-07 284568 132304
176.757 313873 1.40238e-07 276704 133404
177.248 321112 1.42282e-07 274896 134520
177.742 322530 1.41724e-07 263228 135646
178.234 331563 1.44489e-07 257720 136777
178.729 334512 1.44566e-07 250968 137919
179.225 338224 1.4496e-07 242276 139071
179.722 343841 1.46147e-07 236220 140232
180.221 350183 1.4761e-07 227624 141403
180.722 354411 1.48153e-07 221304 142586
181.225 356155 1.47648e-07 212204 143778
181.726 360464 1.48202e-07 203168 144974
182.23 365543 1.49046e-07 197955 146183
182.737 366909 1.4836e-07 190268 147408
183.246 373539 1.49787e-07 184188 148643
183.754 377940 1.50298e-07 176492 149882
184.264 384529 1.51653e-07 172200 151133
184.777 389039 1.52156e-07 166544 152400
185.291 396027 1.53605e-07 160160 153674
185.804 401527 1.54451e-07 155010 154955
186.319 407902 1.55606e-07 149948 156246
186.836 410615 1.55343e-07 145458 157552
187.356 417419 1.56607e-07 140444 158870
187.876 429888 1.59949e-07 135596 160197
188.396 435206 1.60591e-07 130308 161531
188.918 442054 1.6177e-07 126860 162877
189.444 448357 1.62713e-07 122748 164241
189.971 456258 1.64205e-07 118076 165617
190.499 460979 1.6453e-07 113774 167000
191.026 475903 1.68453e-07 109236 168391
191.555 481140 1.68901e-07 105638 169793
192.087 488216 1.69965e-07 102174 171212
192.623 501221 1.7304e-07 98708 172648
193.159 506059 1.73259e-07 94310 174095
193.694 515676 1.75093e-07 90414 175545
194.231 529283 1.78226e-07 87398 177010
194.77 539983 1.80324e-07 83462 178487
195.308 548559 1.81679e-07 79902 179970
195.85 560015 1.83936e-07 77558 181473
196.397 571949 1.86292e-07 74094 182996
196.944 583542 1.88487e-07 71006 184531
197.492 596364 1.91029e-07 67574 186077
198.04 609980 1.93774e-07 64368 187629
198.588 615290 1.93846e-07 61502 189192
199.137 633793 1.98031e-07 58214 190763
199.686 648188 2.00861e-07 55872 192347
200.24 665215 2.04431e-07 53270 193952
200.797 675001 2.05717e-07 50742 195575
201.356 694316 2.09847e-07 48032 197213
201.917 711194 2.13162e-07 45638 198865
202.479 730739 2.17201e-07 43008 200530
203.042 756765 2.2307e-07 40694 202208
203.608 769703 2.24999e-07 38408 203903
204.174 786618 2.28035e-07 35958 205609
204.742 807949 2.32277e-07 33920 207328
205.311 829483 2.3649e-07 31622 209062
205.88 854802 2.41691e-07 29640 210807
206.452 868684 2.43581e-07 27662 212569
207.024 892573 2.48211e-07 25568 214340
207.598 915785 2.52561e-07 23904 216126
208.175 951023 2.60104e-07 22118 217934
208.75 977486 2.65136e-07 20168 219747
209.328 999035 2.68742e-07 18816 221577
209.911 1.06099e+06 2.83039e-07 17126 223432
210.495 1.06536e+06 2.81846e-07 15680 225301
211.081 1.10733e+06 2.90518e-07 14184 227188
211.669 1.1328e+06 2.94728e-07 12854 229092
212.261 1.15271e+06 2.97404e-07 11600 231021
212.86 1.19948e+06 3.06867e-07 10428 232982
213.459 1.25601e+06 3.18631e-07 9032 234955
214.05 1.2893e+06 3.24375e-07 7838 236912
214.639 1.35504e+06 3.38117e-07 6816 238872
215.227 1.36419e+06 3.37617e-07 5840 240841
215.814 1.40867e+06 3.45791e-07 4952 242816
216.393 1.47736e+06 3.59746e-07 4062 244776
216.965 1.47247e+06 3.55728e-07 3368 246722
217.537 1.55961e+06 3.73816e-07 2744 248678
218.109 1.73914e+06 4.13573e-07 2184 250647
218.782 1.77483e+06 4.18176e-07 2192 252975
219.487 1.71361e+06 3.99879e-07 1238 255425
220.117 1.87701e+06 4.34258e-07 728 257632
220.69 2.01981e+06 4.63664e-07 456 259650
221.261 2.19099e+06 4.99074e-07 248 261671
221.827 2.25988e+06 5.1084e-07 104 263682
222.372 1.35965e+06 3.05088e-07 24 265634
222.88 1.66016e+06 3.69981e-07 1 267456
0.142928
1200
200
512
5.50261
8.04248 52.3362 2.4824e-07 6 12.5664
11.3738 130.008 2.18019e-07 12 35.5431
13.93 174.87 1.59626e-07 8 65.2968
16.085 58.2047 3.45095e-08 6 100.531
17.9835 249.04 1.05653e-07 24 140.496
19.7 319.187 1.03012e-07 24 184.687
22.7476 251.672 5.27558e-08 12 284.345
24.1274 248.92 4.37286e-08 30 339.292
25.4325 327.955 4.91909e-08 24 397.384
26.6739 439.098 5.70877e-08 24 458.457
27.86 227.33 2.59391e-08 8 522.374
28.9976 954.904 9.66306e-08 24 589.013
30.0922 592.883 5.36843e-08 48 658.267
32.1699 670.827 4.97165e-08 6 804.248
33.16 816.257 5.52362e-08 48 880.812
34.1213 784.512 4.8726e-08 36 959.663
35.0563 1462.76 8.37749e-08 24 1040.74
35.9671 848.042 4.4972e-08 24 1123.97
36.8553 847.126 4.17532e-08 48 1209.31
37.7226 1117.12 5.13497e-08 24 1296.71
39.3999 1923.28 7.7588e-08 24 1477.5
40.2124 1779.35 6.75182e-08 30 1570.8
41.0087 1651.05 5.90705e-08 72 1665.98
41.7899 1196.32 4.04458e-08 32 1763.01
43.3101 1650.32 5.01234e-08 72 1962.49
44.0505 2631.59 7.59639e-08 48 2064.87
45.4951 2658.73 6.96658e-08 12 2274.76
46.2005 3110.17 7.78186e-08 48 2382.21
46.8953 2980.04 7.12975e-08 48 2491.31
47.5799 3296.28 7.55078e-08 48 2602.03
48.2549 2631.5 5.77857e-08 30 2714.34
48.9205 1300.71 2.74124e-08 24 2828.22
49.5772 3086.55 6.24982e-08 72 2943.64
50.8651 3533.16 6.62435e-08 24 3179.07
51.497 3264.13 5.89741e-08 96 3299.03
52.1212 2143.85 3.73586e-08 48 3420.45
52.738 5982.2 1.0063e-07 24 3543.34
53.3478 4165.89 6.77016e-08 24 3667.66
53.9506 3416.01 5.36748e-08 72 3793.4
54.5467 3422.05 5.20259e-08 48 3920.55
55.7199 2745.13 3.91536e-08 8 4178.99
56.2973 4462.19 6.17055e-08 54 4310.27
56.8689 3685.91 4.94493e-08 84 4442.88
57.4348 3572.48 4.65248e-08 48 4576.83
57.9951 5635.48 7.12847e-08 24 4712.1
58.5501 5337.87 6.56183e-08 72 4848.68
59.0999 6188.44 7.39709e-08 96 4986.55
60.1844 5954.46 6.73955e-08 48 5266.13
60.7194 3305.29 3.64306e-08 48 5407.82
61.2497 4797.51 5.15162e-08 24 5550.75
61.7754 5195.2 5.43745e-08 72 5694.92
62.8138 5881.09 5.85509e-08 72 5986.94
63.3265 7010.85 6.81167e-08 96 6134.76
64.3398 3729.71 3.45521e-08 6 6433.98
64.8405 5079.77 4.59773e-08 96 6585.37
65.3374 6529.55 5.77614e-08 96 6737.92
65.8305 9658.05 8.35309e-08 24 6891.63
66.32 5449.1 4.60927e-08 48 7046.5
66.8058 5592.25 4.62789e-08 96 7202.5
67.2882 5642.49 4.56977e-08 48 7359.65
68.2427 8770.58 6.80926e-08 36 7677.3
68.715 8696.03 6.61313e-08 48 7837.8
69.184 8035.49 5.98736e-08 120 7999.4
69.6499 6235.71 4.5537e-08 56 8162.1
70.1127 12743.8 9.12325e-08 24 8325.88
70.5725 7031.77 4.93627e-08 96 8490.75
71.0292 6173.12 4.25043e-08 48 8656.69
71.9341 6627.24 4.39307e-08 24 8991.76
72.3823 7646.21 4.97495e-08 102 9160.88
72.8277 8370.47 5.34687e-08 48 9331.05
73.2705 10001.8 6.27379e-08 72 9502.26
73.7105 6304.23 3.88404e-08 48 9674.51
74.148 6957.59 4.21115e-08 48 9847.78
74.5829 10148.3 6.03555e-08 120 10022.1
75.4451 7937.82 4.56087e-08 24 10373.7
75.8726 13555.7 7.65785e-08 144 10551
76.2976 12686.8 7.04787e-08 120 10729.4
76.7203 10672.4 5.83139e-08 48 10908.7
77.5588 12494 6.60766e-08 48 11270.3
77.9747 11627.3 6.0514e-08 96 11452.5
78.7999 12528.8 6.31792e-08 24 11820
79.2092 12176.6 6.04559e-08 48 12005.1
79.6165 12726.8 6.2223e-08 108 12191.3
80.0216 13913.7 6.69976e-08 72 12378.3
80.4248 10028 4.75646e-08 30 12566.4
80.8259 13276.9 6.20416e-08 168 12755.3
81.225 11868.8 5.46483e-08 48 12945.2
82.0175 14220.5 6.35969e-08 72 13327.8
82.4109 16444.3 7.2494e-08 96 13520.5
82.8024 19346.2 8.40827e-08 72 13714.1
83.192 13787.3 5.90846e-08 72 13908.7
83.5799 12811.3 5.4141e-08 32 14104.1
83.9659 14685.6 6.12099e-08 72 14300.4
84.3502 11562.1 4.75354e-08 144 14497.7
85.4927 19252.6 7.60224e-08 96 15094.8
85.8702 13215.5 5.14989e-08 96 15295.6
86.246 15109.2 5.81118e-08 48 15497.3
86.6201 13607.6 5.16611e-08 72 15699.9
86.9927 14812.8 5.55172e-08 120 15903.4
87.3637 16343.8 6.04784e-08 72 16107.7
88.1009 15751.6 5.68358e-08 48 16518.9
88.4672 15844.6 5.64642e-08 78 16725.8
88.8321 17427.5 6.13431e-08 120 16933.6
89.1954 15515.2 5.39472e-08 48 17142.2
89.9176 20777.9 7.05192e-08 144 17562
90.2766 22449.2 7.52862e-08 144 17773.2
90.9902 21222.2 6.95099e-08 12 18198
91.345 18425.5 5.96493e-08 144 18411.7
91.6983 18388.9 5.88451e-08 48 18626.2
92.0504 17061.7 5.39741e-08 120 18841.6
92.401 18087.4 5.65699e-08 48 19057.7
92.7504 30199.1 9.3387e-08 48 19274.7
93.0984 18217.8 5.5707e-08 168 19492.5
93.7906 21154 6.32637e-08 48 19930.5
94.1348 20881.2 6.17653e-08 96 20150.7
94.4777 25471.5 7.45257e-08 96 20371.8
94.8194 19415.2 5.61939e-08 72 20593.6
95.1599 15704.2 4.4967e-08 48 20816.2
95.4991 23768 6.7334e-08 96 21039.7
95.8372 24828.9 6.95977e-08 48 21263.9
96.5097 21879.8 6.00579e-08 30 21714.7
96.8442 22826.3 6.20089e-08 96 21941.3
97.1776 20940.7 5.63031e-08 192 22168.6
97.5099 19110.1 5.08578e-08 56 22396.8
97.841 22856.4 6.02125e-08 24 22625.7
98.1709 20319.7 5.29917e-08 168 22855.4
98.4998 22444.3 5.79482e-08 120 23085.9
99.1543 18578.8 4.70244e-08 72 23549.2
99.4799 28388.9 7.11512e-08 144 23781.9
99.8045 22534.4 5.59288e-08 96 24015.5
100.128 25768.5 6.33377e-08 96 24249.8
100.772 21262.1 5.12657e-08 72 24720.6
101.092 29732 7.10083e-08 96 24957.2
101.73 21037.5 4.93043e-08 24 25432.5
102.048 22144.5 5.14158e-08 192 25671.3
102.364 33085.9 7.61098e-08 108 25910.9
102.679 32910.6 7.50109e-08 24 26151.2
102.994 22982.1 5.19033e-08 96 26392.2
103.307 31985.3 7.15806e-08 96 26634
103.62 34812.5 7.72046e-08 120 26876.5
104.242 25348.7 5.52157e-08 48 27363.6
104.552 23712.9 5.11948e-08 78 27608.3
104.861 30126.1 6.44674e-08 144 27853.7
105.169 22988.6 4.87627e-08 120 28099.9
105.476 39609.2 8.32864e-08 24 28346.7
105.782 27606.4 5.75455e-08 168 28594.3
106.088 32193.5 6.65296e-08 144 28842.6
106.696 31069.6 6.31157e-08 24 29341.3
106.998 30133.8 6.06966e-08 48 29591.7
107.3 27061.2 5.4049e-08 96 29842.8
107.601 24783.3 4.90851e-08 120 30094.7
107.901 34409.1 6.75825e-08 72 30347.2
108.2 27693.7 5.39428e-08 120 30600.4
108.499 36657.9 7.08159e-08 144 30854.4
109.093 31020.4 5.89509e-08 48 31364.4
109.39 33743.8 6.36073e-08 192 31620.4
109.685 27224.8 5.09056e-08 144 31877.1
109.979 16726 3.10242e-08 48 32134.6
110.566 32234.7 5.88438e-08 192 32651.5
110.858 40694.5 7.37014e-08 48 32910.9
111.44 82286.6 1.46706e-07 8 33431.9
111.971 34668.7 6.09349e-08 288 33911.8
112.307 31500.3 5.48698e-08 96 34218.6
112.595 31813.1 5.49911e-08 54 34482.1
112.882 34293.4 5.88276e-08 120 34746.4
113.168 33695.9 5.73653e-08 120 35011.3
113.738 36890.3 6.18639e-08 84 35543.1
114.022 37060 6.16853e-08 144 35810
114.305 35059.9 5.79233e-08 72 36077.5
114.588 36577.2 5.99842e-08 96 36345.8
115.057 33374.6 5.40651e-08 144 36794.2
115.431 41780.6 6.70262e-08 240 37154.4
115.99 32368.4 5.11796e-08 24 37696.8
116.269 34933.7 5.48398e-08 240 37969
116.547 35843.1 5.58658e-08 96 38241.8
116.962 36097.2 5.56647e-08 144 38652.1
117.376 34356.2 5.2421e-08 96 39064.2
117.651 34828.5 5.27697e-08 72 39339.7
118.2 42445.9 6.34199e-08 96 39892.4
118.473 43367.8 6.43499e-08 96 40169.8
118.867 38488.9 5.65453e-08 216 40571.4
119.56 40992.8 5.9182e-08 192 41285.6
119.83 38185.4 5.47568e-08 144 41566.1
120.369 44197 6.25304e-08 48 42129.1
120.637 42139.8 5.92228e-08 150 42411.5
120.905 45306 6.32504e-08 96 42694.6
121.172 44670 6.19509e-08 120 42978.2
121.629 44910.9 6.15862e-08 168 43465.9
121.97 38169.8 5.19037e-08 240 43833
122.499 34627.8 4.64796e-08 24 44406
122.921 45734 6.07577e-08 360 44866
123.289 41079.5 5.40871e-08 48 45270.1
123.551 44912.1 5.87577e-08 72 45559.4
123.917 50888.1 6.59883e-08 240 45965.2
124.977 49558.3 6.26428e-08 276 47154.8
125.37 42876 5.36878e-08 104 47601.4
125.628 45733.6 5.69143e-08 72 47895.5
126.003 52376 6.45994e-08 312 48326.3
126.653 49095.9 5.96263e-08 96 49078.1
127.035 52751.1 6.34889e-08 288 49523.8
127.417 58329.7 6.95744e-08 168 49971.3
127.923 63859.2 7.52684e-08 48 50569.7
128.176 58808.3 6.89062e-08 192 50869.8
128.68 39942.5 4.62536e-08 6 51471.9
128.931 48785.6 5.61645e-08 192 51773.7
129.181 43603.8 4.99074e-08 96 52076.2
129.556 54002.7 6.12746e-08 192 52530.9
129.93 60915.1 6.85227e-08 216 52987.2
130.179 64255.4 7.18667e-08 72 53292
130.675 39067.1 4.31992e-08 96 53903.3
131.098 50337.4 5.51239e-08 336 54429.1
131.415 89887.5 9.77243e-08 48 54824.8
131.886 52193.9 5.61388e-08 288 55416.1
132.151 51223 5.47633e-08 192 55751.4
132.64 69634.4 7.36276e-08 48 56372
132.884 55889.6 5.87702e-08 96 56683.1
133.237 53893.4 5.62214e-08 264 57136.6
133.612 59217.6 6.12572e-08 96 57620
134.022 48288.5 4.94938e-08 240 58153.1
134.776 59494.4 5.99617e-08 288 59140.1
135.056 60342.5 6.04394e-08 96 59509.1
135.295 43410.5 4.32499e-08 72 59825.9
135.875 59608.6 5.86319e-08 336 60597.5
136.66 52422.2 5.06789e-08 138 61654.9
136.958 62514.4 6.00417e-08 240 62059.3
137.273 71860.6 6.85452e-08 144 62487.7
137.768 63913.8 6.03104e-08 384 63165.9
138.512 71823.4 6.66878e-08 312 64194.7
138.835 51300.7 4.73008e-08 72 64644.9
139.12 66589.9 6.10212e-08 248 65044.1
139.671 58699.2 5.31565e-08 240 65819.7
140.225 51114.6 4.57409e-08 24 66607.1
140.456 76088.2 6.77545e-08 192 66936
140.739 70972.1 6.28182e-08 312 67341.5
141.282 67531.7 5.9086e-08 240 68124.4
141.602 81864.4 7.11415e-08 96 68588.7
142.058 57400.1 4.94028e-08 48 69253.5
142.46 66476.5 5.67326e-08 408 69841.8
142.74 74343.7 6.30738e-08 144 70254.8
143.192 85925.5 7.2211e-08 120 70924.9
143.418 66855.8 5.59202e-08 144 71260.8
144.072 59460.1 4.90595e-08 264 72240.8
144.429 63374.7 5.1903e-08 192 72778.6
144.765 66442.1 5.40376e-08 102 73287.1
145.124 75052.3 6.0588e-08 432 73834.3
145.655 91845.6 7.33361e-08 48 74648.4
145.933 79170.7 6.2856e-08 384 75075.5
146.43 82484.7 6.48215e-08 144 75846.3
146.882 75757.8 5.89883e-08 264 76549.4
147.567 78667.6 6.04041e-08 144 77626.4
147.956 69898 5.32481e-08 324 78242.1
148.487 83554.6 6.29721e-08 384 79086.5
148.731 73153.3 5.48612e-08 216 79478.4
149.262 74416.7 5.52157e-08 216 80331.9
149.707 86164.4 6.33642e-08 240 81052.1
150.246 83270.3 6.0579e-08 168 81931
150.461 72678.9 5.26474e-08 240 82283.3
151.081 83374 5.96546e-08 216 83304.1
151.389 83947.9 5.96984e-08 288 83816.1
151.83 88585.7 6.24494e-08 240 84550.4
152.171 93831.2 6.57042e-08 72 85120.5
152.704 73999.6 5.12767e-08 246 86018
153.087 85615.4 5.8881e-08 320 86667.6
153.616 78683.7 5.35567e-08 288 87569.2
153.862 84803.4 5.74463e-08 144 87989.6
154.491 84573.1 5.65931e-08 288 89073.7
154.819 78986 5.25186e-08 336 89643.2
155.266 85532.3 5.63815e-08 168 90421.9
155.534 83792.9 5.49503e-08 336 90890.2
156.088 80193 5.20321e-08 288 91864
156.42 95143.8 6.134e-08 264 92452.1
156.983 95675.5 6.10216e-08 240 93453.9
157.189 114948 7.30257e-08 96 93822
157.764 89880 5.64782e-08 120 94855.4
158.118 96132.4 6.00022e-08 408 95495.4
158.708 103809 6.40734e-08 456 96569.2
159.233 96413.8 5.89224e-08 108 97530.2
159.528 95253.2 5.78907e-08 264 98073.4
159.896 119474 7.21107e-08 264 98754
160.4 99937 5.97517e-08 312 99691.1
161.028 94644.1 5.59278e-08 270 100866
161.291 106897 6.28598e-08 240 101361
161.764 100330 5.84822e-08 384 102256
162.051 85606.9 4.96352e-08 192 102801
162.715 96437.7 5.52334e-08 432 104070
163.046 103926 5.91603e-08 144 104706
163.541 107347 6.05544e-08 480 105663
164.166 101464 5.65848e-08 216 106879
164.565 112770 6.24338e-08 312 107659
164.931 115153 6.33301e-08 216 108379
165.36 110349 6.02163e-08 192 109228
165.89 115079 6.21979e-08 624 110281
166.306 120550 6.46666e-08 120 111113
166.661 115137 6.13691e-08 336 111827
167.318 110732 5.83289e-08 176 113153
167.594 118177 6.19432e-08 384 113715
168.136 130669 6.78319e-08 408 114820
168.7 122961 6.31915e-08 144 115982
169.024 116813 5.96875e-08 486 116651
169.656 138027 6.97421e-08 96 117964
169.847 113473 5.71425e-08 384 118362
170.514 119741 5.9594e-08 492 119763
170.985 109874 5.42323e-08 384 120758
171.363 126135 6.18474e-08 168 121561
172.009 122094 5.91945e-08 504 122940
172.342 122643 5.91169e-08 240 123655
172.719 113419 5.43133e-08 456 124468
173.376 111424 5.27537e-08 264 125895
173.811 125822 5.9124e-08 384 126844
174.274 132203 6.16287e-08 432 127862
174.851 134265 6.1973e-08 216 129134
175.159 131269 6.02709e-08 360 129818
175.707 132479 6.02586e-08 312 131041
176.349 113844 5.12195e-08 240 132482
176.68 161802 7.23874e-08 414 133230
177.22 143393 6.35665e-08 552 134456
177.785 145268 6.37853e-08 360 135746
178.159 148592 6.48356e-08 432 136604
178.699 149902 6.48164e-08 480 137849
179.295 156691 6.70778e-08 288 139234
179.683 148228 6.30448e-08 312 140139
180.099 155944 6.58682e-08 360 141115
180.792 141956 5.92733e-08 576 142750
181.367 166138 6.87127e-08 464 144116
181.625 148727 6.12496e-08 192 144732
182.239 140953 5.74636e-08 396 146205
182.69 135339 5.47671e-08 432 147294
183.114 171675 6.89892e-08 240 148322
183.674 143099 5.69812e-08 624 149688
184.285 169541 6.68417e-08 504 151185
184.935 133466 5.20661e-08 198 152790
185.242 161511 6.26933e-08 600 153554
185.784 155671 5.98996e-08 384 154904
186.351 161284 6.14944e-08 432 156328
186.841 158668 6.00226e-08 336 157563
187.285 143528 5.39094e-08 336 158691
187.853 150158 5.58896e-08 744 160139
188.461 160898 5.93096e-08 624 161698
189.041 163392 5.96766e-08 192 163195
189.392 168091 6.10519e-08 432 164107
189.907 161369 5.81354e-08 504 165448
190.514 166941 5.95695e-08 336 167040
190.971 167354 5.92885e-08 456 168246
191.376 159583 5.61774e-08 408 169319
191.948 181576 6.33506e-08 696 170839
192.6 179196 6.1887e-08 384 172588
193.275 168148 5.74649e-08 330 174409
193.727 190087 6.45092e-08 624 175635
194.189 190951 6.43413e-08 384 176893
194.686 181140 6.05692e-08 728 178256
195.277 184912 6.127e-08 432 179886
195.932 175209 5.74747e-08 696 181702
196.361 173435 5.6521e-08 408 182897
197.017 202598 6.5368e-08 456 184735
197.376 177855 5.70722e-08 408 185747
197.93 189050 6.01564e-08 528 187316
198.648 194219 6.11334e-08 576 189362
199.186 164586 5.13872e-08 672 190905
199.791 204989 6.34222e-08 384 192650
200.327 212444 6.52027e-08 600 194204
200.825 196739 5.99343e-08 294 195657
201.287 205699 6.22337e-08 600 197009
201.814 195649 5.87302e-08 768 198562
202.504 210002 6.23965e-08 648 200606
203.077 188642 5.55774e-08 408 202311
203.668 201763 5.89271e-08 552 204083
204.218 190358 5.51477e-08 648 205743
204.837 223078 6.40431e-08 348 207618
205.201 195012 5.56881e-08 744 208728
205.887 205968 5.82311e-08 672 210827
206.458 214221 6.00626e-08 456 212587
206.934 215562 6.00229e-08 600 214060
207.512 216645 5.98219e-08 744 215858
208.097 228360 6.25266e-08 288 217689
208.791 209282 5.6733e-08 704 219876
209.296 210494 5.66498e-08 678 221474
209.933 209762 5.59401e-08 648 223503
210.554 232018 6.13293e-08 648 225493
211.142 244468 6.40819e-08 696 227388
211.654 230637 6.00192e-08 696 229045
212.374 233378 6.01169e-08 552 231389
212.884 208710 5.33771e-08 840 233060
213.609 230542 5.83622e-08 600 235451
214.158 223835 5.62297e-08 696 237269
214.794 269453 6.709e-08 672 239389
215.306 256904 6.35097e-08 552 241108
216 226061 5.53487e-08 492 243444
216.542 238320 5.79128e-08 840 245282
217.147 245719 5.92132e-08 606 247344
217.726 239771 5.73197e-08 936 249329
218.389 254388 6.02621e-08 528 251612
218.855 257845 6.06913e-08 696 253228
219.555 257919 6.01303e-08 648 255665
220.075 248554 5.7537e-08 936 257486
220.784 238838 5.47571e-08 384 259982
221.192 266640 6.07931e-08 864 261427
221.916 273636 6.17798e-08 768 264002
222.523 247235 5.53636e-08 528 266174
223.149 250566 5.56388e-08 776 268425
223.759 261262 5.75404e-08 960 270635
224.376 250462 5.47085e-08 696 272877
224.869 277957 6.03151e-08 582 274682
225.664 282650 6.0688e-08 1008 277605
226.234 325028 6.92603e-08 408 279715
226.796 277814 5.87612e-08 960 281802
227.531 271004 5.67664e-08 852 284554
228.14 282187 5.86368e-08 912 286845
228.844 300239 6.18145e-08 1032 289505
229.334 325049 6.64941e-08 384 291370
230.052 290826 5.89382e-08 864 294114
230.602 286236 5.75936e-08 840 296231
231.238 307915 6.14459e-08 912 298688
232.023 309901 6.12171e-08 792 301739
232.609 303030 5.9408e-08 744 304033
233.328 306056 5.94485e-08 726 306860
233.873 298728 5.762e-08 984 309018
234.491 307128 5.87735e-08 912 311472
235.174 317856 6.02979e-08 1104 314201
235.838 329838 6.20437e-08 744 316872
236.64 301676 5.61714e-08 968 320115
237.102 366650 6.78711e-08 672 321993
237.764 343702 6.30937e-08 984 324696
238.52 297278 5.4054e-08 840 327805
239.12 328773 5.9332e-08 1092 330284
239.888 330718 5.91116e-08 840 333476
240.424 352808 6.26392e-08 720 335717
241.164 324578 5.70981e-08 1110 338827
241.846 336719 5.87341e-08 1056 341710
242.467 337080 5.83465e-08 888 344348
243.171 343524 5.8947e-08 936 347356
243.815 359407 6.11853e-08 912 350122
244.525 348276 5.87754e-08 1104 353190
245.217 345553 5.7823e-08 912 356200
245.869 361679 6.00413e-08 1104 359049
246.608 369461 6.07835e-08 1128 362296
247.294 373181 6.08862e-08 768 365326
247.85 364039 5.89954e-08 888 367798
248.519 367118 5.90155e-08 1224 370783
249.45 372763 5.9255e-08 750 374963
249.899 393750 6.22539e-08 1092 376994
250.695 355623 5.56918e-08 1472 380609
251.481 397584 6.16812e-08 792 384199
252.08 371948 5.72936e-08 1080 386951
252.799 380592 5.81267e-08 1584 390269
253.532 404308 6.12145e-08 624 393675
254.2 408713 6.13945e-08 1248 396798
254.861 396159 5.90472e-08 888 399899
255.614 421804 6.23157e-08 912 403454
256.265 422063 6.18795e-08 1368 406547
256.953 393018 5.71598e-08 966 409828
257.704 422340 6.08887e-08 1536 413434
258.54 404016 5.76841e-08 1152 417467
259.243 413233 5.85211e-08 1008 420884
259.932 427603 6.0076e-08 1248 424248
260.541 424754 5.92583e-08 1056 427237
261.264 420134 5.81283e-08 1188 430805
262.042 408209 5.5977e-08 1152 434663
262.821 446106 6.06316e-08 1560 438550
263.607 466584 6.28493e-08 1128 442496
264.241 434675 5.81302e-08 1152 445700
264.937 453619 6.01869e-08 920 449230
265.674 421354 5.54422e-08 1470 452989
266.462 447305 5.83361e-08 1200 457032
267.211 477838 6.17955e-08 1440 460896
267.851 454218 5.83206e-08 1224 464218
268.643 501398 6.38114e-08 1296 468344
269.491 472216 5.95318e-08 1560 472794
270.234 517403 6.46916e-08 1272 476717
270.856 465624 5.78175e-08 1080 480017
271.599 479470 5.90492e-08 1368 483980
272.391 502947 6.1402e-08 1248 488225
273.221 495186 5.99056e-08 1194 492698
273.902 503534 6.0462e-08 1752 496394
274.742 530906 6.31659e-08 1392 500974
275.414 517497 6.11208e-08 1440 504660
276.257 510694 5.97671e-08 1488 509306
277.053 500542 5.80756e-08 1248 513721
277.725 503250 5.79669e-08 1512 517468
278.494 528596 6.03831e-08 1112 521781
279.334 502095 5.68399e-08 1848 526517
280.018 562201 6.31789e-08 1224 530396
280.822 564801 6.2928e-08 1536 534973
281.662 539138 5.95329e-08 1638 539788
282.432 566648 6.20601e-08 1392 544228
283.2 592716 6.43885e-08 1632 548679
284.096 563760 6.06651e-08 1452 553906
284.778 566272 6.04988e-08 1680 557903
285.519 567362 6.01446e-08 1320 562269
286.288 580149 6.10054e-08 1752 566828
287.181 579804 6.04021e-08 1776 572149
288.046 561948 5.80161e-08 1104 577335
288.664 552916 5.67183e-08 1728 581054
289.525 605404 6.15497e-08 1446 586273
290.308 576067 5.80943e-08 1920 591043
291.216 612139 6.11564e-08 1896 596607
291.958 557733 5.52974e-08 1176 601176
292.671 613661 6.03989e-08 1856 605591
293.489 598989 5.84632e-08 1896 610684
294.361 611854 5.91895e-08 1464 616145
295.283 608338 5.83001e-08 1968 621951
296.06 656612 6.24321e-08 1548 626876
296.89 613617 5.7856e-08 1944 632163
297.701 616116 5.76184e-08 1470 637355
298.52 630740 5.85021e-08 1920 642627
299.349 679893 6.25382e-08 2184 648000
300.237 641710 5.85038e-08 1464 653785
300.944 641742 5.80954e-08 1608 658413
301.799 644628 5.78624e-08 1944 664038
302.665 687138 6.115e-08 1872 669773
303.492 664146 5.8622e-08 2256 675280
304.337 671558 5.87841e-08 1632 680932
305.241 667178 5.78829e-08 1542 687023
306.043 695484 5.98659e-08 2216 692449
306.919 713438 6.08868e-08 2052 698414
307.758 714888 6.05133e-08 1680 704153
308.566 719414 6.04191e-08 2280 709716
309.463 701158 5.83756e-08 1968 715920
310.346 691710 5.70989e-08 2016 722066
311.163 700382 5.73602e-08 1968 727787
312.111 729335 5.91887e-08 1920 734460
313.019 701389 5.64272e-08 2400 740885
313.95 753718 6.00992e-08 1974 747516
314.65 753416 5.96747e-08 1944 752532
315.544 757875 5.95192e-08 1920 758963
316.375 756567 5.89493e-08 2280 764977
317.216 772682 5.97276e-08 1968 771092
318.134 759533 5.82045e-08 2220 777804
319.043 808439 6.1424e-08 2352 784494
319.967 806947 6.07813e-08 1968 791325
320.822 789919 5.90239e-08 2504 797691
321.782 837406 6.20141e-08 2118 804870
322.658 808393 5.93795e-08 2352 811458
323.544 814614 5.93461e-08 2136 818163
324.413 802710 5.80099e-08 2112 824776
325.282 828123 5.93685e-08 2472 831416
326.174 843987 6.00103e-08 2376 838281
327.078 851275 6.0028e-08 2304 845270
328.053 881533 6.16091e-08 2448 852852
328.955 884656 6.13205e-08 2280 859902
329.961 846830 5.8163e-08 2466 867820
330.774 855335 5.83153e-08 2256 874246
331.661 901154 6.09474e-08 2472 881301
332.581 874233 5.86375e-08 2856 888652
333.504 901795 5.99853e-08 2112 896072
334.499 904521 5.96311e-08 2720 904119
335.416 921119 6.02285e-08 2136 911577
336.226 901957 5.85508e-08 2736 918191
337.22 941559 6.05823e-08 2376 926365
338.215 926840 5.91106e-08 3126 934586
339.243 962232 6.08118e-08 2568 943132
339.994 964505 6.05523e-08 2112 949411
340.955 950415 5.91647e-08 2748 957482
341.947 984740 6.07692e-08 2928 965869
342.851 993991 6.08565e-08 2640 973544
343.881 967801 5.87223e-08 2856 982343
344.792 1.02987e+06 6.19942e-08 2352 990177
345.768 987690 5.89532e-08 2910 998604
346.696 1.02884e+06 6.09175e-08 2784 1.00667e+06
347.696 1.00629e+06 5.90694e-08 2952 1.01541e+06
348.648 1.05564e+06 6.14602e-08 2696 1.02377e+06
349.573 1.07124e+06 6.18746e-08 3264 1.03194e+06
350.572 1.03061e+06 5.90205e-08 2472 1.04081e+06
351.541 1.02883e+06 5.84326e-08 3024 1.04946e+06
352.612 1.08659e+06 6.11523e-08 2964 1.05909e+06
353.557 1.05603e+06 5.89574e-08 2910 1.06762e+06
354.497 1.09108e+06 6.04305e-08 2880 1.07617e+06
355.414 1.11051e+06 6.10319e-08 3216 1.08454e+06
356.53 1.14236e+06 6.21948e-08 3096 1.09478e+06
357.43 1.11073e+06 6.00169e-08 2880 1.1031e+06
358.434 1.15723e+06 6.20059e-08 2904 1.11242e+06
359.44 1.12644e+06 5.98505e-08 3504 1.12181e+06
360.458 1.14073e+06 6.0098e-08 3168 1.13137e+06
361.559 1.1688e+06 6.10158e-08 3054 1.14176e+06
362.446 1.10751e+06 5.73929e-08 3032 1.15019e+06
363.444 1.19546e+06 6.14419e-08 3000 1.15972e+06
364.47 1.15833e+06 5.90318e-08 3780 1.16957e+06
365.549 1.16395e+06 5.87942e-08 3504 1.17999e+06
366.568 1.18281e+06 5.92505e-08 2904 1.18988e+06
367.533 1.16303e+06 5.78021e-08 3336 1.1993e+06
368.538 1.21715e+06 5.99977e-08 3144 1.20917e+06
369.551 1.22893e+06 6.00818e-08 3414 1.21917e+06
370.659 1.29844e+06 6.29123e-08 3552 1.23017e+06
371.545 1.23305e+06 5.9318e-08 2928 1.23901e+06
372.509 1.21948e+06 5.82108e-08 3840 1.24868e+06
373.613 1.22158e+06 5.77955e-08 3312 1.25982e+06
374.63 1.24463e+06 5.8408e-08 3432 1.27013e+06
375.674 1.3467e+06 6.26722e-08 3596 1.28078e+06
376.812 1.34223e+06 6.19003e-08 4224 1.29245e+06
377.946 1.33061e+06 6.08136e-08 3294 1.30416e+06
378.905 1.30542e+06 5.92103e-08 3792 1.31411e+06
379.935 1.34652e+06 6.05791e-08 3528 1.32486e+06
381.122 1.34435e+06 5.99184e-08 3984 1.33731e+06
382.114 1.41187e+06 6.24391e-08 3768 1.34778e+06
383.151 1.33941e+06 5.8755e-08 3672 1.35878e+06
384.18 1.35472e+06 5.89499e-08 3384 1.36977e+06
385.199 1.37947e+06 5.95518e-08 3648 1.38069e+06
386.32 1.40132e+06 5.99705e-08 4098 1.39277e+06
387.377 1.38284e+06 5.86964e-08 4008 1.40424e+06
388.485 1.41801e+06 5.96752e-08 4032 1.41633e+06
389.498 1.39064e+06 5.80682e-08 3800 1.42743e+06
390.569 1.41183e+06 5.84695e-08 3816 1.43924e+06
391.7 1.47481e+06 6.05503e-08 4248 1.45178e+06
392.769 1.42533e+06 5.80424e-08 3720 1.46369e+06
393.856 1.46011e+06 5.89678e-08 4254 1.47588e+06
394.945 1.4914e+06 5.97341e-08 4224 1.48816e+06
396.062 1.51076e+06 5.99989e-08 4368 1.50083e+06
397.195 1.54366e+06 6.07828e-08 4104 1.51374e+06
398.311 1.54558e+06 6.0348e-08 4500 1.52654e+06
399.391 1.59207e+06 6.16606e-08 3480 1.53898e+06
400.481 1.60236e+06 6.15539e-08 5328 1.55162e+06
401.634 1.55148e+06 5.90874e-08 3342 1.56506e+06
402.677 1.59456e+06 6.02571e-08 4800 1.57729e+06
403.868 1.52496e+06 5.71189e-08 4184 1.59132e+06
404.934 1.65428e+06 6.14749e-08 5064 1.60395e+06
406.082 1.67144e+06 6.15867e-08 4032 1.61764e+06
407.201 1.64722e+06 6.01957e-08 4632 1.63105e+06
408.351 1.65092e+06 5.98225e-08 4680 1.64491e+06
409.484 1.6044e+06 5.76553e-08 3924 1.65864e+06
410.59 1.66509e+06 5.93544e-08 5166 1.67211e+06
411.726 1.64608e+06 5.81922e-08 4800 1.68603e+06
412.901 1.77544e+06 6.22312e-08 4560 1.70051e+06
414.001 1.73929e+06 6.04794e-08 4584 1.71414e+06
415.151 1.80293e+06 6.21728e-08 4848 1.72846e+06
416.249 1.74005e+06 5.95308e-08 4560 1.74221e+06
417.535 1.78129e+06 6.03804e-08 5600 1.7584e+06
418.686 1.74646e+06 5.87131e-08 4686 1.77298e+06
419.855 1.80422e+06 6.01496e-08 5016 1.78788e+06
421.054 1.78609e+06 5.90379e-08 4956 1.80324e+06
422.113 1.80353e+06 5.91667e-08 4872 1.81688e+06
423.328 1.86957e+06 6.08068e-08 5376 1.83261e+06
424.545 1.85264e+06 5.97392e-08 5088 1.84847e+06
425.69 1.90249e+06 6.08527e-08 4710 1.86347e+06
426.835 1.95214e+06 6.19399e-08 4848 1.87854e+06
427.985 1.91828e+06 6.03763e-08 5976 1.89376e+06
429.2 1.87794e+06 5.86063e-08 5208 1.90993e+06
430.405 1.93909e+06 6.00077e-08 5352 1.92607e+06
431.6 1.89211e+06 5.80687e-08 4820 1.94216e+06
432.743 1.9517e+06 5.94239e-08 5760 1.95763e+06
433.954 1.97775e+06 5.97145e-08 5166 1.97412e+06
435.188 1.94615e+06 5.82619e-08 6168 1.991e+06
436.422 2.02453e+06 6.0096e-08 5136 2.00798e+06
437.637 1.98846e+06 5.85347e-08 6240 2.02481e+06
438.922 2.00188e+06 5.84135e-08 5568 2.0427e+06
440.112 2.09242e+06 6.05619e-08 5712 2.05935e+06
441.308 2.05102e+06 5.88823e-08 5520 2.07618e+06
442.568 2.07514e+06 5.90672e-08 5670 2.09402e+06
443.761 2.17451e+06 6.13979e-08 6036 2.111e+06
445.017 2.12798e+06 5.95767e-08 6264 2.12898e+06
446.297 2.11317e+06 5.86547e-08 5912 2.14739e+06
447.472 2.16572e+06 5.96408e-08 5736 2.1644e+06
448.662 2.12531e+06 5.80639e-08 5400 2.18171e+06
449.929 2.16184e+06 5.85641e-08 6342 2.20025e+06
451.219 2.23514e+06 6.00316e-08 7032 2.21924e+06
452.483 2.26997e+06 6.0458e-08 5448 2.23793e+06
453.686 2.24496e+06 5.93175e-08 6528 2.25582e+06
455.01 2.29112e+06 6.00104e-08 6468 2.27563e+06
456.302 2.29635e+06 5.96378e-08 6528 2.29507e+06
457.487 2.27865e+06 5.87195e-08 5568 2.313e+06
458.712 2.33399e+06 5.9665e-08 6798 2.33163e+06
460.09 2.31235e+06 5.85821e-08 6560 2.35271e+06
461.321 2.37559e+06 5.97037e-08 6888 2.37165e+06
462.613 2.37621e+06 5.92204e-08 6624 2.39163e+06
463.886 2.43272e+06 6.0131e-08 6288 2.41142e+06
465.161 2.41088e+06 5.91026e-08 6960 2.43136e+06
466.517 2.40397e+06 5.84206e-08 6570 2.45269e+06
467.702 2.48025e+06 5.98172e-08 6600 2.47144e+06
469.04 2.52683e+06 6.04207e-08 7776 2.4927e+06
470.459 2.49998e+06 5.92394e-08 7248 2.51539e+06
471.78 2.59175e+06 6.08996e-08 6672 2.53664e+06
473.02 2.548e+06 5.94019e-08 6704 2.5567e+06
474.279 2.63345e+06 6.09064e-08 6942 2.57717e+06
475.618 2.60751e+06 5.97984e-08 7656 2.59905e+06
476.939 2.602e+06 5.91776e-08 7128 2.62077e+06
478.33 2.63913e+06 5.95001e-08 7908 2.64376e+06
479.632 2.643e+06 5.91034e-08 6648 2.66541e+06
480.845 2.65497e+06 5.89229e-08 7320 2.68569e+06
482.277 2.66429e+06 5.86047e-08 7638 2.70975e+06
483.589 2.7169e+06 5.92767e-08 7416 2.73193e+06
484.867 2.75021e+06 5.95302e-08 7752 2.75365e+06
486.296 2.8272e+06 6.06589e-08 8448 2.77806e+06
487.682 2.73661e+06 5.82159e-08 7280 2.80189e+06
489.022 2.77992e+06 5.86527e-08 7668 2.82504e+06
490.366 2.85011e+06 5.96406e-08 8094 2.8484e+06
491.698 2.84617e+06 5.90751e-08 7656 2.87168e+06
493.062 2.875e+06 5.91796e-08 8160 2.89565e+06
494.434 2.93174e+06 5.98466e-08 8472 2.91989e+06
495.863 2.9448e+06 5.95952e-08 7896 2.94527e+06
497.177 2.99345e+06 6.01006e-08 8088 2.96874e+06
498.568 2.96571e+06 5.90468e-08 8286 2.99373e+06
499.992 3.04744e+06 6.0157e-08 8676 3.01946e+06
501.353 3.01781e+06 5.90884e-08 8120 3.04418e+06
502.724 3.09859e+06 6.01749e-08 9024 3.06923e+06
504.146 3.09099e+06 5.95206e-08 8160 3.09535e+06
505.492 3.16134e+06 6.03905e-08 7944 3.1202e+06
506.883 3.09705e+06 5.86765e-08 8982 3.14604e+06
508.301 3.25368e+06 6.11294e-08 9528 3.17252e+06
509.763 3.19314e+06 5.94775e-08 8832 3.19996e+06
511.225 3.16051e+06 5.83662e-08 8916 3.22757e+06
512.624 3.30903e+06 6.06098e-08 9240 3.25415e+06
514.037 3.33973e+06 6.06692e-08 8502 3.28113e+06
515.448 3.34698e+06 6.0303e-08 9416 3.30822e+06
516.848 3.40512e+06 6.08531e-08 8976 3.33526e+06
518.29 3.39797e+06 6.02202e-08 9432 3.36324e+06
519.73 3.35508e+06 5.89669e-08 9864 3.39137e+06
521.211 3.47785e+06 6.06052e-08 9024 3.42044e+06
522.661 3.50933e+06 6.06462e-08 9762 3.44906e+06
524.084 3.41258e+06 5.84953e-08 9264 3.4773e+06
525.512 3.50663e+06 5.96187e-08 10056 3.5058e+06
526.971 3.50099e+06 5.90297e-08 9936 3.53509e+06
528.52 3.52375e+06 5.88924e-08 9624 3.56636e+06
529.893 3.57081e+06 5.92162e-08 9752 3.59423e+06
531.395 3.57964e+06 5.88609e-08 10446 3.62487e+06
532.886 3.66725e+06 5.97968e-08 10056 3.65547e+06
534.33 3.59936e+06 5.82152e-08 9876 3.68526e+06
535.856 3.76661e+06 6.04012e-08 11160 3.71693e+06
537.351 3.8085e+06 6.05649e-08 10128 3.74812e+06
538.857 3.71235e+06 5.85422e-08 9726 3.77972e+06
540.292 3.75253e+06 5.87057e-08 11112 3.81e+06
541.829 3.85076e+06 5.97311e-08 10776 3.84261e+06
543.283 3.89114e+06 5.9874e-08 10232 3.87363e+06
544.797 3.85492e+06 5.88236e-08 11184 3.90611e+06
546.395 3.92818e+06 5.9417e-08 11058 3.94059e+06
547.918 3.89708e+06 5.84565e-08 11472 3.97362e+06
549.394 4.02336e+06 5.98657e-08 10464 4.00582e+06
550.856 4.11674e+06 6.07685e-08 10584 4.0379e+06
552.438 4.01881e+06 5.8815e-08 12504 4.07277e+06
553.995 4.0368e+06 5.85814e-08 10560 4.10732e+06
555.487 4.13769e+06 5.9563e-08 11694 4.14058e+06
557.062 4.17439e+06 5.9583e-08 11420 4.17591e+06
558.601 4.14626e+06 5.86938e-08 12504 4.21061e+06
560.134 4.29497e+06 6.0301e-08 10800 4.24538e+06
561.718 4.22488e+06 5.88166e-08 12456 4.28149e+06
563.318 4.29788e+06 5.93245e-08 12030 4.31818e+06
564.827 4.36712e+06 5.97984e-08 11232 4.35297e+06
566.351 4.42571e+06 6.01125e-08 13176 4.38832e+06
567.977 4.36667e+06 5.88028e-08 11196 4.42621e+06
569.488 4.38113e+06 5.85292e-08 12720 4.46163e+06
571.076 4.63679e+06 6.14293e-08 11918 4.49906e+06
572.644 4.62108e+06 6.07197e-08 13392 4.53622e+06
574.302 4.5387e+06 5.91221e-08 12600 4.57575e+06
575.906 4.5684e+06 5.90132e-08 13200 4.61419e+06
577.52 4.61627e+06 5.9133e-08 12864 4.65309e+06
579.111 4.77895e+06 6.07137e-08 12270 4.69165e+06
580.695 4.71219e+06 5.93769e-08 13668 4.73027e+06
582.31 4.83432e+06 6.04106e-08 13200 4.76983e+06
583.929 4.79177e+06 5.9382e-08 13416 4.80973e+06
585.558 4.84915e+06 5.95931e-08 12992 4.85009e+06
587.186 4.9533e+06 6.03679e-08 13806 4.89067e+06
588.791 4.92508e+06 5.95345e-08 13800 4.93088e+06
590.416 5.0041e+06 5.99919e-08 13056 4.9718e+06
592.022 5.04142e+06 5.99485e-08 14364 5.0125e+06
593.668 5.04825e+06 5.95319e-08 13248 5.05442e+06
595.325 5.17531e+06 6.05221e-08 15054 5.09686e+06
597.026 5.10643e+06 5.92077e-08 13680 5.14066e+06
598.633 5.14847e+06 5.92157e-08 15152 5.18229e+06
600.356 5.1796e+06 5.90622e-08 14376 5.22718e+06
601.981 5.40301e+06 6.11121e-08 13932 5.26974e+06
603.668 5.18889e+06 5.81996e-08 14910 5.31416e+06
605.328 5.34062e+06 5.94099e-08 15648 5.35813e+06
606.992 5.40487e+06 5.96316e-08 13680 5.40243e+06
608.681 5.48938e+06 6.00612e-08 15816 5.44765e+06
610.385 5.62265e+06 6.10055e-08 15030 5.49353e+06
612.048 5.56788e+06 5.99202e-08 15104 5.53856e+06
613.806 5.55219e+06 5.92395e-08 16548 5.58642e+06
615.522 5.63304e+06 5.96008e-08 15360 5.63341e+06
617.228 5.70191e+06 5.98306e-08 15768 5.68038e+06
618.905 5.72673e+06 5.9604e-08 14622 5.72679e+06
620.629 5.94488e+06 6.13603e-08 17568 5.77478e+06
622.429 5.76755e+06 5.90149e-08 16368 5.82518e+06
624.133 5.99777e+06 6.08693e-08 15960 5.87316e+06
625.863 5.89159e+06 5.92974e-08 15732 5.92212e+06
627.578 5.9397e+06 5.92928e-08 17006 5.97094e+06
629.313 6.02831e+06 5.96809e-08 16680 6.0206e+06
631.126 6.05005e+06 5.93815e-08 17712 6.07278e+06
632.844 6.23086e+06 6.06594e-08 15576 6.12253e+06
634.511 6.28378e+06 6.06938e-08 16974 6.17102e+06
636.325 6.28308e+06 6.01694e-08 17436 6.2241e+06
638.079 6.23588e+06 5.92263e-08 17952 6.27571e+06
639.88 6.25388e+06 5.88972e-08 17448 6.329e+06
641.626 6.45656e+06 6.0311e-08 17336 6.38095e+06
643.448 6.48287e+06 6.00437e-08 17958 6.43546e+06
645.236 6.50789e+06 5.97756e-08 19056 6.48927e+06
647.056 6.56461e+06 5.97893e-08 17304 6.54434e+06
648.81 6.7069e+06 6.0591e-08 18276 6.59772e+06
650.599 6.59993e+06 5.91342e-08 17838 6.65243e+06
652.365 6.80166e+06 6.04481e-08 18984 6.70676e+06
654.267 6.73613e+06 5.93453e-08 19616 6.76557e+06
656.049 6.86602e+06 5.99978e-08 18168 6.82103e+06
657.865 6.78654e+06 5.88135e-08 19320 6.87782e+06
659.743 6.95076e+06 5.9724e-08 19170 6.93687e+06
661.508 6.94682e+06 5.92134e-08 19008 6.99272e+06
663.358 6.95207e+06 5.87637e-08 20472 7.05156e+06
665.241 7.03815e+06 5.89878e-08 19128 7.11176e+06
667.07 7.19461e+06 5.98044e-08 19998 7.17057e+06
668.912 7.1342e+06 5.88136e-08 19808 7.23015e+06
670.766 7.31946e+06 5.9842e-08 20724 7.29042e+06
672.65 7.17392e+06 5.81606e-08 19896 7.35204e+06
674.456 7.32251e+06 5.88895e-08 20304 7.41143e+06
676.388 7.56022e+06 6.02818e-08 21030 7.4753e+06
678.233 7.56626e+06 5.98389e-08 21168 7.53664e+06
680.119 7.67656e+06 6.02078e-08 20736 7.59966e+06
682.025 7.66539e+06 5.96174e-08 21356 7.66375e+06
683.962 7.73302e+06 5.96338e-08 22206 7.72924e+06
685.85 7.67426e+06 5.86934e-08 21360 7.79341e+06
687.747 7.9258e+06 6.01169e-08 21456 7.85826e+06
689.624 7.93268e+06 5.96791e-08 21648 7.92278e+06
691.543 8.03543e+06 5.99504e-08 22326 7.98909e+06
693.471 8.01808e+06 5.93233e-08 22212 8.0561e+06
695.345 8.1579e+06 5.98711e-08 22128 8.1216e+06
697.259 8.11882e+06 5.9095e-08 22640 8.18884e+06
699.232 8.2589e+06 5.96072e-08 23022 8.25855e+06
701.21 8.27159e+06 5.91949e-08 24168 8.32885e+06
703.13 8.34176e+06 5.92094e-08 22416 8.39744e+06
705.104 8.44166e+06 5.94167e-08 23700 8.46836e+06
707.07 8.61207e+06 6.01118e-08 24222 8.53941e+06
709.022 8.54667e+06 5.91641e-08 22776 8.61032e+06
710.94 8.65013e+06 5.93968e-08 24296 8.68039e+06
712.937 8.82106e+06 6.00631e-08 24648 8.75373e+06
714.886 9.05589e+06 6.11591e-08 22926 8.82573e+06
716.842 8.91787e+06 5.97353e-08 25476 8.89836e+06
718.878 8.84072e+06 5.87167e-08 25608 8.9744e+06
720.869 9.10172e+06 5.99507e-08 24576 9.04918e+06
722.888 9.12652e+06 5.96118e-08 25134 9.12542e+06
724.881 9.20391e+06 5.96227e-08 25928 9.20111e+06
726.915 9.24285e+06 5.93739e-08 26136 9.27878e+06
728.95 9.36065e+06 5.96283e-08 25644 9.35694e+06
730.944 9.40971e+06 5.94517e-08 25926 9.43392e+06
732.99 9.4917e+06 5.94688e-08 26232 9.51339e+06
735.005 9.45577e+06 5.87579e-08 27216 9.59204e+06
737.068 9.58725e+06 5.90761e-08 26736 9.67303e+06
739.171 9.87973e+06 6.03602e-08 27698 9.75607e+06
741.196 9.95103e+06 6.02987e-08 26640 9.83649e+06
743.196 9.93606e+06 5.97234e-08 26880 9.9163e+06
745.316 1.00677e+07 5.99996e-08 29160 1.00014e+07
747.411 1.00202e+07 5.9216e-08 27318 1.0086e+07
749.444 1.02933e+07 6.03361e-08 27984 1.01685e+07
751.526 1.03966e+07 6.04366e-08 28364 1.02535e+07
753.575 1.01875e+07 5.87389e-08 28464 1.03376e+07
755.71 1.04227e+07 5.95872e-08 28974 1.04257e+07
757.777 1.05604e+07 5.9882e-08 28920 1.05115e+07
759.853 1.06945e+07 6.01464e-08 29640 1.05981e+07
761.991 1.07503e+07 5.99527e-08 28884 1.06878e+07
764.087 1.06629e+07 5.89774e-08 30558 1.07763e+07
766.255 1.09098e+07 5.98325e-08 30776 1.08683e+07
768.35 1.09363e+07 5.94882e-08 29040 1.09577e+07
770.454 1.10598e+07 5.96688e-08 30984 1.10479e+07
772.624 1.10738e+07 5.92424e-08 30930 1.11415e+07
774.804 1.12747e+07 5.98097e-08 32712 1.12361e+07
776.967 1.1328e+07 5.95915e-08 30528 1.13305e+07
779.078 1.14542e+07 5.97671e-08 30326 1.14231e+07
781.242 1.14536e+07 5.92684e-08 33624 1.15185e+07
783.447 1.17621e+07 6.03526e-08 31824 1.16164e+07
785.593 1.1615e+07 5.91107e-08 31860 1.1712e+07
787.805 1.18342e+07 5.97201e-08 33942 1.18113e+07
789.985 1.21613e+07 6.08642e-08 31848 1.19096e+07
792.132 1.19639e+07 5.93908e-08 33624 1.20069e+07
794.36 1.21424e+07 5.97712e-08 33512 1.21086e+07
796.562 1.21708e+07 5.94155e-08 33594 1.22095e+07
798.778 1.22346e+07 5.92311e-08 34944 1.23117e+07
800.997 1.25291e+07 6.01543e-08 33624 1.24146e+07
803.205 1.25224e+07 5.96276e-08 34710 1.25176e+07
805.416 1.2675e+07 5.98585e-08 34704 1.26212e+07
807.649 1.26756e+07 5.93662e-08 35468 1.27265e+07
809.907 1.29313e+07 6.00589e-08 36096 1.28335e+07
812.202 1.31765e+07 6.06804e-08 35958 1.29429e+07
814.448 1.29686e+07 5.92299e-08 36576 1.30506e+07
816.7 1.30025e+07 5.88951e-08 35976 1.31591e+07
818.955 1.30975e+07 5.88367e-08 36396 1.32685e+07
821.243 1.31961e+07 5.87853e-08 38030 1.338e+07
823.495 1.34114e+07 5.92558e-08 35784 1.34904e+07
825.764 1.3657e+07 5.98451e-08 38712 1.36022e+07
828.102 1.35417e+07 5.88384e-08 38310 1.3718e+07
830.398 1.37536e+07 5.92648e-08 37596 1.38324e+07
832.649 1.41594e+07 6.052e-08 39000 1.39453e+07
834.997 1.41062e+07 5.97855e-08 38552 1.40635e+07
837.325 1.41764e+07 5.95833e-08 40206 1.41815e+07
839.639 1.41632e+07 5.90369e-08 39072 1.42994e+07
842.006 1.44991e+07 5.99287e-08 41340 1.44207e+07
844.364 1.45997e+07 5.98404e-08 39342 1.45422e+07
846.654 1.47377e+07 5.99174e-08 40176 1.46608e+07
849.007 1.4677e+07 5.91755e-08 41768 1.47834e+07
851.36 1.49721e+07 5.98662e-08 40206 1.49067e+07
853.726 1.50728e+07 5.97693e-08 42300 1.50313e+07
856.093 1.5101e+07 5.93858e-08 42360 1.51567e+07
858.447 1.53807e+07 5.99896e-08 40488 1.5282e+07
860.825 1.55985e+07 6.03361e-08 44406 1.54094e+07
863.261 1.54721e+07 5.93423e-08 43076 1.55405e+07
865.619 1.56582e+07 5.95664e-08 42600 1.56683e+07
868.063 1.59431e+07 6.01394e-08 45486 1.58014e+07
870.51 1.58716e+07 5.93664e-08 43848 1.59353e+07
872.865 1.59992e+07 5.93603e-08 43248 1.6065e+07
875.268 1.6289e+07 5.99394e-08 44988 1.61981e+07
877.736 1.64425e+07 5.99952e-08 46454 1.63355e+07
880.173 1.66024e+07 6.0077e-08 44928 1.64719e+07
882.637 1.6642e+07 5.97171e-08 47256 1.66107e+07
885.084 1.67504e+07 5.96088e-08 45126 1.67492e+07
887.541 1.69933e+07 5.99726e-08 48084 1.68891e+07
889.995 1.71596e+07 6.00599e-08 46320 1.70295e+07
892.49 1.73923e+07 6.03653e-08 47894 1.71732e+07
894.921 1.72494e+07 5.93827e-08 47160 1.73139e+07
897.379 1.76179e+07 6.01542e-08 48228 1.74569e+07
899.935 1.7794e+07 6.02393e-08 50598 1.76066e+07
902.415 1.79369e+07 6.02239e-08 47328 1.77525e+07
904.896 1.79124e+07 5.96481e-08 50696 1.78993e+07
907.414 1.82384e+07 6.02296e-08 49344 1.80492e+07
909.974 1.82563e+07 5.97815e-08 51570 1.82023e+07
912.489 1.87241e+07 6.08077e-08 50832 1.83537e+07
915.021 1.8614e+07 5.99497e-08 50424 1.85069e+07
917.558 1.86384e+07 5.95315e-08 52686 1.86613e+07
920.103 1.864e+07 5.90441e-08 51092 1.8817e+07
922.642 1.88865e+07 5.93323e-08 53376 1.89732e+07
925.222 1.91892e+07 5.97806e-08 52374 1.91328e+07
927.753 1.91621e+07 5.92088e-08 52848 1.92902e+07
930.333 1.9731e+07 6.04606e-08 55488 1.94516e+07
932.98 1.96654e+07 5.97484e-08 54098 1.96181e+07
935.507 1.97681e+07 5.95749e-08 53688 1.9778e+07
938.093 2.00419e+07 5.99021e-08 55296 1.99424e+07
940.702 2.00082e+07 5.9305e-08 56358 2.01093e+07
943.366 2.02683e+07 5.95687e-08 57468 2.02806e+07
945.983 2.05614e+07 5.99296e-08 56000 2.04499e+07
948.631 2.08727e+07 6.0329e-08 57774 2.06221e+07
951.26 2.11077e+07 6.05039e-08 57648 2.0794e+07
953.878 2.12193e+07 6.03242e-08 57480 2.09662e+07
956.53 2.13554e+07 6.02077e-08 58122 2.11415e+07
959.153 2.14518e+07 5.99846e-08 59208 2.13159e+07
961.832 2.16948e+07 6.01586e-08 60032 2.1495e+07
964.527 2.18734e+07 6.01467e-08 60366 2.16762e+07
967.205 2.19439e+07 5.98409e-08 60444 2.18573e+07
969.867 2.23497e+07 6.0447e-08 60912 2.20382e+07
972.575 2.25524e+07 6.04871e-08 61422 2.22234e+07
975.276 2.25561e+07 5.99959e-08 63032 2.2409e+07
977.994 2.27776e+07 6.00813e-08 62052 2.25969e+07
980.718 2.28283e+07 5.97147e-08 64038 2.27863e+07
983.416 2.33029e+07 6.04559e-08 61632 2.29748e+07
986.1 2.32957e+07 5.99449e-08 64896 2.31634e+07
988.883 2.34973e+07 5.99549e-08 64874 2.33601e+07
991.584 2.37732e+07 6.01642e-08 64200 2.35521e+07
994.365 2.40319e+07 6.031e-08 68016 2.37508e+07
997.161 2.39157e+07 5.95151e-08 65694 2.39517e+07
999.915 2.42871e+07 5.99412e-08 67212 2.41507e+07
1002.69 2.4528e+07 6.00353e-08 67088 2.4352e+07
1005.45 2.46878e+07 5.99288e-08 67182 2.45542e+07
1008.23 2.495e+07 6.00656e-08 69768 2.47585e+07
1011.03 2.50349e+07 5.97708e-08 67524 2.49653e+07
1013.83 2.53135e+07 5.99374e-08 70758 2.5173e+07
1016.63 2.55402e+07 5.99749e-08 69488 2.53825e+07
1019.45 2.59217e+07 6.03676e-08 71640 2.5594e+07
1022.32 2.60748e+07 6.02142e-08 72042 2.58108e+07
1025.17 2.62035e+07 6.00087e-08 72960 2.60271e+07
1027.99 2.64242e+07 6.00166e-08 70422 2.62428e+07
1030.87 2.65183e+07 5.97273e-08 76784 2.64638e+07
1033.75 2.68363e+07 5.99392e-08 72348 2.66866e+07
1036.6 2.71528e+07 6.01484e-08 74094 2.69074e+07
1039.46 2.71459e+07 5.96384e-08 74976 2.71306e+07
1042.33 2.77095e+07 6.03744e-08 76200 2.73562e+07
1045.27 2.763e+07 5.96954e-08 77114 2.7588e+07
1048.16 2.79908e+07 5.99759e-08 76872 2.78175e+07
1051.07 2.8158e+07 5.98342e-08 77784 2.80499e+07
1054 2.8482e+07 6.00183e-08 78654 2.82857e+07
1056.92 2.89208e+07 6.04392e-08 79380 2.85215e+07
1059.85 2.93012e+07 6.07277e-08 79256 2.87593e+07
1062.8 2.96234e+07 6.08868e-08 80094 2.89996e+07
1065.71 2.94917e+07 6.01198e-08 80760 2.9239e+07
1068.71 2.98271e+07 6.02929e-08 83034 2.94866e+07
1071.7 3.01069e+07 6.0352e-08 82664 2.9734e+07
1074.65 3.02776e+07 6.01947e-08 81864 2.99808e+07
1077.61 3.04344e+07 6.0009e-08 83334 3.02293e+07
1080.61 3.10259e+07 6.06669e-08 85980 3.04827e+07
1083.62 3.10859e+07 6.02806e-08 84144 3.07374e+07
1086.64 3.10993e+07 5.98049e-08 86486 3.09951e+07
1089.63 3.16589e+07 6.03806e-08 86016 3.1252e+07
1092.68 3.19582e+07 6.04429e-08 88290 3.1515e+07
1095.71 3.19929e+07 6.00079e-08 87672 3.17779e+07
1098.73 3.268e+07 6.07918e-08 88608 3.20418e+07
1101.78 3.25539e+07 6.00562e-08 88682 3.23091e+07
1104.83 3.28403e+07 6.00846e-08 91200 3.2578e+07
1107.94 3.33738e+07 6.05474e-08 92568 3.28542e+07
1111.03 3.33338e+07 5.99725e-08 91014 3.31293e+07
1114.1 3.36451e+07 6.00325e-08 92828 3.34053e+07
1117.19 3.39403e+07 6.00583e-08 93054 3.36839e+07
1120.26 3.43239e+07 6.02391e-08 92568 3.39624e+07
1123.37 3.47254e+07 6.04394e-08 96768 3.42458e+07
1126.53 3.50476e+07 6.04882e-08 95658 3.45357e+07
1129.64 3.5029e+07 5.99583e-08 96368 3.48224e+07
1132.81 3.55382e+07 6.03211e-08 98526 3.51162e+07
1135.92 3.56416e+07 6.00005e-08 95436 3.54064e+07
1139.06 3.5929e+07 5.99854e-08 101472 3.57009e+07
1142.26 3.63486e+07 6.01774e-08 98582 3.60027e+07
1145.38 3.64598e+07 5.98693e-08 99984 3.62987e+07
1148.57 3.70322e+07 6.03049e-08 101298 3.66022e+07
1151.78 3.71412e+07 5.99767e-08 104952 3.69107e+07
1154.98 3.79178e+07 6.07237e-08 100568 3.7219e+07
1158.18 3.80335e+07 6.04057e-08 105942 3.75291e+07
1161.42 3.8404e+07 6.04849e-08 104892 3.78451e+07
1164.62 3.86979e+07 6.04472e-08 103734 3.81585e+07
1167.82 3.91686e+07 6.06802e-08 107160 3.84744e+07
1171.09 3.92853e+07 6.0353e-08 108788 3.87982e+07
1174.34 3.93452e+07 5.9944e-08 107070 3.91224e+07
1177.6 4.0001e+07 6.04395e-08 110760 3.94484e+07
1180.88 4.04759e+07 6.06488e-08 109182 3.9779e+07
1184.16 4.06436e+07 6.03948e-08 112820 4.01119e+07
1187.45 4.09575e+07 6.03576e-08 110280 4.04466e+07
1190.74 4.13777e+07 6.04724e-08 114678 4.07839e+07
1194.05 4.1581e+07 6.02652e-08 112668 4.11252e+07
1197.36 4.21766e+07 6.06231e-08 116030 4.14681e+07
1200.73 4.25356e+07 6.0626e-08 118032 4.1819e+07
1204.04 4.25929e+07 6.02074e-08 113700 4.21665e+07
1207.36 4.33475e+07 6.07712e-08 118566 4.25154e+07
1210.73 4.35433e+07 6.05373e-08 119840 4.28725e+07
1214.08 4.40135e+07 6.0685e-08 118278 4.32299e+07
1217.43 4.4237e+07 6.04917e-08 120852 4.35883e+07
1220.81 4.46346e+07 6.05289e-08 122166 4.39531e+07
1224.21 4.49374e+07 6.04332e-08 123296 4.43213e+07
1227.61 4.55263e+07 6.07185e-08 123300 4.46911e+07
1231.03 4.55347e+07 6.02254e-08 126174 4.50654e+07
1234.45 4.66014e+07 6.11256e-08 124800 4.54419e+07
1237.85 4.69284e+07 6.10475e-08 126774 4.58193e+07
1241.29 4.6926e+07 6.05382e-08 128900 4.62023e+07
1244.74 4.73878e+07 6.06276e-08 127776 4.65882e+07
1248.2 4.81944e+07 6.11484e-08 132246 4.69776e+07
1251.66 4.81015e+07 6.05255e-08 129252 4.73696e+07
1255.13 4.85254e+07 6.05545e-08 133118 4.77642e+07
1258.61 4.90987e+07 6.07632e-08 133272 4.81626e+07
1262.11 4.9873e+07 6.12082e-08 134970 4.85665e+07
1265.61 5.02691e+07 6.11845e-08 136128 4.89711e+07
1269.15 5.05337e+07 6.09937e-08 137270 4.93829e+07
1272.69 5.06859e+07 6.06676e-08 139620 4.97979e+07
1276.23 5.13889e+07 6.09996e-08 138312 5.02137e+07
1279.77 5.18761e+07 6.10671e-08 140694 5.06338e+07
1283.31 5.23571e+07 6.11254e-08 140888 5.10545e+07
1286.88 5.29553e+07 6.13107e-08 143034 5.14817e+07
1290.45 5.31428e+07 6.10185e-08 143688 5.19114e+07
1294.01 5.3288e+07 6.06819e-08 143510 5.23421e+07
1297.6 5.4139e+07 6.11409e-08 147828 5.27787e+07
1301.23 5.44676e+07 6.0998e-08 147918 5.32234e+07
1304.84 5.50273e+07 6.11149e-08 148992 5.36674e+07
1308.48 5.55075e+07 6.11357e-08 150356 5.41174e+07
1312.07 5.63564e+07 6.15621e-08 147606 5.45644e+07
1315.71 5.65338e+07 6.12449e-08 156624 5.50196e+07
1319.41 5.6777e+07 6.09913e-08 153354 5.54861e+07
1323.05 5.70796e+07 6.08126e-08 153968 5.59458e+07
1326.71 5.78291e+07 6.11024e-08 155862 5.64115e+07
1330.38 5.8209e+07 6.09966e-08 157524 5.68807e+07
1334.08 5.92262e+07 6.15477e-08 159126 5.73564e+07
1337.8 5.9833e+07 6.16602e-08 162488 5.78383e+07
1341.52 5.96291e+07 6.09401e-08 159570 5.83224e+07
1345.23 6.08927e+07 6.17189e-08 164304 5.88068e+07
1349 6.09108e+07 6.12212e-08 165720 5.93024e+07
1352.73 6.17525e+07 6.1555e-08 162866 5.97959e+07
1356.46 6.22232e+07 6.15133e-08 169056 6.02925e+07
1360.25 6.26812e+07 6.14502e-08 167502 6.07986e+07
1364.01 6.34563e+07 6.16969e-08 169964 6.13043e+07
1367.79 6.38714e+07 6.15875e-08 170478 6.1815e+07
1371.59 6.40227e+07 6.12205e-08 175200 6.23329e+07
1375.43 6.47537e+07 6.14034e-08 173130 6.28568e+07
1379.22 6.58685e+07 6.19465e-08 175712 6.33784e+07
1383.06 6.6334e+07 6.18655e-08 177438 6.39098e+07
1386.89 6.6595e+07 6.15959e-08 178092 6.44421e+07
1390.73 6.72327e+07 6.16719e-08 179694 6.4979e+07
1394.6 6.78487e+07 6.17214e-08 182504 6.55218e+07
1398.48 6.83361e+07 6.16489e-08 182394 6.60701e+07
1402.34 6.93013e+07 6.20042e-08 184464 6.66194e+07
1406.24 6.93701e+07 6.15512e-08 186398 6.71763e+07
1410.15 7.05794e+07 6.21039e-08 188844 6.77391e+07
1414.06 7.12977e+07 6.2218e-08 187230 6.8303e+07
1417.99 7.17669e+07 6.21081e-08 193776 6.88741e+07
1421.96 7.23241e+07 6.20675e-08 192218 6.94543e+07
1425.88 7.26103e+07 6.18004e-08 192408 7.00304e+07
1429.82 7.28658e+07 6.15067e-08 195510 7.06125e+07
1433.79 7.43187e+07 6.22125e-08 198404 7.12034e+07
1437.8 7.50521e+07 6.23029e-08 200310 7.18017e+07
1441.8 7.55499e+07 6.21955e-08 201216 7.24027e+07
1445.81 7.62884e+07 6.22827e-08 201618 7.30081e+07
1449.82 7.70536e+07 6.23868e-08 204680 7.36174e+07
1453.82 7.75592e+07 6.22791e-08 202758 7.42285e+07
1457.86 7.78944e+07 6.2029e-08 211812 7.485e+07
1461.93 7.91312e+07 6.24901e-08 205718 7.54774e+07
1465.95 7.97106e+07 6.24307e-08 211452 7.61024e+07
1470.03 8.0343e+07 6.2404e-08 213150 7.67389e+07
1474.14 8.12359e+07 6.25708e-08 217512 7.73849e+07
1478.25 8.20033e+07 6.26363e-08 214754 7.80343e+07
1482.31 8.26532e+07 6.26158e-08 215424 7.86785e+07
1486.45 8.34359e+07 6.26822e-08 224574 7.93393e+07
1490.58 8.4142e+07 6.26878e-08 218588 8.00036e+07
1494.7 8.45221e+07 6.24522e-08 223902 8.06682e+07
1498.84 8.60655e+07 6.30674e-08 224952 8.134e+07
1503.03 8.64418e+07 6.28151e-08 230258 8.20237e+07
1507.2 8.75241e+07 6.3074e-08 227544 8.27098e+07
1511.38 8.81788e+07 6.3021e-08 231018 8.33987e+07
1515.57 8.92587e+07 6.32642e-08 234504 8.40954e+07
1519.79 8.99715e+07 6.32408e-08 233102 8.47984e+07
1523.98 9.01135e+07 6.2819e-08 236892 8.55025e+07
1528.21 9.10859e+07 6.29708e-08 238830 8.62169e+07
1532.45 9.23995e+07 6.3351e-08 241232 8.69353e+07
1536.72 9.31978e+07 6.33668e-08 243906 8.76646e+07
1540.99 9.39709e+07 6.3363e-08 244704 8.83971e+07
1545.26 9.47096e+07 6.33325e-08 246698 8.91349e+07
1549.54 9.54963e+07 6.33318e-08 248664 8.98762e+07
1553.86 9.59295e+07 6.30897e-08 253494 9.06303e+07
1558.18 9.73291e+07 6.34792e-08 251522 9.13885e+07
1562.48 9.80799e+07 6.34415e-08 255336 9.21481e+07
1566.82 9.91925e+07 6.36298e-08 257694 9.29177e+07
1571.18 1.00581e+08 6.39854e-08 260988 9.36952e+07
1575.56 1.00938e+08 6.36786e-08 261638 9.44806e+07
1579.91 1.02061e+08 6.38565e-08 262356 9.52652e+07
1584.28 1.0331e+08 6.41037e-08 266478 9.60595e+07
1588.71 1.04269e+08 6.41601e-08 272048 9.68659e+07
1593.14 1.05911e+08 6.46272e-08 269850 9.76801e+07
1597.55 1.06047e+08 6.41763e-08 272544 9.84931e+07
1601.99 1.0661e+08 6.39827e-08 275546 9.93156e+07
1606.41 1.08103e+08 6.43435e-08 275334 1.00141e+08
1610.9 1.08466e+08 6.40218e-08 285024 1.00982e+08
1615.41 1.10478e+08 6.46644e-08 282242 1.01833e+08
1619.86 1.11176e+08 6.45383e-08 280800 1.02677e+08
1624.34 1.12542e+08 6.47919e-08 288330 1.03532e+08
1628.86 1.13102e+08 6.45741e-08 290024 1.04398e+08
1633.39 1.14058e+08 6.45805e-08 290598 1.0527e+08
1637.9 1.15473e+08 6.48419e-08 293748 1.06146e+08
1642.47 1.16704e+08 6.49882e-08 299582 1.07037e+08
1647.02 1.17734e+08 6.50194e-08 295914 1.0793e+08
1651.57 1.19735e+08 6.55799e-08 302352 1.08826e+08
1656.18 1.20048e+08 6.52038e-08 305342 1.09739e+08
1660.77 1.21669e+08 6.55378e-08 305532 1.10654e+08
1665.39 1.22486e+08 6.54306e-08 310806 1.1158e+08
1670.01 1.23917e+08 6.5647e-08 310436 1.12511e+08
1674.66 1.24755e+08 6.55422e-08 318006 1.13454e+08
1679.3 1.25504e+08 6.53899e-08 312846 1.14401e+08
1683.95 1.27536e+08 6.59002e-08 322508 1.15352e+08
1688.64 1.28364e+08 6.57762e-08 321318 1.1632e+08
1693.33 1.29694e+08 6.59075e-08 327204 1.17291e+08
1698.03 1.30606e+08 6.5821e-08 325766 1.18271e+08
1702.73 1.3234e+08 6.61443e-08 330246 1.19255e+08
1707.47 1.33647e+08 6.62429e-08 335868 1.20254e+08
1712.24 1.34875e+08 6.6295e-08 336710 1.21264e+08
1716.97 1.36977e+08 6.67726e-08 336636 1.22273e+08
1721.74 1.38013e+08 6.67202e-08 343542 1.23294e+08
1726.51 1.39237e+08 6.67558e-08 342092 1.24321e+08
1731.3 1.40793e+08 6.6943e-08 349446 1.25359e+08
1736.12 1.4259e+08 6.72344e-08 350118 1.26409e+08
1740.93 1.4345e+08 6.70811e-08 352628 1.27462e+08
1745.78 1.45497e+08 6.74723e-08 359334 1.28531e+08
1750.62 1.46797e+08 6.7512e-08 356364 1.29603e+08
1755.47 1.48306e+08 6.76423e-08 362990 1.30683e+08
1760.34 1.49449e+08 6.75995e-08 364062 1.31774e+08
1765.22 1.50723e+08 6.76113e-08 369756 1.32874e+08
1770.12 1.53019e+08 6.80736e-08 368726 1.33982e+08
1775.02 1.54326e+08 6.80874e-08 375786 1.35099e+08
1779.96 1.56523e+08 6.84833e-08 378600 1.3623e+08
1784.91 1.57821e+08 6.84791e-08 379394 1.37368e+08
1789.86 1.59011e+08 6.84238e-08 386568 1.38516e+08
1794.85 1.60755e+08 6.85994e-08 386906 1.39677e+08
1799.82 1.63178e+08 6.9058e-08 388950 1.4084e+08
1804.81 1.65192e+08 6.9332e-08 394512 1.42015e+08
1809.83 1.66492e+08 6.92981e-08 396818 1.43203e+08
1814.85 1.67391e+08 6.90953e-08 401112 1.44399e+08
1819.91 1.69866e+08 6.95344e-08 404850 1.45608e+08
1824.96 1.71795e+08 6.97415e-08 405566 1.46825e+08
1830 1.74023e+08 7.00633e-08 409308 1.48046e+08
1835.08 1.76179e+08 7.03445e-08 413766 1.49281e+08
1840.17 1.77666e+08 7.03505e-08 417050 1.50528e+08
1845.3 1.79361e+08 7.04315e-08 425232 1.51789e+08
1850.44 1.8158e+08 7.071e-08 421862 1.53062e+08
1855.55 1.83898e+08 7.10226e-08 426402 1.54334e+08
1860.71 1.8609e+08 7.12729e-08 434688 1.55625e+08
1865.91 1.88273e+08 7.1508e-08 436634 1.56933e+08
1871.07 1.9068e+08 7.18244e-08 434784 1.58239e+08
1876.24 1.92906e+08 7.20641e-08 441018 1.59553e+08
1881.45 1.95144e+08 7.22965e-08 447350 1.60886e+08
1886.68 1.9719e+08 7.24487e-08 449868 1.62231e+08
1891.92 1.99014e+08 7.25133e-08 453206 1.63586e+08
1897.16 2.00761e+08 7.25444e-08 456570 1.64951e+08
1902.44 2.03104e+08 7.27824e-08 463824 1.6633e+08
1907.73 2.0677e+08 7.34812e-08 463718 1.67723e+08
1913.02 2.08637e+08 7.35317e-08 468186 1.69121e+08
1918.32 2.11616e+08 7.39642e-08 473448 1.70532e+08
1923.67 2.13839e+08 7.41198e-08 479354 1.71962e+08
1929.01 2.16253e+08 7.43358e-08 477702 1.73398e+08
1934.35 2.18322e+08 7.44275e-08 485204 1.74841e+08
1939.74 2.21612e+08 7.49208e-08 491454 1.76307e+08
1945.13 2.24491e+08 7.52649e-08 491226 1.77782e+08
1950.52 2.2651e+08 7.53138e-08 497648 1.79264e+08
1955.96 2.29643e+08 7.57201e-08 504930 1.80768e+08
1961.39 2.32739e+08 7.6106e-08 500358 1.82277e+08
1966.8 2.35765e+08 7.64609e-08 508652 1.83789e+08
1972.27 2.38692e+08 7.67676e-08 516390 1.85327e+08
1977.75 2.41255e+08 7.69492e-08 515642 1.86875e+08
1983.22 2.44405e+08 7.73103e-08 521880 1.88431e+08
1988.74 2.47961e+08 7.77832e-08 530850 1.9001e+08
1994.27 2.50886e+08 7.80483e-08 527054 1.91599e+08
1999.77 2.53488e+08 7.82088e-08 534156 1.93188e+08
2005.35 2.57175e+08 7.86868e-08 545150 1.94808e+08
2010.93 2.61396e+08 7.93134e-08 543474 1.96441e+08
2016.49 2.643e+08 7.95332e-08 545310 1.98074e+08
2022.08 2.67049e+08 7.96964e-08 555788 1.99725e+08
2027.71 2.70827e+08 8.01521e-08 559542 2.01399e+08
2033.35 2.75605e+08 8.08892e-08 564146 2.03085e+08
2038.99 2.78896e+08 8.11776e-08 566520 2.04779e+08
2044.66 2.83124e+08 8.1725e-08 573594 2.06491e+08
2050.34 2.87262e+08 8.22317e-08 577718 2.08218e+08
2056.02 2.90048e+08 8.23433e-08 579300 2.09953e+08
6.9058e+07
1.67772e+07
1.67772e+07
